country,year,mdg_0000000026
afg,1985,2231.50621
afg,1986,1856.92076
afg,1987,1820.59131
afg,1988,1571.69258
afg,1989,1520.02749
afg,1990,1549.99862
afg,1991,1534.46445
afg,1992,1443.33997
afg,1993,1346.50643
afg,1994,1395.91859
afg,1995,1413.95357
afg,1996,1389.40267
afg,1997,1375.64488
afg,1998,1463.57553
afg,1999,1346.17448
afg,2000,1371.64591
afg,2001,1310.95492
afg,2002,1262.51668
afg,2003,1201.38145
afg,2004,1166.46937
afg,2005,1108.05603
afg,2006,1069.43633
afg,2007,1032.00788
afg,2008,955.23733
afg,2009,925.42229
afg,2010,892.73514
afg,2011,838.23552
afg,2012,809.7532
afg,2013,778.43087
afg,2014,754.58684
afg,2015,741.19364
afg,2016,702.24061
afg,2017,658.56528
afg,2018,629.23916
afg,2019,601.06008
afg,2020,633.61871
afg,2021,660.22191
afg,2022,550.73184
afg,2023,520.50229
ago,1985,876.58911
ago,1986,864.25069
ago,1987,919.59306
ago,1988,895.33509
ago,1989,883.86613
ago,1990,875.59353
ago,1991,826.34675
ago,1992,876.99394
ago,1993,855.04342
ago,1994,811.86192
ago,1995,771.71373
ago,1996,746.58316
ago,1997,717.12854
ago,1998,723.31126
ago,1999,686.63716
ago,2000,659.33519
ago,2001,628.60635
ago,2002,602.37006
ago,2003,538.01677
ago,2004,498.90897
ago,2005,461.90259
ago,2006,437.16848
ago,2007,401.29864
ago,2008,372.2049
ago,2009,348.08295
ago,2010,321.43374
ago,2011,300.58642
ago,2012,277.79759
ago,2013,266.78504
ago,2014,261.73485
ago,2015,249.37498
ago,2016,235.68782
ago,2017,220.30955
ago,2018,208.38242
ago,2019,201.59268
ago,2020,194.82596
ago,2021,210.56833
ago,2022,184.5931
ago,2023,183.20193
alb,1985,37.99778
alb,1986,35.17041
alb,1987,33.15333
alb,1988,31.95796
alb,1989,30.88056
alb,1990,29.51206
alb,1991,27.59026
alb,1992,25.79019
alb,1993,23.67205
alb,1994,22.23483
alb,1995,20.89408
alb,1996,19.92865
alb,1997,20.70724
alb,1998,17.73772
alb,1999,16.54762
alb,2000,15.41987
alb,2001,14.42957
alb,2002,13.78387
alb,2003,13.41152
alb,2004,12.86605
alb,2005,12.19079
alb,2006,11.41079
alb,2007,10.43994
alb,2008,9.73962
alb,2009,9.4137
alb,2010,9.36651
alb,2011,9.45118
alb,2012,9.79504
alb,2013,9.93634
alb,2014,9.71307
alb,2015,9.13948
alb,2016,8.47486
alb,2017,7.85367
alb,2018,7.37622
alb,2019,7.10989
alb,2020,7.03348
alb,2021,13.80074
alb,2022,7.99805
alb,2023,6.86681
and,1985,20.71285
and,1986,19.49138
and,1987,18.58021
and,1988,17.80504
and,1989,20.203
and,1990,16.40147
and,1991,17.65971
and,1992,16.50265
and,1993,15.58257
and,1994,15.22707
and,1995,15.13563
and,1996,14.97888
and,1997,12.55927
and,1998,12.40518
and,1999,12.29594
and,2000,14.01728
and,2001,13.86894
and,2002,13.5863
and,2003,12.51907
and,2004,11.6751
and,2005,12.66888
and,2006,10.71289
and,2007,11.73939
and,2008,11.59507
and,2009,11.49842
and,2010,12.13678
and,2011,10.94157
and,2012,11.05369
and,2013,9.48666
and,2014,9.70565
and,2015,9.92732
and,2016,9.82576
and,2017,11.10386
and,2018,10.77859
and,2019,10.6415
and,2020,48.44803
and,2021,17.81422
and,2022,16.60146
and,2023,10.62672
are,1985,19.17064
are,1986,19.28527
are,1987,19.01954
are,1988,19.02078
are,1989,18.68188
are,1990,18.59937
are,1991,18.57154
are,1992,18.5698
are,1993,18.67336
are,1994,18.60078
are,1995,17.76305
are,1996,16.21235
are,1997,14.37402
are,1998,12.24221
are,1999,10.25351
are,2000,8.30548
are,2001,6.71038
are,2002,5.48928
are,2003,4.69062
are,2004,4.12821
are,2005,3.74722
are,2006,3.36451
are,2007,3.1263
are,2008,3.14776
are,2009,3.38199
are,2010,3.47995
are,2011,3.51875
are,2012,3.57986
are,2013,3.55901
are,2014,3.4017
are,2015,3.25416
are,2016,3.12068
are,2017,2.97479
are,2018,2.79811
are,2019,2.72132
are,2020,6.46264
are,2021,6.38915
are,2022,2.41534
are,2023,2.53869
arg,1985,79.58969
arg,1986,76.41929
arg,1987,73.2558
arg,1988,70.3778
arg,1989,67.61406
arg,1990,67.59089
arg,1991,66.57682
arg,1992,64.73672
arg,1993,61.59898
arg,1994,61.5179
arg,1995,59.98588
arg,1996,58.75442
arg,1997,59.62037
arg,1998,56.66149
arg,1999,57.04256
arg,2000,57.80834
arg,2001,60.25133
arg,2002,59.15006
arg,2003,60.93268
arg,2004,58.43938
arg,2005,57.45685
arg,2006,60.04397
arg,2007,61.7407
arg,2008,59.32073
arg,2009,62.10812
arg,2010,54.74272
arg,2011,48.47361
arg,2012,49.27162
arg,2013,46.72781
arg,2014,43.4515
arg,2015,38.61611
arg,2016,39.5128
arg,2017,38.34257
arg,2018,38.48333
arg,2019,36.41051
arg,2020,39.67996
arg,2021,76.48618
arg,2022,39.32267
arg,2023,33.22814
arm,1985,54.83628
arm,1986,53.52333
arm,1987,51.58156
arm,1988,54.80166
arm,1989,46.40997
arm,1990,47.14286
arm,1991,46.97632
arm,1992,49.82487
arm,1993,49.76814
arm,1994,50.50321
arm,1995,50.114
arm,1996,49.38702
arm,1997,47.5659
arm,1998,44.97422
arm,1999,41.77621
arm,2000,39.56807
arm,2001,37.73874
arm,2002,36.14441
arm,2003,34.862
arm,2004,33.69224
arm,2005,32.29468
arm,2006,31.03775
arm,2007,30.26684
arm,2008,29.49474
arm,2009,28.7285
arm,2010,27.8473
arm,2011,27.24707
arm,2012,26.57141
arm,2013,26.01993
arm,2014,25.54498
arm,2015,25.04952
arm,2016,24.59083
arm,2017,23.94324
arm,2018,23.58585
arm,2019,23.26513
arm,2020,43.30132
arm,2021,57.3021
arm,2022,26.73422
arm,2023,19.48496
atg,1985,37.98508
atg,1986,37.70174
atg,1987,40.2669
atg,1988,38.30926
atg,1989,41.01935
atg,1990,41.3494
atg,1991,41.67774
atg,1992,40.005
atg,1993,39.7853
atg,1994,37.98533
atg,1995,38.39461
atg,1996,37.01586
atg,1997,36.81802
atg,1998,34.45245
atg,1999,34.43238
atg,2000,37.06481
atg,2001,35.50444
atg,2002,35.78382
atg,2003,33.46087
atg,2004,33.666
atg,2005,32.5346
atg,2006,31.65423
atg,2007,32.34795
atg,2008,31.30805
atg,2009,32.05264
atg,2010,31.20587
atg,2011,30.95292
atg,2012,30.47125
atg,2013,32.07255
atg,2014,31.83435
atg,2015,29.65309
atg,2016,27.93997
atg,2017,31.16273
atg,2018,30.62881
atg,2019,32.27221
atg,2020,34.82233
atg,2021,31.89911
atg,2022,36.01889
atg,2023,34.56839
aus,1985,8.77397
aus,1986,8.49084
aus,1987,8.70053
aus,1988,8.76562
aus,1989,8.9955
aus,1990,8.75776
aus,1991,8.93014
aus,1992,8.87456
aus,1993,8.69887
aus,1994,8.79119
aus,1995,8.51791
aus,1996,8.04241
aus,1997,7.95733
aus,1998,7.43714
aus,1999,7.09595
aus,2000,6.61589
aus,2001,5.80601
aus,2002,5.51323
aus,2003,5.43531
aus,2004,5.13
aus,2005,4.82545
aus,2006,4.91058
aus,2007,5.05211
aus,2008,4.95603
aus,2009,5.34434
aus,2010,5.39586
aus,2011,5.8211
aus,2012,5.80995
aus,2013,5.89663
aus,2014,5.97897
aus,2015,5.90066
aus,2016,5.92892
aus,2017,5.62851
aus,2018,5.35311
aus,2019,5.29355
aus,2020,5.13864
aus,2021,4.32518
aus,2022,3.59533
aus,2023,2.333
aut,1985,13.85919
aut,1986,14.10932
aut,1987,13.00534
aut,1988,12.85622
aut,1989,12.30305
aut,1990,11.65969
aut,1991,11.15984
aut,1992,10.47917
aut,1993,10.12322
aut,1994,9.77119
aut,1995,8.69909
aut,1996,8.10203
aut,1997,7.15699
aut,1998,6.66607
aut,1999,6.87
aut,2000,6.66535
aut,2001,6.1607
aut,2002,6.14553
aut,2003,6.2531
aut,2004,5.5833
aut,2005,5.93801
aut,2006,5.62092
aut,2007,5.66946
aut,2008,5.53512
aut,2009,5.89555
aut,2010,6.1054
aut,2011,6.21846
aut,2012,5.98559
aut,2013,6.08897
aut,2014,6.52485
aut,2015,6.57135
aut,2016,6.48671
aut,2017,6.29411
aut,2018,6.9307
aut,2019,6.60606
aut,2020,5.55234
aut,2021,5.96236
aut,2022,7.45068
aut,2023,6.10436
aze,1985,45.49995
aze,1986,48.23521
aze,1987,44.83697
aze,1988,45.35862
aze,1989,43.10793
aze,1990,41.17638
aze,1991,43.30567
aze,1992,56.12478
aze,1993,54.22773
aze,1994,58.20766
aze,1995,63.55857
aze,1996,57.83366
aze,1997,59.22005
aze,1998,54.25635
aze,1999,50.9433
aze,2000,46.17344
aze,2001,45.08675
aze,2002,40.40015
aze,2003,41.31088
aze,2004,39.64947
aze,2005,39.74411
aze,2006,33.47458
aze,2007,33.14766
aze,2008,30.28849
aze,2009,29.26753
aze,2010,28.32534
aze,2011,27.49896
aze,2012,28.09556
aze,2013,23.86969
aze,2014,22.71932
aze,2015,21.41092
aze,2016,22.33864
aze,2017,21.88029
aze,2018,20.696
aze,2019,21.02196
aze,2020,21.09161
aze,2021,54.79307
aze,2022,31.71963
aze,2023,17.89597
bdi,1985,1428.02959
bdi,1986,1440.99031
bdi,1987,1446.31843
bdi,1988,1518.58363
bdi,1989,1510.87838
bdi,1990,1514.94708
bdi,1991,1513.29731
bdi,1992,1463.61645
bdi,1993,1800.7696
bdi,1994,1215.07735
bdi,1995,1293.37535
bdi,1996,1235.80513
bdi,1997,1100.37655
bdi,1998,969.25461
bdi,1999,898.82761
bdi,2000,860.22176
bdi,2001,798.86163
bdi,2002,743.49676
bdi,2003,704.7974
bdi,2004,686.61361
bdi,2005,685.08236
bdi,2006,670.47699
bdi,2007,654.5402
bdi,2008,634.5657
bdi,2009,612.38446
bdi,2010,614.36205
bdi,2011,597.04715
bdi,2012,575.09482
bdi,2013,555.35038
bdi,2014,533.37641
bdi,2015,525.24219
bdi,2016,500.51071
bdi,2017,481.73605
bdi,2018,463.54577
bdi,2019,449.44148
bdi,2020,440.99108
bdi,2021,446.82018
bdi,2022,412.28652
bdi,2023,391.97468
bel,1985,8.87175
bel,1986,8.84881
bel,1987,8.75021
bel,1988,8.64938
bel,1989,8.71054
bel,1990,8.9929
bel,1991,8.81575
bel,1992,8.9656
bel,1993,8.7568
bel,1994,8.85027
bel,1995,8.94806
bel,1996,8.80044
bel,1997,8.37419
bel,1998,8.31322
bel,1999,7.8869
bel,2000,8.0173
bel,2001,7.64281
bel,2002,7.27869
bel,2003,6.91972
bel,2004,6.64457
bel,2005,6.62609
bel,2006,6.44062
bel,2007,6.73701
bel,2008,6.35284
bel,2009,6.25553
bel,2010,6.14508
bel,2011,5.85767
bel,2012,5.33192
bel,2013,5.52174
bel,2014,5.20538
bel,2015,5.06859
bel,2016,4.83504
bel,2017,4.73278
bel,2018,4.6776
bel,2019,4.32073
bel,2020,4.1518
bel,2021,7.33652
bel,2022,10.76051
bel,2023,3.84351
ben,1985,910.3656
ben,1986,857.81182
ben,1987,816.55233
ben,1988,764.90371
ben,1989,732.37451
ben,1990,691.90964
ben,1991,665.99133
ben,1992,625.1857
ben,1993,590.90044
ben,1994,604.83524
ben,1995,585.99373
ben,1996,576.26214
ben,1997,555.6534
ben,1998,546.5267
ben,1999,535.57449
ben,2000,529.46958
ben,2001,532.46162
ben,2002,534.39127
ben,2003,532.27208
ben,2004,530.58961
ben,2005,514.17621
ben,2006,509.44859
ben,2007,500.8454
ben,2008,563.37923
ben,2009,597.959
ben,2010,606.71536
ben,2011,613.37674
ben,2012,617.87745
ben,2013,607.16918
ben,2014,605.17605
ben,2015,606.42385
ben,2016,604.17929
ben,2017,591.64534
ben,2018,585.48424
ben,2019,572.14795
ben,2020,577.71734
ben,2021,583.57526
ben,2022,547.07244
ben,2023,518.23295
bfa,1985,849.88766
bfa,1986,833.71604
bfa,1987,819.84964
bfa,1988,805.83198
bfa,1989,787.00414
bfa,1990,758.95097
bfa,1991,732.09628
bfa,1992,702.76367
bfa,1993,677.49382
bfa,1994,650.50377
bfa,1995,629.20317
bfa,1996,605.49776
bfa,1997,609.54694
bfa,1998,567.19007
bfa,1999,547.30005
bfa,2000,524.28755
bfa,2001,512.68419
bfa,2002,507.8384
bfa,2003,495.42215
bfa,2004,480.96689
bfa,2005,466.89572
bfa,2006,463.2383
bfa,2007,452.98306
bfa,2008,428.56284
bfa,2009,419.28359
bfa,2010,403.88745
bfa,2011,387.58815
bfa,2012,376.03715
bfa,2013,361.26482
bfa,2014,344.15146
bfa,2015,327.84976
bfa,2016,313.0208
bfa,2017,298.37753
bfa,2018,286.07621
bfa,2019,274.24981
bfa,2020,334.05451
bfa,2021,354.05193
bfa,2022,316.26727
bfa,2023,241.78671
bgd,1985,925.50206
bgd,1986,890.94945
bgd,1987,883.95171
bgd,1988,881.10762
bgd,1989,876.69207
bgd,1990,870.41794
bgd,1991,889.93824
bgd,1992,826.74057
bgd,1993,790.54579
bgd,1994,748.81887
bgd,1995,706.67026
bgd,1996,663.67759
bgd,1997,625.64215
bgd,1998,589.20301
bgd,1999,554.49723
bgd,2000,522.65295
bgd,2001,494.79885
bgd,2002,465.28572
bgd,2003,435.67462
bgd,2004,406.05478
bgd,2005,377.53225
bgd,2006,352.32345
bgd,2007,334.08556
bgd,2008,310.04288
bgd,2009,292.75088
bgd,2010,274.63423
bgd,2011,258.33302
bgd,2012,244.1809
bgd,2013,230.40869
bgd,2014,216.70636
bgd,2015,203.53675
bgd,2016,191.02995
bgd,2017,179.0412
bgd,2018,167.93237
bgd,2019,157.21166
bgd,2020,151.84625
bgd,2021,193.89067
bgd,2022,130.51897
bgd,2023,115.11493
bgr,1985,25.63595
bgr,1986,24.57892
bgr,1987,24.61368
bgr,1988,25.56277
bgr,1989,25.44245
bgr,1990,26.67754
bgr,1991,24.91141
bgr,1992,25.28262
bgr,1993,23.44448
bgr,1994,24.64617
bgr,1995,22.99717
bgr,1996,22.402
bgr,1997,23.34328
bgr,1998,20.37692
bgr,1999,20.46487
bgr,2000,18.91289
bgr,2001,17.13903
bgr,2002,15.16692
bgr,2003,14.07302
bgr,2004,13.52404
bgr,2005,12.70357
bgr,2006,11.57521
bgr,2007,10.55347
bgr,2008,9.70299
bgr,2009,9.23729
bgr,2010,9.05217
bgr,2011,8.33608
bgr,2012,7.42517
bgr,2013,7.14545
bgr,2014,7.34193
bgr,2015,7.25551
bgr,2016,6.92518
bgr,2017,6.7236
bgr,2018,6.68777
bgr,2019,6.3503
bgr,2020,8.73902
bgr,2021,9.26824
bgr,2022,9.65589
bgr,2023,5.55967
bhr,1985,37.15723
bhr,1986,37.35677
bhr,1987,36.40795
bhr,1988,36.12705
bhr,1989,35.04295
bhr,1990,34.93948
bhr,1991,34.39139
bhr,1992,34.37869
bhr,1993,33.06683
bhr,1994,32.58698
bhr,1995,30.91507
bhr,1996,29.79569
bhr,1997,28.15543
bhr,1998,27.1798
bhr,1999,26.42576
bhr,2000,25.23439
bhr,2001,23.59115
bhr,2002,22.50972
bhr,2003,21.71486
bhr,2004,21.04384
bhr,2005,20.49961
bhr,2006,20.05057
bhr,2007,19.25046
bhr,2008,18.82401
bhr,2009,18.34354
bhr,2010,18.35882
bhr,2011,18.18893
bhr,2012,17.26334
bhr,2013,16.99481
bhr,2014,16.45882
bhr,2015,16.48033
bhr,2016,16.60868
bhr,2017,16.5234
bhr,2018,16.30956
bhr,2019,16.68917
bhr,2020,6.9411
bhr,2021,9.53558
bhr,2022,4.94425
bhr,2023,16.78235
bhs,1985,69.58561
bhs,1986,68.18291
bhs,1987,66.13087
bhs,1988,65.58235
bhs,1989,65.49103
bhs,1990,65.41738
bhs,1991,66.64548
bhs,1992,66.83981
bhs,1993,66.21609
bhs,1994,64.40892
bhs,1995,62.82181
bhs,1996,61.998
bhs,1997,58.91006
bhs,1998,56.78785
bhs,1999,53.84746
bhs,2000,51.26978
bhs,2001,48.23636
bhs,2002,46.27778
bhs,2003,57.30682
bhs,2004,68.8499
bhs,2005,69.50286
bhs,2006,74.07226
bhs,2007,78.23895
bhs,2008,80.44553
bhs,2009,83.77106
bhs,2010,79.49573
bhs,2011,74.34305
bhs,2012,70.75463
bhs,2013,74.16211
bhs,2014,77.69537
bhs,2015,82.83132
bhs,2016,77.20687
bhs,2017,78.97838
bhs,2018,82.14974
bhs,2019,82.14319
bhs,2020,84.35691
bhs,2021,174.29421
bhs,2022,80.06993
bhs,2023,75.95361
bih,1985,34.62226
bih,1986,32.67694
bih,1987,31.30544
bih,1988,29.26965
bih,1989,26.26466
bih,1990,24.58004
bih,1991,22.97703
bih,1992,30.46222
bih,1993,25.78227
bih,1994,21.95936
bih,1995,18.90484
bih,1996,16.66582
bih,1997,15.74718
bih,1998,14.19739
bih,1999,12.67647
bih,2000,11.49712
bih,2001,10.75986
bih,2002,10.16168
bih,2003,9.88429
bih,2004,9.56463
bih,2005,9.27295
bih,2006,8.83772
bih,2007,8.50967
bih,2008,8.25117
bih,2009,7.82972
bih,2010,7.54274
bih,2011,7.07426
bih,2012,6.82402
bih,2013,6.77274
bih,2014,6.75155
bih,2015,6.66119
bih,2016,6.52647
bih,2017,6.57304
bih,2018,6.81481
bih,2019,6.40033
bih,2020,7.41122
bih,2021,12.68646
bih,2022,11.79462
bih,2023,6.174
blr,1985,29.54684
blr,1986,29.93535
blr,1987,29.89964
blr,1988,32.0036
blr,1989,32.85707
blr,1990,33.04147
blr,1991,32.28325
blr,1992,31.7371
blr,1993,31.03762
blr,1994,30.27875
blr,1995,28.7426
blr,1996,27.98229
blr,1997,26.50038
blr,1998,25.33349
blr,1999,22.88685
blr,2000,20.23216
blr,2001,17.8512
blr,2002,15.67458
blr,2003,13.82164
blr,2004,11.57721
blr,2005,9.41375
blr,2006,7.32506
blr,2007,5.57059
blr,2008,4.36946
blr,2009,3.54849
blr,2010,2.98404
blr,2011,2.4576
blr,2012,2.09635
blr,2013,1.80759
blr,2014,1.63486
blr,2015,1.45717
blr,2016,1.30143
blr,2017,1.23098
blr,2018,1.20875
blr,2019,1.2027
blr,2020,1.69557
blr,2021,1.83065
blr,2022,1.09131
blr,2023,1.09598
blz,1985,98.05279
blz,1986,87.01665
blz,1987,83.38834
blz,1988,82.21504
blz,1989,79.89371
blz,1990,76.99511
blz,1991,75.14537
blz,1992,73.81685
blz,1993,72.7078
blz,1994,72.27909
blz,1995,72.80246
blz,1996,74.4652
blz,1997,76.74735
blz,1998,78.71096
blz,1999,77.10344
blz,2000,78.12834
blz,2001,76.22194
blz,2002,68.21414
blz,2003,66.76509
blz,2004,62.76015
blz,2005,60.07114
blz,2006,55.36324
blz,2007,51.57972
blz,2008,47.7854
blz,2009,44.53123
blz,2010,40.88922
blz,2011,39.26565
blz,2012,40.26288
blz,2013,41.36256
blz,2014,43.66217
blz,2015,47.15458
blz,2016,51.40328
blz,2017,55.84857
blz,2018,59.97342
blz,2019,61.29752
blz,2020,88.48717
blz,2021,156.63585
blz,2022,109.63405
blz,2023,66.80087
bol,1985,517.91827
bol,1986,503.1339
bol,1987,478.23451
bol,1988,457.02059
bol,1989,430.01542
bol,1990,407.44054
bol,1991,390.91852
bol,1992,375.20265
bol,1993,354.16596
bol,1994,335.5842
bol,1995,321.62435
bol,1996,313.64645
bol,1997,305.89198
bol,1998,297.97139
bol,1999,291.5338
bol,2000,286.91949
bol,2001,275.73688
bol,2002,262.25445
bol,2003,256.18205
bol,2004,250.56228
bol,2005,242.24845
bol,2006,236.29387
bol,2007,224.05571
bol,2008,214.34326
bol,2009,204.94941
bol,2010,195.80676
bol,2011,187.14849
bol,2012,180.31585
bol,2013,175.20147
bol,2014,170.74593
bol,2015,166.13197
bol,2016,162.13158
bol,2017,159.75932
bol,2018,157.30158
bol,2019,156.49238
bol,2020,217.83175
bol,2021,270.02594
bol,2022,164.32727
bol,2023,146.37428
bra,1985,185.66748
bra,1986,175.649
bra,1987,167.31246
bra,1988,161.40652
bra,1989,150.12364
bra,1990,139.7695
bra,1991,128.06453
bra,1992,117.75696
bra,1993,112.80289
bra,1994,108.00891
bra,1995,103.26709
bra,1996,97.62692
bra,1997,92.46525
bra,1998,83.88052
bra,1999,75.23607
bra,2000,68.64623
bra,2001,66.43235
bra,2002,65.96649
bra,2003,67.03581
bra,2004,69.58024
bra,2005,71.49638
bra,2006,72.18568
bra,2007,72.50563
bra,2008,71.39691
bra,2009,69.12705
bra,2010,65.95196
bra,2011,61.86484
bra,2012,59.73186
bra,2013,61.03989
bra,2014,63.39032
bra,2015,62.95876
bra,2016,63.64146
bra,2017,61.02473
bra,2018,62.3322
bra,2019,64.63298
bra,2020,84.88166
bra,2021,127.99026
bra,2022,103.96809
bra,2023,66.91036
brb,1985,54.50427
brb,1986,55.98776
brb,1987,56.80339
brb,1988,55.07928
brb,1989,57.15276
brb,1990,58.50506
brb,1991,59.68327
brb,1992,60.58137
brb,1993,54.60813
brb,1994,53.43814
brb,1995,52.2178
brb,1996,50.78705
brb,1997,50.52029
brb,1998,45.40949
brb,1999,43.56836
brb,2000,45.66083
brb,2001,45.84178
brb,2002,43.19389
brb,2003,44.65167
brb,2004,42.71906
brb,2005,43.72432
brb,2006,44.62182
brb,2007,41.89977
brb,2008,41.50407
brb,2009,41.77438
brb,2010,41.70716
brb,2011,41.17528
brb,2012,39.53492
brb,2013,39.66056
brb,2014,38.54943
brb,2015,37.02361
brb,2016,36.26096
brb,2017,36.58056
brb,2018,36.70521
brb,2019,36.4975
brb,2020,38.65383
brb,2021,38.48689
brb,2022,37.93933
brb,2023,34.88119
brn,1985,79.40361
brn,1986,77.78794
brn,1987,75.21771
brn,1988,72.69748
brn,1989,71.36731
brn,1990,67.67059
brn,1991,65.35035
brn,1992,62.38198
brn,1993,59.30275
brn,1994,58.01509
brn,1995,55.26271
brn,1996,53.62374
brn,1997,52.01727
brn,1998,50.6088
brn,1999,49.50079
brn,2000,47.96569
brn,2001,46.26508
brn,2002,45.96354
brn,2003,44.94777
brn,2004,43.52846
brn,2005,42.54342
brn,2006,41.8659
brn,2007,40.91442
brn,2008,40.41778
brn,2009,39.84771
brn,2010,39.51389
brn,2011,39.70844
brn,2012,40.04252
brn,2013,39.74805
brn,2014,39.61761
brn,2015,39.49278
brn,2016,39.37675
brn,2017,39.32674
brn,2018,39.21921
brn,2019,38.476
brn,2020,38.51055
brn,2021,43.84471
brn,2022,88.15149
brn,2023,36.35405
btn,1985,968.64404
btn,1986,910.55049
btn,1987,856.89436
btn,1988,797.99926
btn,1989,747.49611
btn,1990,703.90359
btn,1991,670.5697
btn,1992,656.4804
btn,1993,577.74511
btn,1994,543.62235
btn,1995,498.16357
btn,1996,450.21024
btn,1997,415.47409
btn,1998,378.21085
btn,1999,346.09294
btn,2000,323.71735
btn,2001,285.58673
btn,2002,256.5562
btn,2003,229.25035
btn,2004,207.17753
btn,2005,186.46209
btn,2006,166.67172
btn,2007,148.95506
btn,2008,132.65208
btn,2009,121.22927
btn,2010,106.55163
btn,2011,95.77047
btn,2012,85.98677
btn,2013,79.20377
btn,2014,73.37854
btn,2015,68.35484
btn,2016,63.31074
btn,2017,58.40546
btn,2018,55.23222
btn,2019,52.33697
btn,2020,51.35273
btn,2021,49.92042
btn,2022,48.56863
btn,2023,46.64777
bwa,1985,312.8639
bwa,1986,304.32495
bwa,1987,301.80411
bwa,1988,318.91195
bwa,1989,300.4325
bwa,1990,296.2212
bwa,1991,282.64956
bwa,1992,262.89003
bwa,1993,229.83511
bwa,1994,182.41925
bwa,1995,148.35773
bwa,1996,129.84414
bwa,1997,123.1502
bwa,1998,125.59149
bwa,1999,131.06005
bwa,2000,135.664
bwa,2001,137.94049
bwa,2002,139.74927
bwa,2003,142.48092
bwa,2004,151.25972
bwa,2005,166.28557
bwa,2006,204.17942
bwa,2007,201.24416
bwa,2008,198.72619
bwa,2009,212.66865
bwa,2010,228.43423
bwa,2011,269.04072
bwa,2012,288.06315
bwa,2013,221.24806
bwa,2014,211.50977
bwa,2015,140.53311
bwa,2016,72.26346
bwa,2017,46.25715
bwa,2018,99.17532
bwa,2019,100.10779
bwa,2020,97.80309
bwa,2021,165.44488
bwa,2022,120.41605
bwa,2023,155.09855
caf,1985,795.57165
caf,1986,794.70969
caf,1987,803.10508
caf,1988,815.21985
caf,1989,835.12216
caf,1990,866.34398
caf,1991,909.52452
caf,1992,955.8299
caf,1993,996.69013
caf,1994,1053.2247
caf,1995,1123.44697
caf,1996,1190.93931
caf,1997,1270.25006
caf,1998,1346.19152
caf,1999,1411.34923
caf,2000,1489.74914
caf,2001,1503.94496
caf,2002,1495.71566
caf,2003,1487.44077
caf,2004,1449.50696
caf,2005,1388.77233
caf,2006,1336.8456
caf,2007,1271.23884
caf,2008,1233.9692
caf,2009,1271.63535
caf,2010,1230.08593
caf,2011,1131.47974
caf,2012,1092.4971
caf,2013,1091.6911
caf,2014,1034.40422
caf,2015,980.54024
caf,2016,962.47146
caf,2017,1093.45969
caf,2018,881.34825
caf,2019,1650.18956
caf,2020,1296.17886
caf,2021,1127.06489
caf,2022,840.82351
caf,2023,691.74251
can,1985,7.25072
can,1986,7.21307
can,1987,7.04806
can,1988,7.17883
can,1989,7.59159
can,1990,7.4654
can,1991,7.71264
can,1992,7.76928
can,1993,8.03341
can,1994,7.99746
can,1995,8.266
can,1996,8.55956
can,1997,8.41139
can,1998,8.56336
can,1999,8.82541
can,2000,8.98736
can,2001,9.54336
can,2002,9.96334
can,2003,10.2644
can,2004,10.34216
can,2005,11.17144
can,2006,11.20822
can,2007,11.39832
can,2008,11.89835
can,2009,12.05524
can,2010,11.3825
can,2011,11.33171
can,2012,11.46628
can,2013,11.1419
can,2014,11.51086
can,2015,11.31237
can,2016,12.0039
can,2017,12.26458
can,2018,12.58052
can,2019,12.26644
can,2020,16.65174
can,2021,13.58174
can,2022,14.63701
can,2023,11.78479
che,1985,14.67703
che,1986,14.47551
che,1987,13.94173
che,1988,14.66809
che,1989,14.47539
che,1990,14.19056
che,1991,13.63594
che,1992,13.24525
che,1993,12.89832
che,1994,12.495
che,1995,12.2922
che,1996,10.795
che,1997,10.3008
che,1998,9.53712
che,1999,9.37718
che,2000,8.76552
che,2001,8.47684
che,2002,8.83894
che,2003,8.18747
che,2004,8.20699
che,2005,8.3921
che,2006,7.97058
che,2007,7.46549
che,2008,7.35968
che,2009,7.06672
che,2010,7.43666
che,2011,7.45063
che,2012,6.82528
che,2013,6.71624
che,2014,6.38315
che,2015,6.32082
che,2016,6.66526
che,2017,6.15793
che,2018,6.25691
che,2019,5.93297
che,2020,5.28652
che,2021,4.4774
che,2022,3.87285
che,2023,5.46137
chl,1985,72.6764
chl,1986,69.73459
chl,1987,67.26693
chl,1988,64.07323
chl,1989,61.50738
chl,1990,56.29719
chl,1991,53.8727
chl,1992,51.65894
chl,1993,49.27216
chl,1994,46.70856
chl,1995,44.28494
chl,1996,40.72131
chl,1997,38.5256
chl,1998,36.28582
chl,1999,34.56842
chl,2000,32.94284
chl,2001,31.57899
chl,2002,30.39744
chl,2003,29.27009
chl,2004,28.09702
chl,2005,27.48591
chl,2006,26.75998
chl,2007,25.68844
chl,2008,24.40544
chl,2009,23.90557
chl,2010,21.70381
chl,2011,19.96513
chl,2012,18.3832
chl,2013,16.94691
chl,2014,15.7487
chl,2015,14.44723
chl,2016,13.16912
chl,2017,12.10446
chl,2018,11.39816
chl,2019,11.09544
chl,2020,12.30187
chl,2021,14.38931
chl,2022,11.7096
chl,2023,9.88497
chn,1985,125.37398
chn,1986,119.69569
chn,1987,114.25376
chn,1988,107.61692
chn,1989,103.55194
chn,1990,101.61195
chn,1991,92.13046
chn,1992,86.14143
chn,1993,80.21097
chn,1994,76.27091
chn,1995,71.04362
chn,1996,66.74236
chn,1997,63.07218
chn,1998,60.13668
chn,1999,57.59305
chn,2000,55.67274
chn,2001,52.38762
chn,2002,49.76937
chn,2003,47.0547
chn,2004,44.65178
chn,2005,41.97076
chn,2006,39.61522
chn,2007,37.58134
chn,2008,37.96964
chn,2009,34.66525
chn,2010,33.65973
chn,2011,32.50724
chn,2012,31.70615
chn,2013,29.78557
chn,2014,28.11473
chn,2015,26.14898
chn,2016,24.7792
chn,2017,23.68369
chn,2018,21.95719
chn,2019,21.08059
chn,2020,19.82301
chn,2021,20.93229
chn,2022,18.29682
chn,2023,16.25107
civ,1985,765.53997
civ,1986,734.62061
civ,1987,697.49262
civ,1988,671.15557
civ,1989,645.41014
civ,1990,619.42118
civ,1991,583.80954
civ,1992,546.32692
civ,1993,502.99262
civ,1994,463.27287
civ,1995,421.43851
civ,1996,381.34208
civ,1997,364.10468
civ,1998,379.63833
civ,1999,381.41646
civ,2000,377.65912
civ,2001,404.51686
civ,2002,426.73804
civ,2003,450.98256
civ,2004,456.22294
civ,2005,492.45314
civ,2006,544.46085
civ,2007,567.46796
civ,2008,562.18409
civ,2009,587.504
civ,2010,591.6328
civ,2011,569.37924
civ,2012,566.34436
civ,2013,544.04696
civ,2014,521.97874
civ,2015,505.12457
civ,2016,487.74218
civ,2017,465.22694
civ,2018,449.05365
civ,2019,429.47362
civ,2020,447.31808
civ,2021,458.98592
civ,2022,409.27942
civ,2023,358.95028
cmr,1985,572.43769
cmr,1986,579.23478
cmr,1987,556.56714
cmr,1988,558.51919
cmr,1989,563.71653
cmr,1990,570.06007
cmr,1991,583.59068
cmr,1992,594.85159
cmr,1993,606.27923
cmr,1994,628.09104
cmr,1995,640.56285
cmr,1996,648.46394
cmr,1997,651.96595
cmr,1998,665.73899
cmr,1999,672.48011
cmr,2000,678.044
cmr,2001,672.39469
cmr,2002,658.25933
cmr,2003,644.78393
cmr,2004,633.33125
cmr,2005,628.55403
cmr,2006,615.22392
cmr,2007,604.79441
cmr,2008,591.66834
cmr,2009,579.48642
cmr,2010,561.81845
cmr,2011,540.6161
cmr,2012,499.84885
cmr,2013,468.79796
cmr,2014,439.81552
cmr,2015,417.28472
cmr,2016,393.34057
cmr,2017,372.20092
cmr,2018,354.39721
cmr,2019,335.96723
cmr,2020,315.50908
cmr,2021,342.21468
cmr,2022,275.99299
cmr,2023,258.2254
cod,1985,934.04294
cod,1986,902.33998
cod,1987,862.98471
cod,1988,823.80639
cod,1989,791.12683
cod,1990,755.30228
cod,1991,734.57504
cod,1992,708.78549
cod,1993,682.56176
cod,1994,655.83331
cod,1995,644.17796
cod,1996,661.45444
cod,1997,617.04287
cod,1998,605.26615
cod,1999,600.92011
cod,2000,585.36575
cod,2001,588.39392
cod,2002,601.42834
cod,2003,604.70003
cod,2004,606.67168
cod,2005,612.51455
cod,2006,618.8114
cod,2007,630.50165
cod,2008,619.62518
cod,2009,608.39766
cod,2010,600.74338
cod,2011,589.27098
cod,2012,578.08702
cod,2013,566.61236
cod,2014,557.97233
cod,2015,545.40565
cod,2016,526.48132
cod,2017,519.11027
cod,2018,508.13368
cod,2019,492.92986
cod,2020,489.47589
cod,2021,506.98212
cod,2022,455.80928
cod,2023,427.0455
cog,1985,546.40048
cog,1986,534.93146
cog,1987,519.29104
cog,1988,509.87622
cog,1989,506.05642
cog,1990,504.87135
cog,1991,514.38866
cog,1992,531.45226
cog,1993,540.89846
cog,1994,550.84243
cog,1995,551.1374
cog,1996,545.27983
cog,1997,650.38433
cog,1998,597.19178
cog,1999,554.38022
cog,2000,509.49675
cog,2001,488.95977
cog,2002,464.42862
cog,2003,435.51963
cog,2004,399.88407
cog,2005,385.0009
cog,2006,393.70573
cog,2007,370.44336
cog,2008,394.609
cog,2009,414.18466
cog,2010,382.45916
cog,2011,378.10148
cog,2012,374.23999
cog,2013,320.2702
cog,2014,302.33867
cog,2015,284.07173
cog,2016,262.74214
cog,2017,262.05854
cog,2018,259.04608
cog,2019,245.25896
cog,2020,247.22333
cog,2021,301.36508
cog,2022,240.80241
cog,2023,241.08875
cok,1985,16.008
cok,1986,11.91486
cok,1987,13.20253
cok,1988,8.9895
cok,1989,7.32613
cok,1990,7.06289
cok,1991,4.02543
cok,1992,2.74465
cok,1993,1.86477
cok,1994,1.26148
cok,1995,0.87825
cok,1996,0.64061
cok,1997,0.6882
cok,1998,0.41411
cok,1999,0.36217
cok,2000,0.33142
cok,2001,0.27751
cok,2002,0.22584
cok,2003,0.18161
cok,2004,0.14331
cok,2005,0.14379
cok,2006,0.18185
cok,2007,0.18019
cok,2008,0.1773
cok,2009,0.17597
cok,2010,0.13981
cok,2011,0.13931
cok,2012,0.14214
cok,2013,0.14582
cok,2014,0.14873
cok,2015,0.15102
cok,2016,0.15319
cok,2017,0.15795
cok,2018,0.1657
cok,2019,0.17322
cok,2020,0.14222
cok,2021,0.12485
cok,2022,0.32591
cok,2023,0.10725
col,1985,142.6357
col,1986,122.55234
col,1987,119.83856
col,1988,112.75691
col,1989,105.53334
col,1990,102.12554
col,1991,98.85659
col,1992,97.11363
col,1993,94.27001
col,1994,92.60605
col,1995,90.60015
col,1996,89.48692
col,1997,90.30122
col,1998,92.02026
col,1999,95.95152
col,2000,95.11151
col,2001,93.80357
col,2002,91.27231
col,2003,86.7687
col,2004,84.15008
col,2005,81.6156
col,2006,80.63076
col,2007,79.83739
col,2008,78.15605
col,2009,76.84698
col,2010,76.38049
col,2011,75.07368
col,2012,72.96662
col,2013,71.75142
col,2014,70.72659
col,2015,70.25705
col,2016,68.82124
col,2017,68.04436
col,2018,67.3379
col,2019,66.19187
col,2020,93.67608
col,2021,146.65778
col,2022,74.34447
col,2023,59.38166
com,1985,850.45433
com,1986,824.52261
com,1987,810.99875
com,1988,790.57801
com,1989,768.3302
com,1990,737.04079
com,1991,704.21014
com,1992,675.47443
com,1993,641.94348
com,1994,602.30382
com,1995,570.59171
com,1996,545.0036
com,1997,520.00734
com,1998,515.42371
com,1999,486.0736
com,2000,476.31808
com,2001,440.27125
com,2002,427.6543
com,2003,399.87333
com,2004,385.07251
com,2005,372.9264
com,2006,359.9715
com,2007,351.57065
com,2008,334.20638
com,2009,320.40596
com,2010,305.19645
com,2011,290.80581
com,2012,274.43501
com,2013,259.64868
com,2014,246.98205
com,2015,236.58988
com,2016,225.4506
com,2017,218.70064
com,2018,209.47658
com,2019,202.44649
com,2020,198.49619
com,2021,214.79921
com,2022,186.1627
com,2023,178.87692
cpv,1985,420.14878
cpv,1986,393.70642
cpv,1987,365.50018
cpv,1988,345.71582
cpv,1989,322.18358
cpv,1990,297.69512
cpv,1991,276.64035
cpv,1992,254.63911
cpv,1993,233.36082
cpv,1994,213.61342
cpv,1995,196.34281
cpv,1996,167.35318
cpv,1997,147.18691
cpv,1998,134.02314
cpv,1999,121.67954
cpv,2000,110.21407
cpv,2001,101.34387
cpv,2002,92.4974
cpv,2003,85.90388
cpv,2004,79.91977
cpv,2005,74.91491
cpv,2006,75.55448
cpv,2007,73.0208
cpv,2008,68.13663
cpv,2009,62.24381
cpv,2010,60.74753
cpv,2011,54.54338
cpv,2012,50.99806
cpv,2013,49.84194
cpv,2014,47.90485
cpv,2015,46.38443
cpv,2016,44.26496
cpv,2017,42.90016
cpv,2018,42.75495
cpv,2019,40.66265
cpv,2020,56.00752
cpv,2021,55.74854
cpv,2022,41.66609
cpv,2023,40.03827
cri,1985,42.54834
cri,1986,42.42851
cri,1987,41.08588
cri,1988,40.39527
cri,1989,40.22961
cri,1990,40.04893
cri,1991,39.39284
cri,1992,38.62503
cri,1993,38.7972
cri,1994,38.64078
cri,1995,38.63025
cri,1996,38.88069
cri,1997,37.78911
cri,1998,37.18114
cri,1999,35.87492
cri,2000,35.52167
cri,2001,35.31408
cri,2002,33.9861
cri,2003,33.22327
cri,2004,32.8554
cri,2005,31.19951
cri,2006,30.0963
cri,2007,30.31843
cri,2008,29.9525
cri,2009,28.97739
cri,2010,28.84048
cri,2011,28.43681
cri,2012,27.46544
cri,2013,26.58293
cri,2014,26.57139
cri,2015,25.54293
cri,2016,27.03126
cri,2017,26.99787
cri,2018,28.37408
cri,2019,25.72865
cri,2020,34.08731
cri,2021,43.94856
cri,2022,27.41604
cri,2023,24.1198
cub,1985,70.25993
cub,1986,70.49939
cub,1987,69.05127
cub,1988,67.80419
cub,1989,66.43431
cub,1990,65.82742
cub,1991,66.24911
cub,1992,65.98754
cub,1993,65.07419
cub,1994,63.54866
cub,1995,61.8382
cub,1996,58.72666
cub,1997,56.74624
cub,1998,53.57091
cub,1999,50.99431
cub,2000,48.19773
cub,2001,46.23062
cub,2002,45.36349
cub,2003,44.37065
cub,2004,44.12797
cub,2005,42.95019
cub,2006,41.98547
cub,2007,41.88979
cub,2008,43.6271
cub,2009,44.993
cub,2010,43.88002
cub,2011,43.58694
cub,2012,42.49497
cub,2013,42.28007
cub,2014,42.14867
cub,2015,41.48397
cub,2016,40.45728
cub,2017,39.2643
cub,2018,39.17947
cub,2019,39.72424
cub,2020,39.95422
cub,2021,171.67994
cub,2022,40.95331
cub,2023,34.79424
cyp,1985,18.83402
cyp,1986,17.72109
cyp,1987,17.07526
cyp,1988,16.75786
cyp,1989,15.80332
cyp,1990,15.4198
cyp,1991,15.02457
cyp,1992,14.83555
cyp,1993,14.68276
cyp,1994,14.57967
cyp,1995,14.05805
cyp,1996,13.50745
cyp,1997,12.91705
cyp,1998,12.98109
cyp,1999,12.14533
cyp,2000,11.81487
cyp,2001,11.11002
cyp,2002,10.62676
cyp,2003,10.44522
cyp,2004,10.36635
cyp,2005,10.3037
cyp,2006,9.8233
cyp,2007,9.59252
cyp,2008,9.74922
cyp,2009,9.51619
cyp,2010,9.6925
cyp,2011,9.92759
cyp,2012,9.95809
cyp,2013,10.16617
cyp,2014,10.81196
cyp,2015,11.24344
cyp,2016,11.56878
cyp,2017,11.98218
cyp,2018,12.50467
cyp,2019,13.13985
cyp,2020,86.95632
cyp,2021,97.68237
cyp,2022,52.99854
cyp,2023,13.62431
cze,1985,15.33602
cze,1986,16.59991
cze,1987,15.19458
cze,1988,15.53056
cze,1989,15.43396
cze,1990,15.38311
cze,1991,14.94862
cze,1992,13.2685
cze,1993,12.36213
cze,1994,10.80079
cze,1995,9.94248
cze,1996,8.44826
cze,1997,8.24788
cze,1998,6.98456
cze,1999,6.54945
cze,2000,6.52529
cze,2001,6.20716
cze,2002,5.73128
cze,2003,5.53934
cze,2004,5.12255
cze,2005,5.06655
cze,2006,4.67597
cze,2007,4.37679
cze,2008,4.34291
cze,2009,4.24548
cze,2010,3.90807
cze,2011,3.81046
cze,2012,3.65408
cze,2013,3.40752
cze,2014,3.2254
cze,2015,3.13269
cze,2016,3.21832
cze,2017,2.94002
cze,2018,2.99613
cze,2019,3.12064
cze,2020,3.24333
cze,2021,4.39458
cze,2022,3.03533
cze,2023,2.70406
deu,1985,13.90057
deu,1986,13.58816
deu,1987,12.96331
deu,1988,12.71367
deu,1989,11.99934
deu,1990,11.67303
deu,1991,10.78415
deu,1992,9.89337
deu,1993,9.41362
deu,1994,8.64188
deu,1995,8.38634
deu,1996,8.27955
deu,1997,7.8076
deu,1998,7.38681
deu,1999,7.03426
deu,2000,6.73107
deu,2001,6.31558
deu,2002,6.20604
deu,2003,5.98199
deu,2004,5.78106
deu,2005,5.67329
deu,2006,5.60025
deu,2007,5.49846
deu,2008,5.52833
deu,2009,5.50566
deu,2010,5.38925
deu,2011,5.21113
deu,2012,4.94186
deu,2013,4.87853
deu,2014,4.52608
deu,2015,4.53393
deu,2016,4.43597
deu,2017,4.207
deu,2018,4.20703
deu,2019,3.96585
deu,2020,4.23313
deu,2021,4.45641
deu,2022,4.03073
deu,2023,3.62022
dji,1985,820.81835
dji,1986,803.6206
dji,1987,784.97769
dji,1988,768.02789
dji,1989,745.91496
dji,1990,724.55148
dji,1991,731.01087
dji,1992,780.0136
dji,1993,704.29057
dji,1994,681.79018
dji,1995,633.99572
dji,1996,608.78788
dji,1997,582.35307
dji,1998,554.8396
dji,1999,524.15328
dji,2000,501.03755
dji,2001,441.36594
dji,2002,403.64568
dji,2003,390.72559
dji,2004,363.52184
dji,2005,315.41092
dji,2006,297.94431
dji,2007,284.90491
dji,2008,272.57613
dji,2009,262.64537
dji,2010,242.84326
dji,2011,229.45823
dji,2012,221.40295
dji,2013,218.93498
dji,2014,211.50863
dji,2015,210.09373
dji,2016,204.4976
dji,2017,201.05243
dji,2018,199.01518
dji,2019,194.00455
dji,2020,191.5935
dji,2021,221.27059
dji,2022,174.41082
dji,2023,161.87568
dma,1985,61.10478
dma,1986,63.21066
dma,1987,63.01218
dma,1988,68.27824
dma,1989,68.64524
dma,1990,77.2995
dma,1991,80.65061
dma,1992,80.08217
dma,1993,79.10002
dma,1994,77.36441
dma,1995,72.90745
dma,1996,71.28172
dma,1997,67.25189
dma,1998,63.83098
dma,1999,64.19746
dma,2000,61.05658
dma,2001,58.22382
dma,2002,56.35855
dma,2003,55.22598
dma,2004,54.46979
dma,2005,53.83393
dma,2006,53.76223
dma,2007,53.1065
dma,2008,52.51947
dma,2009,49.94222
dma,2010,49.90149
dma,2011,49.28972
dma,2012,51.43396
dma,2013,49.8509
dma,2014,52.83572
dma,2015,62.77061
dma,2016,47.78684
dma,2017,43.59389
dma,2018,42.62802
dma,2019,40.82373
dma,2020,46.64251
dma,2021,110.22343
dma,2022,43.89311
dma,2023,35.54812
dnk,1985,12.15856
dnk,1986,12.13086
dnk,1987,11.82249
dnk,1988,12.60405
dnk,1989,12.79721
dnk,1990,12.1686
dnk,1991,11.94694
dnk,1992,12.02795
dnk,1993,11.82927
dnk,1994,11.87117
dnk,1995,11.92846
dnk,1996,10.89958
dnk,1997,10.48267
dnk,1998,9.30102
dnk,1999,9.46779
dnk,2000,8.81269
dnk,2001,8.7702
dnk,2002,8.67708
dnk,2003,8.30215
dnk,2004,8.07753
dnk,2005,7.50338
dnk,2006,7.21512
dnk,2007,7.48625
dnk,2008,7.31866
dnk,2009,7.0143
dnk,2010,6.65839
dnk,2011,6.25191
dnk,2012,5.78113
dnk,2013,5.3555
dnk,2014,5.4102
dnk,2015,5.00722
dnk,2016,5.17206
dnk,2017,4.65475
dnk,2018,4.68011
dnk,2019,4.23327
dnk,2020,4.08359
dnk,2021,7.65463
dnk,2022,5.56497
dnk,2023,3.66575
dom,1985,249.41516
dom,1986,240.74704
dom,1987,230.64654
dom,1988,221.43561
dom,1989,212.50973
dom,1990,202.62431
dom,1991,192.58352
dom,1992,185.03088
dom,1993,176.23926
dom,1994,166.37967
dom,1995,152.10097
dom,1996,138.1453
dom,1997,122.39206
dom,1998,109.14849
dom,1999,91.93807
dom,2000,75.59829
dom,2001,68.08629
dom,2002,68.24472
dom,2003,71.36468
dom,2004,77.85296
dom,2005,83.45659
dom,2006,86.63941
dom,2007,90.0094
dom,2008,93.62418
dom,2009,95.73007
dom,2010,91.65964
dom,2011,90.67073
dom,2012,88.5217
dom,2013,90.95711
dom,2014,95.29755
dom,2015,102.25961
dom,2016,105.72369
dom,2017,103.77688
dom,2018,106.73394
dom,2019,118.09314
dom,2020,121.46605
dom,2021,152.54161
dom,2022,124.12434
dom,2023,124.47325
dza,1985,291.76643
dza,1986,265.32809
dza,1987,242.98358
dza,1988,227.22701
dza,1989,214.90966
dza,1990,201.61965
dza,1991,197.98581
dza,1992,193.15176
dza,1993,195.37361
dza,1994,196.34416
dza,1995,187.18454
dza,1996,173.23066
dza,1997,155.41718
dza,1998,142.5671
dza,1999,131.90411
dza,2000,122.61971
dza,2001,113.38939
dza,2002,102.06598
dza,2003,101.00724
dza,2004,90.71183
dza,2005,86.94946
dza,2006,84.47351
dza,2007,83.49242
dza,2008,83.32107
dza,2009,82.6275
dza,2010,81.8852
dza,2011,80.71158
dza,2012,81.08459
dza,2013,80.59616
dza,2014,80.46674
dza,2015,79.48452
dza,2016,78.69241
dza,2017,77.33013
dza,2018,75.43224
dza,2019,73.17389
dza,2020,96.77085
dza,2021,78.85967
dza,2022,64.45588
dza,2023,62.48509
ecu,1985,188.14107
ecu,1986,180.56931
ecu,1987,130.53965
ecu,1988,166.40217
ecu,1989,165.63111
ecu,1990,168.31436
ecu,1991,177.02291
ecu,1992,172.37575
ecu,1993,167.74085
ecu,1994,155.19184
ecu,1995,146.35457
ecu,1996,137.91373
ecu,1997,134.65912
ecu,1998,131.38493
ecu,1999,128.28821
ecu,2000,122.73784
ecu,2001,116.18089
ecu,2002,109.31655
ecu,2003,101.78602
ecu,2004,96.85289
ecu,2005,93.50637
ecu,2006,90.02558
ecu,2007,85.85287
ecu,2008,83.24401
ecu,2009,81.52688
ecu,2010,79.70975
ecu,2011,76.62996
ecu,2012,72.43839
ecu,2013,68.12781
ecu,2014,64.88269
ecu,2015,64.22836
ecu,2016,64.70521
ecu,2017,61.50861
ecu,2018,60.93285
ecu,2019,61.52598
ecu,2020,91.49858
ecu,2021,93.3707
ecu,2022,68.72916
ecu,2023,55.37107
egy,1985,140.78959
egy,1986,134.85214
egy,1987,128.46623
egy,1988,121.44589
egy,1989,114.30201
egy,1990,106.52546
egy,1991,99.91315
egy,1992,93.11481
egy,1993,86.34719
egy,1994,80.53817
egy,1995,74.84042
egy,1996,69.38401
egy,1997,64.17317
egy,1998,59.81109
egy,1999,56.18946
egy,2000,52.81401
egy,2001,49.90993
egy,2002,47.55678
egy,2003,45.45566
egy,2004,43.39958
egy,2005,41.47066
egy,2006,39.677
egy,2007,37.86996
egy,2008,36.07185
egy,2009,34.18942
egy,2010,32.49094
egy,2011,30.69098
egy,2012,28.96123
egy,2013,27.45214
egy,2014,25.74099
egy,2015,24.289
egy,2016,22.59566
egy,2017,21.34874
egy,2018,20.03531
egy,2019,19.12714
egy,2020,31.22746
egy,2021,41.68881
egy,2022,24.02587
egy,2023,16.95241
eri,1985,1677.73664
eri,1986,1625.14077
eri,1987,1555.17468
eri,1988,1498.77389
eri,1989,1473.37657
eri,1990,1351.64441
eri,1991,1384.45046
eri,1992,1149.44354
eri,1993,1039.69303
eri,1994,998.35302
eri,1995,854.38943
eri,1996,878.48084
eri,1997,816.93532
eri,1998,864.65199
eri,1999,734.32378
eri,2000,741.44455
eri,2001,650.89008
eri,2002,636.27379
eri,2003,587.60747
eri,2004,588.24825
eri,2005,566.55223
eri,2006,554.55578
eri,2007,541.40904
eri,2008,529.90479
eri,2009,514.5057
eri,2010,498.17555
eri,2011,477.54442
eri,2012,457.76567
eri,2013,443.45782
eri,2014,429.74088
eri,2015,412.84966
eri,2016,394.55209
eri,2017,379.07242
eri,2018,363.31545
eri,2019,350.67073
eri,2020,333.68785
eri,2021,338.46536
eri,2022,301.3544
eri,2023,291.35822
esp,1985,6.43568
esp,1986,6.55917
esp,1987,6.63392
esp,1988,6.57312
esp,1989,6.55355
esp,1990,6.42786
esp,1991,6.46187
esp,1992,6.08515
esp,1993,5.91661
esp,1994,5.76196
esp,1995,5.67614
esp,1996,5.58386
esp,1997,4.9406
esp,1998,4.67584
esp,1999,4.68171
esp,2000,4.69947
esp,2001,4.73509
esp,2002,4.63266
esp,2003,4.37219
esp,2004,4.59176
esp,2005,4.5583
esp,2006,4.45707
esp,2007,4.35885
esp,2008,4.39433
esp,2009,4.28056
esp,2010,4.02567
esp,2011,4.03856
esp,2012,3.89729
esp,2013,3.7314
esp,2014,3.67269
esp,2015,3.52346
esp,2016,3.39499
esp,2017,3.35748
esp,2018,3.19984
esp,2019,3.01055
esp,2020,4.28967
esp,2021,3.61362
esp,2022,3.88228
esp,2023,2.72275
est,1985,55.64724
est,1986,45.97625
est,1987,42.0617
est,1988,42.58861
est,1989,48.27758
est,1990,44.44265
est,1991,42.26812
est,1992,40.4072
est,1993,45.83706
est,1994,59.79556
est,1995,45.10928
est,1996,35.96907
est,1997,31.39427
est,1998,31.56197
est,1999,27.5493
est,2000,27.20002
est,2001,24.85948
est,2002,22.19555
est,2003,18.00358
est,2004,15.48852
est,2005,14.78486
est,2006,12.67887
est,2007,12.76025
est,2008,10.59715
est,2009,9.82969
est,2010,7.86135
est,2011,8.85176
est,2012,7.77464
est,2013,6.45507
est,2014,6.81232
est,2015,6.39688
est,2016,7.16395
est,2017,5.32243
est,2018,5.34558
est,2019,6.00972
est,2020,5.89312
est,2021,8.45833
est,2022,7.24452
est,2023,4.96289
eth,1985,1328.57715
eth,1986,1317.44012
eth,1987,1289.22102
eth,1988,1306.04782
eth,1989,1296.33245
eth,1990,1320.22644
eth,1991,1239.41087
eth,1992,1218.21481
eth,1993,1167.61005
eth,1994,1113.13333
eth,1995,1060.3446
eth,1996,1008.24909
eth,1997,956.82798
eth,1998,910.731
eth,1999,900.69151
eth,2000,870.45903
eth,2001,856.45412
eth,2002,825.94323
eth,2003,797.12364
eth,2004,763.85947
eth,2005,753.78809
eth,2006,728.78735
eth,2007,704.15256
eth,2008,677.69122
eth,2009,649.08795
eth,2010,618.52484
eth,2011,587.66202
eth,2012,545.37513
eth,2013,494.05035
eth,2014,444.44552
eth,2015,400.69462
eth,2016,364.015
eth,2017,327.1084
eth,2018,296.56103
eth,2019,268.79503
eth,2020,243.89641
eth,2021,249.62121
eth,2022,207.47857
eth,2023,194.93685
fin,1985,6.60891
fin,1986,7.53131
fin,1987,7.32363
fin,1988,7.63191
fin,1989,7.83218
fin,1990,8.04737
fin,1991,7.62714
fin,1992,7.9141
fin,1993,7.34885
fin,1994,7.03373
fin,1995,6.97027
fin,1996,6.82405
fin,1997,7.12816
fin,1998,6.68415
fin,1999,6.72593
fin,2000,7.18457
fin,2001,6.94973
fin,2002,7.05104
fin,2003,6.79638
fin,2004,7.35527
fin,2005,7.77313
fin,2006,6.97805
fin,2007,7.33553
fin,2008,7.28394
fin,2009,7.83026
fin,2010,7.63364
fin,2011,7.21836
fin,2012,7.71726
fin,2013,7.74972
fin,2014,6.88932
fin,2015,7.15888
fin,2016,7.43542
fin,2017,7.84832
fin,2018,7.92587
fin,2019,8.40678
fin,2020,8.55245
fin,2021,8.46177
fin,2022,8.35135
fin,2023,7.88007
fji,1985,78.45585
fji,1986,75.81185
fji,1987,74.20559
fji,1988,70.90989
fji,1989,69.58511
fji,1990,70.01377
fji,1991,67.27525
fji,1992,64.15931
fji,1993,61.74329
fji,1994,57.90174
fji,1995,55.49599
fji,1996,53.24545
fji,1997,51.43496
fji,1998,48.61353
fji,1999,46.2079
fji,2000,47.04706
fji,2001,45.87703
fji,2002,48.08153
fji,2003,47.13741
fji,2004,45.95183
fji,2005,44.46596
fji,2006,43.34434
fji,2007,42.95332
fji,2008,42.24973
fji,2009,41.3051
fji,2010,39.7292
fji,2011,38.8227
fji,2012,41.64186
fji,2013,39.88123
fji,2014,37.60074
fji,2015,37.08208
fji,2016,37.55503
fji,2017,34.18856
fji,2018,34.53254
fji,2019,33.90995
fji,2020,33.5077
fji,2021,67.87552
fji,2022,31.69343
fji,2023,30.23569
fra,1985,20.19784
fra,1986,19.75383
fra,1987,18.9458
fra,1988,18.82868
fra,1989,18.62876
fra,1990,17.74163
fra,1991,17.68269
fra,1992,17.17763
fra,1993,16.48787
fra,1994,15.28353
fra,1995,14.69626
fra,1996,13.14208
fra,1997,11.41729
fra,1998,10.49818
fra,1999,9.93988
fra,2000,9.42702
fra,2001,9.29799
fra,2002,9.28067
fra,2003,9.23696
fra,2004,9.07566
fra,2005,9.16654
fra,2006,9.3064
fra,2007,9.3017
fra,2008,9.60314
fra,2009,9.73263
fra,2010,9.43215
fra,2011,9.27475
fra,2012,9.08149
fra,2013,8.88249
fra,2014,8.81578
fra,2015,8.77581
fra,2016,8.75862
fra,2017,8.45489
fra,2018,8.58842
fra,2019,8.36364
fra,2020,8.88955
fra,2021,8.78872
fra,2022,8.70469
fra,2023,7.30455
fsm,1985,223.51208
fsm,1986,217.21291
fsm,1987,224.44528
fsm,1988,218.7754
fsm,1989,210.668
fsm,1990,209.02338
fsm,1991,207.5177
fsm,1992,205.20864
fsm,1993,204.17437
fsm,1994,199.59453
fsm,1995,204.49496
fsm,1996,204.44146
fsm,1997,200.6665
fsm,1998,202.8675
fsm,1999,200.21183
fsm,2000,203.94018
fsm,2001,195.75069
fsm,2002,213.58771
fsm,2003,190.79424
fsm,2004,190.4666
fsm,2005,188.39126
fsm,2006,189.90912
fsm,2007,187.60241
fsm,2008,187.61487
fsm,2009,186.18701
fsm,2010,184.30652
fsm,2011,180.52361
fsm,2012,180.10255
fsm,2013,181.12829
fsm,2014,177.50203
fsm,2015,181.91965
fsm,2016,172.57527
fsm,2017,170.57463
fsm,2018,163.46102
fsm,2019,153.85769
fsm,2020,150.28299
fsm,2021,155.44074
fsm,2022,143.84691
fsm,2023,128.75348
gab,1985,372.63991
gab,1986,369.48923
gab,1987,365.66347
gab,1988,367.14203
gab,1989,366.13046
gab,1990,368.31319
gab,1991,369.32219
gab,1992,371.40002
gab,1993,364.39906
gab,1994,357.25993
gab,1995,341.33194
gab,1996,321.28417
gab,1997,289.84946
gab,1998,258.10023
gab,1999,216.29273
gab,2000,178.11302
gab,2001,159.54872
gab,2002,150.82675
gab,2003,133.84108
gab,2004,142.48618
gab,2005,175.22759
gab,2006,185.7779
gab,2007,172.90003
gab,2008,157.71317
gab,2009,157.92397
gab,2010,144.24952
gab,2011,148.5494
gab,2012,172.58305
gab,2013,234.63478
gab,2014,273.18103
gab,2015,239.13962
gab,2016,214.82362
gab,2017,184.12481
gab,2018,175.78122
gab,2019,179.3606
gab,2020,193.83474
gab,2021,249.4844
gab,2022,215.84464
gab,2023,232.66042
gbr,1985,1.75616
gbr,1986,2.17964
gbr,1987,2.9287
gbr,1988,4.00336
gbr,1989,5.13583
gbr,1990,6.05122
gbr,1991,6.67893
gbr,1992,7.16635
gbr,1993,7.89501
gbr,1994,8.54522
gbr,1995,8.6324
gbr,1996,8.32189
gbr,1997,8.5858
gbr,1998,9.61358
gbr,1999,10.9531
gbr,2000,12.03832
gbr,2001,12.53768
gbr,2002,13.20043
gbr,2003,13.55564
gbr,2004,13.1026
gbr,2005,12.29702
gbr,2006,11.74696
gbr,2007,11.13534
gbr,2008,11.09101
gbr,2009,10.56366
gbr,2010,10.21533
gbr,2011,9.67391
gbr,2012,8.9262
gbr,2013,8.70859
gbr,2014,8.98188
gbr,2015,9.15173
gbr,2016,9.4143
gbr,2017,9.14605
gbr,2018,9.3601
gbr,2019,9.08522
gbr,2020,13.53946
gbr,2021,12.91922
gbr,2022,15.17274
gbr,2023,8.30599
geo,1985,34.17254
geo,1986,34.04045
geo,1987,32.37371
geo,1988,33.25334
geo,1989,35.87595
geo,1990,33.68389
geo,1991,36.05433
geo,1992,37.78152
geo,1993,40.4821
geo,1994,40.03904
geo,1995,41.38991
geo,1996,35.24949
geo,1997,44.52074
geo,1998,42.9837
geo,1999,41.42766
geo,2000,42.58235
geo,2001,44.61957
geo,2002,45.84682
geo,2003,41.68641
geo,2004,42.77224
geo,2005,53.46322
geo,2006,44.94539
geo,2007,51.5472
geo,2008,54.00805
geo,2009,55.82012
geo,2010,40.55389
geo,2011,37.03695
geo,2012,34.8783
geo,2013,33.73153
geo,2014,31.82241
geo,2015,29.60028
geo,2016,27.94438
geo,2017,26.86179
geo,2018,24.35445
geo,2019,22.25717
geo,2020,29.72163
geo,2021,59.87914
geo,2022,21.92826
geo,2023,19.69185
gha,1985,942.96167
gha,1986,908.49551
gha,1987,873.22049
gha,1988,834.3156
gha,1989,799.0505
gha,1990,768.74293
gha,1991,744.6583
gha,1992,718.42118
gha,1993,696.0185
gha,1994,670.34203
gha,1995,629.84255
gha,1996,590.58267
gha,1997,552.96722
gha,1998,521.30999
gha,1999,489.88036
gha,2000,472.49809
gha,2001,459.95847
gha,2002,434.24893
gha,2003,409.55236
gha,2004,402.64764
gha,2005,389.52296
gha,2006,384.51818
gha,2007,377.21345
gha,2008,380.10493
gha,2009,369.00426
gha,2010,363.05173
gha,2011,356.37323
gha,2012,350.70254
gha,2013,338.42387
gha,2014,316.81169
gha,2015,310.33632
gha,2016,296.10441
gha,2017,286.91917
gha,2018,275.56127
gha,2019,259.73488
gha,2020,252.78436
gha,2021,263.93937
gha,2022,239.08388
gha,2023,234.32322
gin,1985,1247.69601
gin,1986,1234.04831
gin,1987,1217.68211
gin,1988,1202.37462
gin,1989,1187.71652
gin,1990,1161.80875
gin,1991,1142.96272
gin,1992,1123.52755
gin,1993,1093.59675
gin,1994,1080.52462
gin,1995,1042.28185
gin,1996,1010.3423
gin,1997,993.58373
gin,1998,971.34317
gin,1999,960.0394
gin,2000,951.42281
gin,2001,945.59083
gin,2002,916.14565
gin,2003,892.30337
gin,2004,868.69501
gin,2005,842.86234
gin,2006,824.87247
gin,2007,801.78924
gin,2008,772.40421
gin,2009,766.25961
gin,2010,749.53022
gin,2011,727.55597
gin,2012,703.0267
gin,2013,682.42686
gin,2014,663.85617
gin,2015,641.70424
gin,2016,606.02113
gin,2017,582.10268
gin,2018,560.37643
gin,2019,548.12331
gin,2020,528.20476
gin,2021,533.2656
gin,2022,500.40625
gin,2023,494.11565
gmb,1985,1454.15604
gmb,1986,1400.6566
gmb,1987,1359.5541
gmb,1988,1302.04118
gmb,1989,1257.74288
gmb,1990,1206.94366
gmb,1991,1167.00025
gmb,1992,1115.35172
gmb,1993,1072.37623
gmb,1994,1039.4791
gmb,1995,999.35373
gmb,1996,955.87526
gmb,1997,927.9448
gmb,1998,866.82445
gmb,1999,830.13957
gmb,2000,810.37034
gmb,2001,793.7375
gmb,2002,772.16036
gmb,2003,748.76163
gmb,2004,718.72937
gmb,2005,707.27653
gmb,2006,682.27247
gmb,2007,674.6237
gmb,2008,652.91367
gmb,2009,634.13941
gmb,2010,631.6814
gmb,2011,634.39751
gmb,2012,628.01873
gmb,2013,606.2811
gmb,2014,560.7181
gmb,2015,526.68452
gmb,2016,489.51054
gmb,2017,468.64973
gmb,2018,450.41072
gmb,2019,422.08704
gmb,2020,400.14481
gmb,2021,420.07629
gmb,2022,365.02137
gmb,2023,354.35256
gnb,1985,1850.85466
gnb,1986,1824.9211
gnb,1987,1796.21605
gnb,1988,1758.53922
gnb,1989,1697.92544
gnb,1990,1708.74865
gnb,1991,1663.49215
gnb,1992,1633.27506
gnb,1993,1613.0578
gnb,1994,1644.09314
gnb,1995,1556.35444
gnb,1996,1538.74325
gnb,1997,1641.93734
gnb,1998,1464.77156
gnb,1999,1461.08431
gnb,2000,1295.44094
gnb,2001,1222.13804
gnb,2002,1141.16886
gnb,2003,1069.16157
gnb,2004,979.5118
gnb,2005,956.3018
gnb,2006,831.462
gnb,2007,791.60828
gnb,2008,801.97696
gnb,2009,752.92626
gnb,2010,698.18272
gnb,2011,678.28328
gnb,2012,703.69506
gnb,2013,707.19433
gnb,2014,662.43709
gnb,2015,631.15416
gnb,2016,616.94966
gnb,2017,596.93585
gnb,2018,584.73638
gnb,2019,597.52127
gnb,2020,602.8121
gnb,2021,617.1863
gnb,2022,539.23451
gnb,2023,505.36803
gnq,1985,658.24233
gnq,1986,665.56596
gnq,1987,671.66843
gnq,1988,675.39733
gnq,1989,688.04119
gnq,1990,688.69397
gnq,1991,687.92777
gnq,1992,682.37286
gnq,1993,668.27357
gnq,1994,638.86509
gnq,1995,586.96963
gnq,1996,543.64665
gnq,1997,507.06093
gnq,1998,476.22633
gnq,1999,442.12462
gnq,2000,405.6241
gnq,2001,388.02734
gnq,2002,364.36906
gnq,2003,342.89509
gnq,2004,322.8042
gnq,2005,312.13751
gnq,2006,298.90002
gnq,2007,288.91558
gnq,2008,275.77451
gnq,2009,266.8787
gnq,2010,259.36009
gnq,2011,253.79838
gnq,2012,244.71339
gnq,2013,235.74696
gnq,2014,227.14719
gnq,2015,222.20843
gnq,2016,216.28614
gnq,2017,211.64288
gnq,2018,204.01325
gnq,2019,198.00484
gnq,2020,195.60724
gnq,2021,201.72655
gnq,2022,183.10325
gnq,2023,173.66294
grc,1985,9.01953
grc,1986,8.34682
grc,1987,8.56356
grc,1988,7.40277
grc,1989,7.02005
grc,1990,6.58017
grc,1991,6.16751
grc,1992,5.89198
grc,1993,5.39875
grc,1994,5.00901
grc,1995,4.72118
grc,1996,4.33983
grc,1997,3.99858
grc,1998,3.87425
grc,1999,3.72348
grc,2000,3.55096
grc,2001,3.29064
grc,2002,3.21071
grc,2003,3.18738
grc,2004,3.07592
grc,2005,2.98081
grc,2006,3.08682
grc,2007,3.22924
grc,2008,3.24318
grc,2009,3.30238
grc,2010,3.50901
grc,2011,3.62954
grc,2012,3.98946
grc,2013,3.95059
grc,2014,4.25009
grc,2015,4.77033
grc,2016,4.921
grc,2017,5.23547
grc,2018,5.05769
grc,2019,5.21619
grc,2020,7.19733
grc,2021,8.6649
grc,2022,9.88699
grc,2023,4.78855
grd,1985,70.8825
grd,1986,67.90898
grd,1987,68.29177
grd,1988,61.46752
grd,1989,63.64629
grd,1990,61.49099
grd,1991,58.93419
grd,1992,55.85705
grd,1993,52.84353
grd,1994,54.68207
grd,1995,53.7071
grd,1996,51.1576
grd,1997,49.58918
grd,1998,49.54673
grd,1999,47.7566
grd,2000,45.5281
grd,2001,44.96926
grd,2002,42.32388
grd,2003,42.13301
grd,2004,48.47069
grd,2005,40.34661
grd,2006,38.86186
grd,2007,39.84307
grd,2008,41.26666
grd,2009,40.80389
grd,2010,43.01116
grd,2011,43.92505
grd,2012,43.65259
grd,2013,44.34523
grd,2014,44.87656
grd,2015,46.20516
grd,2016,44.03691
grd,2017,44.92742
grd,2018,46.42027
grd,2019,48.39963
grd,2020,50.55742
grd,2021,52.00749
grd,2022,49.9391
grd,2023,48.24919
gtm,1985,300.76828
gtm,1986,286.48261
gtm,1987,277.24483
gtm,1988,272.99159
gtm,1989,271.27941
gtm,1990,270.1629
gtm,1991,268.45839
gtm,1992,269.32102
gtm,1993,262.21011
gtm,1994,243.61285
gtm,1995,229.47054
gtm,1996,212.69115
gtm,1997,198.40471
gtm,1998,185.48183
gtm,1999,173.91483
gtm,2000,165.81012
gtm,2001,162.13815
gtm,2002,153.38861
gtm,2003,149.60913
gtm,2004,148.04706
gtm,2005,152.85182
gtm,2006,141.7435
gtm,2007,135.01586
gtm,2008,133.38754
gtm,2009,130.47305
gtm,2010,126.99096
gtm,2011,120.02704
gtm,2012,114.71297
gtm,2013,111.22997
gtm,2014,110.58089
gtm,2015,111.9959
gtm,2016,110.10903
gtm,2017,106.93783
gtm,2018,107.1139
gtm,2019,106.15478
gtm,2020,102.4683
gtm,2021,125.27008
gtm,2022,96.5693
gtm,2023,93.71639
guy,1985,240.60106
guy,1986,237.83071
guy,1987,233.50024
guy,1988,229.67184
guy,1989,227.3858
guy,1990,224.38667
guy,1991,218.53624
guy,1992,208.33234
guy,1993,204.96072
guy,1994,203.53513
guy,1995,207.38902
guy,1996,202.23659
guy,1997,195.16161
guy,1998,183.9592
guy,1999,177.53867
guy,2000,170.55123
guy,2001,162.77843
guy,2002,164.26439
guy,2003,163.66381
guy,2004,162.31179
guy,2005,166.40215
guy,2006,166.50129
guy,2007,157.5225
guy,2008,152.93407
guy,2009,146.31503
guy,2010,140.98245
guy,2011,135.16405
guy,2012,132.98054
guy,2013,128.16594
guy,2014,120.58509
guy,2015,117.17014
guy,2016,114.12205
guy,2017,109.86793
guy,2018,105.12369
guy,2019,106.94327
guy,2020,108.56039
guy,2021,188.99829
guy,2022,82.96077
guy,2023,74.73033
hnd,1985,198.90704
hnd,1986,191.33184
hnd,1987,183.15769
hnd,1988,176.53486
hnd,1989,169.06339
hnd,1990,158.68699
hnd,1991,148.2201
hnd,1992,138.42199
hnd,1993,127.70292
hnd,1994,118.55945
hnd,1995,108.98554
hnd,1996,101.33811
hnd,1997,95.56737
hnd,1998,91.06698
hnd,1999,85.85893
hnd,2000,81.65869
hnd,2001,77.71595
hnd,2002,75.36672
hnd,2003,75.22647
hnd,2004,74.29204
hnd,2005,73.476
hnd,2006,72.25393
hnd,2007,72.10544
hnd,2008,71.75468
hnd,2009,70.89231
hnd,2010,71.62103
hnd,2011,67.53817
hnd,2012,64.36368
hnd,2013,61.85652
hnd,2014,59.71337
hnd,2015,57.10412
hnd,2016,54.65124
hnd,2017,52.96214
hnd,2018,51.75144
hnd,2019,51.12075
hnd,2020,57.15552
hnd,2021,88.2459
hnd,2022,48.08667
hnd,2023,46.74992
hrv,1985,10.00237
hrv,1986,9.97149
hrv,1987,9.80179
hrv,1988,9.52235
hrv,1989,9.19806
hrv,1990,9.64218
hrv,1991,10.07711
hrv,1992,9.83121
hrv,1993,9.38187
hrv,1994,9.10966
hrv,1995,9.45818
hrv,1996,9.16371
hrv,1997,9.15929
hrv,1998,8.43282
hrv,1999,7.99197
hrv,2000,7.5647
hrv,2001,7.44558
hrv,2002,7.34182
hrv,2003,7.69354
hrv,2004,7.07973
hrv,2005,6.84006
hrv,2006,6.4464
hrv,2007,6.26174
hrv,2008,6.10323
hrv,2009,5.86001
hrv,2010,5.55488
hrv,2011,5.21837
hrv,2012,4.9674
hrv,2013,4.57293
hrv,2014,4.38823
hrv,2015,3.9448
hrv,2016,3.71812
hrv,2017,3.58409
hrv,2018,3.31654
hrv,2019,3.51409
hrv,2020,5.20459
hrv,2021,12.31916
hrv,2022,5.53734
hrv,2023,3.04771
hti,1985,990.69733
hti,1986,974.98552
hti,1987,951.7169
hti,1988,929.31524
hti,1989,899.63036
hti,1990,874.22397
hti,1991,831.46439
hti,1992,793.27797
hti,1993,746.65418
hti,1994,710.22681
hti,1995,638.17593
hti,1996,588.3773
hti,1997,551.17742
hti,1998,511.46024
hti,1999,463.52842
hti,2000,439.62343
hti,2001,428.17496
hti,2002,410.38236
hti,2003,384.71085
hti,2004,427.26796
hti,2005,355.07236
hti,2006,367.63447
hti,2007,382.59661
hti,2008,394.08571
hti,2009,396.68968
hti,2010,396.40232
hti,2011,409.27697
hti,2012,385.296
hti,2013,380.36092
hti,2014,372.7467
hti,2015,363.74783
hti,2016,356.13676
hti,2017,350.62073
hti,2018,358.46475
hti,2019,350.62432
hti,2020,346.25727
hti,2021,384.6512
hti,2022,330.84864
hti,2023,327.56383
hun,1985,25.72007
hun,1986,25.51325
hun,1987,24.02423
hun,1988,23.64825
hun,1989,24.74159
hun,1990,24.69621
hun,1991,23.68267
hun,1992,23.58029
hun,1993,23.23872
hun,1994,20.87644
hun,1995,19.30981
hun,1996,16.9853
hun,1997,16.08951
hun,1998,15.35335
hun,1999,14.94356
hun,2000,13.82028
hun,2001,12.99143
hun,2002,13.08634
hun,2003,12.70732
hun,2004,12.29206
hun,2005,12.69446
hun,2006,12.41965
hun,2007,13.43134
hun,2008,13.13201
hun,2009,13.29323
hun,2010,12.83222
hun,2011,13.51043
hun,2012,13.21537
hun,2013,13.24235
hun,2014,13.43354
hun,2015,13.49472
hun,2016,13.31011
hun,2017,13.70126
hun,2018,13.70039
hun,2019,13.10518
hun,2020,18.49569
hun,2021,29.67371
hun,2022,13.52025
hun,2023,11.65266
idn,1985,473.58512
idn,1986,455.18778
idn,1987,437.24334
idn,1988,431.30116
idn,1989,401.83159
idn,1990,391.71625
idn,1991,378.08628
idn,1992,359.27304
idn,1993,326.63069
idn,1994,332.52269
idn,1995,334.49036
idn,1996,330.95
idn,1997,322.79602
idn,1998,317.29766
idn,1999,320.56228
idn,2000,311.24234
idn,2001,300.19627
idn,2002,283.47725
idn,2003,278.88954
idn,2004,283.31331
idn,2005,268.07314
idn,2006,264.15463
idn,2007,256.65331
idn,2008,250.90303
idn,2009,245.56819
idn,2010,241.85796
idn,2011,230.46437
idn,2012,220.28181
idn,2013,208.4726
idn,2014,198.41762
idn,2015,190.18845
idn,2016,181.75325
idn,2017,173.11721
idn,2018,168.10717
idn,2019,161.19439
idn,2020,184.43573
idn,2021,226.46173
idn,2022,148.24351
idn,2023,140.49918
ind,1985,657.53213
ind,1986,623.50587
ind,1987,591.50704
ind,1988,562.49114
ind,1989,538.43089
ind,1990,515.60084
ind,1991,497.78305
ind,1992,481.56777
ind,1993,467.18778
ind,1994,451.23487
ind,1995,436.778
ind,1996,422.2842
ind,1997,406.67467
ind,1998,392.56355
ind,1999,377.89242
ind,2000,362.29677
ind,2001,349.14353
ind,2002,330.11641
ind,2003,312.99102
ind,2004,296.36725
ind,2005,276.53149
ind,2006,258.32699
ind,2007,240.28579
ind,2008,222.70459
ind,2009,205.04956
ind,2010,188.33091
ind,2011,173.39346
ind,2012,160.06758
ind,2013,148.14653
ind,2014,136.9139
ind,2015,128.51316
ind,2016,120.75441
ind,2017,113.01186
ind,2018,107.00503
ind,2019,101.05407
ind,2020,100.5309
ind,2021,154.79778
ind,2022,89.64525
ind,2023,80.48182
irl,1985,11.04191
irl,1986,10.89186
irl,1987,10.14199
irl,1988,10.78716
irl,1989,9.86189
irl,1990,10.80982
irl,1991,10.14384
irl,1992,9.76765
irl,1993,8.97436
irl,1994,8.648
irl,1995,9.00488
irl,1996,7.92288
irl,1997,8.42859
irl,1998,7.73792
irl,1999,7.46244
irl,2000,8.04311
irl,2001,7.37158
irl,2002,6.75603
irl,2003,5.95915
irl,2004,6.19551
irl,2005,6.33476
irl,2006,5.98257
irl,2007,5.63961
irl,2008,6.3388
irl,2009,6.06495
irl,2010,5.50949
irl,2011,6.2191
irl,2012,5.71229
irl,2013,5.02403
irl,2014,4.73811
irl,2015,4.71884
irl,2016,4.35541
irl,2017,4.24222
irl,2018,4.71208
irl,2019,4.27905
irl,2020,5.58951
irl,2021,5.74795
irl,2022,6.80065
irl,2023,3.79013
irn,1985,159.53085
irn,1986,147.51647
irn,1987,136.37509
irn,1988,126.40587
irn,1989,112.68147
irn,1990,106.84034
irn,1991,93.79344
irn,1992,85.65155
irn,1993,80.15828
irn,1994,70.99103
irn,1995,64.56753
irn,1996,58.891
irn,1997,55.29549
irn,1998,49.58556
irn,1999,46.29526
irn,2000,43.02161
irn,2001,40.24384
irn,2002,38.36798
irn,2003,37.13384
irn,2004,34.30775
irn,2005,33.02413
irn,2006,31.69238
irn,2007,30.67978
irn,2008,29.53869
irn,2009,28.36873
irn,2010,27.23878
irn,2011,26.18535
irn,2012,25.15007
irn,2013,24.09732
irn,2014,23.16296
irn,2015,22.19645
irn,2016,21.30417
irn,2017,20.47724
irn,2018,19.43185
irn,2019,18.49963
irn,2020,34.3438
irn,2021,50.7951
irn,2022,21.22289
irn,2023,15.84014
irq,1985,152.14464
irq,1986,146.92524
irq,1987,144.80425
irq,1988,174.48229
irq,1989,189.73107
irq,1990,194.88166
irq,1991,157.40252
irq,1992,126.42344
irq,1993,132.1584
irq,1994,141.83299
irq,1995,151.78237
irq,1996,157.87195
irq,1997,164.9268
irq,1998,162.93201
irq,1999,156.16291
irq,2000,145.62226
irq,2001,137.4259
irq,2002,127.81148
irq,2003,125.19654
irq,2004,121.61634
irq,2005,117.68681
irq,2006,120.00966
irq,2007,117.22749
irq,2008,109.038
irq,2009,107.04592
irq,2010,107.13868
irq,2011,104.97258
irq,2012,99.93955
irq,2013,95.83033
irq,2014,89.50652
irq,2015,85.90805
irq,2016,87.08597
irq,2017,81.35077
irq,2018,75.57648
irq,2019,74.26983
irq,2020,63.02367
irq,2021,76.61516
irq,2022,58.91685
irq,2023,65.99088
isl,1985,11.47437
isl,1986,14.98688
isl,1987,13.18383
isl,1988,10.71478
isl,1989,13.54421
isl,1990,13.07372
isl,1991,10.6778
isl,1992,11.78387
isl,1993,10.47885
isl,1994,9.18297
isl,1995,12.71382
isl,1996,7.3511
isl,1997,7.57567
isl,1998,7.81049
isl,1999,7.00551
isl,2000,6.52873
isl,2001,6.40228
isl,2002,7.18147
isl,2003,5.54455
isl,2004,5.84551
isl,2005,5.09258
isl,2006,4.75002
isl,2007,4.58305
isl,2008,4.47404
isl,2009,4.72559
isl,2010,4.60888
isl,2011,3.80702
isl,2012,3.85523
isl,2013,4.14905
isl,2014,4.19665
isl,2015,3.97697
isl,2016,3.34661
isl,2017,3.10573
isl,2018,3.96465
isl,2019,4.02771
isl,2020,11.75091
isl,2021,5.34155
isl,2022,5.126
isl,2023,3.0221
isr,1985,35.88122
isr,1986,35.5043
isr,1987,30.38587
isr,1988,31.44563
isr,1989,30.06132
isr,1990,28.54715
isr,1991,28.09242
isr,1992,26.7172
isr,1993,25.24917
isr,1994,23.7473
isr,1995,22.44815
isr,1996,20.13443
isr,1997,17.42804
isr,1998,13.65933
isr,1999,11.01949
isr,2000,8.66354
isr,2001,7.33491
isr,2002,6.50013
isr,2003,5.30291
isr,2004,4.6533
isr,2005,4.47623
isr,2006,4.28699
isr,2007,3.76513
isr,2008,3.64467
isr,2009,3.62591
isr,2010,3.37091
isr,2011,3.37673
isr,2012,3.30695
isr,2013,3.112
isr,2014,3.25866
isr,2015,2.90644
isr,2016,3.13092
isr,2017,2.9757
isr,2018,2.73594
isr,2019,2.75849
isr,2020,3.18977
isr,2021,3.32289
isr,2022,3.15331
isr,2023,2.49143
ita,1985,22.17902
ita,1986,22.07293
ita,1987,20.87451
ita,1988,20.23674
ita,1989,19.06756
ita,1990,18.35456
ita,1991,17.97549
ita,1992,17.02292
ita,1993,16.27324
ita,1994,15.48024
ita,1995,15.02636
ita,1996,14.28551
ita,1997,12.75473
ita,1998,12.20545
ita,1999,11.09545
ita,2000,10.62013
ita,2001,10.11808
ita,2002,9.696
ita,2003,8.03722
ita,2004,8.3028
ita,2005,7.97106
ita,2006,7.46513
ita,2007,7.35144
ita,2008,7.3445
ita,2009,7.74394
ita,2010,7.75332
ita,2011,8.05335
ita,2012,8.16372
ita,2013,8.09827
ita,2014,7.76555
ita,2015,7.85804
ita,2016,7.70331
ita,2017,7.79566
ita,2018,7.4765
ita,2019,7.25186
ita,2020,7.64002
ita,2021,7.3608
ita,2022,9.78905
ita,2023,6.47682
jam,1985,44.83609
jam,1986,45.37061
jam,1987,46.18446
jam,1988,48.33572
jam,1989,50.46366
jam,1990,53.64561
jam,1991,57.73589
jam,1992,62.2804
jam,1993,66.90446
jam,1994,70.92096
jam,1995,73.83316
jam,1996,77.03966
jam,1997,78.89111
jam,1998,80.02021
jam,1999,81.2928
jam,2000,81.86244
jam,2001,82.32536
jam,2002,80.84112
jam,2003,78.85198
jam,2004,77.07226
jam,2005,80.63942
jam,2006,88.85183
jam,2007,88.54986
jam,2008,90.95328
jam,2009,92.72836
jam,2010,94.20798
jam,2011,89.41778
jam,2012,88.924
jam,2013,93.90488
jam,2014,99.81889
jam,2015,100.26626
jam,2016,102.13734
jam,2017,105.55131
jam,2018,112.23032
jam,2019,120.11501
jam,2020,126.19424
jam,2021,186.25268
jam,2022,137.5833
jam,2023,130.14276
jor,1985,99.97745
jor,1986,92.86945
jor,1987,87.14858
jor,1988,82.10904
jor,1989,78.68283
jor,1990,71.93836
jor,1991,73.75556
jor,1992,72.09427
jor,1993,70.88362
jor,1994,70.06806
jor,1995,69.62595
jor,1996,68.73585
jor,1997,67.04315
jor,1998,65.3337
jor,1999,63.48048
jor,2000,61.3651
jor,2001,59.56622
jor,2002,57.8299
jor,2003,56.0996
jor,2004,54.34871
jor,2005,52.77321
jor,2006,48.79102
jor,2007,50.46783
jor,2008,49.77721
jor,2009,48.86492
jor,2010,48.3312
jor,2011,47.4305
jor,2012,47.12728
jor,2013,43.93752
jor,2014,42.76169
jor,2015,41.20859
jor,2016,40.37616
jor,2017,38.24158
jor,2018,36.21832
jor,2019,34.73841
jor,2020,40.84673
jor,2021,78.50705
jor,2022,35.09614
jor,2023,30.77896
jpn,1985,18.65441
jpn,1986,17.79252
jpn,1987,16.53884
jpn,1988,15.96224
jpn,1989,14.93076
jpn,1990,14.0781
jpn,1991,13.15742
jpn,1992,12.54876
jpn,1993,11.76072
jpn,1994,11.13568
jpn,1995,11.40413
jpn,1996,10.61819
jpn,1997,10.14183
jpn,1998,9.86583
jpn,1999,9.34218
jpn,2000,8.81453
jpn,2001,8.25795
jpn,2002,7.80103
jpn,2003,7.57196
jpn,2004,7.3727
jpn,2005,7.16224
jpn,2006,6.81418
jpn,2007,6.47959
jpn,2008,6.38733
jpn,2009,6.17391
jpn,2010,5.94738
jpn,2011,5.71159
jpn,2012,5.50588
jpn,2013,5.36685
jpn,2014,5.24771
jpn,2015,5.0353
jpn,2016,4.92292
jpn,2017,4.76101
jpn,2018,4.73495
jpn,2019,4.6352
jpn,2020,4.28598
jpn,2021,4.10804
jpn,2022,5.33661
jpn,2023,3.07828
kaz,1985,68.42569
kaz,1986,66.69582
kaz,1987,66.07399
kaz,1988,64.98333
kaz,1989,64.33257
kaz,1990,63.58906
kaz,1991,63.85991
kaz,1992,65.27966
kaz,1993,67.42766
kaz,1994,69.8891
kaz,1995,71.53443
kaz,1996,71.85136
kaz,1997,70.75629
kaz,1998,68.13076
kaz,1999,62.70667
kaz,2000,57.90592
kaz,2001,52.91963
kaz,2002,48.34696
kaz,2003,44.51426
kaz,2004,41.21663
kaz,2005,37.86807
kaz,2006,34.81532
kaz,2007,31.79221
kaz,2008,28.48643
kaz,2009,24.80581
kaz,2010,21.60419
kaz,2011,18.80604
kaz,2012,16.52729
kaz,2013,14.86633
kaz,2014,13.7028
kaz,2015,12.76757
kaz,2016,12.17764
kaz,2017,11.65053
kaz,2018,11.33807
kaz,2019,10.92913
kaz,2020,17.9111
kaz,2021,22.68462
kaz,2022,14.04913
kaz,2023,9.57878
ken,1985,636.24302
ken,1986,613.75402
ken,1987,586.91622
ken,1988,567.77928
ken,1989,544.31006
ken,1990,620.21057
ken,1991,588.88079
ken,1992,562.72607
ken,1993,531.99901
ken,1994,527.41981
ken,1995,511.71541
ken,1996,507.36296
ken,1997,486.49019
ken,1998,463.89881
ken,1999,447.78466
ken,2000,445.12015
ken,2001,433.37642
ken,2002,436.41866
ken,2003,428.75281
ken,2004,426.03902
ken,2005,433.57038
ken,2006,449.63442
ken,2007,474.91814
ken,2008,483.96396
ken,2009,498.30713
ken,2010,498.38003
ken,2011,494.75072
ken,2012,496.62397
ken,2013,485.11647
ken,2014,471.91453
ken,2015,453.38932
ken,2016,440.93397
ken,2017,427.55692
ken,2018,427.99848
ken,2019,414.88359
ken,2020,421.1587
ken,2021,420.85372
ken,2022,388.4454
ken,2023,378.79578
kgz,1985,81.27083
kgz,1986,76.40998
kgz,1987,73.86538
kgz,1988,73.03021
kgz,1989,71.11429
kgz,1990,71.66995
kgz,1991,71.2292
kgz,1992,73.83029
kgz,1993,78.32688
kgz,1994,87.98992
kgz,1995,91.9385
kgz,1996,91.22551
kgz,1997,84.52845
kgz,1998,78.75345
kgz,1999,74.77629
kgz,2000,71.99438
kgz,2001,72.196
kgz,2002,73.58702
kgz,2003,74.68118
kgz,2004,74.27324
kgz,2005,74.45868
kgz,2006,76.25106
kgz,2007,75.10522
kgz,2008,73.33037
kgz,2009,70.74719
kgz,2010,70.89542
kgz,2011,69.82206
kgz,2012,67.20567
kgz,2013,63.70302
kgz,2014,61.88775
kgz,2015,57.71723
kgz,2016,53.15532
kgz,2017,48.66456
kgz,2018,49.32973
kgz,2019,46.97892
kgz,2020,55.14404
kgz,2021,70.21587
kgz,2022,43.71568
kgz,2023,41.89503
khm,1985,873.65527
khm,1986,824.07371
khm,1987,771.74589
khm,1988,742.12831
khm,1989,702.17385
khm,1990,681.43969
khm,1991,680.59106
khm,1992,667.23668
khm,1993,680.18606
khm,1994,665.32677
khm,1995,641.54154
khm,1996,622.13958
khm,1997,580.45836
khm,1998,557.3258
khm,1999,517.25676
khm,2000,476.02016
khm,2001,437.20862
khm,2002,398.72618
khm,2003,365.53519
khm,2004,343.99544
khm,2005,322.68412
khm,2006,302.55155
khm,2007,290.02339
khm,2008,271.8232
khm,2009,251.20294
khm,2010,234.12255
khm,2011,214.25471
khm,2012,196.76385
khm,2013,181.86453
khm,2014,171.92254
khm,2015,165.77824
khm,2016,159.17505
khm,2017,154.68008
khm,2018,151.19482
khm,2019,148.84647
khm,2020,163.97648
khm,2021,188.81525
khm,2022,158.5692
khm,2023,137.38942
kir,1985,245.91295
kir,1986,232.35034
kir,1987,231.26017
kir,1988,220.27695
kir,1989,212.24305
kir,1990,198.80272
kir,1991,188.20879
kir,1992,174.69896
kir,1993,162.27245
kir,1994,149.71313
kir,1995,147.69188
kir,1996,141.28018
kir,1997,132.43246
kir,1998,126.41292
kir,1999,121.39151
kir,2000,118.50423
kir,2001,113.31661
kir,2002,109.42319
kir,2003,105.48475
kir,2004,105.56595
kir,2005,103.55336
kir,2006,102.33067
kir,2007,100.69176
kir,2008,100.36603
kir,2009,99.08535
kir,2010,101.85851
kir,2011,98.48149
kir,2012,97.64742
kir,2013,92.90915
kir,2014,91.39924
kir,2015,90.38566
kir,2016,88.0977
kir,2017,89.64068
kir,2018,86.87804
kir,2019,89.14799
kir,2020,88.97304
kir,2021,121.73464
kir,2022,86.02299
kir,2023,79.76224
kna,1985,290.35478
kna,1986,285.05126
kna,1987,302.32867
kna,1988,307.94296
kna,1989,315.88099
kna,1990,302.34457
kna,1991,280.26141
kna,1992,255.30848
kna,1993,224.5313
kna,1994,205.21121
kna,1995,203.56752
kna,1996,193.96095
kna,1997,194.23287
kna,1998,192.52301
kna,1999,164.38907
kna,2000,143.32396
kna,2001,131.06358
kna,2002,114.50306
kna,2003,110.58398
kna,2004,104.30002
kna,2005,102.26938
kna,2006,98.99029
kna,2007,96.27308
kna,2008,94.84777
kna,2009,93.33373
kna,2010,91.77566
kna,2011,89.8804
kna,2012,88.07637
kna,2013,82.27753
kna,2014,81.94962
kna,2015,76.39769
kna,2016,74.56875
kna,2017,74.00377
kna,2018,77.81833
kna,2019,74.415
kna,2020,79.63985
kna,2021,110.78927
kna,2022,99.28244
kna,2023,73.51601
kor,1985,38.3984
kor,1986,35.28531
kor,1987,34.24576
kor,1988,30.75898
kor,1989,29.15051
kor,1990,28.40145
kor,1991,27.60537
kor,1992,25.56963
kor,1993,23.6126
kor,1994,23.04057
kor,1995,21.93726
kor,1996,20.4276
kor,1997,19.13249
kor,1998,17.8292
kor,1999,16.57211
kor,2000,15.46414
kor,2001,14.02602
kor,2002,13.46689
kor,2003,13.1229
kor,2004,12.21846
kor,2005,11.35212
kor,2006,10.46945
kor,2007,10.08498
kor,2008,9.20818
kor,2009,8.6241
kor,2010,8.47626
kor,2011,8.02142
kor,2012,7.79173
kor,2013,7.14788
kor,2014,6.58955
kor,2015,6.43094
kor,2016,6.06768
kor,2017,5.60431
kor,2018,5.33278
kor,2019,4.92508
kor,2020,11.57275
kor,2021,5.20287
kor,2022,6.60194
kor,2023,3.78934
kwt,1985,10.92089
kwt,1986,10.63472
kwt,1987,10.33624
kwt,1988,10.18061
kwt,1989,10.20186
kwt,1990,16.04511
kwt,1991,8.01311
kwt,1992,9.67556
kwt,1993,10.12289
kwt,1994,10.26919
kwt,1995,10.46197
kwt,1996,10.75084
kwt,1997,11.07315
kwt,1998,11.15375
kwt,1999,11.20416
kwt,2000,11.24364
kwt,2001,11.17988
kwt,2002,10.99496
kwt,2003,10.8322
kwt,2004,10.67487
kwt,2005,10.2042
kwt,2006,9.82756
kwt,2007,9.50994
kwt,2008,9.29454
kwt,2009,9.07576
kwt,2010,8.78515
kwt,2011,8.46613
kwt,2012,8.38173
kwt,2013,8.09818
kwt,2014,8.06933
kwt,2015,7.86438
kwt,2016,7.77607
kwt,2017,7.75141
kwt,2018,7.50922
kwt,2019,7.47887
kwt,2020,32.91985
kwt,2021,74.75771
kwt,2022,7.7266
kwt,2023,7.75309
lao,1985,993.53476
lao,1986,962.95472
lao,1987,930.44163
lao,1988,897.9722
lao,1989,855.84112
lao,1990,833.53373
lao,1991,798.09311
lao,1992,780.8639
lao,1993,751.43103
lao,1994,741.39949
lao,1995,708.91132
lao,1996,682.3482
lao,1997,660.24989
lao,1998,646.63757
lao,1999,637.80049
lao,2000,609.09454
lao,2001,573.60326
lao,2002,550.38912
lao,2003,524.25395
lao,2004,492.45185
lao,2005,458.3534
lao,2006,431.75539
lao,2007,401.92692
lao,2008,374.42753
lao,2009,336.39575
lao,2010,304.5791
lao,2011,267.3203
lao,2012,240.81827
lao,2013,215.40049
lao,2014,192.8141
lao,2015,179.64726
lao,2016,164.83544
lao,2017,153.65417
lao,2018,144.79139
lao,2019,136.54272
lao,2020,132.00978
lao,2021,138.85212
lao,2022,119.93192
lao,2023,112.15137
lbn,1985,59.28472
lbn,1986,57.9065
lbn,1987,64.92684
lbn,1988,64.90635
lbn,1989,49.18754
lbn,1990,47.92248
lbn,1991,38.43719
lbn,1992,35.69635
lbn,1993,32.74634
lbn,1994,30.36554
lbn,1995,28.5838
lbn,1996,27.68421
lbn,1997,26.65576
lbn,1998,25.78913
lbn,1999,24.82429
lbn,2000,23.62113
lbn,2001,22.05506
lbn,2002,20.59618
lbn,2003,19.28136
lbn,2004,18.21029
lbn,2005,17.28005
lbn,2006,17.21413
lbn,2007,15.87527
lbn,2008,15.47579
lbn,2009,15.02833
lbn,2010,14.78868
lbn,2011,14.53501
lbn,2012,14.26297
lbn,2013,13.46714
lbn,2014,14.14728
lbn,2015,14.86968
lbn,2016,14.80749
lbn,2017,14.88748
lbn,2018,14.70727
lbn,2019,14.6366
lbn,2020,26.99419
lbn,2021,53.6006
lbn,2022,15.1107
lbn,2023,14.97623
lbr,1985,1749.32562
lbr,1986,1677.83478
lbr,1987,1654.88338
lbr,1988,1646.95592
lbr,1989,1633.00688
lbr,1990,2145.55184
lbr,1991,1627.18291
lbr,1992,1642.80511
lbr,1993,1709.15456
lbr,1994,1811.06507
lbr,1995,1529.80692
lbr,1996,1438.35805
lbr,1997,1042.97281
lbr,1998,962.17235
lbr,1999,851.54639
lbr,2000,785.75598
lbr,2001,720.04059
lbr,2002,699.95318
lbr,2003,758.6182
lbr,2004,644.84817
lbr,2005,618.56192
lbr,2006,646.68875
lbr,2007,659.09747
lbr,2008,662.93328
lbr,2009,673.87361
lbr,2010,712.19679
lbr,2011,725.92468
lbr,2012,728.19286
lbr,2013,725.01959
lbr,2014,801.16625
lbr,2015,784.2436
lbr,2016,690.05645
lbr,2017,703.16306
lbr,2018,707.00655
lbr,2019,689.41169
lbr,2020,664.11351
lbr,2021,667.43005
lbr,2022,633.70364
lbr,2023,627.71764
lby,1985,85.8445
lby,1986,81.83391
lby,1987,76.58323
lby,1988,73.8665
lby,1989,70.26951
lby,1990,66.55614
lby,1991,63.71738
lby,1992,61.16876
lby,1993,59.67577
lby,1994,58.98703
lby,1995,59.44237
lby,1996,61.29419
lby,1997,63.59135
lby,1998,66.64487
lby,1999,69.24781
lby,2000,70.98793
lby,2001,70.67026
lby,2002,69.47104
lby,2003,68.0975
lby,2004,66.78986
lby,2005,66.18384
lby,2006,66.33204
lby,2007,67.06258
lby,2008,67.86565
lby,2009,69.84868
lby,2010,70.57275
lby,2011,80.62484
lby,2012,74.03075
lby,2013,74.57214
lby,2014,77.25574
lby,2015,76.11852
lby,2016,74.03941
lby,2017,69.19734
lby,2018,66.42091
lby,2019,64.67242
lby,2020,70.83682
lby,2021,98.30336
lby,2022,60.23006
lby,2023,59.49735
lca,1985,55.82573
lca,1986,57.09184
lca,1987,69.40805
lca,1988,71.30329
lca,1989,66.41607
lca,1990,72.36839
lca,1991,70.5411
lca,1992,58.32003
lca,1993,58.05905
lca,1994,59.81642
lca,1995,59.77781
lca,1996,72.15306
lca,1997,88.9707
lca,1998,89.06198
lca,1999,88.46875
lca,2000,82.83546
lca,2001,70.47084
lca,2002,62.05676
lca,2003,56.40501
lca,2004,54.49808
lca,2005,54.69425
lca,2006,53.33863
lca,2007,54.93045
lca,2008,55.1507
lca,2009,51.05268
lca,2010,56.14203
lca,2011,56.24125
lca,2012,55.39059
lca,2013,53.24975
lca,2014,49.17294
lca,2015,45.80502
lca,2016,45.80728
lca,2017,42.93519
lca,2018,41.33142
lca,2019,42.70594
lca,2020,43.03641
lca,2021,94.04726
lca,2022,47.51653
lca,2023,43.96011
lka,1985,68.43161
lka,1986,65.84096
lka,1987,64.22993
lka,1988,62.25446
lka,1989,60.7223
lka,1990,58.73631
lka,1991,56.86683
lka,1992,53.84698
lka,1993,51.38756
lka,1994,49.32653
lka,1995,48.36115
lka,1996,47.10513
lka,1997,45.06359
lka,1998,42.97908
lka,1999,41.10922
lka,2000,38.76421
lka,2001,37.26206
lka,2002,35.62223
lka,2003,35.34987
lka,2004,37.07709
lka,2005,32.43928
lka,2006,32.19133
lka,2007,31.07245
lka,2008,30.42194
lka,2009,28.1572
lka,2010,25.98412
lka,2011,25.37868
lka,2012,24.31019
lka,2013,23.41764
lka,2014,22.77388
lka,2015,21.95339
lka,2016,21.60078
lka,2017,21.49483
lka,2018,20.62428
lka,2019,20.30799
lka,2020,22.85543
lka,2021,33.99113
lka,2022,22.12155
lka,2023,18.31821
lso,1985,711.39917
lso,1986,680.36686
lso,1987,686.33307
lso,1988,680.49345
lso,1989,679.96485
lso,1990,665.13625
lso,1991,640.50107
lso,1992,600.53055
lso,1993,541.72817
lso,1994,423.2478
lso,1995,356.7298
lso,1996,318.6965
lso,1997,312.24533
lso,1998,332.34587
lso,1999,371.1646
lso,2000,412.61613
lso,2001,464.78464
lso,2002,484.126
lso,2003,508.23899
lso,2004,498.59897
lso,2005,549.48796
lso,2006,696.18981
lso,2007,891.42443
lso,2008,1205.46097
lso,2009,1387.08323
lso,2010,1311.05655
lso,2011,1209.5295
lso,2012,1000.05579
lso,2013,854.92357
lso,2014,707.14514
lso,2015,593.85768
lso,2016,517.54234
lso,2017,468.27326
lso,2018,491.13429
lso,2019,467.00803
lso,2020,528.72921
lso,2021,576.88773
lso,2022,476.92581
lso,2023,478.02037
ltu,1985,34.95649
ltu,1986,30.15194
ltu,1987,28.03257
ltu,1988,28.10784
ltu,1989,30.92804
ltu,1990,28.90399
ltu,1991,29.41331
ltu,1992,28.40879
ltu,1993,28.70983
ltu,1994,30.55485
ltu,1995,28.26851
ltu,1996,25.25071
ltu,1997,20.57925
ltu,1998,19.48511
ltu,1999,17.78034
ltu,2000,15.9291
ltu,2001,15.79649
ltu,2002,13.70421
ltu,2003,14.0346
ltu,2004,12.34503
ltu,2005,13.21568
ltu,2006,13.80128
ltu,2007,13.69697
ltu,2008,12.62571
ltu,2009,10.74772
ltu,2010,10.2988
ltu,2011,10.4568
ltu,2012,10.03891
ltu,2013,10.0415
ltu,2014,9.11587
ltu,2015,9.87794
ltu,2016,9.2688
ltu,2017,9.71197
ltu,2018,9.00776
ltu,2019,8.90376
ltu,2020,8.10758
ltu,2021,9.30984
ltu,2022,9.41284
ltu,2023,7.67441
lux,1985,24.03211
lux,1986,24.31544
lux,1987,22.50397
lux,1988,24.10592
lux,1989,21.01685
lux,1990,23.93566
lux,1991,25.12562
lux,1992,25.65203
lux,1993,20.45588
lux,1994,19.63624
lux,1995,22.39096
lux,1996,23.14681
lux,1997,22.2276
lux,1998,17.78281
lux,1999,21.36307
lux,2000,17.57827
lux,2001,18.72515
lux,2002,17.11708
lux,2003,14.52577
lux,2004,16.67694
lux,2005,16.6576
lux,2006,16.23438
lux,2007,13.56569
lux,2008,13.12175
lux,2009,15.44752
lux,2010,16.8151
lux,2011,13.46078
lux,2012,13.23659
lux,2013,15.56389
lux,2014,13.10833
lux,2015,13.0221
lux,2016,13.37579
lux,2017,15.35656
lux,2018,9.51567
lux,2019,12.63998
lux,2020,6.02227
lux,2021,6.04371
lux,2022,6.11139
lux,2023,11.68882
lva,1985,51.32352
lva,1986,43.03182
lva,1987,44.17594
lva,1988,42.48093
lva,1989,46.40632
lva,1990,47.20669
lva,1991,46.04177
lva,1992,48.32395
lva,1993,57.07436
lva,1994,64.63858
lva,1995,58.83917
lva,1996,45.22972
lva,1997,40.83987
lva,1998,39.99245
lva,1999,39.5005
lva,2000,33.63837
lva,2001,32.42158
lva,2002,29.30642
lva,2003,30.26261
lva,2004,28.0269
lva,2005,26.68549
lva,2006,27.60439
lva,2007,27.4069
lva,2008,24.64872
lva,2009,23.99172
lva,2010,22.22861
lva,2011,22.36854
lva,2012,20.47409
lva,2013,24.16464
lva,2014,22.24147
lva,2015,22.05601
lva,2016,23.26641
lva,2017,23.10912
lva,2018,23.13567
lva,2019,22.09015
lva,2020,21.09566
lva,2021,41.67532
lva,2022,29.28922
lva,2023,18.71678
mar,1985,752.12577
mar,1986,697.04425
mar,1987,649.78505
mar,1988,602.489
mar,1989,559.24545
mar,1990,522.12366
mar,1991,490.03727
mar,1992,458.1716
mar,1993,428.46629
mar,1994,401.06295
mar,1995,378.41753
mar,1996,354.39048
mar,1997,333.44267
mar,1998,313.06601
mar,1999,291.09071
mar,2000,271.39725
mar,2001,254.09101
mar,2002,238.06779
mar,2003,224.18013
mar,2004,213.25595
mar,2005,196.4898
mar,2006,182.38229
mar,2007,169.27818
mar,2008,158.17421
mar,2009,148.33351
mar,2010,140.10772
mar,2011,130.19186
mar,2012,121.03357
mar,2013,112.61122
mar,2014,105.71759
mar,2015,99.65204
mar,2016,94.25251
mar,2017,88.09191
mar,2018,83.13175
mar,2019,79.21254
mar,2020,81.33571
mar,2021,92.06035
mar,2022,71.22582
mar,2023,69.76916
mco,1985,29.00042
mco,1986,17.18575
mco,1987,16.8883
mco,1988,16.4691
mco,1989,16.01976
mco,1990,15.64673
mco,1991,15.3372
mco,1992,15.18258
mco,1993,10.08481
mco,1994,10.06196
mco,1995,10.06282
mco,1996,10.0406
mco,1997,10.00549
mco,1998,10.049
mco,1999,10.10706
mco,2000,10.18872
mco,2001,10.36441
mco,2002,10.25784
mco,2003,5.1189
mco,2004,5.16573
mco,2005,5.15542
mco,2006,5.15439
mco,2007,10.40706
mco,2008,10.56595
mco,2009,10.52301
mco,2010,10.63792
mco,2011,10.55121
mco,2012,5.29035
mco,2013,5.30999
mco,2014,5.41487
mco,2015,5.43692
mco,2016,5.52532
mco,2017,5.45052
mco,2018,5.52895
mco,2019,5.56207
mco,2020,23.63592
mco,2021,5.47441
mco,2022,5.3102
mco,2023,5.2201
mda,1985,62.46303
mda,1986,59.53345
mda,1987,55.85044
mda,1988,53.15673
mda,1989,52.07853
mda,1990,52.89579
mda,1991,52.98626
mda,1992,54.82952
mda,1993,55.09265
mda,1994,55.62949
mda,1995,54.26125
mda,1996,53.39966
mda,1997,51.79919
mda,1998,47.54165
mda,1999,42.67829
mda,2000,38.26972
mda,2001,34.51239
mda,2002,31.43742
mda,2003,29.19358
mda,2004,27.74979
mda,2005,26.3741
mda,2006,25.20781
mda,2007,24.35107
mda,2008,23.23807
mda,2009,21.91423
mda,2010,20.15396
mda,2011,19.04115
mda,2012,18.60263
mda,2013,18.75318
mda,2014,19.55936
mda,2015,20.39393
mda,2016,20.60342
mda,2017,20.18174
mda,2018,20.20726
mda,2019,20.58362
mda,2020,28.51011
mda,2021,24.24679
mda,2022,19.07588
mda,2023,18.67839
mdg,1985,750.6675
mdg,1986,730.31476
mdg,1987,702.35695
mdg,1988,686.69771
mdg,1989,684.19429
mdg,1990,691.54579
mdg,1991,691.09134
mdg,1992,698.90232
mdg,1993,688.00884
mdg,1994,687.7564
mdg,1995,684.26835
mdg,1996,679.71913
mdg,1997,675.50173
mdg,1998,662.89974
mdg,1999,647.05613
mdg,2000,638.28055
mdg,2001,610.70783
mdg,2002,592.55065
mdg,2003,570.91891
mdg,2004,554.84952
mdg,2005,540.24303
mdg,2006,527.70891
mdg,2007,521.72916
mdg,2008,510.31847
mdg,2009,507.00195
mdg,2010,499.55955
mdg,2011,491.54641
mdg,2012,486.94145
mdg,2013,481.23788
mdg,2014,477.18342
mdg,2015,473.88667
mdg,2016,469.88049
mdg,2017,468.66322
mdg,2018,465.69453
mdg,2019,462.12295
mdg,2020,447.39241
mdg,2021,466.74048
mdg,2022,438.69034
mdg,2023,445.42902
mdv,1985,552.34985
mdv,1986,507.52662
mdv,1987,470.93206
mdv,1988,423.78085
mdv,1989,381.39333
mdv,1990,346.15834
mdv,1991,310.01018
mdv,1992,280.99059
mdv,1993,250.79455
mdv,1994,222.32123
mdv,1995,191.29666
mdv,1996,167.49925
mdv,1997,149.08304
mdv,1998,136.4093
mdv,1999,110.97856
mdv,2000,93.63796
mdv,2001,80.906
mdv,2002,76.35977
mdv,2003,70.28459
mdv,2004,64.84808
mdv,2005,54.3059
mdv,2006,52.41614
mdv,2007,50.56586
mdv,2008,53.00442
mdv,2009,52.2611
mdv,2010,49.15596
mdv,2011,48.2405
mdv,2012,47.28601
mdv,2013,47.43601
mdv,2014,42.67413
mdv,2015,40.88225
mdv,2016,40.97458
mdv,2017,41.1487
mdv,2018,39.52019
mdv,2019,39.42198
mdv,2020,47.58409
mdv,2021,60.0576
mdv,2022,34.32716
mdv,2023,31.82444
mex,1985,106.97556
mex,1986,99.53261
mex,1987,92.66971
mex,1988,88.12454
mex,1989,84.83008
mex,1990,80.64151
mex,1991,76.72336
mex,1992,73.11703
mex,1993,70.72743
mex,1994,68.83062
mex,1995,66.29823
mex,1996,64.20372
mex,1997,62.33537
mex,1998,60.38859
mex,1999,58.1676
mex,2000,56.39246
mex,2001,55.3538
mex,2002,54.96576
mex,2003,54.03961
mex,2004,53.06311
mex,2005,51.64543
mex,2006,50.60049
mex,2007,49.59504
mex,2008,50.63943
mex,2009,50.60608
mex,2010,49.73802
mex,2011,47.28058
mex,2012,45.78834
mex,2013,44.95863
mex,2014,43.70399
mex,2015,43.15536
mex,2016,43.15522
mex,2017,43.93981
mex,2018,44.00298
mex,2019,43.33916
mex,2020,61.48252
mex,2021,103.87792
mex,2022,45.44723
mex,2023,42.10605
mhl,1985,254.23518
mhl,1986,273.84229
mhl,1987,282.46588
mhl,1988,275.56578
mhl,1989,298.73885
mhl,1990,310.99692
mhl,1991,296.65952
mhl,1992,322.2328
mhl,1993,319.76373
mhl,1994,302.90793
mhl,1995,303.13472
mhl,1996,291.62472
mhl,1997,273.51347
mhl,1998,259.0931
mhl,1999,249.9101
mhl,2000,250.65323
mhl,2001,230.55078
mhl,2002,222.92503
mhl,2003,221.31065
mhl,2004,237.78775
mhl,2005,233.92082
mhl,2006,232.76034
mhl,2007,228.96931
mhl,2008,226.06292
mhl,2009,223.60775
mhl,2010,211.87335
mhl,2011,209.31176
mhl,2012,206.96516
mhl,2013,200.72106
mhl,2014,199.45929
mhl,2015,183.79701
mhl,2016,183.49446
mhl,2017,179.12499
mhl,2018,167.21693
mhl,2019,167.93625
mhl,2020,177.63264
mhl,2021,205.55028
mhl,2022,173.51651
mhl,2023,154.78926
mkd,1985,16.67953
mkd,1986,15.69105
mkd,1987,15.47596
mkd,1988,15.77253
mkd,1989,14.4945
mkd,1990,15.76352
mkd,1991,14.65424
mkd,1992,14.03631
mkd,1993,13.69186
mkd,1994,13.46777
mkd,1995,13.41441
mkd,1996,14.25912
mkd,1997,13.36878
mkd,1998,13.4839
mkd,1999,11.8153
mkd,2000,11.13099
mkd,2001,9.29156
mkd,2002,9.87101
mkd,2003,8.102
mkd,2004,8.21324
mkd,2005,7.31362
mkd,2006,7.12959
mkd,2007,6.84227
mkd,2008,5.67264
mkd,2009,5.6288
mkd,2010,5.3045
mkd,2011,4.72385
mkd,2012,5.04212
mkd,2013,4.53809
mkd,2014,4.21734
mkd,2015,3.8349
mkd,2016,3.87515
mkd,2017,3.52566
mkd,2018,3.37044
mkd,2019,3.18101
mkd,2020,7.10935
mkd,2021,11.79374
mkd,2022,2.51519
mkd,2023,2.75812
mli,1985,1217.13624
mli,1986,1183.87704
mli,1987,1141.98619
mli,1988,1127.76579
mli,1989,1105.76802
mli,1990,1087.40813
mli,1991,1063.17123
mli,1992,1024.18838
mli,1993,987.50747
mli,1994,935.02959
mli,1995,895.4662
mli,1996,874.87662
mli,1997,820.46602
mli,1998,781.18957
mli,1999,749.20276
mli,2000,741.24672
mli,2001,693.59064
mli,2002,649.22018
mli,2003,615.6746
mli,2004,591.70915
mli,2005,577.30393
mli,2006,567.65519
mli,2007,574.45973
mli,2008,572.54975
mli,2009,565.26515
mli,2010,557.82872
mli,2011,553.26129
mli,2012,549.03584
mli,2013,525.21863
mli,2014,506.80316
mli,2015,489.71701
mli,2016,471.70541
mli,2017,453.03269
mli,2018,434.27516
mli,2019,415.95787
mli,2020,404.70225
mli,2021,414.56715
mli,2022,381.04618
mli,2023,367.33147
mlt,1985,21.00129
mlt,1986,19.31695
mlt,1987,18.9787
mlt,1988,17.09929
mlt,1989,17.18843
mlt,1990,17.36959
mlt,1991,16.68323
mlt,1992,16.75592
mlt,1993,16.48563
mlt,1994,15.92377
mlt,1995,15.1139
mlt,1996,15.99172
mlt,1997,15.2614
mlt,1998,13.91751
mlt,1999,15.46754
mlt,2000,12.64875
mlt,2001,12.17126
mlt,2002,13.165
mlt,2003,13.22216
mlt,2004,11.03887
mlt,2005,11.04235
mlt,2006,12.19134
mlt,2007,10.28845
mlt,2008,9.88038
mlt,2009,10.62272
mlt,2010,8.57566
mlt,2011,10.51744
mlt,2012,9.3461
mlt,2013,7.44593
mlt,2014,8.16613
mlt,2015,7.04657
mlt,2016,9.58558
mlt,2017,7.36046
mlt,2018,8.93773
mlt,2019,8.47909
mlt,2020,9.97489
mlt,2021,9.88831
mlt,2022,9.81516
mlt,2023,8.39304
mmr,1985,674.22537
mmr,1986,652.11478
mmr,1987,631.11612
mmr,1988,615.70011
mmr,1989,602.56198
mmr,1990,585.61703
mmr,1991,566.47213
mmr,1992,542.19278
mmr,1993,521.60986
mmr,1994,497.54141
mmr,1995,472.34118
mmr,1996,442.18846
mmr,1997,416.32112
mmr,1998,398.34105
mmr,1999,387.7999
mmr,2000,374.92753
mmr,2001,361.47913
mmr,2002,346.51841
mmr,2003,335.00944
mmr,2004,323.6279
mmr,2005,311.54758
mmr,2006,300.80845
mmr,2007,290.46688
mmr,2008,285.78405
mmr,2009,268.45858
mmr,2010,259.09936
mmr,2011,248.54788
mmr,2012,242.8506
mmr,2013,236.86837
mmr,2014,227.54649
mmr,2015,221.54979
mmr,2016,215.23624
mmr,2017,209.06782
mmr,2018,200.94518
mmr,2019,194.91334
mmr,2020,198.19867
mmr,2021,231.31671
mmr,2022,192.89106
mmr,2023,184.63514
mne,1985,11.21837
mne,1986,10.64998
mne,1987,10.40857
mne,1988,10.49676
mne,1989,10.2749
mne,1990,10.39945
mne,1991,10.61566
mne,1992,10.89401
mne,1993,10.86944
mne,1994,11.24419
mne,1995,11.46837
mne,1996,11.80828
mne,1997,11.91502
mne,1998,11.66053
mne,1999,11.67575
mne,2000,11.32872
mne,2001,10.85544
mne,2002,10.15995
mne,2003,10.01238
mne,2004,9.26611
mne,2005,8.39416
mne,2006,8.03252
mne,2007,7.98634
mne,2008,7.66636
mne,2009,7.55159
mne,2010,7.39175
mne,2011,7.21669
mne,2012,6.97358
mne,2013,7.0749
mne,2014,6.77844
mne,2015,6.95236
mne,2016,6.02556
mne,2017,7.38949
mne,2018,6.7576
mne,2019,6.37307
mne,2020,14.73917
mne,2021,14.64486
mne,2022,13.05405
mne,2023,5.83283
mng,1985,351.87904
mng,1986,345.97527
mng,1987,341.37498
mng,1988,335.32831
mng,1989,310.55943
mng,1990,276.37121
mng,1991,227.24231
mng,1992,198.72562
mng,1993,181.22681
mng,1994,178.35095
mng,1995,176.44649
mng,1996,178.40669
mng,1997,179.91463
mng,1998,174.28871
mng,1999,161.84609
mng,2000,143.90362
mng,2001,129.80659
mng,2002,119.77228
mng,2003,113.92432
mng,2004,107.83407
mng,2005,99.15442
mng,2006,89.97532
mng,2007,81.29675
mng,2008,77.13513
mng,2009,74.62361
mng,2010,71.41092
mng,2011,67.2642
mng,2012,62.64257
mng,2013,58.85377
mng,2014,56.2346
mng,2015,51.87235
mng,2016,48.12729
mng,2017,45.43285
mng,2018,44.58727
mng,2019,44.81787
mng,2020,46.82396
mng,2021,63.32941
mng,2022,41.22209
mng,2023,40.51441
moz,1985,1411.71853
moz,1986,1322.93403
moz,1987,1317.88878
moz,1988,1233.77607
moz,1989,1189.44279
moz,1990,1134.48939
moz,1991,1077.08837
moz,1992,1030.60624
moz,1993,951.00659
moz,1994,885.07313
moz,1995,865.40182
moz,1996,802.54664
moz,1997,719.05906
moz,1998,673.34815
moz,1999,603.0723
moz,2000,525.41312
moz,2001,450.41967
moz,2002,375.1564
moz,2003,338.08408
moz,2004,300.19656
moz,2005,279.28834
moz,2006,274.14548
moz,2007,296.76989
moz,2008,328.39434
moz,2009,312.72031
moz,2010,271.06721
moz,2011,236.57222
moz,2012,191.04986
moz,2013,169.90538
moz,2014,179.70658
moz,2015,182.45146
moz,2016,169.82497
moz,2017,155.79584
moz,2018,132.49019
moz,2019,111.39326
moz,2020,110.246
moz,2021,160.58316
moz,2022,92.75864
moz,2023,82.21794
mrt,1985,997.53132
mrt,1986,961.4368
mrt,1987,913.81707
mrt,1988,886.64709
mrt,1989,883.29
mrt,1990,858.26676
mrt,1991,844.82107
mrt,1992,810.81544
mrt,1993,813.09393
mrt,1994,809.3175
mrt,1995,814.99945
mrt,1996,812.68053
mrt,1997,751.80728
mrt,1998,697.55161
mrt,1999,668.55648
mrt,2000,644.11669
mrt,2001,616.41834
mrt,2002,589.67199
mrt,2003,571.37386
mrt,2004,557.21163
mrt,2005,535.65167
mrt,2006,520.88108
mrt,2007,516.42766
mrt,2008,505.94035
mrt,2009,499.68389
mrt,2010,499.23122
mrt,2011,493.55812
mrt,2012,496.19737
mrt,2013,495.89283
mrt,2014,483.62518
mrt,2015,469.155
mrt,2016,455.9667
mrt,2017,449.91156
mrt,2018,437.1696
mrt,2019,423.59055
mrt,2020,412.89213
mrt,2021,425.33891
mrt,2022,385.14282
mrt,2023,381.05409
mus,1985,110.88177
mus,1986,106.33524
mus,1987,102.50585
mus,1988,92.70381
mus,1989,84.73858
mus,1990,77.48682
mus,1991,74.79479
mus,1992,72.86187
mus,1993,70.14197
mus,1994,63.27513
mus,1995,55.45234
mus,1996,51.62455
mus,1997,49.28538
mus,1998,47.89158
mus,1999,46.01328
mus,2000,43.34112
mus,2001,42.05341
mus,2002,41.98473
mus,2003,41.95996
mus,2004,42.71363
mus,2005,43.28131
mus,2006,44.7308
mus,2007,45.80363
mus,2008,47.73689
mus,2009,51.17138
mus,2010,52.55189
mus,2011,54.97622
mus,2012,54.56368
mus,2013,58.1218
mus,2014,60.34938
mus,2015,61.48437
mus,2016,62.39713
mus,2017,65.98689
mus,2018,66.63662
mus,2019,67.15215
mus,2020,58.11272
mus,2021,79.99165
mus,2022,60.57355
mus,2023,65.90151
mwi,1985,1115.3871
mwi,1986,1118.44639
mwi,1987,1122.78675
mwi,1988,1154.09039
mwi,1989,1135.82125
mwi,1990,1112.21504
mwi,1991,1079.75303
mwi,1992,1042.02581
mwi,1993,1000.13446
mwi,1994,912.40246
mwi,1995,782.00472
mwi,1996,713.3132
mwi,1997,672.28061
mwi,1998,657.64125
mwi,1999,575.53566
mwi,2000,506.35007
mwi,2001,446.77508
mwi,2002,404.01896
mwi,2003,345.69375
mwi,2004,303.67734
mwi,2005,283.45582
mwi,2006,285.81359
mwi,2007,333.04098
mwi,2008,429.5691
mwi,2009,511.69115
mwi,2010,516.99784
mwi,2011,486.05836
mwi,2012,446.7939
mwi,2013,410.1349
mwi,2014,367.29642
mwi,2015,353.83203
mwi,2016,311.83268
mwi,2017,283.85597
mwi,2018,267.41064
mwi,2019,259.55106
mwi,2020,256.44928
mwi,2021,285.70156
mwi,2022,238.95775
mwi,2023,224.95015
mys,1985,62.68445
mys,1986,59.12488
mys,1987,56.10282
mys,1988,54.50755
mys,1989,52.43775
mys,1990,51.00004
mys,1991,49.28326
mys,1992,47.64201
mys,1993,45.99341
mys,1994,43.99221
mys,1995,42.8951
mys,1996,41.99097
mys,1997,40.36135
mys,1998,39.07139
mys,1999,38.4972
mys,2000,37.26516
mys,2001,35.85579
mys,2002,34.42907
mys,2003,33.55886
mys,2004,32.59775
mys,2005,31.35878
mys,2006,30.41199
mys,2007,29.79434
mys,2008,29.46221
mys,2009,29.24519
mys,2010,28.93778
mys,2011,28.84643
mys,2012,28.74949
mys,2013,29.01168
mys,2014,29.62196
mys,2015,29.82129
mys,2016,29.59486
mys,2017,29.31702
mys,2018,28.93194
mys,2019,28.47785
mys,2020,28.6768
mys,2021,52.14544
mys,2022,37.59127
mys,2023,26.37991
nam,1985,354.07595
nam,1986,347.61307
nam,1987,335.85529
nam,1988,342.02382
nam,1989,305.97776
nam,1990,325.43116
nam,1991,336.51826
nam,1992,345.82639
nam,1993,353.84723
nam,1994,366.80137
nam,1995,369.10475
nam,1996,386.71171
nam,1997,383.32667
nam,1998,396.06719
nam,1999,371.22093
nam,2000,383.54516
nam,2001,376.0567
nam,2002,313.28693
nam,2003,289.92632
nam,2004,282.39044
nam,2005,343.78686
nam,2006,407.52831
nam,2007,488.73001
nam,2008,537.14721
nam,2009,547.36486
nam,2010,531.1404
nam,2011,497.65235
nam,2012,439.41855
nam,2013,401.55784
nam,2014,368.96009
nam,2015,306.57053
nam,2016,249.62142
nam,2017,213.12163
nam,2018,197.94821
nam,2019,174.91909
nam,2020,143.44503
nam,2021,254.24675
nam,2022,126.86318
nam,2023,138.85587
ner,1985,1136.98839
ner,1986,1107.34494
ner,1987,1073.86366
ner,1988,1039.69925
ner,1989,1010.28731
ner,1990,983.26235
ner,1991,957.30309
ner,1992,925.60935
ner,1993,902.64201
ner,1994,883.25661
ner,1995,865.12228
ner,1996,853.70411
ner,1997,841.14577
ner,1998,839.08497
ner,1999,840.68056
ner,2000,844.76063
ner,2001,843.33422
ner,2002,834.59803
ner,2003,812.82969
ner,2004,789.92316
ner,2005,763.75994
ner,2006,737.05059
ner,2007,704.33618
ner,2008,668.6191
ner,2009,647.469
ner,2010,621.31007
ner,2011,584.9257
ner,2012,553.93892
ner,2013,525.55446
ner,2014,497.21393
ner,2015,472.98073
ner,2016,450.2699
ner,2017,432.89083
ner,2018,419.72311
ner,2019,405.653
ner,2020,387.96913
ner,2021,396.30545
ner,2022,360.92173
ner,2023,350.26833
nga,1985,1343.56186
nga,1986,1363.48255
nga,1987,1350.86223
nga,1988,1331.94046
nga,1989,1304.40882
nga,1990,1285.42978
nga,1991,1281.88271
nga,1992,1245.73084
nga,1993,1200.01369
nga,1994,1192.95157
nga,1995,1185.8254
nga,1996,1185.33005
nga,1997,1183.80586
nga,1998,1189.02974
nga,1999,1165.28809
nga,2000,1135.67347
nga,2001,1129.84694
nga,2002,1116.64995
nga,2003,1090.39153
nga,2004,1075.1246
nga,2005,1059.81029
nga,2006,1067.33623
nga,2007,1063.3547
nga,2008,1081.42975
nga,2009,1088.09794
nga,2010,1093.74333
nga,2011,1107.9701
nga,2012,1124.1445
nga,2013,1146.02205
nga,2014,1155.41584
nga,2015,1167.7367
nga,2016,1155.23963
nga,2017,1141.80665
nga,2018,1118.3787
nga,2019,1090.95547
nga,2020,1064.69343
nga,2021,1046.14146
nga,2022,1016.33674
nga,2023,992.82921
nic,1985,318.73445
nic,1986,312.74839
nic,1987,316.41371
nic,1988,301.23153
nic,1989,285.90029
nic,1990,281.46552
nic,1991,273.02637
nic,1992,271.92363
nic,1993,264.80285
nic,1994,256.00341
nic,1995,250.84809
nic,1996,243.90344
nic,1997,236.46272
nic,1998,239.45813
nic,1999,227.97949
nic,2000,213.31067
nic,2001,194.1273
nic,2002,170.15452
nic,2003,153.99707
nic,2004,140.03818
nic,2005,124.30539
nic,2006,112.98628
nic,2007,106.08226
nic,2008,101.34116
nic,2009,99.45709
nic,2010,96.46102
nic,2011,92.50731
nic,2012,88.09861
nic,2013,85.76308
nic,2014,82.61405
nic,2015,80.67301
nic,2016,76.77425
nic,2017,72.42528
nic,2018,66.82026
nic,2019,69.49821
nic,2020,86.79423
nic,2021,123.59525
nic,2022,61.13118
nic,2023,60.3484
nld,1985,11.73055
nld,1986,12.45753
nld,1987,12.25018
nld,1988,11.98998
nld,1989,12.40406
nld,1990,11.84761
nld,1991,12.16427
nld,1992,12.0088
nld,1993,12.15482
nld,1994,12.14939
nld,1995,12.33192
nld,1996,12.4631
nld,1997,12.68221
nld,1998,12.35591
nld,1999,13.26588
nld,2000,13.31224
nld,2001,12.6089
nld,2002,12.68498
nld,2003,12.0093
nld,2004,10.98512
nld,2005,10.21355
nld,2006,9.01537
nld,2007,8.19657
nld,2008,7.77168
nld,2009,7.18944
nld,2010,6.44459
nld,2011,6.58665
nld,2012,6.06385
nld,2013,5.61585
nld,2014,5.47286
nld,2015,5.12861
nld,2016,5.26488
nld,2017,5.01078
nld,2018,4.78947
nld,2019,4.81401
nld,2020,3.8157
nld,2021,4.92789
nld,2022,4.40968
nld,2023,4.30275
nor,1985,9.09786
nor,1986,8.82238
nor,1987,8.75933
nor,1988,9.36143
nor,1989,8.84802
nor,1990,8.92652
nor,1991,8.2877
nor,1992,7.57999
nor,1993,6.9769
nor,1994,6.60982
nor,1995,6.18212
nor,1996,5.82532
nor,1997,5.44912
nor,1998,5.40376
nor,1999,5.41232
nor,2000,5.42032
nor,2001,5.44149
nor,2002,5.10663
nor,2003,5.41465
nor,2004,5.67852
nor,2005,5.62986
nor,2006,5.32143
nor,2007,5.03063
nor,2008,4.71817
nor,2009,4.48243
nor,2010,4.13837
nor,2011,3.76163
nor,2012,3.0857
nor,2013,2.8824
nor,2014,2.40148
nor,2015,2.23189
nor,2016,2.0574
nor,2017,1.84867
nor,2018,1.67121
nor,2019,1.58778
nor,2020,2.16048
nor,2021,1.65591
nor,2022,2.71617
nor,2023,1.30843
npl,1985,1186.25433
npl,1986,1142.95971
npl,1987,1088.0216
npl,1988,1037.85493
npl,1989,973.07768
npl,1990,919.8087
npl,1991,849.64741
npl,1992,767.59647
npl,1993,702.80021
npl,1994,656.7814
npl,1995,624.81773
npl,1996,583.51703
npl,1997,550.40276
npl,1998,521.77007
npl,1999,511.76429
npl,2000,479.58562
npl,2001,443.13796
npl,2002,413.9053
npl,2003,387.42893
npl,2004,364.48274
npl,2005,344.40837
npl,2006,318.04329
npl,2007,308.73358
npl,2008,301.69923
npl,2009,298.67549
npl,2010,297.2142
npl,2011,285.71095
npl,2012,272.24886
npl,2013,258.41938
npl,2014,244.6627
npl,2015,235.64067
npl,2016,213.50919
npl,2017,197.15934
npl,2018,182.91227
npl,2019,170.04721
npl,2020,152.51642
npl,2021,172.80504
npl,2022,138.71207
npl,2023,142.00527
nru,1985,190.8528
nru,1986,209.06639
nru,1987,205.8208
nru,1988,201.63939
nru,1989,197.98882
nru,1990,195.43722
nru,1991,215.62292
nru,1992,216.99051
nru,1993,219.14561
nru,1994,220.18618
nru,1995,219.25218
nru,1996,217.62753
nru,1997,217.61494
nru,1998,256.79847
nru,1999,276.8275
nru,2000,278.34149
nru,2001,298.6574
nru,2002,320.93362
nru,2003,322.9668
nru,2004,324.39502
nru,2005,327.64795
nru,2006,303.64714
nru,2007,302.66886
nru,2008,301.58349
nru,2009,300.06233
nru,2010,296.72381
nru,2011,259.96823
nru,2012,254.65527
nru,2013,247.21945
nru,2014,239.69849
nru,2015,252.94153
nru,2016,248.40034
nru,2017,259.42769
nru,2018,268.86389
nru,2019,266.55036
nru,2020,309.02277
nru,2021,265.6565
nru,2022,317.29441
nru,2023,273.37734
nzl,1985,19.34708
nzl,1986,17.74649
nzl,1987,19.00851
nzl,1988,18.56284
nzl,1989,17.70009
nzl,1990,17.53899
nzl,1991,16.44817
nzl,1992,14.70145
nzl,1993,14.0409
nzl,1994,12.98639
nzl,1995,14.03313
nzl,1996,13.58665
nzl,1997,12.75728
nzl,1998,11.84433
nzl,1999,11.78694
nzl,2000,10.68162
nzl,2001,10.36083
nzl,2002,10.60099
nzl,2003,10.85151
nzl,2004,10.64545
nzl,2005,10.59466
nzl,2006,10.1546
nzl,2007,10.39645
nzl,2008,9.82274
nzl,2009,10.05756
nzl,2010,9.92919
nzl,2011,10.0658
nzl,2012,9.26745
nzl,2013,8.29886
nzl,2014,7.45427
nzl,2015,8.0528
nzl,2016,7.66801
nzl,2017,7.55047
nzl,2018,7.4841
nzl,2019,7.53312
nzl,2020,7.59102
nzl,2021,7.58434
nzl,2022,22.61618
nzl,2023,7.02621
omn,1985,43.4927
omn,1986,39.68408
omn,1987,36.55216
omn,1988,34.08308
omn,1989,31.77861
omn,1990,29.47873
omn,1991,27.53297
omn,1992,26.05952
omn,1993,24.57078
omn,1994,23.28932
omn,1995,22.17472
omn,1996,21.28364
omn,1997,20.42547
omn,1998,19.66106
omn,1999,18.95507
omn,2000,18.54632
omn,2001,18.29711
omn,2002,18.24534
omn,2003,18.31585
omn,2004,18.02087
omn,2005,18.00736
omn,2006,17.85664
omn,2007,18.29477
omn,2008,17.58469
omn,2009,17.40761
omn,2010,16.98361
omn,2011,15.82256
omn,2012,15.53795
omn,2013,15.23059
omn,2014,14.81022
omn,2015,14.59147
omn,2016,14.48933
omn,2017,14.35211
omn,2018,14.11131
omn,2019,13.95601
omn,2020,32.11873
omn,2021,73.95815
omn,2022,13.21789
omn,2023,12.54503
pak,1985,431.63131
pak,1986,436.27635
pak,1987,441.57793
pak,1988,440.67808
pak,1989,438.62414
pak,1990,433.60378
pak,1991,442.54766
pak,1992,459.19031
pak,1993,472.70861
pak,1994,478.9757
pak,1995,485.36166
pak,1996,482.41699
pak,1997,476.43896
pak,1998,455.75332
pak,1999,438.36269
pak,2000,419.21234
pak,2001,400.05983
pak,2002,380.18611
pak,2003,358.39394
pak,2004,332.82302
pak,2005,314.54322
pak,2006,284.46472
pak,2007,265.49641
pak,2008,253.82248
pak,2009,246.04267
pak,2010,240.12775
pak,2011,233.61024
pak,2012,227.01051
pak,2013,219.51197
pak,2014,210.56526
pak,2015,202.31632
pak,2016,193.04174
pak,2017,183.86933
pak,2018,178.44201
pak,2019,173.43252
pak,2020,177.92497
pak,2021,192.89741
pak,2022,160.09289
pak,2023,155.03274
pan,1985,95.37337
pan,1986,93.93501
pan,1987,92.62235
pan,1988,93.06827
pan,1989,96.33017
pan,1990,88.62314
pan,1991,86.99185
pan,1992,84.91759
pan,1993,80.85382
pan,1994,78.35441
pan,1995,76.63737
pan,1996,73.26115
pan,1997,70.2702
pan,1998,67.67854
pan,1999,65.29674
pan,2000,64.08376
pan,2001,61.56771
pan,2002,59.406
pan,2003,58.3954
pan,2004,57.42359
pan,2005,56.78298
pan,2006,56.28085
pan,2007,55.40564
pan,2008,55.12235
pan,2009,55.30424
pan,2010,55.56431
pan,2011,54.77635
pan,2012,53.48818
pan,2013,51.84922
pan,2014,49.01167
pan,2015,48.08212
pan,2016,46.56604
pan,2017,46.60967
pan,2018,43.42175
pan,2019,40.72978
pan,2020,74.18438
pan,2021,59.22772
pan,2022,40.19728
pan,2023,37.00633
per,1985,198.29678
per,1986,192.62643
per,1987,191.62125
per,1988,189.71101
per,1989,190.00181
per,1990,191.46476
per,1991,201.15501
per,1992,195.32967
per,1993,192.13986
per,1994,187.50747
per,1995,179.16426
per,1996,165.69562
per,1997,151.8285
per,1998,138.7892
per,1999,124.1866
per,2000,115.33938
per,2001,109.38935
per,2002,105.71584
per,2003,104.18467
per,2004,106.66304
per,2005,103.02851
per,2006,98.84666
per,2007,94.22268
per,2008,90.72159
per,2009,89.31913
per,2010,85.92868
per,2011,83.21231
per,2012,78.76699
per,2013,75.02815
per,2014,72.96355
per,2015,71.46575
per,2016,68.76235
per,2017,66.663
per,2018,66.17149
per,2019,60.19835
per,2020,75.04343
per,2021,141.45583
per,2022,80.57387
per,2023,51.44545
phl,1985,204.49166
phl,1986,199.02422
phl,1987,191.20773
phl,1988,183.74478
phl,1989,176.83188
phl,1990,173.36973
phl,1991,171.57962
phl,1992,159.70149
phl,1993,154.83758
phl,1994,150.91138
phl,1995,147.19709
phl,1996,140.99823
phl,1997,137.53714
phl,1998,134.73865
phl,1999,130.22408
phl,2000,126.75743
phl,2001,131.61477
phl,2002,126.30297
phl,2003,126.9038
phl,2004,121.52117
phl,2005,117.74614
phl,2006,128.60643
phl,2007,123.31671
phl,2008,122.62678
phl,2009,122.1059
phl,2010,117.42578
phl,2011,115.27327
phl,2012,110.43096
phl,2013,109.7279
phl,2014,105.56776
phl,2015,103.51507
phl,2016,97.95528
phl,2017,85.87139
phl,2018,92.4242
phl,2019,91.94279
phl,2020,88.45692
phl,2021,152.67588
phl,2022,92.29797
phl,2023,83.75268
plw,1985,95.44458
plw,1986,91.63612
plw,1987,87.52075
plw,1988,96.35227
plw,1989,93.3151
plw,1990,100.29742
plw,1991,106.24555
plw,1992,113.27626
plw,1993,109.49546
plw,1994,115.86746
plw,1995,111.19529
plw,1996,122.6219
plw,1997,124.90657
plw,1998,118.76391
plw,1999,114.53385
plw,2000,118.59793
plw,2001,118.16932
plw,2002,117.38999
plw,2003,108.25676
plw,2004,106.43825
plw,2005,105.18813
plw,2006,104.66538
plw,2007,98.00537
plw,2008,98.94456
plw,2009,93.69657
plw,2010,95.62896
plw,2011,82.55458
plw,2012,83.73043
plw,2013,85.03874
plw,2014,77.90794
plw,2015,78.73529
plw,2016,79.86846
plw,2017,80.49167
plw,2018,81.51714
plw,2019,83.51271
plw,2020,117.00126
plw,2021,109.14735
plw,2022,120.65208
plw,2023,89.41672
png,1985,393.41685
png,1986,385.53366
png,1987,378.53868
png,1988,376.78929
png,1989,368.65494
png,1990,360.02051
png,1991,353.57554
png,1992,339.78895
png,1993,333.16344
png,1994,323.68773
png,1995,318.38725
png,1996,315.82454
png,1997,316.40542
png,1998,325.26525
png,1999,320.57938
png,2000,323.27055
png,2001,324.91238
png,2002,329.25027
png,2003,328.3712
png,2004,326.40318
png,2005,326.32199
png,2006,324.64547
png,2007,325.9503
png,2008,314.52416
png,2009,301.7345
png,2010,288.60905
png,2011,270.77942
png,2012,256.78419
png,2013,243.21436
png,2014,231.75084
png,2015,220.68039
png,2016,213.77618
png,2017,206.94275
png,2018,204.72237
png,2019,199.05791
png,2020,194.0589
png,2021,222.94659
png,2022,188.81349
png,2023,188.6495
pol,1985,19.34094
pol,1986,18.96101
pol,1987,18.39262
pol,1988,18.22077
pol,1989,18.00021
pol,1990,18.10857
pol,1991,17.61877
pol,1992,16.4816
pol,1993,14.99652
pol,1994,13.65964
pol,1995,12.29313
pol,1996,11.13153
pol,1997,9.88329
pol,1998,8.82909
pol,1999,7.87096
pol,2000,6.97095
pol,2001,6.0894
pol,2002,5.33329
pol,2003,4.83743
pol,2004,4.45693
pol,2005,4.11356
pol,2006,3.80216
pol,2007,3.49376
pol,2008,3.21297
pol,2009,2.86032
pol,2010,2.61197
pol,2011,2.34524
pol,2012,2.18717
pol,2013,2.04631
pol,2014,1.95684
pol,2015,1.88938
pol,2016,1.86297
pol,2017,1.87054
pol,2018,1.82704
pol,2019,1.79983
pol,2020,2.94978
pol,2021,2.45421
pol,2022,1.66523
pol,2023,1.56712
pri,1985,31.74551
pri,1986,29.32479
pri,1987,28.85375
pri,1988,29.88656
pri,1989,33.66548
pri,1990,31.6178
pri,1991,26.43209
pri,1992,26.63988
pri,1993,25.79485
pri,1994,25.16728
pri,1995,24.62833
pri,1996,24.29665
pri,1997,23.15516
pri,1998,22.44971
pri,1999,21.9462
pri,2000,21.8012
pri,2001,20.75558
pri,2002,19.43858
pri,2003,19.54747
pri,2004,19.93115
pri,2005,20.242
pri,2006,18.82478
pri,2007,18.45396
pri,2008,18.14167
pri,2009,17.56576
pri,2010,17.52801
pri,2011,17.24569
pri,2012,16.86694
pri,2013,15.83413
pri,2014,15.95047
pri,2015,15.15107
pri,2016,15.37008
pri,2017,16.54053
pri,2018,14.01131
pri,2019,13.06405
pri,2020,10.50316
pri,2021,49.80809
pri,2022,55.33396
pri,2023,11.02504
prk,1985,75.50409
prk,1986,68.48258
prk,1987,61.52552
prk,1988,54.68629
prk,1989,48.59353
prk,1990,43.29347
prk,1991,38.20106
prk,1992,36.88365
prk,1993,45.69087
prk,1994,56.74293
prk,1995,127.34279
prk,1996,128.10253
prk,1997,128.48193
prk,1998,129.04338
prk,1999,129.32763
prk,2000,128.85978
prk,2001,129.63024
prk,2002,131.37128
prk,2003,76.13102
prk,2004,77.44453
prk,2005,78.1111
prk,2006,79.78108
prk,2007,80.35575
prk,2008,79.43948
prk,2009,78.23986
prk,2010,77.13996
prk,2011,76.34465
prk,2012,75.6433
prk,2013,74.68346
prk,2014,72.96946
prk,2015,71.8541
prk,2016,71.31296
prk,2017,70.0796
prk,2018,68.99159
prk,2019,66.46183
prk,2020,66.26748
prk,2021,71.71772
prk,2022,66.71418
prk,2023,66.90204
prt,1985,20.40314
prt,1986,18.88259
prt,1987,19.48951
prt,1988,18.22903
prt,1989,18.02723
prt,1990,17.45709
prt,1991,16.68367
prt,1992,15.71354
prt,1993,15.13569
prt,1994,13.22442
prt,1995,12.34709
prt,1996,12.02102
prt,1997,11.88351
prt,1998,10.67358
prt,1999,9.91355
prt,2000,9.41592
prt,2001,9.19703
prt,2002,8.73887
prt,2003,8.46033
prt,2004,8.03696
prt,2005,8.30173
prt,2006,7.92361
prt,2007,8.47036
prt,2008,8.83055
prt,2009,9.42063
prt,2010,10.00561
prt,2011,9.53003
prt,2012,9.9919
prt,2013,10.25146
prt,2014,10.75707
prt,2015,11.01035
prt,2016,12.15513
prt,2017,13.47289
prt,2018,14.00162
prt,2019,14.65165
prt,2020,13.63253
prt,2021,18.76945
prt,2022,16.19468
prt,2023,14.94519
pry,1985,236.98105
pry,1986,230.34267
pry,1987,224.77346
pry,1988,219.90324
pry,1989,208.88876
pry,1990,198.11598
pry,1991,191.62033
pry,1992,194.88368
pry,1993,197.37846
pry,1994,200.78062
pry,1995,202.48007
pry,1996,202.95513
pry,1997,205.04665
pry,1998,206.59777
pry,1999,206.66324
pry,2000,206.76168
pry,2001,206.85486
pry,2002,205.51113
pry,2003,202.99771
pry,2004,198.88059
pry,2005,194.03042
pry,2006,186.48486
pry,2007,176.89627
pry,2008,165.82151
pry,2009,152.07337
pry,2010,135.98734
pry,2011,120.28351
pry,2012,99.71234
pry,2013,83.61236
pry,2014,70.40385
pry,2015,63.68524
pry,2016,59.62665
pry,2017,58.41089
pry,2018,57.68947
pry,2019,57.57454
pry,2020,68.64985
pry,2021,139.9224
pry,2022,77.71228
pry,2023,58.27149
pse,1985,101.66283
pse,1986,95.95395
pse,1987,87.43663
pse,1988,84.64134
pse,1989,81.53259
pse,1990,77.56386
pse,1991,75.13281
pse,1992,72.6332
pse,1993,69.17246
pse,1994,65.95335
pse,1995,64.03488
pse,1996,61.42573
pse,1997,59.7019
pse,1998,59.04354
pse,1999,57.94272
pse,2000,58.87915
pse,2001,60.22733
pse,2002,57.80683
pse,2003,56.33592
pse,2004,55.189
pse,2005,51.84733
pse,2006,50.84527
pse,2007,49.15471
pse,2008,49.37673
pse,2009,47.87366
pse,2010,42.03863
pse,2011,38.70891
pse,2012,35.57409
pse,2013,31.70226
pse,2014,29.4683
pse,2015,25.69982
pse,2016,22.93751
pse,2017,20.75398
pse,2018,19.33007
pse,2019,17.6943
pse,2020,19.52321
pse,2021,28.51121
pse,2022,16.61076
pse,2023,16.11319
qat,1985,17.15605
qat,1986,15.63249
qat,1987,15.23643
qat,1988,14.875
qat,1989,14.22928
qat,1990,13.47578
qat,1991,13.41123
qat,1992,13.4627
qat,1993,13.30769
qat,1994,12.87631
qat,1995,13.18543
qat,1996,12.87745
qat,1997,12.60538
qat,1998,12.32154
qat,1999,11.51221
qat,2000,11.46109
qat,2001,11.62269
qat,2002,11.19381
qat,2003,10.87371
qat,2004,10.72437
qat,2005,10.6835
qat,2006,9.82611
qat,2007,9.03196
qat,2008,8.73276
qat,2009,8.03382
qat,2010,7.61913
qat,2011,7.19921
qat,2012,6.76735
qat,2013,6.45964
qat,2014,6.12283
qat,2015,5.71379
qat,2016,5.39597
qat,2017,5.07405
qat,2018,4.80923
qat,2019,4.53942
qat,2020,6.30297
qat,2021,7.08985
qat,2022,8.01817
qat,2023,3.9216
rou,1985,183.88355
rou,1986,179.7809
rou,1987,172.82665
rou,1988,158.81145
rou,1989,142.70589
rou,1990,118.05978
rou,1991,104.06821
rou,1992,95.13411
rou,1993,87.01199
rou,1994,80.42358
rou,1995,75.34612
rou,1996,71.54906
rou,1997,65.90104
rou,1998,57.95669
rou,1999,51.10026
rou,2000,45.24842
rou,2001,40.81347
rou,2002,38.07128
rou,2003,35.42811
rou,2004,32.39281
rou,2005,29.89098
rou,2006,26.67134
rou,2007,24.81144
rou,2008,24.6795
rou,2009,24.51503
rou,2010,22.97817
rou,2011,19.97662
rou,2012,19.09191
rou,2013,17.51956
rou,2014,17.81074
rou,2015,17.64792
rou,2016,17.16658
rou,2017,16.64921
rou,2018,15.4014
rou,2019,14.05002
rou,2020,15.80412
rou,2021,19.69604
rou,2022,12.79396
rou,2023,11.68035
rus,1985,80.94363
rus,1986,68.95924
rus,1987,65.0918
rus,1988,62.70638
rus,1989,61.0735
rus,1990,58.39627
rus,1991,57.47183
rus,1992,62.46074
rus,1993,76.15149
rus,1994,85.41102
rus,1995,81.65307
rus,1996,69.15967
rus,1997,58.80772
rus,1998,52.82969
rus,1999,53.17793
rus,2000,50.99688
rus,2001,48.20529
rus,2002,46.57861
rus,2003,44.8046
rus,2004,40.94596
rus,2005,38.06467
rus,2006,31.86741
rus,2007,28.69368
rus,2008,26.56263
rus,2009,23.683
rus,2010,22.94341
rus,2011,19.49919
rus,2012,17.70813
rus,2013,16.40046
rus,2014,15.78711
rus,2015,14.79449
rus,2016,13.74824
rus,2017,12.25272
rus,2018,12.028
rus,2019,11.75003
rus,2020,18.78881
rus,2021,20.56878
rus,2022,13.00375
rus,2023,9.40281
rwa,1985,1116.48816
rwa,1986,1125.98655
rwa,1987,1145.01922
rwa,1988,1188.07611
rwa,1989,1237.60544
rwa,1990,1308.98674
rwa,1991,1386.02634
rwa,1992,1529.90756
rwa,1993,1619.17222
rwa,1994,5721.35852
rwa,1995,1505.25789
rwa,1996,1294.91062
rwa,1997,1318.41062
rwa,1998,1267.69158
rwa,1999,1072.7882
rwa,2000,885.23506
rwa,2001,769.04529
rwa,2002,677.23268
rwa,2003,551.06288
rwa,2004,459.92696
rwa,2005,465.36626
rwa,2006,493.79136
rwa,2007,493.62268
rwa,2008,453.87196
rwa,2009,418.32497
rwa,2010,392.90837
rwa,2011,358.48343
rwa,2012,330.76341
rwa,2013,316.50668
rwa,2014,301.05172
rwa,2015,291.56895
rwa,2016,278.13579
rwa,2017,275.06314
rwa,2018,268.73253
rwa,2019,261.30613
rwa,2020,252.12369
rwa,2021,253.96986
rwa,2022,233.96682
rwa,2023,229.4839
sau,1985,40.07749
sau,1986,37.77287
sau,1987,35.8373
sau,1988,33.84454
sau,1989,32.05028
sau,1990,30.31518
sau,1991,28.90115
sau,1992,27.40351
sau,1993,26.33408
sau,1994,25.33531
sau,1995,24.3798
sau,1996,23.46332
sau,1997,22.58659
sau,1998,21.72594
sau,1999,20.75528
sau,2000,20.03733
sau,2001,18.80577
sau,2002,17.56665
sau,2003,16.48313
sau,2004,15.50259
sau,2005,14.63041
sau,2006,13.85357
sau,2007,13.15016
sau,2008,12.33952
sau,2009,11.48959
sau,2010,10.54084
sau,2011,9.85487
sau,2012,9.27215
sau,2013,8.67865
sau,2014,8.29313
sau,2015,7.9991
sau,2016,7.90698
sau,2017,7.94402
sau,2018,8.00479
sau,2019,7.85066
sau,2020,11.10272
sau,2021,12.33028
sau,2022,9.01551
sau,2023,7.35841
sdn,1985,979.76561
sdn,1986,937.64816
sdn,1987,914.03799
sdn,1988,876.82144
sdn,1989,881.24239
sdn,1990,839.96486
sdn,1991,873.21347
sdn,1992,863.16827
sdn,1993,839.14448
sdn,1994,774.9487
sdn,1995,730.24092
sdn,1996,711.84967
sdn,1997,681.41695
sdn,1998,668.88697
sdn,1999,661.99407
sdn,2000,645.48229
sdn,2001,615.80554
sdn,2002,588.37036
sdn,2003,592.73846
sdn,2004,535.53813
sdn,2005,505.44497
sdn,2006,485.42252
sdn,2007,444.89027
sdn,2008,426.42742
sdn,2009,382.48535
sdn,2010,370.00634
sdn,2011,356.63497
sdn,2012,340.48041
sdn,2013,326.88619
sdn,2014,308.81276
sdn,2015,297.89663
sdn,2016,288.20606
sdn,2017,276.59232
sdn,2018,268.44881
sdn,2019,261.86077
sdn,2020,273.10275
sdn,2021,304.75695
sdn,2022,262.67828
sdn,2023,255.7062
sen,1985,899.0729
sen,1986,819.82899
sen,1987,759.91045
sen,1988,709.0464
sen,1989,661.78976
sen,1990,640.32567
sen,1991,616.06495
sen,1992,597.94994
sen,1993,588.51777
sen,1994,578.89805
sen,1995,585.92981
sen,1996,600.81289
sen,1997,599.09505
sen,1998,605.40239
sen,1999,602.39904
sen,2000,580.98314
sen,2001,559.56074
sen,2002,531.47368
sen,2003,520.12141
sen,2004,500.51551
sen,2005,488.12228
sen,2006,461.97356
sen,2007,457.14408
sen,2008,463.14639
sen,2009,441.20621
sen,2010,435.51074
sen,2011,414.71338
sen,2012,404.69094
sen,2013,385.49954
sen,2014,372.89089
sen,2015,356.67093
sen,2016,345.09903
sen,2017,325.22864
sen,2018,305.37212
sen,2019,286.27
sen,2020,252.22356
sen,2021,262.83745
sen,2022,228.24239
sen,2023,237.44209
sgp,1985,18.42531
sgp,1986,17.6849
sgp,1987,17.85106
sgp,1988,18.40679
sgp,1989,17.52413
sgp,1990,16.96045
sgp,1991,16.24637
sgp,1992,15.79143
sgp,1993,15.77914
sgp,1994,16.06118
sgp,1995,16.57165
sgp,1996,17.46389
sgp,1997,17.47132
sgp,1998,17.31227
sgp,1999,17.17686
sgp,2000,17.16366
sgp,2001,16.21249
sgp,2002,15.61658
sgp,2003,14.89446
sgp,2004,14.14817
sgp,2005,13.5223
sgp,2006,12.98976
sgp,2007,12.25287
sgp,2008,11.33222
sgp,2009,10.49094
sgp,2010,10.02635
sgp,2011,9.94368
sgp,2012,9.85663
sgp,2013,9.23591
sgp,2014,8.76372
sgp,2015,8.33353
sgp,2016,8.20214
sgp,2017,7.98622
sgp,2018,7.71265
sgp,2019,7.42965
sgp,2020,12.71787
sgp,2021,20.20445
sgp,2022,33.67386
sgp,2023,6.12124
slb,1985,209.28142
slb,1986,226.38216
slb,1987,200.15486
slb,1988,192.51441
slb,1989,188.11972
slb,1990,184.05619
slb,1991,178.13948
slb,1992,173.60779
slb,1993,172.51242
slb,1994,170.16712
slb,1995,167.78313
slb,1996,165.66234
slb,1997,164.2387
slb,1998,165.15465
slb,1999,164.35387
slb,2000,166.26477
slb,2001,166.59678
slb,2002,167.52193
slb,2003,166.72618
slb,2004,163.83735
slb,2005,161.02087
slb,2006,158.9966
slb,2007,162.82766
slb,2008,153.27892
slb,2009,152.12382
slb,2010,147.50899
slb,2011,147.07254
slb,2012,145.62173
slb,2013,147.27127
slb,2014,146.83024
slb,2015,146.01901
slb,2016,142.73423
slb,2017,140.17767
slb,2018,136.48162
slb,2019,135.04446
slb,2020,131.22384
slb,2021,152.61777
slb,2022,125.87663
slb,2023,122.58949
sle,1985,1505.80876
sle,1986,1530.04977
sle,1987,1532.64359
sle,1988,1548.59556
sle,1989,1574.55598
sle,1990,1571.53777
sle,1991,1698.80373
sle,1992,1681.43193
sle,1993,1695.95656
sle,1994,1755.30117
sle,1995,1777.43888
sle,1996,1725.57288
sle,1997,1721.27424
sle,1998,1752.76933
sle,1999,1730.82562
sle,2000,1603.14421
sle,2001,1517.58531
sle,2002,1492.28817
sle,2003,1432.73562
sle,2004,1365.9105
sle,2005,1294.22752
sle,2006,1167.54875
sle,2007,1132.42778
sle,2008,1092.88416
sle,2009,1053.61671
sle,2010,1018.04871
sle,2011,967.11743
sle,2012,914.8796
sle,2013,842.32104
sle,2014,820.77695
sle,2015,730.10593
sle,2016,632.90478
sle,2017,578.40304
sle,2018,491.49698
sle,2019,463.56716
sle,2020,422.25788
sle,2021,403.22055
sle,2022,369.63504
sle,2023,353.56356
slv,1985,193.10962
slv,1986,169.10225
slv,1987,177.89559
slv,1988,173.24546
slv,1989,155.24999
slv,1990,144.50975
slv,1991,129.12642
slv,1992,121.20415
slv,1993,114.09451
slv,1994,101.37519
slv,1995,89.27801
slv,1996,78.27014
slv,1997,67.09207
slv,1998,61.27927
slv,1999,53.04326
slv,2000,47.69612
slv,2001,45.28337
slv,2002,39.8673
slv,2003,37.74841
slv,2004,34.61605
slv,2005,33.77924
slv,2006,33.13052
slv,2007,33.18813
slv,2008,33.20441
slv,2009,34.55275
slv,2010,34.32537
slv,2011,35.43197
slv,2012,36.24238
slv,2013,38.73457
slv,2014,40.74637
slv,2015,42.94738
slv,2016,43.40186
slv,2017,43.87454
slv,2018,42.82344
slv,2019,40.28957
slv,2020,48.01989
slv,2021,58.47763
slv,2022,38.76226
slv,2023,39.10834
smr,1985,12.40325
smr,1986,12.17066
smr,1987,11.96903
smr,1988,11.75445
smr,1989,11.52736
smr,1990,11.33465
smr,1991,11.11047
smr,1992,10.86839
smr,1993,10.56489
smr,1994,10.30839
smr,1995,10.08067
smr,1996,9.87625
smr,1997,9.67284
smr,1998,9.45965
smr,1999,9.26049
smr,2000,13.95368
smr,2001,13.98093
smr,2002,13.59608
smr,2003,13.08103
smr,2004,12.83867
smr,2005,12.3639
smr,2006,12.23397
smr,2007,8.06547
smr,2008,8.26467
smr,2009,8.05609
smr,2010,8.14983
smr,2011,7.92369
smr,2012,7.63949
smr,2013,7.88229
smr,2014,7.60495
smr,2015,7.52121
smr,2016,7.38915
smr,2017,7.19095
smr,2018,7.26473
smr,2019,7.33349
smr,2020,45.86234
smr,2021,34.64816
smr,2022,22.23702
smr,2023,7.65699
som,1985,1465.30907
som,1986,1451.76966
som,1987,1393.17988
som,1988,1423.33163
som,1989,1394.50737
som,1990,1358.40217
som,1991,1430.97062
som,1992,1338.88675
som,1993,1195.00923
som,1994,1254.20318
som,1995,1209.50495
som,1996,1224.96683
som,1997,1206.36978
som,1998,1176.81198
som,1999,1169.87053
som,2000,1150.38301
som,2001,1128.74874
som,2002,1120.9012
som,2003,1110.8796
som,2004,1104.06098
som,2005,1086.02018
som,2006,1085.32398
som,2007,1074.47743
som,2008,1035.25644
som,2009,994.90141
som,2010,1062.47239
som,2011,972.33335
som,2012,894.10129
som,2013,854.68602
som,2014,816.24611
som,2015,784.19134
som,2016,754.07004
som,2017,715.91441
som,2018,726.88411
som,2019,655.77336
som,2020,654.94836
som,2021,725.88349
som,2022,622.02433
som,2023,562.58481
srb,1985,15.18716
srb,1986,14.76938
srb,1987,14.50669
srb,1988,14.20795
srb,1989,13.85232
srb,1990,14.10061
srb,1991,14.35694
srb,1992,15.03113
srb,1993,15.84258
srb,1994,16.43343
srb,1995,16.79516
srb,1996,17.016
srb,1997,17.25221
srb,1998,18.65698
srb,1999,16.56658
srb,2000,15.55837
srb,2001,14.81964
srb,2002,14.24191
srb,2003,13.7164
srb,2004,13.25971
srb,2005,12.78248
srb,2006,12.23824
srb,2007,12.10156
srb,2008,12.21471
srb,2009,12.46603
srb,2010,12.62061
srb,2011,12.6729
srb,2012,12.69422
srb,2013,12.7955
srb,2014,13.02132
srb,2015,13.28251
srb,2016,13.16989
srb,2017,12.75714
srb,2018,12.28853
srb,2019,12.10227
srb,2020,15.69567
srb,2021,26.38974
srb,2022,14.35143
srb,2023,10.7385
ssd,1985,3845.24547
ssd,1986,3719.69818
ssd,1987,8044.86294
ssd,1988,5535.01231
ssd,1989,5102.93848
ssd,1990,4876.69475
ssd,1991,4764.45907
ssd,1992,7597.24922
ssd,1993,7536.61293
ssd,1994,1665.6186
ssd,1995,4430.06036
ssd,1996,4357.09058
ssd,1997,4172.14213
ssd,1998,7514.03791
ssd,1999,2047.87986
ssd,2000,1657.76365
ssd,2001,1580.06481
ssd,2002,1521.04148
ssd,2003,1199.0015
ssd,2004,1149.61875
ssd,2005,1074.16419
ssd,2006,1005.14987
ssd,2007,932.53632
ssd,2008,857.59663
ssd,2009,822.89499
ssd,2010,776.18328
ssd,2011,770.19196
ssd,2012,755.06503
ssd,2013,771.41851
ssd,2014,1215.60278
ssd,2015,1435.57864
ssd,2016,1629.39979
ssd,2017,1661.52114
ssd,2018,912.83966
ssd,2019,744.85135
ssd,2020,729.03753
ssd,2021,749.2422
ssd,2022,703.68635
ssd,2023,691.82029
stp,1985,158.65792
stp,1986,174.6889
stp,1987,160.93956
stp,1988,156.6771
stp,1989,166.6155
stp,1990,163.9993
stp,1991,165.70731
stp,1992,163.62235
stp,1993,166.20175
stp,1994,167.87738
stp,1995,171.95194
stp,1996,170.97479
stp,1997,173.16071
stp,1998,175.40582
stp,1999,178.67157
stp,2000,180.14895
stp,2001,178.38789
stp,2002,178.58024
stp,2003,178.49076
stp,2004,177.45614
stp,2005,181.12832
stp,2006,176.85244
stp,2007,173.85258
stp,2008,173.57584
stp,2009,171.75428
stp,2010,169.67178
stp,2011,164.33101
stp,2012,158.44012
stp,2013,149.73099
stp,2014,138.42678
stp,2015,127.81405
stp,2016,119.41602
stp,2017,110.19703
stp,2018,100.27355
stp,2019,94.77672
stp,2020,92.43941
stp,2021,97.68471
stp,2022,82.467
stp,2023,75.36397
sur,1985,386.30315
sur,1986,377.46387
sur,1987,371.56826
sur,1988,364.06153
sur,1989,359.75943
sur,1990,349.77929
sur,1991,347.47198
sur,1992,346.16576
sur,1993,342.64131
sur,1994,333.70338
sur,1995,331.29972
sur,1996,322.77618
sur,1997,312.46216
sur,1998,301.86407
sur,1999,291.17131
sur,2000,281.54746
sur,2001,269.7184
sur,2002,253.19048
sur,2003,237.91532
sur,2004,218.7273
sur,2005,202.06635
sur,2006,186.55963
sur,2007,173.26426
sur,2008,160.71527
sur,2009,147.19772
sur,2010,134.39041
sur,2011,125.68671
sur,2012,122.00952
sur,2013,121.20715
sur,2014,119.51009
sur,2015,115.13538
sur,2016,108.56336
sur,2017,104.81762
sur,2018,101.16503
sur,2019,97.15345
sur,2020,94.49409
sur,2021,144.27119
sur,2022,87.71918
sur,2023,83.64146
svk,1985,19.21056
svk,1986,19.01313
svk,1987,19.14843
svk,1988,18.18722
svk,1989,17.33292
svk,1990,17.92378
svk,1991,17.06468
svk,1992,15.00318
svk,1993,13.67638
svk,1994,12.41679
svk,1995,10.93797
svk,1996,10.28066
svk,1997,10.33848
svk,1998,9.65343
svk,1999,9.08545
svk,2000,8.21591
svk,2001,8.03729
svk,2002,7.24493
svk,2003,7.01685
svk,2004,6.68917
svk,2005,6.62808
svk,2006,5.7809
svk,2007,6.42185
svk,2008,5.47861
svk,2009,5.54384
svk,2010,5.15921
svk,2011,5.12227
svk,2012,4.86898
svk,2013,5.00146
svk,2014,4.78525
svk,2015,4.56933
svk,2016,4.98507
svk,2017,4.7929
svk,2018,4.65378
svk,2019,4.81111
svk,2020,4.08422
svk,2021,12.22554
svk,2022,5.44161
svk,2023,4.47117
svn,1985,17.07723
svn,1986,16.30614
svn,1987,16.04735
svn,1988,16.02853
svn,1989,14.56098
svn,1990,13.88082
svn,1991,13.15607
svn,1992,12.7887
svn,1993,12.4789
svn,1994,11.72725
svn,1995,11.13936
svn,1996,10.12292
svn,1997,9.36242
svn,1998,8.65996
svn,1999,8.1424
svn,2000,7.20192
svn,2001,6.3768
svn,2002,5.67333
svn,2003,5.81908
svn,2004,5.82811
svn,2005,6.02384
svn,2006,6.30499
svn,2007,6.36834
svn,2008,6.78159
svn,2009,6.60043
svn,2010,6.60346
svn,2011,6.3763
svn,2012,6.17579
svn,2013,5.72917
svn,2014,5.59934
svn,2015,5.18963
svn,2016,4.96998
svn,2017,4.73407
svn,2018,4.12664
svn,2019,3.84994
svn,2020,11.79162
svn,2021,8.06952
svn,2022,15.12944
svn,2023,3.32847
swe,1985,8.13215
swe,1986,8.30125
swe,1987,8.27967
swe,1988,9.12365
swe,1989,8.50195
swe,1990,8.42678
swe,1991,8.24558
swe,1992,7.8105
swe,1993,7.6609
swe,1994,7.40871
swe,1995,6.73146
swe,1996,6.23442
swe,1997,5.83315
swe,1998,5.75661
swe,1999,5.80355
swe,2000,5.46332
swe,2001,5.23155
swe,2002,5.40008
swe,2003,5.48857
swe,2004,5.26453
swe,2005,5.07477
swe,2006,5.2991
swe,2007,5.1988
swe,2008,5.15413
swe,2009,5.10562
swe,2010,4.76505
swe,2011,4.91223
swe,2012,4.99613
swe,2013,4.97706
swe,2014,4.90596
swe,2015,4.52736
swe,2016,4.54896
swe,2017,4.53641
swe,2018,4.50802
swe,2019,4.45583
swe,2020,5.19959
swe,2021,5.12894
swe,2022,5.06933
swe,2023,4.0281
swz,1985,579.65237
swz,1986,547.51082
swz,1987,520.9527
swz,1988,493.52157
swz,1989,504.89715
swz,1990,520.30626
swz,1991,544.77932
swz,1992,579.62144
swz,1993,609.40743
swz,1994,645.14348
swz,1995,611.92484
swz,1996,604.13027
swz,1997,549.90021
swz,1998,474.6409
swz,1999,408.99176
swz,2000,360.73716
swz,2001,306.58454
swz,2002,331.26645
swz,2003,392.18449
swz,2004,450.9202
swz,2005,528.82656
swz,2006,511.27744
swz,2007,646.81416
swz,2008,766.12882
swz,2009,855.18323
swz,2010,752.11088
swz,2011,765.07271
swz,2012,612.6885
swz,2013,491.40628
swz,2014,368.8472
swz,2015,282.95345
swz,2016,212.87346
swz,2017,151.42303
swz,2018,132.60904
swz,2019,96.24124
swz,2020,102.25624
swz,2021,219.33691
swz,2022,111.50815
swz,2023,117.93016
syc,1985,68.82169
syc,1986,64.57249
syc,1987,62.3967
syc,1988,60.14197
syc,1989,60.76457
syc,1990,53.40102
syc,1991,54.43397
syc,1992,49.80504
syc,1993,48.50409
syc,1994,44.78163
syc,1995,40.29704
syc,1996,38.68126
syc,1997,36.79419
syc,1998,40.51457
syc,1999,40.80601
syc,2000,44.59896
syc,2001,42.94076
syc,2002,45.19914
syc,2003,47.32508
syc,2004,52.3714
syc,2005,50.0773
syc,2006,51.43554
syc,2007,52.10551
syc,2008,51.42185
syc,2009,50.6473
syc,2010,50.21291
syc,2011,49.71879
syc,2012,48.79719
syc,2013,48.25366
syc,2014,45.86373
syc,2015,46.48183
syc,2016,46.99445
syc,2017,47.2322
syc,2018,48.60859
syc,2019,47.8968
syc,2020,51.1212
syc,2021,73.94598
syc,2022,88.59012
syc,2023,41.89188
syr,1985,54.74248
syr,1986,51.65515
syr,1987,48.10654
syr,1988,44.47775
syr,1989,40.64251
syr,1990,36.98368
syr,1991,34.81044
syr,1992,33.14724
syr,1993,32.47649
syr,1994,32.35763
syr,1995,33.01248
syr,1996,33.58669
syr,1997,33.94497
syr,1998,33.75226
syr,1999,32.46944
syr,2000,30.68059
syr,2001,28.56343
syr,2002,26.26134
syr,2003,24.03763
syr,2004,22.43684
syr,2005,21.23961
syr,2006,19.76896
syr,2007,19.1506
syr,2008,19.94106
syr,2009,19.2947
syr,2010,19.41436
syr,2011,20.68427
syr,2012,22.37757
syr,2013,24.9811
syr,2014,24.90871
syr,2015,24.30132
syr,2016,22.60019
syr,2017,22.68961
syr,2018,21.18336
syr,2019,24.48133
syr,2020,23.06179
syr,2021,30.00054
syr,2022,20.73013
syr,2023,20.37147
tcd,1985,1118.75669
tcd,1986,1068.27635
tcd,1987,1122.95455
tcd,1988,1092.9891
tcd,1989,1082.53177
tcd,1990,1112.75504
tcd,1991,1093.26589
tcd,1992,1118.96208
tcd,1993,1165.62766
tcd,1994,1150.91833
tcd,1995,1118.68441
tcd,1996,1149.61324
tcd,1997,1146.23052
tcd,1998,1176.74339
tcd,1999,1183.66805
tcd,2000,1207.78016
tcd,2001,1204.35935
tcd,2002,1198.99745
tcd,2003,1169.99593
tcd,2004,1167.11068
tcd,2005,1188.59443
tcd,2006,1219.98146
tcd,2007,1240.36452
tcd,2008,1264.22441
tcd,2009,1284.85881
tcd,2010,1284.38288
tcd,2011,1264.19551
tcd,2012,1244.88411
tcd,2013,1216.10204
tcd,2014,1197.80259
tcd,2015,1176.03091
tcd,2016,1133.23938
tcd,2017,1084.98646
tcd,2018,1020.29372
tcd,2019,957.77654
tcd,2020,877.29943
tcd,2021,868.62613
tcd,2022,775.49627
tcd,2023,747.53985
tgo,1985,668.1036
tgo,1986,649.09921
tgo,1987,636.06159
tgo,1988,628.04299
tgo,1989,644.11243
tgo,1990,656.78808
tgo,1991,676.2769
tgo,1992,692.2073
tgo,1993,728.24686
tgo,1994,687.8395
tgo,1995,663.32062
tgo,1996,627.12318
tgo,1997,600.06567
tgo,1998,569.98321
tgo,1999,528.94127
tgo,2000,495.51331
tgo,2001,478.0335
tgo,2002,447.20451
tgo,2003,431.08618
tgo,2004,431.21327
tgo,2005,434.44283
tgo,2006,452.58021
tgo,2007,448.14483
tgo,2008,457.38244
tgo,2009,471.48428
tgo,2010,496.83768
tgo,2011,501.34033
tgo,2012,506.40467
tgo,2013,500.04608
tgo,2014,489.93387
tgo,2015,470.3525
tgo,2016,460.11994
tgo,2017,443.39306
tgo,2018,435.35487
tgo,2019,415.9724
tgo,2020,397.76506
tgo,2021,396.59151
tgo,2022,362.29303
tgo,2023,348.90306
tha,1985,87.67378
tha,1986,77.88624
tha,1987,71.87793
tha,1988,67.31899
tha,1989,64.30592
tha,1990,60.42571
tha,1991,59.03622
tha,1992,57.74314
tha,1993,57.0798
tha,1994,53.87415
tha,1995,51.52961
tha,1996,49.03782
tha,1997,47.73405
tha,1998,47.18971
tha,1999,48.17079
tha,2000,48.52157
tha,2001,46.88327
tha,2002,44.47218
tha,2003,41.7783
tha,2004,43.54667
tha,2005,40.04227
tha,2006,38.39016
tha,2007,37.9104
tha,2008,36.83852
tha,2009,37.0273
tha,2010,36.83293
tha,2011,36.99884
tha,2012,36.42486
tha,2013,34.70838
tha,2014,34.08646
tha,2015,33.72087
tha,2016,34.14548
tha,2017,33.87782
tha,2018,33.63947
tha,2019,33.84794
tha,2020,36.23927
tha,2021,38.21132
tha,2022,112.47701
tha,2023,34.45035
tjk,1985,97.88521
tjk,1986,90.87087
tjk,1987,90.63543
tjk,1988,82.72255
tjk,1989,85.00224
tjk,1990,79.96246
tjk,1991,79.33726
tjk,1992,84.22957
tjk,1993,84.27141
tjk,1994,84.80785
tjk,1995,81.02583
tjk,1996,81.56125
tjk,1997,76.12099
tjk,1998,71.73863
tjk,1999,64.25999
tjk,2000,57.85285
tjk,2001,58.13828
tjk,2002,47.72985
tjk,2003,38.94574
tjk,2004,36.44385
tjk,2005,35.61157
tjk,2006,34.55377
tjk,2007,30.14903
tjk,2008,28.75931
tjk,2009,28.52064
tjk,2010,26.40582
tjk,2011,25.12949
tjk,2012,22.93219
tjk,2013,20.98357
tjk,2014,20.5756
tjk,2015,20.24444
tjk,2016,19.99898
tjk,2017,16.9169
tjk,2018,16.33188
tjk,2019,16.11774
tjk,2020,25.43925
tjk,2021,24.64517
tjk,2022,14.3917
tjk,2023,13.86166
tkm,1985,77.28837
tkm,1986,74.84366
tkm,1987,72.39702
tkm,1988,68.68221
tkm,1989,64.71277
tkm,1990,61.77617
tkm,1991,59.89258
tkm,1992,58.3962
tkm,1993,56.26367
tkm,1994,53.62394
tkm,1995,50.055
tkm,1996,45.77262
tkm,1997,40.01916
tkm,1998,34.1944
tkm,1999,28.75589
tkm,2000,24.96451
tkm,2001,22.01149
tkm,2002,19.87052
tkm,2003,18.00185
tkm,2004,16.56124
tkm,2005,15.48374
tkm,2006,14.40649
tkm,2007,12.97854
tkm,2008,11.40232
tkm,2009,9.85423
tkm,2010,8.75197
tkm,2011,7.94434
tkm,2012,7.38527
tkm,2013,6.96561
tkm,2014,6.48023
tkm,2015,6.04859
tkm,2016,5.69932
tkm,2017,5.49251
tkm,2018,5.31371
tkm,2019,5.11712
tkm,2020,5.25574
tkm,2021,5.508
tkm,2022,4.59026
tkm,2023,4.52032
tls,1985,1916.41164
tls,1986,1859.94917
tls,1987,1763.04226
tls,1988,1742.65868
tls,1989,1510.82267
tls,1990,1477.24752
tls,1991,1439.07104
tls,1992,1368.27369
tls,1993,1307.73439
tls,1994,1254.14504
tls,1995,1239.38394
tls,1996,1192.7999
tls,1997,1165.51062
tls,1998,1157.35667
tls,1999,1487.98268
tls,2000,796.13139
tls,2001,761.16968
tls,2002,723.58319
tls,2003,713.62493
tls,2004,683.25497
tls,2005,647.8162
tls,2006,599.51892
tls,2007,558.86541
tls,2008,518.00306
tls,2009,477.44993
tls,2010,438.57296
tls,2011,403.53382
tls,2012,374.37635
tls,2013,349.30616
tls,2014,327.41052
tls,2015,304.95106
tls,2016,286.69408
tls,2017,268.99398
tls,2018,250.67941
tls,2019,237.46506
tls,2020,257.32164
tls,2021,262.68836
tls,2022,234.95218
tls,2023,192.35776
ton,1985,148.01217
ton,1986,149.18694
ton,1987,147.19089
ton,1988,144.92455
ton,1989,138.67556
ton,1990,137.91415
ton,1991,134.43201
ton,1992,128.88691
ton,1993,127.40754
ton,1994,122.91629
ton,1995,116.78751
ton,1996,112.57638
ton,1997,110.79275
ton,1998,103.97065
ton,1999,99.47135
ton,2000,99.72179
ton,2001,98.23661
ton,2002,97.94461
ton,2003,95.44639
ton,2004,92.06051
ton,2005,92.00573
ton,2006,88.94361
ton,2007,88.15937
ton,2008,87.53149
ton,2009,90.66966
ton,2010,85.22603
ton,2011,83.7576
ton,2012,82.71033
ton,2013,80.28369
ton,2014,79.65555
ton,2015,78.81486
ton,2016,77.92617
ton,2017,76.80714
ton,2018,73.95337
ton,2019,72.69657
ton,2020,74.06106
ton,2021,75.67801
ton,2022,71.80473
ton,2023,66.78012
tto,1985,86.95811
tto,1986,88.58683
tto,1987,86.2439
tto,1988,86.93224
tto,1989,86.02776
tto,1990,84.18126
tto,1991,82.19807
tto,1992,84.71665
tto,1993,84.69501
tto,1994,84.3503
tto,1995,84.7055
tto,1996,84.43725
tto,1997,81.96013
tto,1998,79.20578
tto,1999,77.63826
tto,2000,75.50074
tto,2001,72.47841
tto,2002,69.17331
tto,2003,67.20645
tto,2004,63.03609
tto,2005,60.20431
tto,2006,58.14346
tto,2007,56.80667
tto,2008,55.38831
tto,2009,54.43371
tto,2010,54.41115
tto,2011,53.13813
tto,2012,51.03434
tto,2013,50.0327
tto,2014,49.76051
tto,2015,50.39197
tto,2016,50.62312
tto,2017,51.24101
tto,2018,52.60987
tto,2019,53.36726
tto,2020,34.96899
tto,2021,54.20831
tto,2022,30.42045
tto,2023,54.08376
tun,1985,131.94757
tun,1986,120.98626
tun,1987,107.01547
tun,1988,95.67655
tun,1989,87.3018
tun,1990,84.93264
tun,1991,83.17154
tun,1992,81.63757
tun,1993,80.48262
tun,1994,77.24087
tun,1995,73.27142
tun,1996,68.19497
tun,1997,63.87447
tun,1998,59.67326
tun,1999,57.28149
tun,2000,55.75278
tun,2001,54.63185
tun,2002,53.08259
tun,2003,51.7493
tun,2004,50.27621
tun,2005,48.95261
tun,2006,47.56931
tun,2007,46.33176
tun,2008,45.22683
tun,2009,44.27341
tun,2010,43.76706
tun,2011,43.7705
tun,2012,43.38276
tun,2013,42.78121
tun,2014,41.78524
tun,2015,40.27136
tun,2016,38.91515
tun,2017,37.85947
tun,2018,37.54946
tun,2019,37.27699
tun,2020,39.6916
tun,2021,64.65766
tun,2022,38.11569
tun,2023,35.71129
tur,1985,55.71238
tur,1986,52.78947
tur,1987,50.21654
tur,1988,46.83118
tur,1989,44.34156
tur,1990,42.05897
tur,1991,40.50677
tur,1992,39.68177
tur,1993,38.5269
tur,1994,37.69788
tur,1995,36.8406
tur,1996,35.88197
tur,1997,34.89988
tur,1998,33.96695
tur,1999,34.3778
tur,2000,32.03599
tur,2001,31.10523
tur,2002,29.93343
tur,2003,28.85638
tur,2004,27.85592
tur,2005,26.72551
tur,2006,25.76191
tur,2007,24.81981
tur,2008,24.01083
tur,2009,23.16615
tur,2010,22.65708
tur,2011,23.07414
tur,2012,21.43384
tur,2013,20.17048
tur,2014,19.77906
tur,2015,19.38314
tur,2016,19.28334
tur,2017,18.25951
tur,2018,17.446
tur,2019,16.85566
tur,2020,19.31133
tur,2021,20.00294
tur,2022,21.20924
tur,2023,14.62617
tuv,1985,230.46647
tuv,1986,226.35122
tuv,1987,251.7941
tuv,1988,300.06581
tuv,1989,296.04138
tuv,1990,290.64603
tuv,1991,289.24071
tuv,1992,311.99884
tuv,1993,286.35003
tuv,1994,283.83576
tuv,1995,281.05168
tuv,1996,276.86564
tuv,1997,249.00965
tuv,1998,245.02792
tuv,1999,241.90042
tuv,2000,237.29609
tuv,2001,234.94183
tuv,2002,233.80674
tuv,2003,210.18435
tuv,2004,208.77843
tuv,2005,229.80307
tuv,2006,226.1169
tuv,2007,222.04902
tuv,2008,218.76279
tuv,2009,215.16646
tuv,2010,212.86208
tuv,2011,168.50343
tuv,2012,168.27118
tuv,2013,167.6979
tuv,2014,168.18615
tuv,2015,168.98031
tuv,2016,170.37573
tuv,2017,171.20937
tuv,2018,152.73257
tuv,2019,154.9828
tuv,2020,206.03433
tuv,2021,156.64772
tuv,2022,220.2516
tuv,2023,169.70527
tza,1985,979.90972
tza,1986,970.81434
tza,1987,963.57455
tza,1988,949.12467
tza,1989,927.16833
tza,1990,900.49717
tza,1991,873.09725
tza,1992,863.65862
tza,1993,851.40195
tza,1994,815.51327
tza,1995,797.05301
tza,1996,774.66441
tza,1997,777.3197
tza,1998,738.5042
tza,1999,634.72171
tza,2000,567.50587
tza,2001,492.57694
tza,2002,453.54429
tza,2003,396.89093
tza,2004,365.3352
tza,2005,349.69717
tza,2006,365.83221
tza,2007,452.76937
tza,2008,510.533
tza,2009,501.78204
tza,2010,486.04611
tza,2011,474.61393
tza,2012,447.9779
tza,2013,479.06785
tza,2014,453.59561
tza,2015,433.19211
tza,2016,395.54966
tza,2017,345.29482
tza,2018,318.9423
tza,2019,291.67755
tza,2020,159.85126
tza,2021,162.14062
tza,2022,151.65302
tza,2023,275.84379
uga,1985,842.08171
uga,1986,781.27135
uga,1987,708.94293
uga,1988,655.03759
uga,1989,609.45916
uga,1990,575.17308
uga,1991,548.51982
uga,1992,530.49283
uga,1993,514.57934
uga,1994,506.75056
uga,1995,514.18634
uga,1996,513.41245
uga,1997,521.85351
uga,1998,523.23385
uga,1999,503.91979
uga,2000,475.09663
uga,2001,440.31024
uga,2002,415.75631
uga,2003,394.54867
uga,2004,384.34908
uga,2005,416.90454
uga,2006,408.65825
uga,2007,344.59326
uga,2008,324.47116
uga,2009,322.42059
uga,2010,304.34594
uga,2011,294.5312
uga,2012,285.06797
uga,2013,307.6948
uga,2014,311.34238
uga,2015,299.1616
uga,2016,272.45768
uga,2017,246.26288
uga,2018,231.96842
uga,2019,218.71255
uga,2020,209.48988
uga,2021,215.75103
uga,2022,183.90353
uga,2023,170.31048
ukr,1985,53.16711
ukr,1986,50.16332
ukr,1987,46.22196
ukr,1988,43.6646
ukr,1989,41.51471
ukr,1990,39.97814
ukr,1991,39.7738
ukr,1992,40.26162
ukr,1993,42.03893
ukr,1994,44.8741
ukr,1995,46.4463
ukr,1996,45.44795
ukr,1997,40.72097
ukr,1998,36.58714
ukr,1999,33.72524
ukr,2000,31.66517
ukr,2001,29.81381
ukr,2002,28.2781
ukr,2003,27.75427
ukr,2004,27.4251
ukr,2005,26.84814
ukr,2006,26.75942
ukr,2007,26.76394
ukr,2008,26.06416
ukr,2009,23.96282
ukr,2010,21.34236
ukr,2011,20.13721
ukr,2012,19.73935
ukr,2013,19.50281
ukr,2014,18.72807
ukr,2015,17.28115
ukr,2016,16.50207
ukr,2017,16.02145
ukr,2018,16.17095
ukr,2019,15.79274
ukr,2020,17.97057
ukr,2021,25.8609
ukr,2022,15.51594
ukr,2023,14.94809
ury,1985,41.19147
ury,1986,40.76068
ury,1987,40.54433
ury,1988,38.88979
ury,1989,36.04004
ury,1990,35.27943
ury,1991,33.02462
ury,1992,32.55807
ury,1993,30.73841
ury,1994,29.96575
ury,1995,28.63125
ury,1996,27.5437
ury,1997,26.97372
ury,1998,25.26366
ury,1999,24.49772
ury,2000,23.46975
ury,2001,24.01111
ury,2002,23.32382
ury,2003,22.55953
ury,2004,21.41815
ury,2005,20.32274
ury,2006,19.679
ury,2007,18.9414
ury,2008,18.61649
ury,2009,17.63661
ury,2010,17.22467
ury,2011,16.6331
ury,2012,16.48729
ury,2013,16.22154
ury,2014,16.32017
ury,2015,15.97752
ury,2016,16.14472
ury,2017,16.40602
ury,2018,15.98041
ury,2019,15.93727
ury,2020,19.56055
ury,2021,49.46617
ury,2022,19.75276
ury,2023,15.30536
usa,1985,11.01325
usa,1986,11.22938
usa,1987,11.42674
usa,1988,11.66114
usa,1989,11.76285
usa,1990,11.75229
usa,1991,11.76781
usa,1992,11.41729
usa,1993,11.55434
usa,1994,11.48022
usa,1995,11.54999
usa,1996,11.32652
usa,1997,11.08841
usa,1998,11.14173
usa,1999,11.6704
usa,2000,12.08972
usa,2001,12.66158
usa,2002,12.97853
usa,2003,13.32249
usa,2004,13.22134
usa,2005,13.35735
usa,2006,13.48268
usa,2007,13.49325
usa,2008,13.8463
usa,2009,14.5966
usa,2010,14.58391
usa,2011,15.34365
usa,2012,15.68152
usa,2013,16.06281
usa,2014,16.53585
usa,2015,17.02174
usa,2016,17.78948
usa,2017,17.85647
usa,2018,17.55006
usa,2019,17.51903
usa,2020,22.45825
usa,2021,31.21465
usa,2022,20.03668
usa,2023,16.63253
uzb,1985,72.48265
uzb,1986,68.85393
uzb,1987,63.2913
uzb,1988,57.67732
uzb,1989,52.98016
uzb,1990,49.86593
uzb,1991,46.74356
uzb,1992,46.46468
uzb,1993,47.13439
uzb,1994,48.52975
uzb,1995,46.29667
uzb,1996,43.98634
uzb,1997,42.20501
uzb,1998,42.42463
uzb,1999,42.54865
uzb,2000,42.3655
uzb,2001,41.77733
uzb,2002,40.59912
uzb,2003,39.96568
uzb,2004,39.44136
uzb,2005,39.44894
uzb,2006,38.42627
uzb,2007,36.51918
uzb,2008,35.30643
uzb,2009,34.08473
uzb,2010,34.00849
uzb,2011,33.42118
uzb,2012,32.77691
uzb,2013,32.25425
uzb,2014,31.73925
uzb,2015,31.17995
uzb,2016,30.567
uzb,2017,30.06656
uzb,2018,29.18003
uzb,2019,29.20504
uzb,2020,28.69185
uzb,2021,27.92281
uzb,2022,27.40177
uzb,2023,26.46382
vct,1985,77.44896
vct,1986,71.26707
vct,1987,69.33769
vct,1988,67.07407
vct,1989,69.54638
vct,1990,71.63225
vct,1991,71.31226
vct,1992,88.6132
vct,1993,76.20473
vct,1994,77.98333
vct,1995,79.7765
vct,1996,79.41727
vct,1997,78.38578
vct,1998,76.51048
vct,1999,72.48043
vct,2000,67.64056
vct,2001,64.27993
vct,2002,61.85463
vct,2003,58.87329
vct,2004,56.16916
vct,2005,55.16724
vct,2006,54.29765
vct,2007,54.29569
vct,2008,55.75416
vct,2009,56.2599
vct,2010,58.65158
vct,2011,58.56305
vct,2012,61.22143
vct,2013,72.54977
vct,2014,63.67821
vct,2015,59.18607
vct,2016,52.05484
vct,2017,58.10732
vct,2018,56.21989
vct,2019,57.86889
vct,2020,57.28972
vct,2021,105.09028
vct,2022,56.04434
vct,2023,55.83509
ven,1985,83.49688
ven,1986,80.71548
ven,1987,81.42621
ven,1988,80.22416
ven,1989,79.52497
ven,1990,83.07655
ven,1991,79.70658
ven,1992,81.62704
ven,1993,81.53889
ven,1994,84.12977
ven,1995,84.02993
ven,1996,86.32196
ven,1997,82.22022
ven,1998,82.37924
ven,1999,88.06087
ven,2000,86.20277
ven,2001,100.74101
ven,2002,87.32028
ven,2003,96.97698
ven,2004,93.55644
ven,2005,92.51817
ven,2006,95.80466
ven,2007,91.59014
ven,2008,103.26315
ven,2009,108.62344
ven,2010,109.52463
ven,2011,104.08247
ven,2012,112.8873
ven,2013,122.69877
ven,2014,132.5662
ven,2015,136.26322
ven,2016,162.19524
ven,2017,194.88831
ven,2018,204.59176
ven,2019,202.18661
ven,2020,206.53419
ven,2021,250.73113
ven,2022,218.88986
ven,2023,226.6855
vnm,1985,185.52985
vnm,1986,174.32581
vnm,1987,163.2027
vnm,1988,155.37163
vnm,1989,152.45215
vnm,1990,147.07729
vnm,1991,142.40643
vnm,1992,139.19031
vnm,1993,134.82075
vnm,1994,129.55814
vnm,1995,119.17357
vnm,1996,111.13143
vnm,1997,104.42767
vnm,1998,92.6799
vnm,1999,85.62169
vnm,2000,82.51551
vnm,2001,78.10256
vnm,2002,74.14725
vnm,2003,71.29536
vnm,2004,72.23884
vnm,2005,69.27111
vnm,2006,66.92736
vnm,2007,65.79555
vnm,2008,64.89296
vnm,2009,64.10148
vnm,2010,62.31888
vnm,2011,61.05524
vnm,2012,60.42155
vnm,2013,59.65674
vnm,2014,59.01456
vnm,2015,57.62866
vnm,2016,56.04668
vnm,2017,54.73426
vnm,2018,53.18888
vnm,2019,52.20333
vnm,2020,51.33381
vnm,2021,52.23593
vnm,2022,49.1046
vnm,2023,47.61028
vut,1985,210.67841
vut,1986,194.26665
vut,1987,199.74073
vut,1988,171.75727
vut,1989,161.75975
vut,1990,150.52783
vut,1991,140.43678
vut,1992,140.00073
vut,1993,133.07692
vut,1994,130.64524
vut,1995,131.24811
vut,1996,129.33959
vut,1997,131.0722
vut,1998,134.12417
vut,1999,146.00894
vut,2000,133.48837
vut,2001,131.8212
vut,2002,128.00707
vut,2003,131.15033
vut,2004,130.77961
vut,2005,127.01807
vut,2006,122.95377
vut,2007,119.75986
vut,2008,116.75735
vut,2009,113.97104
vut,2010,114.43244
vut,2011,111.84312
vut,2012,109.27379
vut,2013,110.28557
vut,2014,110.45751
vut,2015,109.31038
vut,2016,107.31616
vut,2017,107.39276
vut,2018,107.53019
vut,2019,105.15384
vut,2020,107.06372
vut,2021,123.97845
vut,2022,104.92538
vut,2023,100.04789
wsm,1985,160.06412
wsm,1986,153.22491
wsm,1987,147.31933
wsm,1988,142.76211
wsm,1989,136.29414
wsm,1990,135.20268
wsm,1991,131.18038
wsm,1992,123.56412
wsm,1993,117.14802
wsm,1994,112.32235
wsm,1995,105.08484
wsm,1996,103.25865
wsm,1997,98.42373
wsm,1998,95.70366
wsm,1999,94.37361
wsm,2000,92.95197
wsm,2001,92.70644
wsm,2002,88.77601
wsm,2003,86.65357
wsm,2004,86.12183
wsm,2005,87.43444
wsm,2006,86.00462
wsm,2007,84.97414
wsm,2008,86.53001
wsm,2009,93.60072
wsm,2010,92.27506
wsm,2011,92.87968
wsm,2012,100.74981
wsm,2013,100.46956
wsm,2014,106.26281
wsm,2015,107.73652
wsm,2016,107.73893
wsm,2017,110.63354
wsm,2018,110.17302
wsm,2019,110.51046
wsm,2020,113.57306
wsm,2021,115.36672
wsm,2022,110.14861
wsm,2023,101.48754
yem,1985,429.85436
yem,1986,430.43224
yem,1987,399.74821
yem,1988,388.42151
yem,1989,371.482
yem,1990,358.69804
yem,1991,341.36399
yem,1992,329.52404
yem,1993,319.28696
yem,1994,310.94641
yem,1995,295.52563
yem,1996,281.59353
yem,1997,270.54527
yem,1998,259.69198
yem,1999,250.49065
yem,2000,240.8793
yem,2001,231.37177
yem,2002,218.46052
yem,2003,205.14007
yem,2004,194.22223
yem,2005,181.10241
yem,2006,171.04465
yem,2007,161.16231
yem,2008,153.31009
yem,2009,148.86128
yem,2010,144.05401
yem,2011,139.98577
yem,2012,137.3334
yem,2013,134.89378
yem,2014,134.12105
yem,2015,134.67581
yem,2016,133.79827
yem,2017,141.81284
yem,2018,134.10213
yem,2019,131.18709
yem,2020,135.0216
yem,2021,155.89415
yem,2022,124.95032
yem,2023,118.40133
zaf,1985,207.96716
zaf,1986,199.74887
zaf,1987,192.21233
zaf,1988,184.03751
zaf,1989,176.98632
zaf,1990,169.69123
zaf,1991,162.08751
zaf,1992,152.4626
zaf,1993,145.13876
zaf,1994,133.46864
zaf,1995,124.52868
zaf,1996,150.27308
zaf,1997,152.37844
zaf,1998,152.43757
zaf,1999,151.21624
zaf,2000,174.74511
zaf,2001,192.23108
zaf,2002,225.21072
zaf,2003,244.99787
zaf,2004,258.87877
zaf,2005,278.80847
zaf,2006,283.41497
zaf,2007,271.94689
zaf,2008,271.62701
zaf,2009,241.06367
zaf,2010,226.0632
zaf,2011,202.03339
zaf,2012,193.80493
zaf,2013,179.73531
zaf,2014,162.14044
zaf,2015,150.41742
zaf,2016,141.17078
zaf,2017,133.68578
zaf,2018,127.51795
zaf,2019,119.45238
zaf,2020,118.28628
zaf,2021,191.16876
zaf,2022,129.23003
zaf,2023,117.56654
zmb,1985,595.91807
zmb,1986,618.64676
zmb,1987,629.6631
zmb,1988,635.26731
zmb,1989,635.36319
zmb,1990,625.01095
zmb,1991,611.36392
zmb,1992,580.95524
zmb,1993,531.92172
zmb,1994,507.26025
zmb,1995,465.60339
zmb,1996,432.67458
zmb,1997,403.08738
zmb,1998,391.94811
zmb,1999,377.90975
zmb,2000,340.18397
zmb,2001,305.61692
zmb,2002,273.72107
zmb,2003,249.8508
zmb,2004,259.57357
zmb,2005,263.71897
zmb,2006,262.19921
zmb,2007,323.86212
zmb,2008,393.55362
zmb,2009,406.35244
zmb,2010,331.6697
zmb,2011,291.14511
zmb,2012,255.90682
zmb,2013,213.32324
zmb,2014,173.68462
zmb,2015,154.4059
zmb,2016,158.09522
zmb,2017,141.40316
zmb,2018,117.17328
zmb,2019,102.75513
zmb,2020,98.62834
zmb,2021,140.14358
zmb,2022,89.45119
zmb,2023,85.45037
zwe,1985,573.32739
zwe,1986,524.82309
zwe,1987,479.9543
zwe,1988,430.79475
zwe,1989,382.29819
zwe,1990,353.31961
zwe,1991,331.79454
zwe,1992,332.98464
zwe,1993,330.56603
zwe,1994,332.35794
zwe,1995,331.70677
zwe,1996,352.00402
zwe,1997,356.88921
zwe,1998,368.41313
zwe,1999,398.69689
zwe,2000,404.5446
zwe,2001,467.35211
zwe,2002,417.66486
zwe,2003,454.86014
zwe,2004,451.07606
zwe,2005,453.71965
zwe,2006,479.82223
zwe,2007,518.99005
zwe,2008,525.92202
zwe,2009,539.53389
zwe,2010,566.56626
zwe,2011,564.02073
zwe,2012,557.8331
zwe,2013,525.24999
zwe,2014,467.80012
zwe,2015,427.93143
zwe,2016,411.35011
zwe,2017,389.33357
zwe,2018,385.52375
zwe,2019,387.60043
zwe,2020,379.97138
zwe,2021,446.41685
zwe,2022,367.80659
zwe,2023,357.61498
