country,year,sex,violence_homiciderate
afg,2000,sex_btsx,10.43386
afg,2000,sex_fmle,2.41067
afg,2000,sex_mle,18.41019
afg,2001,sex_btsx,10.61787
afg,2001,sex_fmle,2.49113
afg,2001,sex_mle,18.68451
afg,2002,sex_btsx,10.95371
afg,2002,sex_fmle,2.55306
afg,2002,sex_mle,19.27902
afg,2003,sex_btsx,10.78185
afg,2003,sex_fmle,2.82055
afg,2003,sex_mle,18.65931
afg,2004,sex_btsx,10.1358
afg,2004,sex_fmle,2.75736
afg,2004,sex_mle,17.42557
afg,2005,sex_btsx,10.13502
afg,2005,sex_fmle,2.70412
afg,2005,sex_mle,17.46626
afg,2006,sex_btsx,9.81134
afg,2006,sex_fmle,2.69019
afg,2006,sex_mle,16.82857
afg,2007,sex_btsx,9.6054
afg,2007,sex_fmle,2.80628
afg,2007,sex_mle,16.29888
afg,2008,sex_btsx,9.66727
afg,2008,sex_fmle,2.88927
afg,2008,sex_mle,16.33401
afg,2009,sex_btsx,9.4749
afg,2009,sex_fmle,2.88168
afg,2009,sex_mle,15.95379
afg,2010,sex_btsx,9.62312
afg,2010,sex_fmle,2.96003
afg,2010,sex_mle,16.16459
afg,2011,sex_btsx,9.19578
afg,2011,sex_fmle,2.91649
afg,2011,sex_mle,15.35529
afg,2012,sex_btsx,8.91784
afg,2012,sex_fmle,2.82553
afg,2012,sex_mle,14.88945
afg,2013,sex_btsx,8.79362
afg,2013,sex_fmle,3.05481
afg,2013,sex_mle,14.41488
afg,2014,sex_btsx,8.69639
afg,2014,sex_fmle,3.18337
afg,2014,sex_mle,14.09335
afg,2015,sex_btsx,9.19687
afg,2015,sex_fmle,3.43683
afg,2015,sex_mle,14.83321
afg,2016,sex_btsx,9.17127
afg,2016,sex_fmle,3.48786
afg,2016,sex_mle,14.73091
afg,2017,sex_btsx,8.47055
afg,2017,sex_fmle,3.25968
afg,2017,sex_mle,13.56904
afg,2018,sex_btsx,8.66404
afg,2018,sex_fmle,3.29227
afg,2018,sex_mle,13.92406
afg,2019,sex_btsx,8.48367
afg,2019,sex_fmle,3.31558
afg,2019,sex_mle,13.54819
afg,2020,sex_btsx,8.3773
afg,2020,sex_fmle,3.28786
afg,2020,sex_mle,13.36821
afg,2021,sex_btsx,8.32507
afg,2021,sex_fmle,3.30772
afg,2021,sex_mle,13.24983
ago,2000,sex_btsx,13.31208
ago,2000,sex_fmle,4.99581
ago,2000,sex_mle,21.92604
ago,2001,sex_btsx,13.11035
ago,2001,sex_fmle,4.88918
ago,2001,sex_mle,21.62816
ago,2002,sex_btsx,12.87874
ago,2002,sex_fmle,4.79379
ago,2002,sex_mle,21.25629
ago,2003,sex_btsx,12.63156
ago,2003,sex_fmle,4.66986
ago,2003,sex_mle,20.87672
ago,2004,sex_btsx,12.25953
ago,2004,sex_fmle,4.55637
ago,2004,sex_mle,20.22945
ago,2005,sex_btsx,12.0369
ago,2005,sex_fmle,4.44292
ago,2005,sex_mle,19.88615
ago,2006,sex_btsx,11.82165
ago,2006,sex_fmle,4.31805
ago,2006,sex_mle,19.56946
ago,2007,sex_btsx,11.53405
ago,2007,sex_fmle,4.18873
ago,2007,sex_mle,19.11033
ago,2008,sex_btsx,11.27976
ago,2008,sex_fmle,4.06343
ago,2008,sex_mle,18.71524
ago,2009,sex_btsx,11.06575
ago,2009,sex_fmle,3.92895
ago,2009,sex_mle,18.41188
ago,2010,sex_btsx,10.79285
ago,2010,sex_fmle,3.79581
ago,2010,sex_mle,17.98825
ago,2011,sex_btsx,10.58251
ago,2011,sex_fmle,3.68013
ago,2011,sex_mle,17.67456
ago,2012,sex_btsx,10.33946
ago,2012,sex_fmle,3.55655
ago,2012,sex_mle,17.30382
ago,2013,sex_btsx,10.20741
ago,2013,sex_fmle,3.50329
ago,2013,sex_mle,17.08654
ago,2014,sex_btsx,10.07728
ago,2014,sex_fmle,3.46331
ago,2014,sex_mle,16.86006
ago,2015,sex_btsx,9.96071
ago,2015,sex_fmle,3.42958
ago,2015,sex_mle,16.655
ago,2016,sex_btsx,9.70455
ago,2016,sex_fmle,3.36516
ago,2016,sex_mle,16.19887
ago,2017,sex_btsx,9.40703
ago,2017,sex_fmle,3.28732
ago,2017,sex_mle,15.67299
ago,2018,sex_btsx,9.22273
ago,2018,sex_fmle,3.24745
ago,2018,sex_mle,15.33768
ago,2019,sex_btsx,9.02338
ago,2019,sex_fmle,3.19652
ago,2019,sex_mle,14.98352
ago,2020,sex_btsx,8.8392
ago,2020,sex_fmle,3.15703
ago,2020,sex_mle,14.64911
ago,2021,sex_btsx,8.66682
ago,2021,sex_fmle,3.11914
ago,2021,sex_mle,14.3372
alb,2000,sex_btsx,5.97858
alb,2000,sex_fmle,1.70753
alb,2000,sex_mle,10.45574
alb,2001,sex_btsx,6.75547
alb,2001,sex_fmle,2.33156
alb,2001,sex_mle,11.40576
alb,2002,sex_btsx,6.74112
alb,2002,sex_fmle,2.52245
alb,2002,sex_mle,11.16403
alb,2003,sex_btsx,6.12327
alb,2003,sex_fmle,2.57569
alb,2003,sex_mle,9.82823
alb,2004,sex_btsx,5.52436
alb,2004,sex_fmle,2.33215
alb,2004,sex_mle,8.8459
alb,2005,sex_btsx,5.23191
alb,2005,sex_fmle,2.87449
alb,2005,sex_mle,7.67633
alb,2006,sex_btsx,4.5653
alb,2006,sex_fmle,2.33477
alb,2006,sex_mle,6.87069
alb,2007,sex_btsx,4.31861
alb,2007,sex_fmle,2.24724
alb,2007,sex_mle,6.45307
alb,2008,sex_btsx,4.1616
alb,2008,sex_fmle,2.27931
alb,2008,sex_mle,6.09566
alb,2009,sex_btsx,4.23858
alb,2009,sex_fmle,2.42337
alb,2009,sex_mle,6.0985
alb,2010,sex_btsx,4.72972
alb,2010,sex_fmle,2.67581
alb,2010,sex_mle,6.82854
alb,2011,sex_btsx,5.10863
alb,2011,sex_fmle,3.41539
alb,2011,sex_mle,6.83679
alb,2012,sex_btsx,5.20981
alb,2012,sex_fmle,2.92821
alb,2012,sex_mle,7.53889
alb,2013,sex_btsx,4.84078
alb,2013,sex_fmle,2.66341
alb,2013,sex_mle,7.06366
alb,2014,sex_btsx,4.43718
alb,2014,sex_fmle,2.47107
alb,2014,sex_mle,6.44436
alb,2015,sex_btsx,3.91761
alb,2015,sex_fmle,2.27721
alb,2015,sex_mle,5.59214
alb,2016,sex_btsx,3.7337
alb,2016,sex_fmle,2.16891
alb,2016,sex_mle,5.33078
alb,2017,sex_btsx,3.3523
alb,2017,sex_fmle,1.95784
alb,2017,sex_mle,4.77529
alb,2018,sex_btsx,3.61021
alb,2018,sex_fmle,2.11266
alb,2018,sex_mle,5.13817
alb,2019,sex_btsx,3.5003
alb,2019,sex_fmle,2.05266
alb,2019,sex_mle,4.97701
alb,2020,sex_btsx,3.42955
alb,2020,sex_fmle,1.96147
alb,2020,sex_mle,4.92772
alb,2021,sex_btsx,3.40201
alb,2021,sex_fmle,1.93835
alb,2021,sex_mle,4.89717
are,2000,sex_btsx,1.34113
are,2000,sex_fmle,0.46087
are,2000,sex_mle,1.73719
are,2001,sex_btsx,1.35141
are,2001,sex_fmle,0.44457
are,2001,sex_mle,1.75915
are,2002,sex_btsx,1.32591
are,2002,sex_fmle,0.42127
are,2002,sex_mle,1.73262
are,2003,sex_btsx,1.28838
are,2003,sex_fmle,0.32774
are,2003,sex_mle,1.72037
are,2004,sex_btsx,1.22246
are,2004,sex_fmle,0.32248
are,2004,sex_mle,1.62725
are,2005,sex_btsx,1.37855
are,2005,sex_fmle,0.39937
are,2005,sex_mle,1.81893
are,2006,sex_btsx,1.37262
are,2006,sex_fmle,0.37001
are,2006,sex_mle,1.82618
are,2007,sex_btsx,1.35601
are,2007,sex_fmle,0.34644
are,2007,sex_mle,1.82046
are,2008,sex_btsx,1.26854
are,2008,sex_fmle,0.31854
are,2008,sex_mle,1.7158
are,2009,sex_btsx,1.18938
are,2009,sex_fmle,0.29155
are,2009,sex_mle,1.6242
are,2010,sex_btsx,1.1409
are,2010,sex_fmle,0.27401
are,2010,sex_mle,1.57369
are,2011,sex_btsx,1.07802
are,2011,sex_fmle,0.25406
are,2011,sex_mle,1.50181
are,2012,sex_btsx,1.06998
are,2012,sex_fmle,0.25039
are,2012,sex_mle,1.50184
are,2013,sex_btsx,0.99974
are,2013,sex_fmle,0.23772
are,2013,sex_mle,1.406
are,2014,sex_btsx,0.94051
are,2014,sex_fmle,0.22795
are,2014,sex_mle,1.32241
are,2015,sex_btsx,0.87792
are,2015,sex_fmle,0.21824
are,2015,sex_mle,1.23337
are,2016,sex_btsx,0.85194
are,2016,sex_fmle,0.20959
are,2016,sex_mle,1.20018
are,2017,sex_btsx,0.77328
are,2017,sex_fmle,0.19277
are,2017,sex_mle,1.08961
are,2018,sex_btsx,0.76753
are,2018,sex_fmle,0.19315
are,2018,sex_mle,1.08191
are,2019,sex_btsx,0.74861
are,2019,sex_fmle,0.1913
are,2019,sex_mle,1.0551
are,2020,sex_btsx,0.70424
are,2020,sex_fmle,0.18697
are,2020,sex_mle,0.9904
are,2021,sex_btsx,0.67269
are,2021,sex_fmle,0.18432
are,2021,sex_mle,0.94476
arg,2000,sex_btsx,7.33793
arg,2000,sex_fmle,2.20292
arg,2000,sex_mle,12.62028
arg,2001,sex_btsx,8.75508
arg,2001,sex_fmle,2.64393
arg,2001,sex_mle,15.04058
arg,2002,sex_btsx,9.48101
arg,2002,sex_fmle,2.79649
arg,2002,sex_mle,16.35572
arg,2003,sex_btsx,8.27534
arg,2003,sex_fmle,2.59042
arg,2003,sex_mle,14.12133
arg,2004,sex_btsx,6.42936
arg,2004,sex_fmle,2.04803
arg,2004,sex_mle,10.93343
arg,2005,sex_btsx,5.90726
arg,2005,sex_fmle,1.87997
arg,2005,sex_mle,10.04549
arg,2006,sex_btsx,5.64961
arg,2006,sex_fmle,1.83703
arg,2006,sex_mle,9.56486
arg,2007,sex_btsx,5.17196
arg,2007,sex_fmle,1.66682
arg,2007,sex_mle,8.76872
arg,2008,sex_btsx,5.374
arg,2008,sex_fmle,1.69644
arg,2008,sex_mle,9.14454
arg,2009,sex_btsx,5.34372
arg,2009,sex_fmle,1.80383
arg,2009,sex_mle,8.96995
arg,2010,sex_btsx,5.33735
arg,2010,sex_fmle,1.76652
arg,2010,sex_mle,8.99196
arg,2011,sex_btsx,5.24318
arg,2011,sex_fmle,1.69676
arg,2011,sex_mle,8.86993
arg,2012,sex_btsx,5.95902
arg,2012,sex_fmle,1.89419
arg,2012,sex_mle,10.11213
arg,2013,sex_btsx,6.01437
arg,2013,sex_fmle,1.89832
arg,2013,sex_mle,10.21474
arg,2014,sex_btsx,6.43034
arg,2014,sex_fmle,2.04284
arg,2014,sex_mle,10.90282
arg,2015,sex_btsx,6.32818
arg,2015,sex_fmle,1.99691
arg,2015,sex_mle,10.74022
arg,2016,sex_btsx,6.18878
arg,2016,sex_fmle,1.94718
arg,2016,sex_mle,10.5073
arg,2017,sex_btsx,6.31416
arg,2017,sex_fmle,1.9863
arg,2017,sex_mle,10.71744
arg,2018,sex_btsx,6.05292
arg,2018,sex_fmle,1.90249
arg,2018,sex_mle,10.27258
arg,2019,sex_btsx,6.04653
arg,2019,sex_fmle,1.9017
arg,2019,sex_mle,10.25788
arg,2020,sex_btsx,5.98609
arg,2020,sex_fmle,1.89164
arg,2020,sex_mle,10.145
arg,2021,sex_btsx,5.93905
arg,2021,sex_fmle,1.88126
arg,2021,sex_mle,10.06112
arm,2000,sex_btsx,4.31081
arm,2000,sex_fmle,1.77006
arm,2000,sex_mle,7.2055
arm,2001,sex_btsx,4.10075
arm,2001,sex_fmle,1.57062
arm,2001,sex_mle,7.01093
arm,2002,sex_btsx,3.93217
arm,2002,sex_fmle,1.5271
arm,2002,sex_mle,6.70432
arm,2003,sex_btsx,3.80375
arm,2003,sex_fmle,1.39691
arm,2003,sex_mle,6.5807
arm,2004,sex_btsx,3.92035
arm,2004,sex_fmle,1.48756
arm,2004,sex_mle,6.73019
arm,2005,sex_btsx,4.04922
arm,2005,sex_fmle,1.43377
arm,2005,sex_mle,7.07347
arm,2006,sex_btsx,4.23164
arm,2006,sex_fmle,1.50675
arm,2006,sex_mle,7.38634
arm,2007,sex_btsx,4.18858
arm,2007,sex_fmle,1.47031
arm,2007,sex_mle,7.33979
arm,2008,sex_btsx,4.25407
arm,2008,sex_fmle,1.55842
arm,2008,sex_mle,7.3898
arm,2009,sex_btsx,4.309
arm,2009,sex_fmle,1.47911
arm,2009,sex_mle,7.62
arm,2010,sex_btsx,4.21578
arm,2010,sex_fmle,1.44212
arm,2010,sex_mle,7.48128
arm,2011,sex_btsx,4.26341
arm,2011,sex_fmle,1.44108
arm,2011,sex_mle,7.59473
arm,2012,sex_btsx,4.28711
arm,2012,sex_fmle,1.57875
arm,2012,sex_mle,7.47958
arm,2013,sex_btsx,4.0489
arm,2013,sex_fmle,1.60196
arm,2013,sex_mle,6.92903
arm,2014,sex_btsx,3.95999
arm,2014,sex_fmle,1.59938
arm,2014,sex_mle,6.73447
arm,2015,sex_btsx,3.97642
arm,2015,sex_fmle,1.56103
arm,2015,sex_mle,6.81147
arm,2016,sex_btsx,3.93544
arm,2016,sex_fmle,1.5195
arm,2016,sex_mle,6.76767
arm,2017,sex_btsx,3.94667
arm,2017,sex_fmle,1.50931
arm,2017,sex_mle,6.80095
arm,2018,sex_btsx,4.06817
arm,2018,sex_fmle,1.54102
arm,2018,sex_mle,7.0216
arm,2019,sex_btsx,4.10118
arm,2019,sex_fmle,1.53363
arm,2019,sex_mle,7.09336
arm,2020,sex_btsx,4.08925
arm,2020,sex_fmle,1.5316
arm,2020,sex_mle,7.06415
arm,2021,sex_btsx,4.13613
arm,2021,sex_fmle,1.53377
arm,2021,sex_mle,7.15927
atg,2000,sex_btsx,4.23247
atg,2000,sex_fmle,1.20323
atg,2000,sex_mle,7.63012
atg,2001,sex_btsx,6.34462
atg,2001,sex_fmle,1.99522
atg,2001,sex_mle,11.23491
atg,2002,sex_btsx,5.1993
atg,2002,sex_fmle,1.63693
atg,2002,sex_mle,9.20499
atg,2003,sex_btsx,5.51246
atg,2003,sex_fmle,1.92163
atg,2003,sex_mle,9.54533
atg,2004,sex_btsx,5.5856
atg,2004,sex_fmle,2.50733
atg,2004,sex_mle,9.03778
atg,2005,sex_btsx,6.1537
atg,2005,sex_fmle,1.43757
atg,2005,sex_mle,11.43639
atg,2006,sex_btsx,4.18451
atg,2006,sex_fmle,2.08571
atg,2006,sex_mle,6.53147
atg,2007,sex_btsx,3.54244
atg,2007,sex_fmle,1.25119
atg,2007,sex_mle,6.10037
atg,2008,sex_btsx,3.07073
atg,2008,sex_fmle,1.52788
atg,2008,sex_mle,4.7904
atg,2009,sex_btsx,3.26452
atg,2009,sex_fmle,1.66908
atg,2009,sex_mle,5.04007
atg,2010,sex_btsx,3.14236
atg,2010,sex_fmle,1.73983
atg,2010,sex_mle,4.70099
atg,2011,sex_btsx,2.88307
atg,2011,sex_fmle,1.40407
atg,2011,sex_mle,4.52475
atg,2012,sex_btsx,2.80403
atg,2012,sex_fmle,1.39245
atg,2012,sex_mle,4.3691
atg,2013,sex_btsx,2.71635
atg,2013,sex_fmle,1.26171
atg,2013,sex_mle,4.32803
atg,2014,sex_btsx,2.58489
atg,2014,sex_fmle,1.1097
atg,2014,sex_mle,4.21853
atg,2015,sex_btsx,2.5025
atg,2015,sex_fmle,1.20021
atg,2015,sex_mle,3.94362
atg,2016,sex_btsx,2.52044
atg,2016,sex_fmle,1.22798
atg,2016,sex_mle,3.94981
atg,2017,sex_btsx,2.51048
atg,2017,sex_fmle,1.23517
atg,2017,sex_mle,3.91998
atg,2018,sex_btsx,2.55521
atg,2018,sex_fmle,1.26922
atg,2018,sex_mle,3.97589
atg,2019,sex_btsx,3.61789
atg,2019,sex_fmle,1.60313
atg,2019,sex_mle,5.84245
atg,2020,sex_btsx,4.93457
atg,2020,sex_fmle,2.42546
atg,2020,sex_mle,7.70298
atg,2021,sex_btsx,5.82105
atg,2021,sex_fmle,3.77542
atg,2021,sex_mle,8.07678
aus,2000,sex_btsx,1.64683
aus,2000,sex_fmle,1.27438
aus,2000,sex_mle,2.02478
aus,2001,sex_btsx,1.59391
aus,2001,sex_fmle,1.07338
aus,2001,sex_mle,2.12227
aus,2002,sex_btsx,1.51494
aus,2002,sex_fmle,1.02816
aus,2002,sex_mle,2.00895
aus,2003,sex_btsx,1.30793
aus,2003,sex_fmle,0.80533
aus,2003,sex_mle,1.81782
aus,2004,sex_btsx,1.27532
aus,2004,sex_fmle,0.93345
aus,2004,sex_mle,1.62204
aus,2005,sex_btsx,1.26437
aus,2005,sex_fmle,0.89264
aus,2005,sex_mle,1.64118
aus,2006,sex_btsx,1.30264
aus,2006,sex_fmle,0.91725
aus,2006,sex_mle,1.69301
aus,2007,sex_btsx,1.12556
aus,2007,sex_fmle,0.84161
aus,2007,sex_mle,1.4128
aus,2008,sex_btsx,1.2881
aus,2008,sex_fmle,0.99485
aus,2008,sex_mle,1.58427
aus,2009,sex_btsx,1.32659
aus,2009,sex_fmle,0.76841
aus,2009,sex_mle,1.88966
aus,2010,sex_btsx,1.20665
aus,2010,sex_fmle,0.8778
aus,2010,sex_mle,1.53836
aus,2011,sex_btsx,1.17327
aus,2011,sex_fmle,0.89215
aus,2011,sex_mle,1.45694
aus,2012,sex_btsx,1.29781
aus,2012,sex_fmle,0.80894
aus,2012,sex_mle,1.7913
aus,2013,sex_btsx,1.11338
aus,2013,sex_fmle,0.82263
aus,2013,sex_mle,1.40714
aus,2014,sex_btsx,1.10013
aus,2014,sex_fmle,0.80295
aus,2014,sex_mle,1.40085
aus,2015,sex_btsx,1.14063
aus,2015,sex_fmle,0.74474
aus,2015,sex_mle,1.54195
aus,2016,sex_btsx,0.99152
aus,2016,sex_fmle,0.69735
aus,2016,sex_mle,1.29013
aus,2017,sex_btsx,0.98516
aus,2017,sex_fmle,0.6839
aus,2017,sex_mle,1.29106
aus,2018,sex_btsx,0.98718
aus,2018,sex_fmle,0.68072
aus,2018,sex_mle,1.29828
aus,2019,sex_btsx,0.95941
aus,2019,sex_fmle,0.65701
aus,2019,sex_mle,1.26637
aus,2020,sex_btsx,0.92466
aus,2020,sex_fmle,0.63976
aus,2020,sex_mle,1.21393
aus,2021,sex_btsx,0.9091
aus,2021,sex_fmle,0.63025
aus,2021,sex_mle,1.19224
aut,2000,sex_btsx,1.01671
aut,2000,sex_fmle,0.95763
aut,2000,sex_mle,1.07978
aut,2001,sex_btsx,1.0078
aut,2001,sex_fmle,0.95231
aut,2001,sex_mle,1.06692
aut,2002,sex_btsx,0.90007
aut,2002,sex_fmle,0.83128
aut,2002,sex_mle,0.97317
aut,2003,sex_btsx,0.61175
aut,2003,sex_fmle,0.56892
aut,2003,sex_mle,0.65717
aut,2004,sex_btsx,0.76975
aut,2004,sex_fmle,0.69817
aut,2004,sex_mle,0.84557
aut,2005,sex_btsx,0.85046
aut,2005,sex_fmle,0.77777
aut,2005,sex_mle,0.92732
aut,2006,sex_btsx,0.86909
aut,2006,sex_fmle,0.79373
aut,2006,sex_mle,0.94866
aut,2007,sex_btsx,0.67382
aut,2007,sex_fmle,0.6019
aut,2007,sex_mle,0.74972
aut,2008,sex_btsx,0.61977
aut,2008,sex_fmle,0.56409
aut,2008,sex_mle,0.6785
aut,2009,sex_btsx,0.74781
aut,2009,sex_fmle,0.6761
aut,2009,sex_mle,0.82342
aut,2010,sex_btsx,0.58147
aut,2010,sex_fmle,0.52147
aut,2010,sex_mle,0.64468
aut,2011,sex_btsx,0.83556
aut,2011,sex_fmle,0.76105
aut,2011,sex_mle,0.914
aut,2012,sex_btsx,0.91515
aut,2012,sex_fmle,0.81692
aut,2012,sex_mle,1.01837
aut,2013,sex_btsx,0.69806
aut,2013,sex_fmle,0.63199
aut,2013,sex_mle,0.76735
aut,2014,sex_btsx,0.48678
aut,2014,sex_fmle,0.45042
aut,2014,sex_mle,0.5248
aut,2015,sex_btsx,0.6416
aut,2015,sex_fmle,0.58742
aut,2015,sex_mle,0.69795
aut,2016,sex_btsx,0.52988
aut,2016,sex_fmle,0.50075
aut,2016,sex_mle,0.56004
aut,2017,sex_btsx,0.53589
aut,2017,sex_fmle,0.50825
aut,2017,sex_mle,0.56447
aut,2018,sex_btsx,0.54197
aut,2018,sex_fmle,0.51493
aut,2018,sex_mle,0.5699
aut,2019,sex_btsx,0.52653
aut,2019,sex_fmle,0.49988
aut,2019,sex_mle,0.55405
aut,2020,sex_btsx,0.50965
aut,2020,sex_fmle,0.4735
aut,2020,sex_mle,0.54698
aut,2021,sex_btsx,0.49435
aut,2021,sex_fmle,0.45998
aut,2021,sex_mle,0.52985
aze,2000,sex_btsx,3.04048
aze,2000,sex_fmle,1.05286
aze,2000,sex_mle,5.26991
aze,2001,sex_btsx,2.94765
aze,2001,sex_fmle,1.07883
aze,2001,sex_mle,5.03618
aze,2002,sex_btsx,2.83138
aze,2002,sex_fmle,1.05717
aze,2002,sex_mle,4.80694
aze,2003,sex_btsx,2.67783
aze,2003,sex_fmle,1.03509
aze,2003,sex_mle,4.50067
aze,2004,sex_btsx,2.67468
aze,2004,sex_fmle,1.04025
aze,2004,sex_mle,4.48147
aze,2005,sex_btsx,2.58697
aze,2005,sex_fmle,1.02897
aze,2005,sex_mle,4.30202
aze,2006,sex_btsx,2.54761
aze,2006,sex_fmle,1.0183
aze,2006,sex_mle,4.22389
aze,2007,sex_btsx,2.49435
aze,2007,sex_fmle,1.0849
aze,2007,sex_mle,4.03278
aze,2008,sex_btsx,2.47691
aze,2008,sex_fmle,1.02928
aze,2008,sex_mle,4.05069
aze,2009,sex_btsx,2.49737
aze,2009,sex_fmle,1.06756
aze,2009,sex_mle,4.04653
aze,2010,sex_btsx,2.54387
aze,2010,sex_fmle,1.0633
aze,2010,sex_mle,4.14331
aze,2011,sex_btsx,2.54982
aze,2011,sex_fmle,1.04242
aze,2011,sex_mle,4.17341
aze,2012,sex_btsx,2.55267
aze,2012,sex_fmle,1.06676
aze,2012,sex_mle,4.14813
aze,2013,sex_btsx,2.6004
aze,2013,sex_fmle,1.09723
aze,2013,sex_mle,4.20935
aze,2014,sex_btsx,2.62251
aze,2014,sex_fmle,1.12172
aze,2014,sex_mle,4.22424
aze,2015,sex_btsx,2.56261
aze,2015,sex_fmle,1.10203
aze,2015,sex_mle,4.11731
aze,2016,sex_btsx,2.47155
aze,2016,sex_fmle,1.06319
aze,2016,sex_mle,3.9641
aze,2017,sex_btsx,2.41213
aze,2017,sex_fmle,1.02833
aze,2017,sex_mle,3.87014
aze,2018,sex_btsx,2.48293
aze,2018,sex_fmle,1.05803
aze,2018,sex_mle,3.97698
aze,2019,sex_btsx,2.47828
aze,2019,sex_fmle,1.05576
aze,2019,sex_mle,3.96556
aze,2020,sex_btsx,2.45716
aze,2020,sex_fmle,1.03093
aze,2020,sex_mle,3.94674
aze,2021,sex_btsx,2.45762
aze,2021,sex_fmle,1.0226
aze,2021,sex_mle,3.95496
bdi,2000,sex_btsx,5.63899
bdi,2000,sex_fmle,2.84013
bdi,2000,sex_mle,8.52268
bdi,2001,sex_btsx,5.58556
bdi,2001,sex_fmle,2.82759
bdi,2001,sex_mle,8.42662
bdi,2002,sex_btsx,5.53312
bdi,2002,sex_fmle,2.81389
bdi,2002,sex_mle,8.33302
bdi,2003,sex_btsx,5.48734
bdi,2003,sex_fmle,2.82838
bdi,2003,sex_mle,8.22292
bdi,2004,sex_btsx,5.41992
bdi,2004,sex_fmle,2.79002
bdi,2004,sex_mle,8.1226
bdi,2005,sex_btsx,5.34953
bdi,2005,sex_fmle,2.77425
bdi,2005,sex_mle,7.99306
bdi,2006,sex_btsx,5.29743
bdi,2006,sex_fmle,2.76073
bdi,2006,sex_mle,7.8985
bdi,2007,sex_btsx,5.23812
bdi,2007,sex_fmle,2.72466
bdi,2007,sex_mle,7.81245
bdi,2008,sex_btsx,5.15749
bdi,2008,sex_fmle,2.66307
bdi,2008,sex_mle,7.70927
bdi,2009,sex_btsx,5.08755
bdi,2009,sex_fmle,2.57444
bdi,2009,sex_mle,7.65494
bdi,2010,sex_btsx,4.96148
bdi,2010,sex_fmle,2.45258
bdi,2010,sex_mle,7.5214
bdi,2011,sex_btsx,5.09295
bdi,2011,sex_fmle,2.4763
bdi,2011,sex_mle,7.76026
bdi,2012,sex_btsx,5.52285
bdi,2012,sex_fmle,2.67258
bdi,2012,sex_mle,8.42561
bdi,2013,sex_btsx,5.69804
bdi,2013,sex_fmle,2.71795
bdi,2013,sex_mle,8.73029
bdi,2014,sex_btsx,5.78347
bdi,2014,sex_fmle,2.77225
bdi,2014,sex_mle,8.845
bdi,2015,sex_btsx,5.70921
bdi,2015,sex_fmle,2.73547
bdi,2015,sex_mle,8.73119
bdi,2016,sex_btsx,6.10562
bdi,2016,sex_fmle,2.91177
bdi,2016,sex_mle,9.35016
bdi,2017,sex_btsx,6.14314
bdi,2017,sex_fmle,2.92155
bdi,2017,sex_mle,9.4143
bdi,2018,sex_btsx,6.27664
bdi,2018,sex_fmle,2.98079
bdi,2018,sex_mle,9.62139
bdi,2019,sex_btsx,6.37955
bdi,2019,sex_fmle,3.02573
bdi,2019,sex_mle,9.78131
bdi,2020,sex_btsx,6.44089
bdi,2020,sex_fmle,3.0464
bdi,2020,sex_mle,9.8826
bdi,2021,sex_btsx,6.50813
bdi,2021,sex_fmle,3.07231
bdi,2021,sex_mle,9.99078
bel,2000,sex_btsx,2.01776
bel,2000,sex_fmle,1.60881
bel,2000,sex_mle,2.44525
bel,2001,sex_btsx,2.22692
bel,2001,sex_fmle,1.77065
bel,2001,sex_mle,2.70372
bel,2002,sex_btsx,2.29113
bel,2002,sex_fmle,1.84081
bel,2002,sex_mle,2.76137
bel,2003,sex_btsx,1.87868
bel,2003,sex_fmle,1.52695
bel,2003,sex_mle,2.24578
bel,2004,sex_btsx,2.05013
bel,2004,sex_fmle,1.67443
bel,2004,sex_mle,2.44222
bel,2005,sex_btsx,1.88848
bel,2005,sex_fmle,1.55213
bel,2005,sex_mle,2.23947
bel,2006,sex_btsx,1.76367
bel,2006,sex_fmle,1.4422
bel,2006,sex_mle,2.099
bel,2007,sex_btsx,1.76789
bel,2007,sex_fmle,1.47214
bel,2007,sex_mle,2.07618
bel,2008,sex_btsx,1.53904
bel,2008,sex_fmle,1.24679
bel,2008,sex_mle,1.84339
bel,2009,sex_btsx,1.56111
bel,2009,sex_fmle,1.30514
bel,2009,sex_mle,1.82724
bel,2010,sex_btsx,1.48216
bel,2010,sex_fmle,1.23578
bel,2010,sex_mle,1.73775
bel,2011,sex_btsx,1.64577
bel,2011,sex_fmle,1.38353
bel,2011,sex_mle,1.9175
bel,2012,sex_btsx,1.53717
bel,2012,sex_fmle,1.27378
bel,2012,sex_mle,1.80991
bel,2013,sex_btsx,1.4369
bel,2013,sex_fmle,1.23829
bel,2013,sex_mle,1.64247
bel,2014,sex_btsx,1.47044
bel,2014,sex_fmle,1.2389
bel,2014,sex_mle,1.71002
bel,2015,sex_btsx,1.46439
bel,2015,sex_fmle,1.26136
bel,2015,sex_mle,1.67404
bel,2016,sex_btsx,1.4472
bel,2016,sex_fmle,1.25939
bel,2016,sex_mle,1.64082
bel,2017,sex_btsx,1.36898
bel,2017,sex_fmle,1.19342
bel,2017,sex_mle,1.54992
bel,2018,sex_btsx,1.33104
bel,2018,sex_fmle,1.16203
bel,2018,sex_mle,1.5051
bel,2019,sex_btsx,1.29839
bel,2019,sex_fmle,1.13496
bel,2019,sex_mle,1.46652
bel,2020,sex_btsx,1.25709
bel,2020,sex_fmle,1.11132
bel,2020,sex_mle,1.40687
bel,2021,sex_btsx,1.22565
bel,2021,sex_fmle,1.08887
bel,2021,sex_mle,1.36627
ben,2000,sex_btsx,7.24011
ben,2000,sex_fmle,3.36102
ben,2000,sex_mle,11.21266
ben,2001,sex_btsx,7.19756
ben,2001,sex_fmle,3.29616
ben,2001,sex_mle,11.18618
ben,2002,sex_btsx,7.12688
ben,2002,sex_fmle,3.23538
ben,2002,sex_mle,11.09868
ben,2003,sex_btsx,7.08605
ben,2003,sex_fmle,3.21165
ben,2003,sex_mle,11.0336
ben,2004,sex_btsx,7.03902
ben,2004,sex_fmle,3.14101
ben,2004,sex_mle,11.00372
ben,2005,sex_btsx,6.99275
ben,2005,sex_fmle,3.10583
ben,2005,sex_mle,10.94277
ben,2006,sex_btsx,6.86134
ben,2006,sex_fmle,3.06538
ben,2006,sex_mle,10.71527
ben,2007,sex_btsx,6.72234
ben,2007,sex_fmle,3.01552
ben,2007,sex_mle,10.4788
ben,2008,sex_btsx,6.58751
ben,2008,sex_fmle,2.97146
ben,2008,sex_mle,10.2457
ben,2009,sex_btsx,6.45958
ben,2009,sex_fmle,2.94129
ben,2009,sex_mle,10.01331
ben,2010,sex_btsx,6.35141
ben,2010,sex_fmle,2.9129
ben,2010,sex_mle,9.81934
ben,2011,sex_btsx,6.37601
ben,2011,sex_fmle,2.94656
ben,2011,sex_mle,9.82978
ben,2012,sex_btsx,6.38895
ben,2012,sex_fmle,2.96792
ben,2012,sex_mle,9.8292
ben,2013,sex_btsx,6.30266
ben,2013,sex_fmle,2.92164
ben,2013,sex_mle,9.69762
ben,2014,sex_btsx,6.27575
ben,2014,sex_fmle,2.90746
ben,2014,sex_mle,9.65315
ben,2015,sex_btsx,6.21347
ben,2015,sex_fmle,2.8837
ben,2015,sex_mle,9.54787
ben,2016,sex_btsx,6.15671
ben,2016,sex_fmle,2.83578
ben,2016,sex_mle,9.47822
ben,2017,sex_btsx,6.02571
ben,2017,sex_fmle,2.79613
ben,2017,sex_mle,9.25238
ben,2018,sex_btsx,5.97666
ben,2018,sex_fmle,2.7926
ben,2018,sex_mle,9.15468
ben,2019,sex_btsx,5.91053
ben,2019,sex_fmle,2.77685
ben,2019,sex_mle,9.03544
ben,2020,sex_btsx,5.84064
ben,2020,sex_fmle,2.76342
ben,2020,sex_mle,8.90709
ben,2021,sex_btsx,5.77816
ben,2021,sex_fmle,2.7525
ben,2021,sex_mle,8.79125
bfa,2000,sex_btsx,10.36747
bfa,2000,sex_fmle,5.77437
bfa,2000,sex_mle,15.10567
bfa,2001,sex_btsx,10.03445
bfa,2001,sex_fmle,5.39755
bfa,2001,sex_mle,14.80583
bfa,2002,sex_btsx,10.01734
bfa,2002,sex_fmle,5.40436
bfa,2002,sex_mle,14.75124
bfa,2003,sex_btsx,9.99559
bfa,2003,sex_fmle,5.35767
bfa,2003,sex_mle,14.74218
bfa,2004,sex_btsx,9.93712
bfa,2004,sex_fmle,5.28018
bfa,2004,sex_mle,14.69058
bfa,2005,sex_btsx,9.86602
bfa,2005,sex_fmle,5.24466
bfa,2005,sex_mle,14.57175
bfa,2006,sex_btsx,9.80625
bfa,2006,sex_fmle,5.16022
bfa,2006,sex_mle,14.52852
bfa,2007,sex_btsx,9.77293
bfa,2007,sex_fmle,5.07826
bfa,2007,sex_mle,14.54019
bfa,2008,sex_btsx,9.74585
bfa,2008,sex_fmle,5.03535
bfa,2008,sex_mle,14.5283
bfa,2009,sex_btsx,9.68317
bfa,2009,sex_fmle,4.97713
bfa,2009,sex_mle,14.46099
bfa,2010,sex_btsx,9.68717
bfa,2010,sex_fmle,4.99425
bfa,2010,sex_mle,14.45139
bfa,2011,sex_btsx,9.6496
bfa,2011,sex_fmle,5.15039
bfa,2011,sex_mle,14.21614
bfa,2012,sex_btsx,9.59257
bfa,2012,sex_fmle,5.05342
bfa,2012,sex_mle,14.19666
bfa,2013,sex_btsx,9.55845
bfa,2013,sex_fmle,5.12551
bfa,2013,sex_mle,14.05188
bfa,2014,sex_btsx,9.60722
bfa,2014,sex_fmle,5.30152
bfa,2014,sex_mle,13.96869
bfa,2015,sex_btsx,9.54753
bfa,2015,sex_fmle,5.37117
bfa,2015,sex_mle,13.77436
bfa,2016,sex_btsx,9.44688
bfa,2016,sex_fmle,5.39418
bfa,2016,sex_mle,13.54459
bfa,2017,sex_btsx,9.26598
bfa,2017,sex_fmle,5.33948
bfa,2017,sex_mle,13.23222
bfa,2018,sex_btsx,9.33468
bfa,2018,sex_fmle,5.42784
bfa,2018,sex_mle,13.27856
bfa,2019,sex_btsx,9.30409
bfa,2019,sex_fmle,5.45954
bfa,2019,sex_mle,13.18376
bfa,2020,sex_btsx,9.28246
bfa,2020,sex_fmle,5.51115
bfa,2020,sex_mle,13.0864
bfa,2021,sex_btsx,9.29279
bfa,2021,sex_fmle,5.57212
bfa,2021,sex_mle,13.04333
bgd,2000,sex_btsx,2.99896
bgd,2000,sex_fmle,1.86499
bgd,2000,sex_mle,4.09302
bgd,2001,sex_btsx,3.04967
bgd,2001,sex_fmle,1.94533
bgd,2001,sex_mle,4.11829
bgd,2002,sex_btsx,2.99485
bgd,2002,sex_fmle,1.93566
bgd,2002,sex_mle,4.02402
bgd,2003,sex_btsx,2.98285
bgd,2003,sex_fmle,1.94265
bgd,2003,sex_mle,3.99798
bgd,2004,sex_btsx,3.05701
bgd,2004,sex_fmle,1.96851
bgd,2004,sex_mle,4.12415
bgd,2005,sex_btsx,3.03039
bgd,2005,sex_fmle,1.90173
bgd,2005,sex_mle,4.14219
bgd,2006,sex_btsx,3.13667
bgd,2006,sex_fmle,1.90607
bgd,2006,sex_mle,4.35486
bgd,2007,sex_btsx,3.10938
bgd,2007,sex_fmle,1.86452
bgd,2007,sex_mle,4.34789
bgd,2008,sex_btsx,3.15306
bgd,2008,sex_fmle,1.88452
bgd,2008,sex_mle,4.42158
bgd,2009,sex_btsx,3.16771
bgd,2009,sex_fmle,1.89096
bgd,2009,sex_mle,4.45102
bgd,2010,sex_btsx,3.10081
bgd,2010,sex_fmle,1.8661
bgd,2010,sex_mle,4.34814
bgd,2011,sex_btsx,3.07483
bgd,2011,sex_fmle,1.86387
bgd,2011,sex_mle,4.30354
bgd,2012,sex_btsx,3.08673
bgd,2012,sex_fmle,1.87169
bgd,2012,sex_mle,4.32419
bgd,2013,sex_btsx,3.10947
bgd,2013,sex_fmle,1.87599
bgd,2013,sex_mle,4.37031
bgd,2014,sex_btsx,3.06966
bgd,2014,sex_fmle,1.82011
bgd,2014,sex_mle,4.3516
bgd,2015,sex_btsx,2.91982
bgd,2015,sex_fmle,1.70493
bgd,2015,sex_mle,4.17071
bgd,2016,sex_btsx,2.40771
bgd,2016,sex_fmle,1.56685
bgd,2016,sex_mle,3.27652
bgd,2017,sex_btsx,2.65516
bgd,2017,sex_fmle,1.49852
bgd,2017,sex_mle,3.85154
bgd,2018,sex_btsx,2.7755
bgd,2018,sex_fmle,1.53903
bgd,2018,sex_mle,4.05288
bgd,2019,sex_btsx,2.73805
bgd,2019,sex_fmle,1.49229
bgd,2019,sex_mle,4.02355
bgd,2020,sex_btsx,2.80403
bgd,2020,sex_fmle,1.51123
bgd,2020,sex_mle,4.13695
bgd,2021,sex_btsx,2.85914
bgd,2021,sex_fmle,1.52102
bgd,2021,sex_mle,4.23801
bgr,2000,sex_btsx,3.81703
bgr,2000,sex_fmle,2.04005
bgr,2000,sex_mle,5.68591
bgr,2001,sex_btsx,3.60966
bgr,2001,sex_fmle,1.86088
bgr,2001,sex_mle,5.45177
bgr,2002,sex_btsx,3.32735
bgr,2002,sex_fmle,1.72541
bgr,2002,sex_mle,5.01625
bgr,2003,sex_btsx,3.13763
bgr,2003,sex_fmle,1.62348
bgr,2003,sex_mle,4.7345
bgr,2004,sex_btsx,2.95698
bgr,2004,sex_fmle,1.54175
bgr,2004,sex_mle,4.45026
bgr,2005,sex_btsx,2.68876
bgr,2005,sex_fmle,1.42845
bgr,2005,sex_mle,4.01927
bgr,2006,sex_btsx,2.49261
bgr,2006,sex_fmle,1.30477
bgr,2006,sex_mle,3.74713
bgr,2007,sex_btsx,2.34061
bgr,2007,sex_fmle,1.22918
bgr,2007,sex_mle,3.51463
bgr,2008,sex_btsx,2.20914
bgr,2008,sex_fmle,1.14399
bgr,2008,sex_mle,3.33422
bgr,2009,sex_btsx,2.05296
bgr,2009,sex_fmle,1.06909
bgr,2009,sex_mle,3.09204
bgr,2010,sex_btsx,1.94012
bgr,2010,sex_fmle,1.05397
bgr,2010,sex_mle,2.87575
bgr,2011,sex_btsx,1.81841
bgr,2011,sex_fmle,0.96987
bgr,2011,sex_mle,2.71405
bgr,2012,sex_btsx,1.76068
bgr,2012,sex_fmle,0.93515
bgr,2012,sex_mle,2.63165
bgr,2013,sex_btsx,1.63071
bgr,2013,sex_fmle,0.86748
bgr,2013,sex_mle,2.43603
bgr,2014,sex_btsx,1.57522
bgr,2014,sex_fmle,0.86491
bgr,2014,sex_mle,2.32532
bgr,2015,sex_btsx,1.54235
bgr,2015,sex_fmle,0.8571
bgr,2015,sex_mle,2.26661
bgr,2016,sex_btsx,1.39295
bgr,2016,sex_fmle,0.79043
bgr,2016,sex_mle,2.03038
bgr,2017,sex_btsx,1.40902
bgr,2017,sex_fmle,0.7992
bgr,2017,sex_mle,2.05496
bgr,2018,sex_btsx,1.26293
bgr,2018,sex_fmle,0.71574
bgr,2018,sex_mle,1.84333
bgr,2019,sex_btsx,1.19256
bgr,2019,sex_fmle,0.67623
bgr,2019,sex_mle,1.741
bgr,2020,sex_btsx,1.13617
bgr,2020,sex_fmle,0.65055
bgr,2020,sex_mle,1.65281
bgr,2021,sex_btsx,1.07502
bgr,2021,sex_fmle,0.61812
bgr,2021,sex_mle,1.56165
bhr,2000,sex_btsx,1.49666
bhr,2000,sex_fmle,1.56942
bhr,2000,sex_mle,1.44625
bhr,2001,sex_btsx,1.20788
bhr,2001,sex_fmle,1.11531
bhr,2001,sex_mle,1.27142
bhr,2002,sex_btsx,1.05234
bhr,2002,sex_fmle,1.07495
bhr,2002,sex_mle,1.03715
bhr,2003,sex_btsx,1.02457
bhr,2003,sex_fmle,0.93001
bhr,2003,sex_mle,1.08679
bhr,2004,sex_btsx,0.95353
bhr,2004,sex_fmle,0.87921
bhr,2004,sex_mle,1.00157
bhr,2005,sex_btsx,0.90741
bhr,2005,sex_fmle,0.85012
bhr,2005,sex_mle,0.9439
bhr,2006,sex_btsx,0.87522
bhr,2006,sex_fmle,0.88823
bhr,2006,sex_mle,0.86705
bhr,2007,sex_btsx,0.86985
bhr,2007,sex_fmle,0.71501
bhr,2007,sex_mle,0.96615
bhr,2008,sex_btsx,0.8585
bhr,2008,sex_fmle,0.75791
bhr,2008,sex_mle,0.92047
bhr,2009,sex_btsx,0.83152
bhr,2009,sex_fmle,0.79122
bhr,2009,sex_mle,0.85614
bhr,2010,sex_btsx,0.8162
bhr,2010,sex_fmle,0.87352
bhr,2010,sex_mle,0.7813
bhr,2011,sex_btsx,0.82709
bhr,2011,sex_fmle,0.86578
bhr,2011,sex_mle,0.80368
bhr,2012,sex_btsx,0.61852
bhr,2012,sex_fmle,0.61101
bhr,2012,sex_mle,0.62299
bhr,2013,sex_btsx,0.54342
bhr,2013,sex_fmle,0.50256
bhr,2013,sex_mle,0.56793
bhr,2014,sex_btsx,0.71236
bhr,2014,sex_fmle,0.61402
bhr,2014,sex_mle,0.77306
bhr,2015,sex_btsx,0.52128
bhr,2015,sex_fmle,0.47409
bhr,2015,sex_mle,0.55041
bhr,2016,sex_btsx,0.36793
bhr,2016,sex_fmle,0.33181
bhr,2016,sex_mle,0.3896
bhr,2017,sex_btsx,0.22367
bhr,2017,sex_fmle,0.20143
bhr,2017,sex_mle,0.2367
bhr,2018,sex_btsx,0.35855
bhr,2018,sex_fmle,0.31508
bhr,2018,sex_mle,0.38423
bhr,2019,sex_btsx,0.34143
bhr,2019,sex_fmle,0.29489
bhr,2019,sex_mle,0.36938
bhr,2020,sex_btsx,0.29252
bhr,2020,sex_fmle,0.25596
bhr,2020,sex_mle,0.31464
bhr,2021,sex_btsx,0.27224
bhr,2021,sex_fmle,0.23483
bhr,2021,sex_mle,0.29517
bhs,2000,sex_btsx,18.72847
bhs,2000,sex_fmle,5.50096
bhs,2000,sex_mle,32.29283
bhs,2001,sex_btsx,15.97847
bhs,2001,sex_fmle,4.30722
bhs,2001,sex_mle,27.9731
bhs,2002,sex_btsx,15.65243
bhs,2002,sex_fmle,4.18593
bhs,2002,sex_mle,27.46015
bhs,2003,sex_btsx,15.32539
bhs,2003,sex_fmle,3.92469
bhs,2003,sex_mle,27.09437
bhs,2004,sex_btsx,15.20748
bhs,2004,sex_fmle,3.87977
bhs,2004,sex_mle,26.9337
bhs,2005,sex_btsx,16.45214
bhs,2005,sex_fmle,4.30486
bhs,2005,sex_mle,29.05863
bhs,2006,sex_btsx,18.25272
bhs,2006,sex_fmle,4.68414
bhs,2006,sex_mle,32.37795
bhs,2007,sex_btsx,20.74117
bhs,2007,sex_fmle,5.33277
bhs,2007,sex_mle,36.84245
bhs,2008,sex_btsx,22.10881
bhs,2008,sex_fmle,5.52264
bhs,2008,sex_mle,39.50182
bhs,2009,sex_btsx,24.49516
bhs,2009,sex_fmle,6.32381
bhs,2009,sex_mle,43.61861
bhs,2010,sex_btsx,26.80891
bhs,2010,sex_fmle,6.81158
bhs,2010,sex_mle,47.93387
bhs,2011,sex_btsx,29.94333
bhs,2011,sex_fmle,7.90465
bhs,2011,sex_mle,53.30686
bhs,2012,sex_btsx,30.3299
bhs,2012,sex_fmle,7.53579
bhs,2012,sex_mle,54.56304
bhs,2013,sex_btsx,31.40373
bhs,2013,sex_fmle,7.97369
bhs,2013,sex_mle,56.37767
bhs,2014,sex_btsx,32.27031
bhs,2014,sex_fmle,8.34988
bhs,2014,sex_mle,57.83393
bhs,2015,sex_btsx,33.14553
bhs,2015,sex_fmle,8.72411
bhs,2015,sex_mle,59.31149
bhs,2016,sex_btsx,31.4877
bhs,2016,sex_fmle,8.35051
bhs,2016,sex_mle,56.34494
bhs,2017,sex_btsx,31.36931
bhs,2017,sex_fmle,8.2568
bhs,2017,sex_mle,56.26683
bhs,2018,sex_btsx,35.75728
bhs,2018,sex_fmle,9.35531
bhs,2018,sex_mle,64.276
bhs,2019,sex_btsx,37.33606
bhs,2019,sex_fmle,9.70468
bhs,2019,sex_mle,67.25521
bhs,2020,sex_btsx,40.84502
bhs,2020,sex_fmle,10.58778
bhs,2020,sex_mle,73.66882
bhs,2021,sex_btsx,44.59841
bhs,2021,sex_fmle,11.52923
bhs,2021,sex_mle,80.54705
bih,2000,sex_btsx,2.48056
bih,2000,sex_fmle,1.23134
bih,2000,sex_mle,3.84289
bih,2001,sex_btsx,2.33788
bih,2001,sex_fmle,1.15521
bih,2001,sex_mle,3.62681
bih,2002,sex_btsx,2.28672
bih,2002,sex_fmle,1.15635
bih,2002,sex_mle,3.51829
bih,2003,sex_btsx,2.14216
bih,2003,sex_fmle,1.08524
bih,2003,sex_mle,3.29379
bih,2004,sex_btsx,2.00565
bih,2004,sex_fmle,1.04231
bih,2004,sex_mle,3.05607
bih,2005,sex_btsx,1.98842
bih,2005,sex_fmle,0.97608
bih,2005,sex_mle,3.09341
bih,2006,sex_btsx,1.98002
bih,2006,sex_fmle,1.01082
bih,2006,sex_mle,3.03896
bih,2007,sex_btsx,1.9471
bih,2007,sex_fmle,0.96615
bih,2007,sex_mle,3.02037
bih,2008,sex_btsx,1.94115
bih,2008,sex_fmle,0.91309
bih,2008,sex_mle,3.06786
bih,2009,sex_btsx,1.92268
bih,2009,sex_fmle,0.98836
bih,2009,sex_mle,2.94836
bih,2010,sex_btsx,1.82709
bih,2010,sex_fmle,0.92885
bih,2010,sex_mle,2.81468
bih,2011,sex_btsx,1.77035
bih,2011,sex_fmle,0.907
bih,2011,sex_mle,2.72097
bih,2012,sex_btsx,1.79242
bih,2012,sex_fmle,0.93159
bih,2012,sex_mle,2.74159
bih,2013,sex_btsx,1.6962
bih,2013,sex_fmle,0.88863
bih,2013,sex_mle,2.5875
bih,2014,sex_btsx,1.69171
bih,2014,sex_fmle,0.89509
bih,2014,sex_mle,2.57121
bih,2015,sex_btsx,1.71238
bih,2015,sex_fmle,0.91596
bih,2015,sex_mle,2.59177
bih,2016,sex_btsx,1.62062
bih,2016,sex_fmle,0.86989
bih,2016,sex_mle,2.44944
bih,2017,sex_btsx,1.55994
bih,2017,sex_fmle,0.84168
bih,2017,sex_mle,2.3524
bih,2018,sex_btsx,1.51866
bih,2018,sex_fmle,0.82483
bih,2018,sex_mle,2.28408
bih,2019,sex_btsx,1.47978
bih,2019,sex_fmle,0.80614
bih,2019,sex_mle,2.22313
bih,2020,sex_btsx,1.44783
bih,2020,sex_fmle,0.78999
bih,2020,sex_mle,2.17357
bih,2021,sex_btsx,1.40637
bih,2021,sex_fmle,0.76919
bih,2021,sex_mle,2.10887
blr,2000,sex_btsx,12.90832
blr,2000,sex_fmle,8.98011
blr,2000,sex_mle,17.36773
blr,2001,sex_btsx,12.7197
blr,2001,sex_fmle,8.64816
blr,2001,sex_mle,17.34719
blr,2002,sex_btsx,11.27772
blr,2002,sex_fmle,7.54428
blr,2002,sex_mle,15.52742
blr,2003,sex_btsx,10.04695
blr,2003,sex_fmle,6.54662
blr,2003,sex_mle,14.03897
blr,2004,sex_btsx,9.51564
blr,2004,sex_fmle,6.24307
blr,2004,sex_mle,13.2548
blr,2005,sex_btsx,9.0661
blr,2005,sex_fmle,5.72332
blr,2005,sex_mle,12.89325
blr,2006,sex_btsx,8.34979
blr,2006,sex_fmle,5.16743
blr,2006,sex_mle,12.00061
blr,2007,sex_btsx,7.5006
blr,2007,sex_fmle,4.60604
blr,2007,sex_mle,10.82592
blr,2008,sex_btsx,6.63211
blr,2008,sex_fmle,3.97191
blr,2008,sex_mle,9.69099
blr,2009,sex_btsx,5.88699
blr,2009,sex_fmle,3.604
blr,2009,sex_mle,8.51331
blr,2010,sex_btsx,5.2166
blr,2010,sex_fmle,3.089
blr,2010,sex_mle,7.6651
blr,2011,sex_btsx,4.75015
blr,2011,sex_fmle,2.7582
blr,2011,sex_mle,7.04418
blr,2012,sex_btsx,4.416
blr,2012,sex_fmle,2.66158
blr,2012,sex_mle,6.43725
blr,2013,sex_btsx,4.23017
blr,2013,sex_fmle,2.55932
blr,2013,sex_mle,6.15443
blr,2014,sex_btsx,3.70093
blr,2014,sex_fmle,2.25402
blr,2014,sex_mle,5.36588
blr,2015,sex_btsx,3.6189
blr,2015,sex_fmle,2.23655
blr,2015,sex_mle,5.20762
blr,2016,sex_btsx,3.54513
blr,2016,sex_fmle,2.20016
blr,2016,sex_mle,5.08881
blr,2017,sex_btsx,3.47225
blr,2017,sex_fmle,2.16632
blr,2017,sex_mle,4.96987
blr,2018,sex_btsx,2.871
blr,2018,sex_fmle,1.79378
blr,2018,sex_mle,4.10535
blr,2019,sex_btsx,2.64693
blr,2019,sex_fmle,1.65563
blr,2019,sex_mle,3.78199
blr,2020,sex_btsx,2.42789
blr,2020,sex_fmle,1.5075
blr,2020,sex_mle,3.48201
blr,2021,sex_btsx,2.19511
blr,2021,sex_fmle,1.35752
blr,2021,sex_mle,3.15504
blz,2000,sex_btsx,22.35625
blz,2000,sex_fmle,7.24004
blz,2000,sex_mle,37.13788
blz,2001,sex_btsx,26.06519
blz,2001,sex_fmle,8.70271
blz,2001,sex_mle,43.06854
blz,2002,sex_btsx,28.97225
blz,2002,sex_fmle,9.66967
blz,2002,sex_mle,47.91927
blz,2003,sex_btsx,27.97319
blz,2003,sex_fmle,8.60673
blz,2003,sex_mle,47.02871
blz,2004,sex_btsx,29.07903
blz,2004,sex_fmle,8.9501
blz,2004,sex_mle,48.93351
blz,2005,sex_btsx,29.77704
blz,2005,sex_fmle,9.50228
blz,2005,sex_mle,49.8238
blz,2006,sex_btsx,31.16883
blz,2006,sex_fmle,10.00283
blz,2006,sex_mle,52.14615
blz,2007,sex_btsx,32.21104
blz,2007,sex_fmle,10.25414
blz,2007,sex_mle,54.01985
blz,2008,sex_btsx,33.096
blz,2008,sex_fmle,10.42794
blz,2008,sex_mle,55.65604
blz,2009,sex_btsx,33.7312
blz,2009,sex_fmle,9.99943
blz,2009,sex_mle,57.39627
blz,2010,sex_btsx,36.44636
blz,2010,sex_fmle,11.09204
blz,2010,sex_mle,61.7248
blz,2011,sex_btsx,36.79784
blz,2011,sex_fmle,10.94953
blz,2011,sex_mle,62.51319
blz,2012,sex_btsx,37.27792
blz,2012,sex_fmle,11.03274
blz,2012,sex_mle,63.33792
blz,2013,sex_btsx,33.86974
blz,2013,sex_fmle,9.4018
blz,2013,sex_mle,58.12547
blz,2014,sex_btsx,34.37462
blz,2014,sex_fmle,9.62076
blz,2014,sex_mle,58.87638
blz,2015,sex_btsx,34.44941
blz,2015,sex_fmle,9.48497
blz,2015,sex_mle,59.12564
blz,2016,sex_btsx,35.61606
blz,2016,sex_fmle,9.60723
blz,2016,sex_mle,61.2508
blz,2017,sex_btsx,36.23746
blz,2017,sex_fmle,9.45672
blz,2017,sex_mle,62.56076
blz,2018,sex_btsx,36.98067
blz,2018,sex_fmle,9.35834
blz,2018,sex_mle,64.12811
blz,2019,sex_btsx,37.39435
blz,2019,sex_fmle,9.10943
blz,2019,sex_mle,65.23966
blz,2020,sex_btsx,37.67523
blz,2020,sex_fmle,9.10388
blz,2020,sex_mle,65.8525
blz,2021,sex_btsx,38.26886
blz,2021,sex_fmle,9.06765
blz,2021,sex_mle,67.10878
bol,2000,sex_btsx,7.03588
bol,2000,sex_fmle,2.55687
bol,2000,sex_mle,11.42105
bol,2001,sex_btsx,7.01667
bol,2001,sex_fmle,2.53392
bol,2001,sex_mle,11.39515
bol,2002,sex_btsx,6.9925
bol,2002,sex_fmle,2.51152
bol,2002,sex_mle,11.36621
bol,2003,sex_btsx,6.96685
bol,2003,sex_fmle,2.48489
bol,2003,sex_mle,11.34456
bol,2004,sex_btsx,6.94425
bol,2004,sex_fmle,2.45609
bol,2004,sex_mle,11.33106
bol,2005,sex_btsx,6.92194
bol,2005,sex_fmle,2.40573
bol,2005,sex_mle,11.33925
bol,2006,sex_btsx,7.38654
bol,2006,sex_fmle,2.55033
bol,2006,sex_mle,12.11998
bol,2007,sex_btsx,8.74979
bol,2007,sex_fmle,3.05776
bol,2007,sex_mle,14.32453
bol,2008,sex_btsx,9.64663
bol,2008,sex_fmle,3.37006
bol,2008,sex_mle,15.79795
bol,2009,sex_btsx,10.42818
bol,2009,sex_fmle,3.65573
bol,2009,sex_mle,17.06964
bol,2010,sex_btsx,11.95182
bol,2010,sex_fmle,4.16764
bol,2010,sex_mle,19.59014
bol,2011,sex_btsx,12.16066
bol,2011,sex_fmle,4.22827
bol,2011,sex_mle,19.94918
bol,2012,sex_btsx,11.95804
bol,2012,sex_fmle,4.1143
bol,2012,sex_mle,19.66416
bol,2013,sex_btsx,10.79724
bol,2013,sex_fmle,3.69464
bol,2013,sex_mle,17.77951
bol,2014,sex_btsx,9.94056
bol,2014,sex_fmle,3.36646
bol,2014,sex_mle,16.40734
bol,2015,sex_btsx,8.82861
bol,2015,sex_fmle,2.96692
bol,2015,sex_mle,14.59824
bol,2016,sex_btsx,8.32901
bol,2016,sex_fmle,2.7786
bol,2016,sex_mle,13.79577
bol,2017,sex_btsx,8.31582
bol,2017,sex_fmle,2.75091
bol,2017,sex_mle,13.80055
bol,2018,sex_btsx,9.33405
bol,2018,sex_fmle,3.06285
bol,2018,sex_mle,15.51921
bol,2019,sex_btsx,9.28717
bol,2019,sex_fmle,3.02086
bol,2019,sex_mle,15.47188
bol,2020,sex_btsx,10.09689
bol,2020,sex_fmle,3.21407
bol,2020,sex_mle,16.90573
bol,2021,sex_btsx,10.74405
bol,2021,sex_fmle,3.38294
bol,2021,sex_mle,18.0529
bra,2000,sex_btsx,32.38098
bra,2000,sex_fmle,5.83003
bra,2000,sex_mle,59.27239
bra,2001,sex_btsx,33.37238
bra,2001,sex_fmle,5.91852
bra,2001,sex_mle,61.19929
bra,2002,sex_btsx,34.21348
bra,2002,sex_fmle,5.97226
bra,2002,sex_mle,62.86109
bra,2003,sex_btsx,34.34811
bra,2003,sex_fmle,5.98092
bra,2003,sex_mle,63.14688
bra,2004,sex_btsx,32.18724
bra,2004,sex_fmle,5.65652
bra,2004,sex_mle,59.14358
bra,2005,sex_btsx,31.1031
bra,2005,sex_fmle,5.58816
bra,2005,sex_mle,57.0483
bra,2006,sex_btsx,31.20608
bra,2006,sex_fmle,5.63454
bra,2006,sex_mle,57.22957
bra,2007,sex_btsx,30.39866
bra,2007,sex_fmle,5.45408
bra,2007,sex_mle,55.80449
bra,2008,sex_btsx,31.37336
bra,2008,sex_fmle,5.64219
bra,2008,sex_mle,57.60179
bra,2009,sex_btsx,32.10769
bra,2009,sex_fmle,5.90447
bra,2009,sex_mle,58.83931
bra,2010,sex_btsx,31.16821
bra,2010,sex_fmle,5.72003
bra,2010,sex_mle,57.15093
bra,2011,sex_btsx,30.66171
bra,2011,sex_fmle,5.67653
bra,2011,sex_mle,56.19287
bra,2012,sex_btsx,32.56028
bra,2012,sex_fmle,5.93157
bra,2012,sex_mle,59.79349
bra,2013,sex_btsx,31.72162
bra,2013,sex_fmle,5.79001
bra,2013,sex_mle,58.26345
bra,2014,sex_btsx,31.72577
bra,2014,sex_fmle,5.67911
bra,2014,sex_mle,58.40647
bra,2015,sex_btsx,31.57921
bra,2015,sex_fmle,5.67807
bra,2015,sex_mle,58.13072
bra,2016,sex_btsx,32.781
bra,2016,sex_fmle,5.91097
bra,2016,sex_mle,60.34713
bra,2017,sex_btsx,32.94207
bra,2017,sex_fmle,5.93279
bra,2017,sex_mle,60.67337
bra,2018,sex_btsx,32.29045
bra,2018,sex_fmle,5.8036
bra,2018,sex_mle,59.50641
bra,2019,sex_btsx,32.34602
bra,2019,sex_fmle,5.79491
bra,2019,sex_mle,59.64837
bra,2020,sex_btsx,32.36856
bra,2020,sex_fmle,5.78081
bra,2020,sex_mle,59.72461
bra,2021,sex_btsx,32.33924
bra,2021,sex_fmle,5.76358
bra,2021,sex_mle,59.70709
brb,2000,sex_btsx,10.09248
brb,2000,sex_fmle,5.45205
brb,2000,sex_mle,15.09678
brb,2001,sex_btsx,10.28285
brb,2001,sex_fmle,5.46948
brb,2001,sex_mle,15.47393
brb,2002,sex_btsx,10.95038
brb,2002,sex_fmle,5.88644
brb,2002,sex_mle,16.42002
brb,2003,sex_btsx,11.45032
brb,2003,sex_fmle,6.33485
brb,2003,sex_mle,16.98457
brb,2004,sex_btsx,11.86977
brb,2004,sex_fmle,6.60916
brb,2004,sex_mle,17.57048
brb,2005,sex_btsx,12.09021
brb,2005,sex_fmle,6.83484
brb,2005,sex_mle,17.7956
brb,2006,sex_btsx,12.64281
brb,2006,sex_fmle,7.0238
brb,2006,sex_mle,18.75489
brb,2007,sex_btsx,12.23872
brb,2007,sex_fmle,6.64927
brb,2007,sex_mle,18.32946
brb,2008,sex_btsx,12.66916
brb,2008,sex_fmle,7.09509
brb,2008,sex_mle,18.75268
brb,2009,sex_btsx,11.81273
brb,2009,sex_fmle,6.43176
brb,2009,sex_mle,17.69436
brb,2010,sex_btsx,12.10505
brb,2010,sex_fmle,6.75783
brb,2010,sex_mle,17.95178
brb,2011,sex_btsx,12.07162
brb,2011,sex_fmle,7.05259
brb,2011,sex_mle,17.55365
brb,2012,sex_btsx,11.77089
brb,2012,sex_fmle,5.04707
brb,2012,sex_mle,19.10873
brb,2013,sex_btsx,11.68658
brb,2013,sex_fmle,6.80119
brb,2013,sex_mle,17.01384
brb,2014,sex_btsx,11.44754
brb,2014,sex_fmle,6.49095
brb,2014,sex_mle,16.84838
brb,2015,sex_btsx,11.46276
brb,2015,sex_fmle,6.47186
brb,2015,sex_mle,16.89644
brb,2016,sex_btsx,11.40631
brb,2016,sex_fmle,6.78011
brb,2016,sex_mle,16.43921
brb,2017,sex_btsx,11.44489
brb,2017,sex_fmle,6.11838
brb,2017,sex_mle,17.23578
brb,2018,sex_btsx,11.48667
brb,2018,sex_fmle,6.09041
brb,2018,sex_mle,17.3493
brb,2019,sex_btsx,11.45276
brb,2019,sex_fmle,5.99386
brb,2019,sex_mle,17.38008
brb,2020,sex_btsx,12.25601
brb,2020,sex_fmle,6.05047
brb,2020,sex_mle,18.98944
brb,2021,sex_btsx,12.69335
brb,2021,sex_fmle,5.99555
brb,2021,sex_mle,19.95667
brn,2000,sex_btsx,1.59181
brn,2000,sex_fmle,1.10777
brn,2000,sex_mle,2.00524
brn,2001,sex_btsx,1.29148
brn,2001,sex_fmle,0.90781
brn,2001,sex_mle,1.62001
brn,2002,sex_btsx,1.04982
brn,2002,sex_fmle,0.60669
brn,2002,sex_mle,1.43012
brn,2003,sex_btsx,0.9681
brn,2003,sex_fmle,0.57198
brn,2003,sex_mle,1.30884
brn,2004,sex_btsx,0.88634
brn,2004,sex_fmle,0.56859
brn,2004,sex_mle,1.16025
brn,2005,sex_btsx,0.98157
brn,2005,sex_fmle,0.6072
brn,2005,sex_mle,1.30496
brn,2006,sex_btsx,1.16403
brn,2006,sex_fmle,0.72748
brn,2006,sex_mle,1.54193
brn,2007,sex_btsx,1.04867
brn,2007,sex_fmle,0.72556
brn,2007,sex_mle,1.32979
brn,2008,sex_btsx,0.70832
brn,2008,sex_fmle,0.52993
brn,2008,sex_mle,0.86474
brn,2009,sex_btsx,0.66725
brn,2009,sex_fmle,0.45764
brn,2009,sex_mle,0.85236
brn,2010,sex_btsx,0.58145
brn,2010,sex_fmle,0.39154
brn,2010,sex_mle,0.75034
brn,2011,sex_btsx,0.9813
brn,2011,sex_fmle,0.60689
brn,2011,sex_mle,1.31583
brn,2012,sex_btsx,0.9118
brn,2012,sex_fmle,0.61608
brn,2012,sex_mle,1.17599
brn,2013,sex_btsx,0.91635
brn,2013,sex_fmle,0.71339
brn,2013,sex_mle,1.09726
brn,2014,sex_btsx,0.80088
brn,2014,sex_fmle,0.60408
brn,2014,sex_mle,0.97592
brn,2015,sex_btsx,0.9891
brn,2015,sex_fmle,0.66935
brn,2015,sex_mle,1.27289
brn,2016,sex_btsx,1.18294
brn,2016,sex_fmle,0.67616
brn,2016,sex_mle,1.63182
brn,2017,sex_btsx,1.08023
brn,2017,sex_fmle,0.8155
brn,2017,sex_mle,1.31426
brn,2018,sex_btsx,0.78183
brn,2018,sex_fmle,0.56111
brn,2018,sex_mle,0.97657
brn,2019,sex_btsx,0.67955
brn,2019,sex_fmle,0.47389
brn,2019,sex_mle,0.86066
brn,2020,sex_btsx,0.84293
brn,2020,sex_fmle,0.64046
brn,2020,sex_mle,1.0209
brn,2021,sex_btsx,0.82287
brn,2021,sex_fmle,0.62726
brn,2021,sex_mle,0.99481
btn,2000,sex_btsx,3.3477
btn,2000,sex_fmle,1.86483
btn,2000,sex_mle,4.70632
btn,2001,sex_btsx,3.23001
btn,2001,sex_fmle,1.79754
btn,2001,sex_mle,4.52334
btn,2002,sex_btsx,2.91086
btn,2002,sex_fmle,1.61462
btn,2002,sex_mle,4.06463
btn,2003,sex_btsx,2.12793
btn,2003,sex_fmle,1.18761
btn,2003,sex_mle,2.95339
btn,2004,sex_btsx,2.30603
btn,2004,sex_fmle,1.27438
btn,2004,sex_mle,3.19979
btn,2005,sex_btsx,2.13552
btn,2005,sex_fmle,1.17327
btn,2005,sex_mle,2.96205
btn,2006,sex_btsx,2.10893
btn,2006,sex_fmle,1.16008
btn,2006,sex_mle,2.92252
btn,2007,sex_btsx,2.37807
btn,2007,sex_fmle,1.3131
btn,2007,sex_mle,3.29203
btn,2008,sex_btsx,2.67657
btn,2008,sex_fmle,1.48616
btn,2008,sex_mle,3.69878
btn,2009,sex_btsx,2.87448
btn,2009,sex_fmle,1.61722
btn,2009,sex_mle,3.95442
btn,2010,sex_btsx,3.25235
btn,2010,sex_fmle,1.84955
btn,2010,sex_mle,4.45744
btn,2011,sex_btsx,3.9543
btn,2011,sex_fmle,2.26656
btn,2011,sex_mle,5.40398
btn,2012,sex_btsx,4.11854
btn,2012,sex_fmle,2.37268
btn,2012,sex_mle,5.61784
btn,2013,sex_btsx,3.67991
btn,2013,sex_fmle,2.12022
btn,2013,sex_mle,5.01894
btn,2014,sex_btsx,3.00976
btn,2014,sex_fmle,1.72337
btn,2014,sex_mle,4.11379
btn,2015,sex_btsx,2.27925
btn,2015,sex_fmle,1.29124
btn,2015,sex_mle,3.1267
btn,2016,sex_btsx,1.94119
btn,2016,sex_fmle,1.08486
btn,2016,sex_mle,2.67501
btn,2017,sex_btsx,1.96084
btn,2017,sex_fmle,1.07603
btn,2017,sex_mle,2.7196
btn,2018,sex_btsx,2.44284
btn,2018,sex_fmle,1.31227
btn,2018,sex_mle,3.41463
btn,2019,sex_btsx,2.40466
btn,2019,sex_fmle,1.26385
btn,2019,sex_mle,3.38749
btn,2020,sex_btsx,2.74088
btn,2020,sex_fmle,1.41074
btn,2020,sex_mle,3.88943
btn,2021,sex_btsx,3.03188
btn,2021,sex_fmle,1.52891
btn,2021,sex_mle,4.33261
bwa,2000,sex_btsx,12.90001
bwa,2000,sex_fmle,2.79189
bwa,2000,sex_mle,23.40837
bwa,2001,sex_btsx,14.09442
bwa,2001,sex_fmle,2.68734
bwa,2001,sex_mle,25.93669
bwa,2002,sex_btsx,15.62701
bwa,2002,sex_fmle,2.85787
bwa,2002,sex_mle,28.86378
bwa,2003,sex_btsx,16.07856
bwa,2003,sex_fmle,3.10879
bwa,2003,sex_mle,29.50254
bwa,2004,sex_btsx,15.5964
bwa,2004,sex_fmle,2.99947
bwa,2004,sex_mle,28.61508
bwa,2005,sex_btsx,17.168
bwa,2005,sex_fmle,3.20285
bwa,2005,sex_mle,31.58007
bwa,2006,sex_btsx,16.56585
bwa,2006,sex_fmle,3.2741
bwa,2006,sex_mle,30.26159
bwa,2007,sex_btsx,16.70118
bwa,2007,sex_fmle,3.48453
bwa,2007,sex_mle,30.29665
bwa,2008,sex_btsx,16.69923
bwa,2008,sex_fmle,3.74914
bwa,2008,sex_mle,29.99862
bwa,2009,sex_btsx,16.55763
bwa,2009,sex_fmle,3.74268
bwa,2009,sex_mle,29.69913
bwa,2010,sex_btsx,16.62264
bwa,2010,sex_fmle,3.92327
bwa,2010,sex_mle,29.6299
bwa,2011,sex_btsx,16.22439
bwa,2011,sex_fmle,3.74225
bwa,2011,sex_mle,29.00069
bwa,2012,sex_btsx,16.0309
bwa,2012,sex_fmle,3.73033
bwa,2012,sex_mle,28.60022
bwa,2013,sex_btsx,15.87734
bwa,2013,sex_fmle,3.81011
bwa,2013,sex_mle,28.1702
bwa,2014,sex_btsx,15.71827
bwa,2014,sex_fmle,3.88745
bwa,2014,sex_mle,27.73519
bwa,2015,sex_btsx,15.60479
bwa,2015,sex_fmle,4.00957
bwa,2015,sex_mle,27.35043
bwa,2016,sex_btsx,15.53536
bwa,2016,sex_fmle,4.08894
bwa,2016,sex_mle,27.10128
bwa,2017,sex_btsx,15.50793
bwa,2017,sex_fmle,4.17916
bwa,2017,sex_mle,26.92963
bwa,2018,sex_btsx,15.48867
bwa,2018,sex_fmle,4.28114
bwa,2018,sex_mle,26.76696
bwa,2019,sex_btsx,15.43841
bwa,2019,sex_fmle,4.40256
bwa,2019,sex_mle,26.5269
bwa,2020,sex_btsx,15.35364
bwa,2020,sex_fmle,4.55376
bwa,2020,sex_mle,26.19255
bwa,2021,sex_btsx,15.35269
bwa,2021,sex_fmle,4.66512
bwa,2021,sex_mle,26.06877
caf,2000,sex_btsx,23.33351
caf,2000,sex_fmle,9.13803
caf,2000,sex_mle,37.38332
caf,2001,sex_btsx,23.30292
caf,2001,sex_fmle,9.07514
caf,2001,sex_mle,37.39496
caf,2002,sex_btsx,23.11966
caf,2002,sex_fmle,8.92941
caf,2002,sex_mle,37.18435
caf,2003,sex_btsx,23.12898
caf,2003,sex_fmle,8.96973
caf,2003,sex_mle,37.16792
caf,2004,sex_btsx,23.10304
caf,2004,sex_fmle,8.99671
caf,2004,sex_mle,37.09228
caf,2005,sex_btsx,22.95335
caf,2005,sex_fmle,8.87683
caf,2005,sex_mle,36.91506
caf,2006,sex_btsx,22.42981
caf,2006,sex_fmle,8.84896
caf,2006,sex_mle,35.90193
caf,2007,sex_btsx,22.06575
caf,2007,sex_fmle,8.48549
caf,2007,sex_mle,35.53939
caf,2008,sex_btsx,21.89202
caf,2008,sex_fmle,8.58413
caf,2008,sex_mle,35.09678
caf,2009,sex_btsx,21.13388
caf,2009,sex_fmle,8.63453
caf,2009,sex_mle,33.78867
caf,2010,sex_btsx,20.24982
caf,2010,sex_fmle,8.50821
caf,2010,sex_mle,32.39139
caf,2011,sex_btsx,19.84012
caf,2011,sex_fmle,8.69809
caf,2011,sex_mle,31.36372
caf,2012,sex_btsx,19.44755
caf,2012,sex_fmle,8.39196
caf,2012,sex_mle,30.87803
caf,2013,sex_btsx,19.41819
caf,2013,sex_fmle,8.59072
caf,2013,sex_mle,30.61624
caf,2014,sex_btsx,19.42869
caf,2014,sex_fmle,8.44889
caf,2014,sex_mle,30.82576
caf,2015,sex_btsx,19.6596
caf,2015,sex_fmle,8.5852
caf,2015,sex_mle,31.18998
caf,2016,sex_btsx,19.63801
caf,2016,sex_fmle,8.34391
caf,2016,sex_mle,31.39662
caf,2017,sex_btsx,19.27601
caf,2017,sex_fmle,8.09441
caf,2017,sex_mle,30.93633
caf,2018,sex_btsx,18.89508
caf,2018,sex_fmle,7.778
caf,2018,sex_mle,30.50502
caf,2019,sex_btsx,18.59042
caf,2019,sex_fmle,7.45772
caf,2019,sex_mle,30.28204
caf,2020,sex_btsx,18.35403
caf,2020,sex_fmle,7.24571
caf,2020,sex_mle,30.08467
caf,2021,sex_btsx,18.08281
caf,2021,sex_fmle,6.98677
caf,2021,sex_mle,29.82946
can,2000,sex_btsx,1.77104
can,2000,sex_fmle,0.73205
can,2000,sex_mle,2.83122
can,2001,sex_btsx,1.77658
can,2001,sex_fmle,0.72957
can,2001,sex_mle,2.84399
can,2002,sex_btsx,1.84311
can,2002,sex_fmle,0.7828
can,2002,sex_mle,2.92346
can,2003,sex_btsx,1.72515
can,2003,sex_fmle,0.71181
can,2003,sex_mle,2.75744
can,2004,sex_btsx,1.94842
can,2004,sex_fmle,0.80327
can,2004,sex_mle,3.11478
can,2005,sex_btsx,2.05532
can,2005,sex_fmle,0.868
can,2005,sex_mle,3.2643
can,2006,sex_btsx,1.85527
can,2006,sex_fmle,0.80237
can,2006,sex_mle,2.9272
can,2007,sex_btsx,1.81077
can,2007,sex_fmle,0.78534
can,2007,sex_mle,2.85488
can,2008,sex_btsx,1.85011
can,2008,sex_fmle,0.84171
can,2008,sex_mle,2.877
can,2009,sex_btsx,1.81836
can,2009,sex_fmle,0.8468
can,2009,sex_mle,2.80776
can,2010,sex_btsx,1.64061
can,2010,sex_fmle,0.77815
can,2010,sex_mle,2.51889
can,2011,sex_btsx,1.76243
can,2011,sex_fmle,0.8727
can,2011,sex_mle,2.66819
can,2012,sex_btsx,1.58421
can,2012,sex_fmle,0.7883
can,2012,sex_mle,2.39385
can,2013,sex_btsx,1.45176
can,2013,sex_fmle,0.72903
can,2013,sex_mle,2.18639
can,2014,sex_btsx,1.47773
can,2014,sex_fmle,0.74851
can,2014,sex_mle,2.21869
can,2015,sex_btsx,1.70046
can,2015,sex_fmle,0.8675
can,2015,sex_mle,2.54681
can,2016,sex_btsx,1.68816
can,2016,sex_fmle,0.86837
can,2016,sex_mle,2.52104
can,2017,sex_btsx,1.80844
can,2017,sex_fmle,0.93714
can,2017,sex_mle,2.69317
can,2018,sex_btsx,1.63034
can,2018,sex_fmle,0.84955
can,2018,sex_mle,2.42232
can,2019,sex_btsx,1.61314
can,2019,sex_fmle,0.84576
can,2019,sex_mle,2.39076
can,2020,sex_btsx,1.64852
can,2020,sex_fmle,0.8674
can,2020,sex_mle,2.43965
can,2021,sex_btsx,1.64143
can,2021,sex_fmle,0.87357
can,2021,sex_mle,2.41907
che,2000,sex_btsx,1.0473
che,2000,sex_fmle,0.83644
che,2000,sex_mle,1.26798
che,2001,sex_btsx,1.10355
che,2001,sex_fmle,0.88203
che,2001,sex_mle,1.33539
che,2002,sex_btsx,1.0918
che,2002,sex_fmle,0.91274
che,2002,sex_mle,1.27909
che,2003,sex_btsx,1.03085
che,2003,sex_fmle,0.85383
che,2003,sex_mle,1.21577
che,2004,sex_btsx,0.99885
che,2004,sex_fmle,0.83868
che,2004,sex_mle,1.16599
che,2005,sex_btsx,0.93785
che,2005,sex_fmle,0.80082
che,2005,sex_mle,1.08067
che,2006,sex_btsx,0.83756
che,2006,sex_fmle,0.72334
che,2006,sex_mle,0.95645
che,2007,sex_btsx,0.75543
che,2007,sex_fmle,0.6408
che,2007,sex_mle,0.87445
che,2008,sex_btsx,0.71557
che,2008,sex_fmle,0.59961
che,2008,sex_mle,0.83558
che,2009,sex_btsx,0.67891
che,2009,sex_fmle,0.56082
che,2009,sex_mle,0.80084
che,2010,sex_btsx,0.65342
che,2010,sex_fmle,0.56547
che,2010,sex_mle,0.74407
che,2011,sex_btsx,0.62041
che,2011,sex_fmle,0.53712
che,2011,sex_mle,0.70611
che,2012,sex_btsx,0.60957
che,2012,sex_fmle,0.52456
che,2012,sex_mle,0.69687
che,2013,sex_btsx,0.62065
che,2013,sex_fmle,0.5403
che,2013,sex_mle,0.70299
che,2014,sex_btsx,0.58931
che,2014,sex_fmle,0.51876
che,2014,sex_mle,0.66147
che,2015,sex_btsx,0.60431
che,2015,sex_fmle,0.53574
che,2015,sex_mle,0.67434
che,2016,sex_btsx,0.5729
che,2016,sex_fmle,0.51068
che,2016,sex_mle,0.6363
che,2017,sex_btsx,0.55724
che,2017,sex_fmle,0.49767
che,2017,sex_mle,0.61783
che,2018,sex_btsx,0.5136
che,2018,sex_fmle,0.45925
che,2018,sex_mle,0.56886
che,2019,sex_btsx,0.49375
che,2019,sex_fmle,0.44209
che,2019,sex_mle,0.54626
che,2020,sex_btsx,0.46698
che,2020,sex_fmle,0.41877
che,2020,sex_mle,0.51594
che,2021,sex_btsx,0.44346
che,2021,sex_fmle,0.3984
che,2021,sex_mle,0.48918
chl,2000,sex_btsx,5.66639
chl,2000,sex_fmle,1.29267
chl,2000,sex_mle,10.08335
chl,2001,sex_btsx,5.5594
chl,2001,sex_fmle,1.09511
chl,2001,sex_mle,10.06892
chl,2002,sex_btsx,5.29506
chl,2002,sex_fmle,1.06584
chl,2002,sex_mle,9.56841
chl,2003,sex_btsx,5.19774
chl,2003,sex_fmle,0.89874
chl,2003,sex_mle,9.54262
chl,2004,sex_btsx,5.32988
chl,2004,sex_fmle,0.97393
chl,2004,sex_mle,9.73289
chl,2005,sex_btsx,5.87557
chl,2005,sex_fmle,1.31551
chl,2005,sex_mle,10.48554
chl,2006,sex_btsx,5.65019
chl,2006,sex_fmle,1.1759
chl,2006,sex_mle,10.17399
chl,2007,sex_btsx,4.6541
chl,2007,sex_fmle,1.21981
chl,2007,sex_mle,8.12663
chl,2008,sex_btsx,4.44188
chl,2008,sex_fmle,1.06055
chl,2008,sex_mle,7.86093
chl,2009,sex_btsx,5.50888
chl,2009,sex_fmle,1.12154
chl,2009,sex_mle,9.94502
chl,2010,sex_btsx,4.71883
chl,2010,sex_fmle,1.30753
chl,2010,sex_mle,8.16793
chl,2011,sex_btsx,4.76602
chl,2011,sex_fmle,1.00361
chl,2011,sex_mle,8.56982
chl,2012,sex_btsx,4.13798
chl,2012,sex_fmle,1.07645
chl,2012,sex_mle,7.23276
chl,2013,sex_btsx,4.08268
chl,2013,sex_fmle,1.04702
chl,2013,sex_mle,7.15086
chl,2014,sex_btsx,4.96868
chl,2014,sex_fmle,1.19969
chl,2014,sex_mle,8.77756
chl,2015,sex_btsx,4.54878
chl,2015,sex_fmle,1.02798
chl,2015,sex_mle,8.10672
chl,2016,sex_btsx,4.03257
chl,2016,sex_fmle,1.00247
chl,2016,sex_mle,7.09463
chl,2017,sex_btsx,4.02999
chl,2017,sex_fmle,1.01689
chl,2017,sex_mle,7.07471
chl,2018,sex_btsx,4.01736
chl,2018,sex_fmle,1.03529
chl,2018,sex_mle,7.0305
chl,2019,sex_btsx,3.90603
chl,2019,sex_fmle,1.02715
chl,2019,sex_mle,6.81488
chl,2020,sex_btsx,3.85086
chl,2020,sex_fmle,1.02413
chl,2020,sex_mle,6.70815
chl,2021,sex_btsx,3.77204
chl,2021,sex_fmle,1.02755
chl,2021,sex_mle,6.54819
chn,2000,sex_btsx,2.3933
chn,2000,sex_fmle,1.89575
chn,2000,sex_mle,2.86984
chn,2001,sex_btsx,2.19318
chn,2001,sex_fmle,1.76998
chn,2001,sex_mle,2.59832
chn,2002,sex_btsx,2.01196
chn,2002,sex_fmle,1.64542
chn,2002,sex_mle,2.36272
chn,2003,sex_btsx,1.89258
chn,2003,sex_fmle,1.54424
chn,2003,sex_mle,2.22578
chn,2004,sex_btsx,1.77553
chn,2004,sex_fmle,1.44943
chn,2004,sex_mle,2.08734
chn,2005,sex_btsx,1.68374
chn,2005,sex_fmle,1.3825
chn,2005,sex_mle,1.97169
chn,2006,sex_btsx,1.62949
chn,2006,sex_fmle,1.35268
chn,2006,sex_mle,1.894
chn,2007,sex_btsx,1.47727
chn,2007,sex_fmle,1.23558
chn,2007,sex_mle,1.70814
chn,2008,sex_btsx,1.38152
chn,2008,sex_fmle,1.17103
chn,2008,sex_mle,1.58251
chn,2009,sex_btsx,1.26095
chn,2009,sex_fmle,1.0829
chn,2009,sex_mle,1.43093
chn,2010,sex_btsx,1.12548
chn,2010,sex_fmle,0.97712
chn,2010,sex_mle,1.26708
chn,2011,sex_btsx,1.12973
chn,2011,sex_fmle,0.99279
chn,2011,sex_mle,1.26042
chn,2012,sex_btsx,1.13634
chn,2012,sex_fmle,1.00689
chn,2012,sex_mle,1.25987
chn,2013,sex_btsx,1.05096
chn,2013,sex_fmle,0.93344
chn,2013,sex_mle,1.1631
chn,2014,sex_btsx,0.99941
chn,2014,sex_fmle,0.8917
chn,2014,sex_mle,1.1022
chn,2015,sex_btsx,0.95927
chn,2015,sex_fmle,0.8566
chn,2015,sex_mle,1.05727
chn,2016,sex_btsx,0.93409
chn,2016,sex_fmle,0.83121
chn,2016,sex_mle,1.03232
chn,2017,sex_btsx,0.916
chn,2017,sex_fmle,0.82047
chn,2017,sex_mle,1.00726
chn,2018,sex_btsx,0.82285
chn,2018,sex_fmle,0.74107
chn,2018,sex_mle,0.90104
chn,2019,sex_btsx,0.7821
chn,2019,sex_fmle,0.70754
chn,2019,sex_mle,0.85344
chn,2020,sex_btsx,0.72474
chn,2020,sex_fmle,0.65212
chn,2020,sex_mle,0.79429
chn,2021,sex_btsx,0.67168
chn,2021,sex_fmle,0.60307
chn,2021,sex_mle,0.73747
civ,2000,sex_btsx,13.24204
civ,2000,sex_fmle,9.51494
civ,2000,sex_mle,16.93084
civ,2001,sex_btsx,13.34285
civ,2001,sex_fmle,9.39141
civ,2001,sex_mle,17.25655
civ,2002,sex_btsx,13.40632
civ,2002,sex_fmle,9.2003
civ,2002,sex_mle,17.57466
civ,2003,sex_btsx,13.52613
civ,2003,sex_fmle,9.09656
civ,2003,sex_mle,17.91813
civ,2004,sex_btsx,13.38592
civ,2004,sex_fmle,9.06428
civ,2004,sex_mle,17.67287
civ,2005,sex_btsx,13.16765
civ,2005,sex_fmle,8.99628
civ,2005,sex_mle,17.30758
civ,2006,sex_btsx,12.88615
civ,2006,sex_fmle,8.93737
civ,2006,sex_mle,16.80696
civ,2007,sex_btsx,12.67128
civ,2007,sex_fmle,8.92901
civ,2007,sex_mle,16.38864
civ,2008,sex_btsx,12.63606
civ,2008,sex_fmle,8.99365
civ,2008,sex_mle,16.23944
civ,2009,sex_btsx,12.73782
civ,2009,sex_fmle,9.16874
civ,2009,sex_mle,16.23849
civ,2010,sex_btsx,12.76585
civ,2010,sex_fmle,9.37489
civ,2010,sex_mle,16.06318
civ,2011,sex_btsx,12.59934
civ,2011,sex_fmle,9.32512
civ,2011,sex_mle,15.75532
civ,2012,sex_btsx,12.4141
civ,2012,sex_fmle,9.35407
civ,2012,sex_mle,15.33755
civ,2013,sex_btsx,12.66238
civ,2013,sex_fmle,9.74246
civ,2013,sex_mle,15.42828
civ,2014,sex_btsx,12.57681
civ,2014,sex_fmle,9.85033
civ,2014,sex_mle,15.15244
civ,2015,sex_btsx,12.31858
civ,2015,sex_fmle,9.82658
civ,2015,sex_mle,14.67869
civ,2016,sex_btsx,12.02436
civ,2016,sex_fmle,9.68802
civ,2016,sex_mle,14.24256
civ,2017,sex_btsx,11.70457
civ,2017,sex_fmle,9.50844
civ,2017,sex_mle,13.79465
civ,2018,sex_btsx,11.50062
civ,2018,sex_fmle,9.39916
civ,2018,sex_mle,13.50515
civ,2019,sex_btsx,11.28185
civ,2019,sex_fmle,9.24148
civ,2019,sex_mle,13.23236
civ,2020,sex_btsx,11.10846
civ,2020,sex_fmle,9.1072
civ,2020,sex_mle,13.02575
civ,2021,sex_btsx,10.95079
civ,2021,sex_fmle,8.99057
civ,2021,sex_mle,12.83275
cmr,2000,sex_btsx,9.83347
cmr,2000,sex_fmle,4.02149
cmr,2000,sex_mle,15.72925
cmr,2001,sex_btsx,10.16862
cmr,2001,sex_fmle,4.0812
cmr,2001,sex_mle,16.33848
cmr,2002,sex_btsx,10.43699
cmr,2002,sex_fmle,4.12324
cmr,2002,sex_mle,16.83072
cmr,2003,sex_btsx,10.45801
cmr,2003,sex_fmle,4.06511
cmr,2003,sex_mle,16.92665
cmr,2004,sex_btsx,10.36532
cmr,2004,sex_fmle,3.95402
cmr,2004,sex_mle,16.84762
cmr,2005,sex_btsx,10.21779
cmr,2005,sex_fmle,3.83495
cmr,2005,sex_mle,16.66648
cmr,2006,sex_btsx,9.91194
cmr,2006,sex_fmle,3.69591
cmr,2006,sex_mle,16.18784
cmr,2007,sex_btsx,9.66971
cmr,2007,sex_fmle,3.60332
cmr,2007,sex_mle,15.79099
cmr,2008,sex_btsx,9.49656
cmr,2008,sex_fmle,3.51823
cmr,2008,sex_mle,15.52587
cmr,2009,sex_btsx,9.59489
cmr,2009,sex_fmle,3.5615
cmr,2009,sex_mle,15.67701
cmr,2010,sex_btsx,9.22046
cmr,2010,sex_fmle,3.43681
cmr,2010,sex_mle,15.04858
cmr,2011,sex_btsx,8.86654
cmr,2011,sex_fmle,3.31076
cmr,2011,sex_mle,14.4631
cmr,2012,sex_btsx,8.5493
cmr,2012,sex_fmle,3.21174
cmr,2012,sex_mle,13.92444
cmr,2013,sex_btsx,7.97585
cmr,2013,sex_fmle,3.00603
cmr,2013,sex_mle,12.97941
cmr,2014,sex_btsx,7.36284
cmr,2014,sex_fmle,2.79882
cmr,2014,sex_mle,11.95701
cmr,2015,sex_btsx,7.11574
cmr,2015,sex_fmle,2.74666
cmr,2015,sex_mle,11.51311
cmr,2016,sex_btsx,6.98582
cmr,2016,sex_fmle,2.73187
cmr,2016,sex_mle,11.26679
cmr,2017,sex_btsx,6.85785
cmr,2017,sex_fmle,2.74876
cmr,2017,sex_mle,10.99259
cmr,2018,sex_btsx,6.66661
cmr,2018,sex_fmle,2.74527
cmr,2018,sex_mle,10.61222
cmr,2019,sex_btsx,6.44671
cmr,2019,sex_fmle,2.72425
cmr,2019,sex_mle,10.19214
cmr,2020,sex_btsx,6.2256
cmr,2020,sex_fmle,2.70069
cmr,2020,sex_mle,9.77248
cmr,2021,sex_btsx,6.01474
cmr,2021,sex_fmle,2.67744
cmr,2021,sex_mle,9.37322
cod,2000,sex_btsx,14.12934
cod,2000,sex_fmle,6.40858
cod,2000,sex_mle,22.01491
cod,2001,sex_btsx,14.07908
cod,2001,sex_fmle,6.26893
cod,2001,sex_mle,22.05458
cod,2002,sex_btsx,14.07668
cod,2002,sex_fmle,6.13539
cod,2002,sex_mle,22.18536
cod,2003,sex_btsx,13.98104
cod,2003,sex_fmle,6.03245
cod,2003,sex_mle,22.09645
cod,2004,sex_btsx,13.90411
cod,2004,sex_fmle,5.92846
cod,2004,sex_mle,22.0452
cod,2005,sex_btsx,13.78128
cod,2005,sex_fmle,5.71823
cod,2005,sex_mle,22.00879
cod,2006,sex_btsx,13.6104
cod,2006,sex_fmle,5.52155
cod,2006,sex_mle,21.8613
cod,2007,sex_btsx,13.50258
cod,2007,sex_fmle,5.46158
cod,2007,sex_mle,21.70163
cod,2008,sex_btsx,13.41978
cod,2008,sex_fmle,5.37538
cod,2008,sex_mle,21.61929
cod,2009,sex_btsx,13.36602
cod,2009,sex_fmle,5.31321
cod,2009,sex_mle,21.57155
cod,2010,sex_btsx,13.31537
cod,2010,sex_fmle,5.29442
cod,2010,sex_mle,21.48591
cod,2011,sex_btsx,13.15032
cod,2011,sex_fmle,5.25047
cod,2011,sex_mle,21.19461
cod,2012,sex_btsx,12.97409
cod,2012,sex_fmle,5.21505
cod,2012,sex_mle,20.87234
cod,2013,sex_btsx,12.98155
cod,2013,sex_fmle,5.27341
cod,2013,sex_mle,20.82559
cod,2014,sex_btsx,12.97274
cod,2014,sex_fmle,5.31802
cod,2014,sex_mle,20.7601
cod,2015,sex_btsx,12.95344
cod,2015,sex_fmle,5.35704
cod,2015,sex_mle,20.67933
cod,2016,sex_btsx,12.86987
cod,2016,sex_fmle,5.29709
cod,2016,sex_mle,20.56932
cod,2017,sex_btsx,12.61848
cod,2017,sex_fmle,5.21973
cod,2017,sex_mle,20.13862
cod,2018,sex_btsx,12.57899
cod,2018,sex_fmle,5.23965
cod,2018,sex_mle,20.0371
cod,2019,sex_btsx,12.49628
cod,2019,sex_fmle,5.22777
cod,2019,sex_mle,19.88114
cod,2020,sex_btsx,12.44597
cod,2020,sex_fmle,5.21864
cod,2020,sex_mle,19.78817
cod,2021,sex_btsx,12.42099
cod,2021,sex_fmle,5.25051
cod,2021,sex_mle,19.705
cog,2000,sex_btsx,12.4436
cog,2000,sex_fmle,5.15415
cog,2000,sex_mle,19.81027
cog,2001,sex_btsx,12.24144
cog,2001,sex_fmle,5.05966
cog,2001,sex_mle,19.48921
cog,2002,sex_btsx,12.21546
cog,2002,sex_fmle,4.98574
cog,2002,sex_mle,19.5032
cog,2003,sex_btsx,12.09126
cog,2003,sex_fmle,4.94086
cog,2003,sex_mle,19.29076
cog,2004,sex_btsx,11.86503
cog,2004,sex_fmle,4.86318
cog,2004,sex_mle,18.90663
cog,2005,sex_btsx,11.56711
cog,2005,sex_fmle,4.70175
cog,2005,sex_mle,18.46382
cog,2006,sex_btsx,11.3084
cog,2006,sex_fmle,4.53384
cog,2006,sex_mle,18.10726
cog,2007,sex_btsx,11.11173
cog,2007,sex_fmle,4.43161
cog,2007,sex_mle,17.81036
cog,2008,sex_btsx,10.95582
cog,2008,sex_fmle,4.35851
cog,2008,sex_mle,17.56727
cog,2009,sex_btsx,10.75251
cog,2009,sex_fmle,4.2702
cog,2009,sex_mle,17.24524
cog,2010,sex_btsx,10.53973
cog,2010,sex_fmle,4.20921
cog,2010,sex_mle,16.87753
cog,2011,sex_btsx,10.34205
cog,2011,sex_fmle,4.15971
cog,2011,sex_mle,16.52947
cog,2012,sex_btsx,10.16859
cog,2012,sex_fmle,4.19096
cog,2012,sex_mle,16.14967
cog,2013,sex_btsx,10.16195
cog,2013,sex_fmle,4.0355
cog,2013,sex_mle,16.29076
cog,2014,sex_btsx,10.0973
cog,2014,sex_fmle,3.99773
cog,2014,sex_mle,16.19834
cog,2015,sex_btsx,10.06414
cog,2015,sex_fmle,3.98061
cog,2015,sex_mle,16.14829
cog,2016,sex_btsx,10.08558
cog,2016,sex_fmle,3.97698
cog,2016,sex_mle,16.19417
cog,2017,sex_btsx,9.86622
cog,2017,sex_fmle,3.88009
cog,2017,sex_mle,15.85188
cog,2018,sex_btsx,9.75897
cog,2018,sex_fmle,3.93701
cog,2018,sex_mle,15.58016
cog,2019,sex_btsx,9.65227
cog,2019,sex_fmle,3.94297
cog,2019,sex_mle,15.36061
cog,2020,sex_btsx,9.44113
cog,2020,sex_fmle,3.76198
cog,2020,sex_mle,15.11978
cog,2021,sex_btsx,9.32868
cog,2021,sex_fmle,3.75552
cog,2021,sex_mle,14.90192
col,2000,sex_btsx,93.70683
col,2000,sex_fmle,13.91145
col,2000,sex_mle,174.60265
col,2001,sex_btsx,96.46222
col,2001,sex_fmle,15.69776
col,2001,sex_mle,178.42073
col,2002,sex_btsx,100.19063
col,2002,sex_fmle,16.18862
col,2002,sex_mle,185.51272
col,2003,sex_btsx,76.62311
col,2003,sex_fmle,13.19536
col,2003,sex_mle,141.09686
col,2004,sex_btsx,71.19604
col,2004,sex_fmle,11.93327
col,2004,sex_mle,131.47276
col,2005,sex_btsx,60.05276
col,2005,sex_fmle,10.54208
col,2005,sex_mle,110.4373
col,2006,sex_btsx,59.64493
col,2006,sex_fmle,9.34976
col,2006,sex_mle,110.85463
col,2007,sex_btsx,55.74183
col,2007,sex_fmle,9.09682
col,2007,sex_mle,103.26149
col,2008,sex_btsx,57.28156
col,2008,sex_fmle,9.49818
col,2008,sex_mle,105.98833
col,2009,sex_btsx,66.58449
col,2009,sex_fmle,11.16542
col,2009,sex_mle,123.10345
col,2010,sex_btsx,62.43423
col,2010,sex_fmle,10.65773
col,2010,sex_mle,115.26301
col,2011,sex_btsx,57.66275
col,2011,sex_fmle,9.98903
col,2011,sex_mle,106.32844
col,2012,sex_btsx,55.44524
col,2012,sex_fmle,9.33105
col,2012,sex_mle,102.54196
col,2013,sex_btsx,51.73564
col,2013,sex_fmle,8.653
col,2013,sex_mle,95.75734
col,2014,sex_btsx,47.96673
col,2014,sex_fmle,8.16361
col,2014,sex_mle,88.65586
col,2015,sex_btsx,45.27005
col,2015,sex_fmle,7.22071
col,2015,sex_mle,84.18261
col,2016,sex_btsx,43.67161
col,2016,sex_fmle,7.7169
col,2016,sex_mle,80.45446
col,2017,sex_btsx,42.21312
col,2017,sex_fmle,7.47576
col,2017,sex_mle,77.75789
col,2018,sex_btsx,40.79554
col,2018,sex_fmle,7.25688
col,2018,sex_mle,75.11796
col,2019,sex_btsx,38.87455
col,2019,sex_fmle,6.92636
col,2019,sex_mle,71.57391
col,2020,sex_btsx,37.28164
col,2020,sex_fmle,6.58791
col,2020,sex_mle,68.71629
col,2021,sex_btsx,35.74528
col,2021,sex_fmle,6.34135
col,2021,sex_mle,65.89571
com,2000,sex_btsx,10.38954
com,2000,sex_fmle,5.45323
com,2000,sex_mle,15.47734
com,2001,sex_btsx,10.39785
com,2001,sex_fmle,5.39012
com,2001,sex_mle,15.53209
com,2002,sex_btsx,10.40684
com,2002,sex_fmle,5.39694
com,2002,sex_mle,15.51401
com,2003,sex_btsx,10.30588
com,2003,sex_fmle,5.2403
com,2003,sex_mle,15.45763
com,2004,sex_btsx,10.12657
com,2004,sex_fmle,5.14052
com,2004,sex_mle,15.19729
com,2005,sex_btsx,9.93247
com,2005,sex_fmle,5.12674
com,2005,sex_mle,14.81369
com,2006,sex_btsx,9.7165
com,2006,sex_fmle,5.09186
com,2006,sex_mle,14.40716
com,2007,sex_btsx,9.52008
com,2007,sex_fmle,5.11898
com,2007,sex_mle,13.97772
com,2008,sex_btsx,9.38832
com,2008,sex_fmle,4.81718
com,2008,sex_mle,14.01161
com,2009,sex_btsx,9.13406
com,2009,sex_fmle,5.18219
com,2009,sex_mle,13.12493
com,2010,sex_btsx,9.13837
com,2010,sex_fmle,4.71466
com,2010,sex_mle,13.59865
com,2011,sex_btsx,8.85589
com,2011,sex_fmle,4.86388
com,2011,sex_mle,12.87442
com,2012,sex_btsx,8.80198
com,2012,sex_fmle,4.63902
com,2012,sex_mle,12.98605
com,2013,sex_btsx,8.75795
com,2013,sex_fmle,4.60736
com,2013,sex_mle,12.91764
com,2014,sex_btsx,8.6253
com,2014,sex_fmle,4.43497
com,2014,sex_mle,12.80749
com,2015,sex_btsx,8.53569
com,2015,sex_fmle,4.39793
com,2015,sex_mle,12.64941
com,2016,sex_btsx,8.41608
com,2016,sex_fmle,4.3336
com,2016,sex_mle,12.46035
com,2017,sex_btsx,8.21139
com,2017,sex_fmle,4.24459
com,2017,sex_mle,12.13331
com,2018,sex_btsx,8.01769
com,2018,sex_fmle,4.14667
com,2018,sex_mle,11.8433
com,2019,sex_btsx,7.90874
com,2019,sex_fmle,4.07494
com,2019,sex_mle,11.69611
com,2020,sex_btsx,7.74585
com,2020,sex_fmle,3.99123
com,2020,sex_mle,11.45501
com,2021,sex_btsx,7.59542
com,2021,sex_fmle,3.91196
com,2021,sex_mle,11.23517
cpv,2000,sex_btsx,8.76744
cpv,2000,sex_fmle,3.82056
cpv,2000,sex_mle,13.91938
cpv,2001,sex_btsx,8.70224
cpv,2001,sex_fmle,3.80495
cpv,2001,sex_mle,13.77489
cpv,2002,sex_btsx,8.662
cpv,2002,sex_fmle,3.78447
cpv,2002,sex_mle,13.68361
cpv,2003,sex_btsx,8.64974
cpv,2003,sex_fmle,3.7676
cpv,2003,sex_mle,13.64592
cpv,2004,sex_btsx,8.67108
cpv,2004,sex_fmle,3.74273
cpv,2004,sex_mle,13.68436
cpv,2005,sex_btsx,7.95655
cpv,2005,sex_fmle,3.39989
cpv,2005,sex_mle,12.564
cpv,2006,sex_btsx,7.94797
cpv,2006,sex_fmle,3.38693
cpv,2006,sex_mle,12.53235
cpv,2007,sex_btsx,7.8118
cpv,2007,sex_fmle,3.38982
cpv,2007,sex_mle,12.23043
cpv,2008,sex_btsx,8.18604
cpv,2008,sex_fmle,3.52157
cpv,2008,sex_mle,12.82029
cpv,2009,sex_btsx,8.74012
cpv,2009,sex_fmle,3.80123
cpv,2009,sex_mle,13.61986
cpv,2010,sex_btsx,9.40968
cpv,2010,sex_fmle,4.17212
cpv,2010,sex_mle,14.56287
cpv,2011,sex_btsx,10.4902
cpv,2011,sex_fmle,4.72244
cpv,2011,sex_mle,16.15256
cpv,2012,sex_btsx,11.15778
cpv,2012,sex_fmle,5.06187
cpv,2012,sex_mle,17.13443
cpv,2013,sex_btsx,11.48086
cpv,2013,sex_fmle,5.23078
cpv,2013,sex_mle,17.5994
cpv,2014,sex_btsx,11.85547
cpv,2014,sex_fmle,5.38542
cpv,2014,sex_mle,18.17946
cpv,2015,sex_btsx,11.32291
cpv,2015,sex_fmle,5.19958
cpv,2015,sex_mle,17.29811
cpv,2016,sex_btsx,11.81374
cpv,2016,sex_fmle,5.3447
cpv,2016,sex_mle,18.11548
cpv,2017,sex_btsx,11.81113
cpv,2017,sex_fmle,5.36761
cpv,2017,sex_mle,18.07643
cpv,2018,sex_btsx,12.52419
cpv,2018,sex_fmle,5.71779
cpv,2018,sex_mle,19.1293
cpv,2019,sex_btsx,12.86843
cpv,2019,sex_fmle,5.88715
cpv,2019,sex_mle,19.62746
cpv,2020,sex_btsx,13.38828
cpv,2020,sex_fmle,6.16256
cpv,2020,sex_mle,20.36853
cpv,2021,sex_btsx,13.92116
cpv,2021,sex_fmle,6.45765
cpv,2021,sex_mle,21.12549
cri,2000,sex_btsx,6.20909
cri,2000,sex_fmle,2.26574
cri,2000,sex_mle,10.20559
cri,2001,sex_btsx,6.26253
cri,2001,sex_fmle,1.44394
cri,2001,sex_mle,11.15022
cri,2002,sex_btsx,6.17056
cri,2002,sex_fmle,1.78028
cri,2002,sex_mle,10.62656
cri,2003,sex_btsx,7.09634
cri,2003,sex_fmle,1.87751
cri,2003,sex_mle,12.39599
cri,2004,sex_btsx,6.51872
cri,2004,sex_fmle,1.91309
cri,2004,sex_mle,11.19806
cri,2005,sex_btsx,7.67701
cri,2005,sex_fmle,2.90329
cri,2005,sex_mle,12.52952
cri,2006,sex_btsx,7.92182
cri,2006,sex_fmle,2.00005
cri,2006,sex_mle,13.94428
cri,2007,sex_btsx,8.13163
cri,2007,sex_fmle,1.6369
cri,2007,sex_mle,14.74025
cri,2008,sex_btsx,11.18152
cri,2008,sex_fmle,2.92533
cri,2008,sex_mle,19.58664
cri,2009,sex_btsx,11.29293
cri,2009,sex_fmle,2.4308
cri,2009,sex_mle,20.31889
cri,2010,sex_btsx,11.29728
cri,2010,sex_fmle,2.31321
cri,2010,sex_mle,20.45087
cri,2011,sex_btsx,10.07488
cri,2011,sex_fmle,3.03592
cri,2011,sex_mle,17.24858
cri,2012,sex_btsx,8.52248
cri,2012,sex_fmle,2.20724
cri,2012,sex_mle,14.95914
cri,2013,sex_btsx,8.51503
cri,2013,sex_fmle,1.65499
cri,2013,sex_mle,15.50711
cri,2014,sex_btsx,9.80022
cri,2014,sex_fmle,2.30183
cri,2014,sex_mle,17.44347
cri,2015,sex_btsx,11.1908
cri,2015,sex_fmle,2.59423
cri,2015,sex_mle,19.95496
cri,2016,sex_btsx,11.48837
cri,2016,sex_fmle,2.67787
cri,2016,sex_mle,20.47273
cri,2017,sex_btsx,11.88129
cri,2017,sex_fmle,2.60424
cri,2017,sex_mle,21.3433
cri,2018,sex_btsx,11.98005
cri,2018,sex_fmle,2.56431
cri,2018,sex_mle,21.58636
cri,2019,sex_btsx,12.36138
cri,2019,sex_fmle,2.58664
cri,2019,sex_mle,22.33741
cri,2020,sex_btsx,13.00017
cri,2020,sex_fmle,2.62547
cri,2020,sex_mle,23.59435
cri,2021,sex_btsx,13.51693
cri,2021,sex_fmle,2.72214
cri,2021,sex_mle,24.5502
cub,2000,sex_btsx,5.41787
cub,2000,sex_fmle,2.81417
cub,2000,sex_mle,7.99881
cub,2001,sex_btsx,5.56976
cub,2001,sex_fmle,2.90225
cub,2001,sex_mle,8.22074
cub,2002,sex_btsx,6.04443
cub,2002,sex_fmle,3.37934
cub,2002,sex_mle,8.69919
cub,2003,sex_btsx,5.8802
cub,2003,sex_fmle,2.76875
cub,2003,sex_mle,8.98569
cub,2004,sex_btsx,6.0267
cub,2004,sex_fmle,2.75372
cub,2004,sex_mle,9.29933
cub,2005,sex_btsx,6.30509
cub,2005,sex_fmle,3.14123
cub,2005,sex_mle,9.47462
cub,2006,sex_btsx,5.23671
cub,2006,sex_fmle,2.40511
cub,2006,sex_mle,8.07891
cub,2007,sex_btsx,5.22397
cub,2007,sex_fmle,2.56925
cub,2007,sex_mle,7.89378
cub,2008,sex_btsx,4.71818
cub,2008,sex_fmle,2.20876
cub,2008,sex_mle,7.24662
cub,2009,sex_btsx,5.18897
cub,2009,sex_fmle,2.78606
cub,2009,sex_mle,7.6146
cub,2010,sex_btsx,4.60204
cub,2010,sex_fmle,2.34755
cub,2010,sex_mle,6.88205
cub,2011,sex_btsx,4.90269
cub,2011,sex_fmle,2.46503
cub,2011,sex_mle,7.37248
cub,2012,sex_btsx,5.67595
cub,2012,sex_fmle,2.5462
cub,2012,sex_mle,8.8504
cub,2013,sex_btsx,6.15592
cub,2013,sex_fmle,2.66341
cub,2013,sex_mle,9.69958
cub,2014,sex_btsx,5.43564
cub,2014,sex_fmle,2.81877
cub,2014,sex_mle,8.09204
cub,2015,sex_btsx,5.45998
cub,2015,sex_fmle,2.40032
cub,2015,sex_mle,8.56764
cub,2016,sex_btsx,5.05789
cub,2016,sex_fmle,2.30531
cub,2016,sex_mle,7.85577
cub,2017,sex_btsx,4.81444
cub,2017,sex_fmle,2.17697
cub,2017,sex_mle,7.49796
cub,2018,sex_btsx,5.1055
cub,2018,sex_fmle,2.27605
cub,2018,sex_mle,7.98745
cub,2019,sex_btsx,5.07251
cub,2019,sex_fmle,2.23341
cub,2019,sex_mle,7.96752
cub,2020,sex_btsx,5.01159
cub,2020,sex_fmle,2.13073
cub,2020,sex_mle,7.95274
cub,2021,sex_btsx,5.00936
cub,2021,sex_fmle,2.10209
cub,2021,sex_mle,7.98371
cyp,2000,sex_btsx,1.6659
cyp,2000,sex_fmle,0.64607
cyp,2000,sex_mle,2.65252
cyp,2001,sex_btsx,1.74315
cyp,2001,sex_fmle,0.67645
cyp,2001,sex_mle,2.77584
cyp,2002,sex_btsx,1.78375
cyp,2002,sex_fmle,0.6845
cyp,2002,sex_mle,2.84898
cyp,2003,sex_btsx,1.79806
cyp,2003,sex_fmle,0.69634
cyp,2003,sex_mle,2.86675
cyp,2004,sex_btsx,1.48768
cyp,2004,sex_fmle,0.96551
cyp,2004,sex_mle,1.99463
cyp,2005,sex_btsx,1.76166
cyp,2005,sex_fmle,0.23086
cyp,2005,sex_mle,3.24903
cyp,2006,sex_btsx,2.3255
cyp,2006,sex_fmle,0.95773
cyp,2006,sex_mle,3.65547
cyp,2007,sex_btsx,1.63398
cyp,2007,sex_fmle,0.75442
cyp,2007,sex_mle,2.48986
cyp,2008,sex_btsx,1.07597
cyp,2008,sex_fmle,0.50264
cyp,2008,sex_mle,1.63429
cyp,2009,sex_btsx,2.19994
cyp,2009,sex_fmle,1.17671
cyp,2009,sex_mle,3.19705
cyp,2010,sex_btsx,0.57327
cyp,2010,sex_fmle,0
cyp,2010,sex_mle,1.13219
cyp,2011,sex_btsx,2.89311
cyp,2011,sex_fmle,1.2604
cyp,2011,sex_mle,4.48628
cyp,2012,sex_btsx,2.323
cyp,2012,sex_fmle,0.8045
cyp,2012,sex_mle,3.80646
cyp,2013,sex_btsx,1.6282
cyp,2013,sex_fmle,0.87011
cyp,2013,sex_mle,2.36958
cyp,2014,sex_btsx,1.11524
cyp,2014,sex_fmle,0.87104
cyp,2014,sex_mle,1.35429
cyp,2015,sex_btsx,1.36376
cyp,2015,sex_fmle,0.57254
cyp,2015,sex_mle,2.13893
cyp,2016,sex_btsx,1.57187
cyp,2016,sex_fmle,1.24104
cyp,2016,sex_mle,1.89627
cyp,2017,sex_btsx,1.2124
cyp,2017,sex_fmle,0.2454
cyp,2017,sex_mle,2.16135
cyp,2018,sex_btsx,1.36899
cyp,2018,sex_fmle,1.15225
cyp,2018,sex_mle,1.58182
cyp,2019,sex_btsx,1.39511
cyp,2019,sex_fmle,1.80918
cyp,2019,sex_mle,0.9883
cyp,2020,sex_btsx,1.68992
cyp,2020,sex_fmle,0.88618
cyp,2020,sex_mle,2.48012
cyp,2021,sex_btsx,1.43075
cyp,2021,sex_fmle,1.06491
cyp,2021,sex_mle,1.79076
cze,2000,sex_btsx,1.61073
cze,2000,sex_fmle,1.08706
cze,2000,sex_mle,2.16272
cze,2001,sex_btsx,1.45358
cze,2001,sex_fmle,1.00601
cze,2001,sex_mle,1.92483
cze,2002,sex_btsx,1.41262
cze,2002,sex_fmle,0.98162
cze,2002,sex_mle,1.86574
cze,2003,sex_btsx,1.40668
cze,2003,sex_fmle,0.96394
cze,2003,sex_mle,1.87143
cze,2004,sex_btsx,1.30654
cze,2004,sex_fmle,0.87611
cze,2004,sex_mle,1.75769
cze,2005,sex_btsx,1.20645
cze,2005,sex_fmle,0.85019
cze,2005,sex_mle,1.57926
cze,2006,sex_btsx,1.19744
cze,2006,sex_fmle,0.84234
cze,2006,sex_mle,1.56843
cze,2007,sex_btsx,1.15642
cze,2007,sex_fmle,0.79535
cze,2007,sex_mle,1.53306
cze,2008,sex_btsx,1.07686
cze,2008,sex_fmle,0.74894
cze,2008,sex_mle,1.41839
cze,2009,sex_btsx,0.99774
cze,2009,sex_fmle,0.71842
cze,2009,sex_mle,1.2882
cze,2010,sex_btsx,0.96049
cze,2010,sex_fmle,0.68474
cze,2010,sex_mle,1.24679
cze,2011,sex_btsx,0.91152
cze,2011,sex_fmle,0.66213
cze,2011,sex_mle,1.17017
cze,2012,sex_btsx,0.90856
cze,2012,sex_fmle,0.66444
cze,2012,sex_mle,1.16152
cze,2013,sex_btsx,0.85902
cze,2013,sex_fmle,0.6338
cze,2013,sex_mle,1.09217
cze,2014,sex_btsx,0.80975
cze,2014,sex_fmle,0.59569
cze,2014,sex_mle,1.03113
cze,2015,sex_btsx,0.77837
cze,2015,sex_fmle,0.5854
cze,2015,sex_mle,0.97772
cze,2016,sex_btsx,0.70862
cze,2016,sex_fmle,0.53924
cze,2016,sex_mle,0.88343
cze,2017,sex_btsx,0.67932
cze,2017,sex_fmle,0.51722
cze,2017,sex_mle,0.84644
cze,2018,sex_btsx,0.65935
cze,2018,sex_fmle,0.50219
cze,2018,sex_mle,0.82123
cze,2019,sex_btsx,0.629
cze,2019,sex_fmle,0.47948
cze,2019,sex_mle,0.78289
cze,2020,sex_btsx,0.59284
cze,2020,sex_fmle,0.46062
cze,2020,sex_mle,0.72884
cze,2021,sex_btsx,0.56211
cze,2021,sex_fmle,0.44021
cze,2021,sex_mle,0.68748
deu,2000,sex_btsx,1.18537
deu,2000,sex_fmle,0.68033
deu,2000,sex_mle,1.71801
deu,2001,sex_btsx,1.14726
deu,2001,sex_fmle,0.66123
deu,2001,sex_mle,1.65984
deu,2002,sex_btsx,1.12978
deu,2002,sex_fmle,0.6581
deu,2002,sex_mle,1.62705
deu,2003,sex_btsx,1.08759
deu,2003,sex_fmle,0.63397
deu,2003,sex_mle,1.56609
deu,2004,sex_btsx,1.06602
deu,2004,sex_fmle,0.62608
deu,2004,sex_mle,1.53028
deu,2005,sex_btsx,1.0418
deu,2005,sex_fmle,0.61959
deu,2005,sex_mle,1.48797
deu,2006,sex_btsx,1.00202
deu,2006,sex_fmle,0.60152
deu,2006,sex_mle,1.4243
deu,2007,sex_btsx,0.96486
deu,2007,sex_fmle,0.58089
deu,2007,sex_mle,1.36809
deu,2008,sex_btsx,0.94251
deu,2008,sex_fmle,0.57751
deu,2008,sex_mle,1.32565
deu,2009,sex_btsx,0.94724
deu,2009,sex_fmle,0.59421
deu,2009,sex_mle,1.31835
deu,2010,sex_btsx,0.93316
deu,2010,sex_fmle,0.58759
deu,2010,sex_mle,1.29684
deu,2011,sex_btsx,0.90071
deu,2011,sex_fmle,0.57159
deu,2011,sex_mle,1.24646
deu,2012,sex_btsx,0.86922
deu,2012,sex_fmle,0.5559
deu,2012,sex_mle,1.19698
deu,2013,sex_btsx,0.86955
deu,2013,sex_fmle,0.5724
deu,2013,sex_mle,1.179
deu,2014,sex_btsx,0.88775
deu,2014,sex_fmle,0.57719
deu,2014,sex_mle,1.2102
deu,2015,sex_btsx,0.91476
deu,2015,sex_fmle,0.9323
deu,2015,sex_mle,0.89665
deu,2016,sex_btsx,0.99965
deu,2016,sex_fmle,0.85871
deu,2016,sex_mle,1.1443
deu,2017,sex_btsx,0.99326
deu,2017,sex_fmle,0.88196
deu,2017,sex_mle,1.10743
deu,2018,sex_btsx,0.92789
deu,2018,sex_fmle,0.84622
deu,2018,sex_mle,1.01162
deu,2019,sex_btsx,0.92433
deu,2019,sex_fmle,0.86241
deu,2019,sex_mle,0.98781
deu,2020,sex_btsx,0.94231
deu,2020,sex_fmle,0.92626
deu,2020,sex_mle,0.95876
deu,2021,sex_btsx,0.94137
deu,2021,sex_fmle,0.94945
deu,2021,sex_mle,0.93308
dji,2000,sex_btsx,8.40899
dji,2000,sex_fmle,4.00414
dji,2000,sex_mle,12.86101
dji,2001,sex_btsx,8.367
dji,2001,sex_fmle,4.0012
dji,2001,sex_mle,12.77732
dji,2002,sex_btsx,8.25408
dji,2002,sex_fmle,3.77674
dji,2002,sex_mle,12.77562
dji,2003,sex_btsx,8.03898
dji,2003,sex_fmle,3.74391
dji,2003,sex_mle,12.37593
dji,2004,sex_btsx,7.78794
dji,2004,sex_fmle,3.71297
dji,2004,sex_mle,11.90319
dji,2005,sex_btsx,8.02404
dji,2005,sex_fmle,3.6348
dji,2005,sex_mle,12.45793
dji,2006,sex_btsx,7.85534
dji,2006,sex_fmle,3.70976
dji,2006,sex_mle,12.04449
dji,2007,sex_btsx,7.72106
dji,2007,sex_fmle,3.42952
dji,2007,sex_mle,12.05932
dji,2008,sex_btsx,7.64685
dji,2008,sex_fmle,3.44937
dji,2008,sex_mle,11.89166
dji,2009,sex_btsx,7.22535
dji,2009,sex_fmle,3.22864
dji,2009,sex_mle,11.26847
dji,2010,sex_btsx,7.36087
dji,2010,sex_fmle,3.12684
dji,2010,sex_mle,11.64536
dji,2011,sex_btsx,6.73131
dji,2011,sex_fmle,3.03716
dji,2011,sex_mle,10.47033
dji,2012,sex_btsx,6.63504
dji,2012,sex_fmle,2.96953
dji,2012,sex_mle,10.34615
dji,2013,sex_btsx,6.49255
dji,2013,sex_fmle,2.97265
dji,2013,sex_mle,10.05729
dji,2014,sex_btsx,6.39549
dji,2014,sex_fmle,2.92688
dji,2014,sex_mle,9.90952
dji,2015,sex_btsx,6.33596
dji,2015,sex_fmle,2.90294
dji,2015,sex_mle,9.81526
dji,2016,sex_btsx,6.2617
dji,2016,sex_fmle,2.86848
dji,2016,sex_mle,9.70209
dji,2017,sex_btsx,6.1586
dji,2017,sex_fmle,2.82228
dji,2017,sex_mle,9.54258
dji,2018,sex_btsx,6.05279
dji,2018,sex_fmle,2.77607
dji,2018,sex_mle,9.37773
dji,2019,sex_btsx,5.9655
dji,2019,sex_fmle,2.7392
dji,2019,sex_mle,9.24053
dji,2020,sex_btsx,5.88045
dji,2020,sex_fmle,2.71257
dji,2020,sex_mle,9.09776
dji,2021,sex_btsx,5.79618
dji,2021,sex_fmle,2.68254
dji,2021,sex_mle,8.96019
dnk,2000,sex_btsx,1.40887
dnk,2000,sex_fmle,0.81789
dnk,2000,sex_mle,2.01356
dnk,2001,sex_btsx,1.00556
dnk,2001,sex_fmle,0.56058
dnk,2001,sex_mle,1.46068
dnk,2002,sex_btsx,1.0114
dnk,2002,sex_fmle,0.55946
dnk,2002,sex_mle,1.47344
dnk,2003,sex_btsx,1.19514
dnk,2003,sex_fmle,0.66149
dnk,2003,sex_mle,1.74043
dnk,2004,sex_btsx,0.69833
dnk,2004,sex_fmle,0.37414
dnk,2004,sex_mle,1.02945
dnk,2005,sex_btsx,1.15849
dnk,2005,sex_fmle,0.6231
dnk,2005,sex_mle,1.70512
dnk,2006,sex_btsx,0.7445
dnk,2006,sex_fmle,0.39438
dnk,2006,sex_mle,1.10174
dnk,2007,sex_btsx,0.92143
dnk,2007,sex_fmle,0.4974
dnk,2007,sex_mle,1.35362
dnk,2008,sex_btsx,0.87584
dnk,2008,sex_fmle,0.46851
dnk,2008,sex_mle,1.2905
dnk,2009,sex_btsx,0.88402
dnk,2009,sex_fmle,0.4877
dnk,2009,sex_mle,1.28727
dnk,2010,sex_btsx,0.82334
dnk,2010,sex_fmle,0.46254
dnk,2010,sex_mle,1.19044
dnk,2011,sex_btsx,0.8316
dnk,2011,sex_fmle,0.45503
dnk,2011,sex_mle,1.21464
dnk,2012,sex_btsx,0.89109
dnk,2012,sex_fmle,0.49287
dnk,2012,sex_mle,1.29596
dnk,2013,sex_btsx,0.95404
dnk,2013,sex_fmle,0.53946
dnk,2013,sex_mle,1.37518
dnk,2014,sex_btsx,1.07291
dnk,2014,sex_fmle,0.62355
dnk,2014,sex_mle,1.52872
dnk,2015,sex_btsx,1.05747
dnk,2015,sex_fmle,0.6329
dnk,2015,sex_mle,1.48726
dnk,2016,sex_btsx,1.06953
dnk,2016,sex_fmle,0.65039
dnk,2016,sex_mle,1.49308
dnk,2017,sex_btsx,1.12919
dnk,2017,sex_fmle,0.69094
dnk,2017,sex_mle,1.5718
dnk,2018,sex_btsx,1.07473
dnk,2018,sex_fmle,0.66108
dnk,2018,sex_mle,1.49244
dnk,2019,sex_btsx,1.08736
dnk,2019,sex_fmle,0.67072
dnk,2019,sex_mle,1.50813
dnk,2020,sex_btsx,1.15971
dnk,2020,sex_fmle,0.69196
dnk,2020,sex_mle,1.63227
dnk,2021,sex_btsx,1.21623
dnk,2021,sex_fmle,0.75592
dnk,2021,sex_mle,1.68115
dom,2000,sex_btsx,16.94579
dom,2000,sex_fmle,4.96924
dom,2000,sex_mle,28.90983
dom,2001,sex_btsx,17.27056
dom,2001,sex_fmle,5.09708
dom,2001,sex_mle,29.43667
dom,2002,sex_btsx,19.28683
dom,2002,sex_fmle,5.67923
dom,2002,sex_mle,32.89202
dom,2003,sex_btsx,22.78046
dom,2003,sex_fmle,6.80197
dom,2003,sex_mle,38.76238
dom,2004,sex_btsx,25.17317
dom,2004,sex_fmle,7.10485
dom,2004,sex_mle,43.25128
dom,2005,sex_btsx,26.68741
dom,2005,sex_fmle,7.43038
dom,2005,sex_mle,45.95962
dom,2006,sex_btsx,26.58473
dom,2006,sex_fmle,7.72413
dom,2006,sex_mle,45.46316
dom,2007,sex_btsx,26.61784
dom,2007,sex_fmle,7.729
dom,2007,sex_mle,45.52687
dom,2008,sex_btsx,27.44936
dom,2008,sex_fmle,7.87638
dom,2008,sex_mle,47.04689
dom,2009,sex_btsx,27.5907
dom,2009,sex_fmle,7.84944
dom,2009,sex_mle,47.36356
dom,2010,sex_btsx,27.55672
dom,2010,sex_fmle,7.71546
dom,2010,sex_mle,47.44032
dom,2011,sex_btsx,27.00667
dom,2011,sex_fmle,7.35579
dom,2011,sex_mle,46.71298
dom,2012,sex_btsx,25.11992
dom,2012,sex_fmle,6.85089
dom,2012,sex_mle,43.45439
dom,2013,sex_btsx,23.0189
dom,2013,sex_fmle,6.3056
dom,2013,sex_mle,39.80421
dom,2014,sex_btsx,21.15779
dom,2014,sex_fmle,5.84883
dom,2014,sex_mle,36.54262
dom,2015,sex_btsx,19.51463
dom,2015,sex_fmle,5.42804
dom,2015,sex_mle,33.67852
dom,2016,sex_btsx,17.568
dom,2016,sex_fmle,4.90523
dom,2016,sex_mle,30.30733
dom,2017,sex_btsx,15.69437
dom,2017,sex_fmle,4.38872
dom,2017,sex_mle,27.07479
dom,2018,sex_btsx,18.10585
dom,2018,sex_fmle,5.06775
dom,2018,sex_mle,31.23654
dom,2019,sex_btsx,17.58045
dom,2019,sex_fmle,4.92643
dom,2019,sex_mle,30.33054
dom,2020,sex_btsx,18.58939
dom,2020,sex_fmle,5.20945
dom,2020,sex_mle,32.08263
dom,2021,sex_btsx,19.53542
dom,2021,sex_fmle,5.45928
dom,2021,sex_mle,33.74639
dza,2000,sex_btsx,2.1965
dza,2000,sex_fmle,1.11612
dza,2000,sex_mle,3.21269
dza,2001,sex_btsx,2.18065
dza,2001,sex_fmle,1.10471
dza,2001,sex_mle,3.19385
dza,2002,sex_btsx,2.16228
dza,2002,sex_fmle,1.0903
dza,2002,sex_mle,3.173
dza,2003,sex_btsx,2.14139
dza,2003,sex_fmle,1.06858
dza,2003,sex_mle,3.15416
dza,2004,sex_btsx,1.80936
dza,2004,sex_fmle,0.88582
dza,2004,sex_mle,2.68224
dza,2005,sex_btsx,1.48836
dza,2005,sex_fmle,0.70891
dza,2005,sex_mle,2.22599
dza,2006,sex_btsx,1.41353
dza,2006,sex_fmle,0.65849
dza,2006,sex_mle,2.12899
dza,2007,sex_btsx,1.34404
dza,2007,sex_fmle,0.61629
dza,2007,sex_mle,2.03438
dza,2008,sex_btsx,1.32532
dza,2008,sex_fmle,0.60467
dza,2008,sex_mle,2.00942
dza,2009,sex_btsx,1.27432
dza,2009,sex_fmle,0.57979
dza,2009,sex_mle,1.93398
dza,2010,sex_btsx,1.26419
dza,2010,sex_fmle,0.57521
dza,2010,sex_mle,1.91899
dza,2011,sex_btsx,1.32398
dza,2011,sex_fmle,0.60406
dza,2011,sex_mle,2.00868
dza,2012,sex_btsx,1.50651
dza,2012,sex_fmle,0.69028
dza,2012,sex_mle,2.28345
dza,2013,sex_btsx,1.59421
dza,2013,sex_fmle,0.7343
dza,2013,sex_mle,2.41345
dza,2014,sex_btsx,1.67931
dza,2014,sex_fmle,0.77944
dza,2014,sex_mle,2.5374
dza,2015,sex_btsx,1.67827
dza,2015,sex_fmle,0.78343
dza,2015,sex_mle,2.53233
dza,2016,sex_btsx,1.66756
dza,2016,sex_fmle,0.77994
dza,2016,sex_mle,2.51536
dza,2017,sex_btsx,1.66015
dza,2017,sex_fmle,0.78031
dza,2017,sex_mle,2.50106
dza,2018,sex_btsx,1.64747
dza,2018,sex_fmle,0.77945
dza,2018,sex_mle,2.47774
dza,2019,sex_btsx,1.66952
dza,2019,sex_fmle,0.79373
dza,2019,sex_mle,2.50798
dza,2020,sex_btsx,1.64752
dza,2020,sex_fmle,0.78645
dza,2020,sex_mle,2.47266
dza,2021,sex_btsx,1.64118
dza,2021,sex_fmle,0.78497
dza,2021,sex_mle,2.46232
ecu,2000,sex_btsx,23.53948
ecu,2000,sex_fmle,3.69535
ecu,2000,sex_mle,43.38947
ecu,2001,sex_btsx,21.71886
ecu,2001,sex_fmle,3.87175
ecu,2001,sex_mle,39.57171
ecu,2002,sex_btsx,21.3346
ecu,2002,sex_fmle,4.08505
ecu,2002,sex_mle,38.59064
ecu,2003,sex_btsx,17.53714
ecu,2003,sex_fmle,3.19103
ecu,2003,sex_mle,31.88999
ecu,2004,sex_btsx,21.86444
ecu,2004,sex_fmle,3.90068
ecu,2004,sex_mle,39.83938
ecu,2005,sex_btsx,22.45425
ecu,2005,sex_fmle,3.52566
ecu,2005,sex_mle,41.3985
ecu,2006,sex_btsx,21.57042
ecu,2006,sex_fmle,3.85514
ecu,2006,sex_mle,39.30428
ecu,2007,sex_btsx,20.61447
ecu,2007,sex_fmle,3.99842
ecu,2007,sex_mle,37.25175
ecu,2008,sex_btsx,22.80997
ecu,2008,sex_fmle,3.63666
ecu,2008,sex_mle,42.01222
ecu,2009,sex_btsx,20.28089
ecu,2009,sex_fmle,3.36087
ecu,2009,sex_mle,37.2302
ecu,2010,sex_btsx,21.46114
ecu,2010,sex_fmle,3.34748
ecu,2010,sex_mle,39.60958
ecu,2011,sex_btsx,19.42366
ecu,2011,sex_fmle,4.06876
ecu,2011,sex_mle,34.81007
ecu,2012,sex_btsx,15.20552
ecu,2012,sex_fmle,3.40161
ecu,2012,sex_mle,27.03419
ecu,2013,sex_btsx,11.90142
ecu,2013,sex_fmle,2.94071
ecu,2013,sex_mle,20.88064
ecu,2014,sex_btsx,10.20026
ecu,2014,sex_fmle,2.75591
ecu,2014,sex_mle,17.65929
ecu,2015,sex_btsx,8.79543
ecu,2015,sex_fmle,2.66828
ecu,2015,sex_mle,14.93391
ecu,2016,sex_btsx,7.61739
ecu,2016,sex_fmle,2.25396
ecu,2016,sex_mle,12.9901
ecu,2017,sex_btsx,6.54179
ecu,2017,sex_fmle,2.05007
ecu,2017,sex_mle,11.04084
ecu,2018,sex_btsx,7.61513
ecu,2018,sex_fmle,2.5335
ecu,2018,sex_mle,12.70527
ecu,2019,sex_btsx,6.96254
ecu,2019,sex_fmle,2.45949
ecu,2019,sex_mle,11.47408
ecu,2020,sex_btsx,6.69398
ecu,2020,sex_fmle,2.33787
ecu,2020,sex_mle,11.06305
ecu,2021,sex_btsx,6.55102
ecu,2021,sex_fmle,2.30188
ecu,2021,sex_mle,10.81909
egy,2000,sex_btsx,3.44589
egy,2000,sex_fmle,1.9595
egy,2000,sex_mle,4.88867
egy,2001,sex_btsx,3.37961
egy,2001,sex_fmle,1.896
egy,2001,sex_mle,4.81952
egy,2002,sex_btsx,3.31289
egy,2002,sex_fmle,1.81734
egy,2002,sex_mle,4.76459
egy,2003,sex_btsx,3.24384
egy,2003,sex_fmle,1.74004
egy,2003,sex_mle,4.70399
egy,2004,sex_btsx,3.17462
egy,2004,sex_fmle,1.62416
egy,2004,sex_mle,4.68066
egy,2005,sex_btsx,3.16594
egy,2005,sex_fmle,1.58639
egy,2005,sex_mle,4.70101
egy,2006,sex_btsx,3.20125
egy,2006,sex_fmle,1.5277
egy,2006,sex_mle,4.82906
egy,2007,sex_btsx,3.25938
egy,2007,sex_fmle,1.46822
egy,2007,sex_mle,5.0037
egy,2008,sex_btsx,3.35022
egy,2008,sex_fmle,1.44871
egy,2008,sex_mle,5.20451
egy,2009,sex_btsx,3.4609
egy,2009,sex_fmle,1.47267
egy,2009,sex_mle,5.40218
egy,2010,sex_btsx,3.68472
egy,2010,sex_fmle,1.59039
egy,2010,sex_mle,5.73206
egy,2011,sex_btsx,3.87744
egy,2011,sex_fmle,1.56653
egy,2011,sex_mle,6.13796
egy,2012,sex_btsx,3.88007
egy,2012,sex_fmle,1.62263
egy,2012,sex_mle,6.08839
egy,2013,sex_btsx,3.82281
egy,2013,sex_fmle,1.54752
egy,2013,sex_mle,6.04875
egy,2014,sex_btsx,3.77088
egy,2014,sex_fmle,1.57735
egy,2014,sex_mle,5.91758
egy,2015,sex_btsx,3.72996
egy,2015,sex_fmle,1.63174
egy,2015,sex_mle,5.78524
egy,2016,sex_btsx,3.687
egy,2016,sex_fmle,1.536
egy,2016,sex_mle,5.79568
egy,2017,sex_btsx,3.6626
egy,2017,sex_fmle,1.53376
egy,2017,sex_mle,5.74995
egy,2018,sex_btsx,3.85566
egy,2018,sex_fmle,1.61876
egy,2018,sex_mle,6.04895
egy,2019,sex_btsx,3.90857
egy,2019,sex_fmle,1.63855
egy,2019,sex_mle,6.13438
egy,2020,sex_btsx,4.02853
egy,2020,sex_fmle,1.69198
egy,2020,sex_mle,6.31971
egy,2021,sex_btsx,4.16211
egy,2021,sex_fmle,1.75274
egy,2021,sex_mle,6.52437
eri,2000,sex_btsx,13.67153
eri,2000,sex_fmle,6.34912
eri,2000,sex_mle,21.35468
eri,2001,sex_btsx,13.52936
eri,2001,sex_fmle,6.38174
eri,2001,sex_mle,21.01765
eri,2002,sex_btsx,13.34833
eri,2002,sex_fmle,6.35432
eri,2002,sex_mle,20.66116
eri,2003,sex_btsx,13.09252
eri,2003,sex_fmle,6.1776
eri,2003,sex_mle,20.3069
eri,2004,sex_btsx,12.79747
eri,2004,sex_fmle,5.76395
eri,2004,sex_mle,20.12051
eri,2005,sex_btsx,12.64572
eri,2005,sex_fmle,5.26053
eri,2005,sex_mle,20.32512
eri,2006,sex_btsx,12.54852
eri,2006,sex_fmle,4.82984
eri,2006,sex_mle,20.56707
eri,2007,sex_btsx,12.41736
eri,2007,sex_fmle,4.55856
eri,2007,sex_mle,20.57413
eri,2008,sex_btsx,12.12008
eri,2008,sex_fmle,4.41301
eri,2008,sex_mle,20.10903
eri,2009,sex_btsx,11.83652
eri,2009,sex_fmle,4.42727
eri,2009,sex_mle,19.50761
eri,2010,sex_btsx,11.60938
eri,2010,sex_fmle,4.55856
eri,2010,sex_mle,18.90238
eri,2011,sex_btsx,11.37915
eri,2011,sex_fmle,4.68358
eri,2011,sex_mle,18.29882
eri,2012,sex_btsx,11.19463
eri,2012,sex_fmle,4.78352
eri,2012,sex_mle,17.81595
eri,2013,sex_btsx,11.2223
eri,2013,sex_fmle,4.87566
eri,2013,sex_mle,17.77308
eri,2014,sex_btsx,11.28072
eri,2014,sex_fmle,4.92945
eri,2014,sex_mle,17.83361
eri,2015,sex_btsx,11.42547
eri,2015,sex_fmle,5.00981
eri,2015,sex_mle,18.04287
eri,2016,sex_btsx,11.56793
eri,2016,sex_fmle,5.02691
eri,2016,sex_mle,18.31208
eri,2017,sex_btsx,11.4868
eri,2017,sex_fmle,4.93186
eri,2017,sex_mle,18.24237
eri,2018,sex_btsx,11.08577
eri,2018,sex_fmle,4.67528
eri,2018,sex_mle,17.68855
eri,2019,sex_btsx,10.95418
eri,2019,sex_fmle,4.50962
eri,2019,sex_mle,17.58773
eri,2020,sex_btsx,10.6619
eri,2020,sex_fmle,4.28965
eri,2020,sex_mle,17.21727
eri,2021,sex_btsx,10.43402
eri,2021,sex_fmle,4.10498
eri,2021,sex_mle,16.94062
esp,2000,sex_btsx,1.3791
esp,2000,sex_fmle,0.73857
esp,2000,sex_mle,2.04337
esp,2001,sex_btsx,1.43531
esp,2001,sex_fmle,0.77319
esp,2001,sex_mle,2.12187
esp,2002,sex_btsx,1.38306
esp,2002,sex_fmle,0.74696
esp,2002,sex_mle,2.0414
esp,2003,sex_btsx,1.41621
esp,2003,sex_fmle,0.79998
esp,2003,sex_mle,2.05194
esp,2004,sex_btsx,1.22739
esp,2004,sex_fmle,0.70832
esp,2004,sex_mle,1.76111
esp,2005,sex_btsx,1.2006
esp,2005,sex_fmle,0.69193
esp,2005,sex_mle,1.72184
esp,2006,sex_btsx,1.08341
esp,2006,sex_fmle,0.64498
esp,2006,sex_mle,1.53165
esp,2007,sex_btsx,1.08066
esp,2007,sex_fmle,0.64964
esp,2007,sex_mle,1.52031
esp,2008,sex_btsx,0.93919
esp,2008,sex_fmle,0.57864
esp,2008,sex_mle,1.30626
esp,2009,sex_btsx,0.87124
esp,2009,sex_fmle,0.55283
esp,2009,sex_mle,1.19558
esp,2010,sex_btsx,0.84919
esp,2010,sex_fmle,0.54222
esp,2010,sex_mle,1.16243
esp,2011,sex_btsx,0.83075
esp,2011,sex_fmle,0.53998
esp,2011,sex_mle,1.12804
esp,2012,sex_btsx,0.77939
esp,2012,sex_fmle,0.51117
esp,2012,sex_mle,1.05432
esp,2013,sex_btsx,0.74186
esp,2013,sex_fmle,0.49894
esp,2013,sex_mle,0.99156
esp,2014,sex_btsx,0.71009
esp,2014,sex_fmle,0.48404
esp,2014,sex_mle,0.94296
esp,2015,sex_btsx,0.64263
esp,2015,sex_fmle,0.43998
esp,2015,sex_mle,0.85166
esp,2016,sex_btsx,0.63447
esp,2016,sex_fmle,0.44917
esp,2016,sex_mle,0.82588
esp,2017,sex_btsx,0.69808
esp,2017,sex_fmle,0.49659
esp,2017,sex_mle,0.9065
esp,2018,sex_btsx,0.58839
esp,2018,sex_fmle,0.41919
esp,2018,sex_mle,0.76359
esp,2019,sex_btsx,0.55632
esp,2019,sex_fmle,0.39545
esp,2019,sex_mle,0.72297
esp,2020,sex_btsx,0.54068
esp,2020,sex_fmle,0.39379
esp,2020,sex_mle,0.69288
esp,2021,sex_btsx,0.51683
esp,2021,sex_fmle,0.38066
esp,2021,sex_mle,0.65793
est,2000,sex_btsx,14.75013
est,2000,sex_fmle,5.0954
est,2000,sex_mle,25.8093
est,2001,sex_btsx,15.60254
est,2001,sex_fmle,6.77655
est,2001,sex_mle,25.7213
est,2002,sex_btsx,12.17696
est,2002,sex_fmle,5.58514
est,2002,sex_mle,19.74526
est,2003,sex_btsx,11.34202
est,2003,sex_fmle,5.9278
est,2003,sex_mle,17.56573
est,2004,sex_btsx,8.63197
est,2004,sex_fmle,2.96329
est,2004,sex_mle,15.15459
est,2005,sex_btsx,10.10856
est,2005,sex_fmle,5.33976
est,2005,sex_mle,15.59825
est,2006,sex_btsx,8.49791
est,2006,sex_fmle,4.72571
est,2006,sex_mle,12.84073
est,2007,sex_btsx,7.95524
est,2007,sex_fmle,3.02732
est,2007,sex_mle,13.6299
est,2008,sex_btsx,7.27579
est,2008,sex_fmle,3.11334
est,2008,sex_mle,12.0659
est,2009,sex_btsx,6.73716
est,2009,sex_fmle,4.11429
est,2009,sex_mle,9.75026
est,2010,sex_btsx,5.16626
est,2010,sex_fmle,2.44165
est,2010,sex_mle,8.29043
est,2011,sex_btsx,5.26694
est,2011,sex_fmle,2.08487
est,2011,sex_mle,8.90952
est,2012,sex_btsx,5.20719
est,2012,sex_fmle,2.65339
est,2012,sex_mle,8.12651
est,2013,sex_btsx,4.26819
est,2013,sex_fmle,2.73056
est,2013,sex_mle,6.02286
est,2014,sex_btsx,3.40301
est,2014,sex_fmle,1.43698
est,2014,sex_mle,5.64159
est,2015,sex_btsx,3.47183
est,2015,sex_fmle,1.71845
est,2015,sex_mle,5.4631
est,2016,sex_btsx,2.72487
est,2016,sex_fmle,1.44821
est,2016,sex_mle,4.1702
est,2017,sex_btsx,2.45752
est,2017,sex_fmle,1.21153
est,2017,sex_mle,3.86183
est,2018,sex_btsx,2.39066
est,2018,sex_fmle,1.23865
est,2018,sex_mle,3.68151
est,2019,sex_btsx,2.14748
est,2019,sex_fmle,1.17106
est,2019,sex_mle,3.23569
est,2020,sex_btsx,1.9269
est,2020,sex_fmle,0.84451
est,2020,sex_mle,3.12898
est,2021,sex_btsx,1.8472
est,2021,sex_fmle,0.82076
est,2021,sex_mle,2.98519
eth,2000,sex_btsx,10.86379
eth,2000,sex_fmle,5.47095
eth,2000,sex_mle,16.27754
eth,2001,sex_btsx,10.5433
eth,2001,sex_fmle,5.33808
eth,2001,sex_mle,15.75888
eth,2002,sex_btsx,10.24472
eth,2002,sex_fmle,5.1573
eth,2002,sex_mle,15.33349
eth,2003,sex_btsx,9.94303
eth,2003,sex_fmle,4.98565
eth,2003,sex_mle,14.89404
eth,2004,sex_btsx,9.63315
eth,2004,sex_fmle,4.81549
eth,2004,sex_mle,14.43807
eth,2005,sex_btsx,9.34698
eth,2005,sex_fmle,4.6783
eth,2005,sex_mle,13.99779
eth,2006,sex_btsx,9.13212
eth,2006,sex_fmle,4.61575
eth,2006,sex_mle,13.62662
eth,2007,sex_btsx,8.88713
eth,2007,sex_fmle,4.5213
eth,2007,sex_mle,13.22856
eth,2008,sex_btsx,8.649
eth,2008,sex_fmle,4.3996
eth,2008,sex_mle,12.87256
eth,2009,sex_btsx,8.48086
eth,2009,sex_fmle,4.34725
eth,2009,sex_mle,12.588
eth,2010,sex_btsx,8.32148
eth,2010,sex_fmle,4.25285
eth,2010,sex_mle,12.36307
eth,2011,sex_btsx,8.16812
eth,2011,sex_fmle,4.18121
eth,2011,sex_mle,12.12764
eth,2012,sex_btsx,8.05568
eth,2012,sex_fmle,4.13214
eth,2012,sex_mle,11.95154
eth,2013,sex_btsx,7.89039
eth,2013,sex_fmle,4.04222
eth,2013,sex_mle,11.71109
eth,2014,sex_btsx,7.77656
eth,2014,sex_fmle,3.99535
eth,2014,sex_mle,11.53092
eth,2015,sex_btsx,7.65226
eth,2015,sex_fmle,3.92205
eth,2015,sex_mle,11.35649
eth,2016,sex_btsx,7.52583
eth,2016,sex_fmle,3.83624
eth,2016,sex_mle,11.19049
eth,2017,sex_btsx,7.345
eth,2017,sex_fmle,3.77168
eth,2017,sex_mle,10.89508
eth,2018,sex_btsx,7.1835
eth,2018,sex_fmle,3.71504
eth,2018,sex_mle,10.6303
eth,2019,sex_btsx,7.03248
eth,2019,sex_fmle,3.65416
eth,2019,sex_mle,10.3906
eth,2020,sex_btsx,6.87145
eth,2020,sex_fmle,3.60443
eth,2020,sex_mle,10.12009
eth,2021,sex_btsx,6.72162
eth,2021,sex_fmle,3.55672
eth,2021,sex_mle,9.87013
fin,2000,sex_btsx,2.82433
fin,2000,sex_fmle,2.21346
fin,2000,sex_mle,3.46512
fin,2001,sex_btsx,2.91914
fin,2001,sex_fmle,2.22768
fin,2001,sex_mle,3.6436
fin,2002,sex_btsx,2.62987
fin,2002,sex_fmle,2.06559
fin,2002,sex_mle,3.22033
fin,2003,sex_btsx,2.21723
fin,2003,sex_fmle,1.67892
fin,2003,sex_mle,2.77981
fin,2004,sex_btsx,2.56973
fin,2004,sex_fmle,2.00819
fin,2004,sex_mle,3.15609
fin,2005,sex_btsx,2.24068
fin,2005,sex_fmle,1.75514
fin,2005,sex_mle,2.74731
fin,2006,sex_btsx,2.24175
fin,2006,sex_fmle,1.70087
fin,2006,sex_mle,2.80571
fin,2007,sex_btsx,2.31915
fin,2007,sex_fmle,1.81627
fin,2007,sex_mle,2.843
fin,2008,sex_btsx,2.34127
fin,2008,sex_fmle,1.83612
fin,2008,sex_mle,2.86674
fin,2009,sex_btsx,2.20354
fin,2009,sex_fmle,1.70977
fin,2009,sex_mle,2.71655
fin,2010,sex_btsx,2.05271
fin,2010,sex_fmle,1.60968
fin,2010,sex_mle,2.51251
fin,2011,sex_btsx,1.95515
fin,2011,sex_fmle,1.60383
fin,2011,sex_mle,2.31937
fin,2012,sex_btsx,1.60012
fin,2012,sex_fmle,1.39423
fin,2012,sex_mle,1.81333
fin,2013,sex_btsx,1.56223
fin,2013,sex_fmle,1.29742
fin,2013,sex_mle,1.83613
fin,2014,sex_btsx,1.49366
fin,2014,sex_fmle,1.28845
fin,2014,sex_mle,1.70567
fin,2015,sex_btsx,1.41668
fin,2015,sex_fmle,1.228
fin,2015,sex_mle,1.61138
fin,2016,sex_btsx,1.31457
fin,2016,sex_fmle,1.16366
fin,2016,sex_mle,1.47002
fin,2017,sex_btsx,1.24861
fin,2017,sex_fmle,1.10591
fin,2017,sex_mle,1.39535
fin,2018,sex_btsx,1.22549
fin,2018,sex_fmle,1.0829
fin,2018,sex_mle,1.3719
fin,2019,sex_btsx,1.16418
fin,2019,sex_fmle,1.02403
fin,2019,sex_mle,1.30793
fin,2020,sex_btsx,1.10774
fin,2020,sex_fmle,0.9746
fin,2020,sex_mle,1.24416
fin,2021,sex_btsx,1.05898
fin,2021,sex_fmle,0.93211
fin,2021,sex_mle,1.18881
fji,2000,sex_btsx,2.79118
fji,2000,sex_fmle,1.39852
fji,2000,sex_mle,4.15583
fji,2001,sex_btsx,2.77346
fji,2001,sex_fmle,1.39075
fji,2001,sex_mle,4.12746
fji,2002,sex_btsx,2.75217
fji,2002,sex_fmle,1.37159
fji,2002,sex_mle,4.10323
fji,2003,sex_btsx,2.7291
fji,2003,sex_fmle,1.34327
fji,2003,sex_mle,4.0844
fji,2004,sex_btsx,2.6261
fji,2004,sex_fmle,1.28112
fji,2004,sex_mle,3.94037
fji,2005,sex_btsx,2.5525
fji,2005,sex_fmle,1.242
fji,2005,sex_mle,3.83215
fji,2006,sex_btsx,2.46664
fji,2006,sex_fmle,1.21451
fji,2006,sex_mle,3.68842
fji,2007,sex_btsx,2.3897
fji,2007,sex_fmle,1.17188
fji,2007,sex_mle,3.57706
fji,2008,sex_btsx,2.34347
fji,2008,sex_fmle,1.13178
fji,2008,sex_mle,3.52612
fji,2009,sex_btsx,2.52145
fji,2009,sex_fmle,1.24467
fji,2009,sex_mle,3.77125
fji,2010,sex_btsx,2.36634
fji,2010,sex_fmle,1.15712
fji,2010,sex_mle,3.55355
fji,2011,sex_btsx,2.28176
fji,2011,sex_fmle,1.11565
fji,2011,sex_mle,3.43009
fji,2012,sex_btsx,2.22751
fji,2012,sex_fmle,1.07472
fji,2012,sex_mle,3.36632
fji,2013,sex_btsx,2.18043
fji,2013,sex_fmle,1.05611
fji,2013,sex_mle,3.29458
fji,2014,sex_btsx,2.18481
fji,2014,sex_fmle,1.05574
fji,2014,sex_mle,3.30716
fji,2015,sex_btsx,2.18865
fji,2015,sex_fmle,1.04737
fji,2015,sex_mle,3.32696
fji,2016,sex_btsx,2.1981
fji,2016,sex_fmle,1.04814
fji,2016,sex_mle,3.34852
fji,2017,sex_btsx,2.21111
fji,2017,sex_fmle,1.05083
fji,2017,sex_mle,3.37528
fji,2018,sex_btsx,2.13906
fji,2018,sex_fmle,1.0114
fji,2018,sex_mle,3.27416
fji,2019,sex_btsx,2.12564
fji,2019,sex_fmle,0.99719
fji,2019,sex_mle,3.2651
fji,2020,sex_btsx,2.09697
fji,2020,sex_fmle,0.98311
fji,2020,sex_mle,3.22457
fji,2021,sex_btsx,2.06691
fji,2021,sex_fmle,0.96726
fji,2021,sex_mle,3.18224
fra,2000,sex_btsx,1.32344
fra,2000,sex_fmle,0.94774
fra,2000,sex_mle,1.72219
fra,2001,sex_btsx,1.3088
fra,2001,sex_fmle,0.95883
fra,2001,sex_mle,1.68057
fra,2002,sex_btsx,1.29671
fra,2002,sex_fmle,0.96949
fra,2002,sex_mle,1.6446
fra,2003,sex_btsx,1.22831
fra,2003,sex_fmle,0.91329
fra,2003,sex_mle,1.56346
fra,2004,sex_btsx,1.21185
fra,2004,sex_fmle,0.91403
fra,2004,sex_mle,1.52895
fra,2005,sex_btsx,1.16055
fra,2005,sex_fmle,0.83041
fra,2005,sex_mle,1.51241
fra,2006,sex_btsx,1.11487
fra,2006,sex_fmle,0.78374
fra,2006,sex_mle,1.46781
fra,2007,sex_btsx,1.07864
fra,2007,sex_fmle,0.79343
fra,2007,sex_mle,1.38253
fra,2008,sex_btsx,1.11427
fra,2008,sex_fmle,0.78409
fra,2008,sex_mle,1.46607
fra,2009,sex_btsx,1.08554
fra,2009,sex_fmle,0.79857
fra,2009,sex_mle,1.39127
fra,2010,sex_btsx,1.0003
fra,2010,sex_fmle,0.71485
fra,2010,sex_mle,1.30434
fra,2011,sex_btsx,0.98286
fra,2011,sex_fmle,0.69538
fra,2011,sex_mle,1.28907
fra,2012,sex_btsx,0.97047
fra,2012,sex_fmle,0.72341
fra,2012,sex_mle,1.23362
fra,2013,sex_btsx,0.96285
fra,2013,sex_fmle,0.70992
fra,2013,sex_mle,1.2322
fra,2014,sex_btsx,0.88795
fra,2014,sex_fmle,0.65145
fra,2014,sex_mle,1.13989
fra,2015,sex_btsx,0.94898
fra,2015,sex_fmle,0.73034
fra,2015,sex_mle,1.18211
fra,2016,sex_btsx,0.91022
fra,2016,sex_fmle,0.66996
fra,2016,sex_mle,1.16638
fra,2017,sex_btsx,0.86678
fra,2017,sex_fmle,0.67064
fra,2017,sex_mle,1.07578
fra,2018,sex_btsx,0.96418
fra,2018,sex_fmle,0.68483
fra,2018,sex_mle,1.26182
fra,2019,sex_btsx,0.96832
fra,2019,sex_fmle,0.70063
fra,2019,sex_mle,1.25338
fra,2020,sex_btsx,0.96776
fra,2020,sex_fmle,0.67138
fra,2020,sex_mle,1.28325
fra,2021,sex_btsx,1.00002
fra,2021,sex_fmle,0.70907
fra,2021,sex_mle,1.3096
fsm,2000,sex_btsx,4.22896
fsm,2000,sex_fmle,2.95098
fsm,2000,sex_mle,5.50802
fsm,2001,sex_btsx,4.18063
fsm,2001,sex_fmle,2.92256
fsm,2001,sex_mle,5.43915
fsm,2002,sex_btsx,4.24229
fsm,2002,sex_fmle,2.95355
fsm,2002,sex_mle,5.53072
fsm,2003,sex_btsx,4.29331
fsm,2003,sex_fmle,2.99952
fsm,2003,sex_mle,5.58626
fsm,2004,sex_btsx,4.39176
fsm,2004,sex_fmle,3.06311
fsm,2004,sex_mle,5.71998
fsm,2005,sex_btsx,4.44229
fsm,2005,sex_fmle,3.09997
fsm,2005,sex_mle,5.78499
fsm,2006,sex_btsx,4.42695
fsm,2006,sex_fmle,3.0938
fsm,2006,sex_mle,5.76234
fsm,2007,sex_btsx,4.42124
fsm,2007,sex_fmle,3.05216
fsm,2007,sex_mle,5.79496
fsm,2008,sex_btsx,4.4372
fsm,2008,sex_fmle,3.03604
fsm,2008,sex_mle,5.84532
fsm,2009,sex_btsx,4.4551
fsm,2009,sex_fmle,3.02674
fsm,2009,sex_mle,5.89283
fsm,2010,sex_btsx,4.51883
fsm,2010,sex_fmle,3.03412
fsm,2010,sex_mle,6.01467
fsm,2011,sex_btsx,4.44867
fsm,2011,sex_fmle,2.94664
fsm,2011,sex_mle,5.96216
fsm,2012,sex_btsx,4.43101
fsm,2012,sex_fmle,2.89657
fsm,2012,sex_mle,5.97739
fsm,2013,sex_btsx,4.51312
fsm,2013,sex_fmle,2.95819
fsm,2013,sex_mle,6.08049
fsm,2014,sex_btsx,4.52506
fsm,2014,sex_fmle,2.91682
fsm,2014,sex_mle,6.14604
fsm,2015,sex_btsx,4.55739
fsm,2015,sex_fmle,2.91027
fsm,2015,sex_mle,6.21813
fsm,2016,sex_btsx,4.55741
fsm,2016,sex_fmle,2.94682
fsm,2016,sex_mle,6.18146
fsm,2017,sex_btsx,4.54418
fsm,2017,sex_fmle,2.92682
fsm,2017,sex_mle,6.17524
fsm,2018,sex_btsx,4.62118
fsm,2018,sex_fmle,2.96828
fsm,2018,sex_mle,6.28872
fsm,2019,sex_btsx,4.64347
fsm,2019,sex_fmle,2.97572
fsm,2019,sex_mle,6.32661
fsm,2020,sex_btsx,4.72476
fsm,2020,sex_fmle,3.01232
fsm,2020,sex_mle,6.45435
fsm,2021,sex_btsx,4.79598
fsm,2021,sex_fmle,3.04605
fsm,2021,sex_mle,6.56473
gab,2000,sex_btsx,9.8048
gab,2000,sex_fmle,3.54434
gab,2000,sex_mle,16.19103
gab,2001,sex_btsx,9.80442
gab,2001,sex_fmle,3.50445
gab,2001,sex_mle,16.21493
gab,2002,sex_btsx,9.58571
gab,2002,sex_fmle,3.25356
gab,2002,sex_mle,16.01172
gab,2003,sex_btsx,9.48049
gab,2003,sex_fmle,3.22129
gab,2003,sex_mle,15.81425
gab,2004,sex_btsx,8.29478
gab,2004,sex_fmle,3.40376
gab,2004,sex_mle,13.22819
gab,2005,sex_btsx,9.41409
gab,2005,sex_fmle,3.31045
gab,2005,sex_mle,15.54832
gab,2006,sex_btsx,9.46472
gab,2006,sex_fmle,3.34324
gab,2006,sex_mle,15.59165
gab,2007,sex_btsx,9.3751
gab,2007,sex_fmle,3.17881
gab,2007,sex_mle,15.54909
gab,2008,sex_btsx,9.25665
gab,2008,sex_fmle,3.11411
gab,2008,sex_mle,15.34836
gab,2009,sex_btsx,9.05865
gab,2009,sex_fmle,3.12098
gab,2009,sex_mle,14.91859
gab,2010,sex_btsx,8.96976
gab,2010,sex_fmle,2.96859
gab,2010,sex_mle,14.86244
gab,2011,sex_btsx,8.87318
gab,2011,sex_fmle,2.85358
gab,2011,sex_mle,14.7531
gab,2012,sex_btsx,8.76832
gab,2012,sex_fmle,2.80046
gab,2012,sex_mle,14.56757
gab,2013,sex_btsx,8.76138
gab,2013,sex_fmle,2.8676
gab,2013,sex_mle,14.46117
gab,2014,sex_btsx,8.67497
gab,2014,sex_fmle,2.84133
gab,2014,sex_mle,14.29495
gab,2015,sex_btsx,8.57898
gab,2015,sex_fmle,2.84648
gab,2015,sex_mle,14.0881
gab,2016,sex_btsx,8.43857
gab,2016,sex_fmle,2.87281
gab,2016,sex_mle,13.78243
gab,2017,sex_btsx,8.20607
gab,2017,sex_fmle,2.71251
gab,2017,sex_mle,13.48204
gab,2018,sex_btsx,8.25464
gab,2018,sex_fmle,2.84279
gab,2018,sex_mle,13.45681
gab,2019,sex_btsx,8.15238
gab,2019,sex_fmle,2.85726
gab,2019,sex_mle,13.24817
gab,2020,sex_btsx,8.04302
gab,2020,sex_fmle,2.84361
gab,2020,sex_mle,13.05384
gab,2021,sex_btsx,7.97124
gab,2021,sex_fmle,2.86262
gab,2021,sex_mle,12.90308
gbr,2000,sex_btsx,2.08934
gbr,2000,sex_fmle,1.47602
gbr,2000,sex_mle,2.74122
gbr,2001,sex_btsx,2.17556
gbr,2001,sex_fmle,1.51345
gbr,2001,sex_mle,2.87818
gbr,2002,sex_btsx,2.00874
gbr,2002,sex_fmle,1.38745
gbr,2002,sex_mle,2.66704
gbr,2003,sex_btsx,1.96044
gbr,2003,sex_fmle,1.37395
gbr,2003,sex_mle,2.581
gbr,2004,sex_btsx,2.03548
gbr,2004,sex_fmle,1.42657
gbr,2004,sex_mle,2.67893
gbr,2005,sex_btsx,1.90371
gbr,2005,sex_fmle,1.33905
gbr,2005,sex_mle,2.49965
gbr,2006,sex_btsx,1.77403
gbr,2006,sex_fmle,1.22444
gbr,2006,sex_mle,2.35325
gbr,2007,sex_btsx,1.7684
gbr,2007,sex_fmle,1.22281
gbr,2007,sex_mle,2.34247
gbr,2008,sex_btsx,1.69977
gbr,2008,sex_fmle,1.17936
gbr,2008,sex_mle,2.24644
gbr,2009,sex_btsx,1.6171
gbr,2009,sex_fmle,1.13084
gbr,2009,sex_mle,2.1271
gbr,2010,sex_btsx,1.61128
gbr,2010,sex_fmle,1.14757
gbr,2010,sex_mle,2.09678
gbr,2011,sex_btsx,1.45625
gbr,2011,sex_fmle,1.04172
gbr,2011,sex_mle,1.88949
gbr,2012,sex_btsx,1.45666
gbr,2012,sex_fmle,1.06019
gbr,2012,sex_mle,1.87049
gbr,2013,sex_btsx,1.40947
gbr,2013,sex_fmle,1.01862
gbr,2013,sex_mle,1.81692
gbr,2014,sex_btsx,1.3855
gbr,2014,sex_fmle,1.01682
gbr,2014,sex_mle,1.7693
gbr,2015,sex_btsx,1.35625
gbr,2015,sex_fmle,1.0007
gbr,2015,sex_mle,1.7257
gbr,2016,sex_btsx,1.46466
gbr,2016,sex_fmle,1.10179
gbr,2016,sex_mle,1.84102
gbr,2017,sex_btsx,1.47204
gbr,2017,sex_fmle,1.11541
gbr,2017,sex_mle,1.84148
gbr,2018,sex_btsx,1.32921
gbr,2018,sex_fmle,1.01185
gbr,2018,sex_mle,1.65772
gbr,2019,sex_btsx,1.29743
gbr,2019,sex_fmle,0.99265
gbr,2019,sex_mle,1.61261
gbr,2020,sex_btsx,1.29606
gbr,2020,sex_fmle,1.00691
gbr,2020,sex_mle,1.59476
gbr,2021,sex_btsx,1.27383
gbr,2021,sex_fmle,0.99826
gbr,2021,sex_mle,1.55827
geo,2000,sex_btsx,5.32792
geo,2000,sex_fmle,2.18855
geo,2000,sex_mle,9.06204
geo,2001,sex_btsx,6.08391
geo,2001,sex_fmle,2.45441
geo,2001,sex_mle,10.42227
geo,2002,sex_btsx,5.88628
geo,2002,sex_fmle,2.51118
geo,2002,sex_mle,9.93087
geo,2003,sex_btsx,5.68058
geo,2003,sex_fmle,2.8149
geo,2003,sex_mle,9.10684
geo,2004,sex_btsx,6.0491
geo,2004,sex_fmle,2.36552
geo,2004,sex_mle,10.42992
geo,2005,sex_btsx,5.68528
geo,2005,sex_fmle,2.70338
geo,2005,sex_mle,9.21483
geo,2006,sex_btsx,5.41155
geo,2006,sex_fmle,2.07936
geo,2006,sex_mle,9.33997
geo,2007,sex_btsx,5.12949
geo,2007,sex_fmle,2.27547
geo,2007,sex_mle,8.48241
geo,2008,sex_btsx,4.68076
geo,2008,sex_fmle,2.09919
geo,2008,sex_mle,7.70322
geo,2009,sex_btsx,3.93306
geo,2009,sex_fmle,1.82425
geo,2009,sex_mle,6.39222
geo,2010,sex_btsx,3.31937
geo,2010,sex_fmle,1.35341
geo,2010,sex_mle,5.602
geo,2011,sex_btsx,3.16114
geo,2011,sex_fmle,1.40566
geo,2011,sex_mle,5.19132
geo,2012,sex_btsx,3.07471
geo,2012,sex_fmle,1.34657
geo,2012,sex_mle,5.06573
geo,2013,sex_btsx,2.70582
geo,2013,sex_fmle,1.2486
geo,2013,sex_mle,4.37854
geo,2014,sex_btsx,3.03471
geo,2014,sex_fmle,1.58628
geo,2014,sex_mle,4.6944
geo,2015,sex_btsx,2.56197
geo,2015,sex_fmle,0.99697
geo,2015,sex_mle,4.35546
geo,2016,sex_btsx,2.14365
geo,2016,sex_fmle,0.97334
geo,2016,sex_mle,3.48515
geo,2017,sex_btsx,1.98689
geo,2017,sex_fmle,0.84086
geo,2017,sex_mle,3.30093
geo,2018,sex_btsx,2.23862
geo,2018,sex_fmle,0.95767
geo,2018,sex_mle,3.70772
geo,2019,sex_btsx,1.9382
geo,2019,sex_fmle,0.87344
geo,2019,sex_mle,3.15963
geo,2020,sex_btsx,1.98717
geo,2020,sex_fmle,0.90296
geo,2020,sex_mle,3.23135
geo,2021,sex_btsx,1.87122
geo,2021,sex_fmle,0.76109
geo,2021,sex_mle,3.14479
gha,2000,sex_btsx,6.62238
gha,2000,sex_fmle,5.34421
gha,2000,sex_mle,7.91155
gha,2001,sex_btsx,6.56571
gha,2001,sex_fmle,5.13764
gha,2001,sex_mle,8.00501
gha,2002,sex_btsx,6.48259
gha,2002,sex_fmle,4.93957
gha,2002,sex_mle,8.03654
gha,2003,sex_btsx,6.42435
gha,2003,sex_fmle,4.82721
gha,2003,sex_mle,8.03161
gha,2004,sex_btsx,6.3976
gha,2004,sex_fmle,4.75231
gha,2004,sex_mle,8.05221
gha,2005,sex_btsx,6.33535
gha,2005,sex_fmle,4.67496
gha,2005,sex_mle,8.00409
gha,2006,sex_btsx,6.30181
gha,2006,sex_fmle,4.6453
gha,2006,sex_mle,7.96562
gha,2007,sex_btsx,6.24949
gha,2007,sex_fmle,4.62365
gha,2007,sex_mle,7.88151
gha,2008,sex_btsx,6.23326
gha,2008,sex_fmle,4.46361
gha,2008,sex_mle,8.0087
gha,2009,sex_btsx,6.22081
gha,2009,sex_fmle,4.39331
gha,2009,sex_mle,8.0534
gha,2010,sex_btsx,6.20443
gha,2010,sex_fmle,4.45012
gha,2010,sex_mle,7.96285
gha,2011,sex_btsx,6.19033
gha,2011,sex_fmle,4.48925
gha,2011,sex_mle,7.8948
gha,2012,sex_btsx,6.2026
gha,2012,sex_fmle,4.52769
gha,2012,sex_mle,7.88037
gha,2013,sex_btsx,6.18265
gha,2013,sex_fmle,4.53693
gha,2013,sex_mle,7.8308
gha,2014,sex_btsx,6.13297
gha,2014,sex_fmle,4.49422
gha,2014,sex_mle,7.77386
gha,2015,sex_btsx,6.06292
gha,2015,sex_fmle,4.44518
gha,2015,sex_mle,7.68259
gha,2016,sex_btsx,6.00683
gha,2016,sex_fmle,4.39535
gha,2016,sex_mle,7.62007
gha,2017,sex_btsx,5.95681
gha,2017,sex_fmle,4.37954
gha,2017,sex_mle,7.53569
gha,2018,sex_btsx,5.95473
gha,2018,sex_fmle,4.39814
gha,2018,sex_mle,7.51286
gha,2019,sex_btsx,5.92336
gha,2019,sex_fmle,4.39491
gha,2019,sex_mle,7.45337
gha,2020,sex_btsx,5.91574
gha,2020,sex_fmle,4.39935
gha,2020,sex_mle,7.43396
gha,2021,sex_btsx,5.90147
gha,2021,sex_fmle,4.41276
gha,2021,sex_mle,7.39233
gin,2000,sex_btsx,12.04129
gin,2000,sex_fmle,6.61304
gin,2000,sex_mle,17.62861
gin,2001,sex_btsx,11.89351
gin,2001,sex_fmle,6.30728
gin,2001,sex_mle,17.67859
gin,2002,sex_btsx,11.6766
gin,2002,sex_fmle,5.99615
gin,2002,sex_mle,17.58386
gin,2003,sex_btsx,11.35549
gin,2003,sex_fmle,5.76256
gin,2003,sex_mle,17.16897
gin,2004,sex_btsx,11.03508
gin,2004,sex_fmle,5.43374
gin,2004,sex_mle,16.85958
gin,2005,sex_btsx,10.81376
gin,2005,sex_fmle,5.12911
gin,2005,sex_mle,16.73447
gin,2006,sex_btsx,10.60764
gin,2006,sex_fmle,4.83327
gin,2006,sex_mle,16.62964
gin,2007,sex_btsx,10.38412
gin,2007,sex_fmle,4.67598
gin,2007,sex_mle,16.33704
gin,2008,sex_btsx,10.17141
gin,2008,sex_fmle,4.6164
gin,2008,sex_mle,15.96162
gin,2009,sex_btsx,10.01462
gin,2009,sex_fmle,4.66428
gin,2009,sex_mle,15.58878
gin,2010,sex_btsx,9.79456
gin,2010,sex_fmle,4.71592
gin,2010,sex_mle,15.08293
gin,2011,sex_btsx,9.61111
gin,2011,sex_fmle,4.76506
gin,2011,sex_mle,14.654
gin,2012,sex_btsx,9.46751
gin,2012,sex_fmle,4.81634
gin,2012,sex_mle,14.30484
gin,2013,sex_btsx,9.33616
gin,2013,sex_fmle,4.83659
gin,2013,sex_mle,14.01319
gin,2014,sex_btsx,9.31903
gin,2014,sex_fmle,4.78417
gin,2014,sex_mle,14.02859
gin,2015,sex_btsx,9.25965
gin,2015,sex_fmle,4.80032
gin,2015,sex_mle,13.88455
gin,2016,sex_btsx,9.21995
gin,2016,sex_fmle,4.84317
gin,2016,sex_mle,13.75184
gin,2017,sex_btsx,8.99528
gin,2017,sex_fmle,4.69985
gin,2017,sex_mle,13.43579
gin,2018,sex_btsx,8.85449
gin,2018,sex_fmle,4.59864
gin,2018,sex_mle,13.2468
gin,2019,sex_btsx,8.74432
gin,2019,sex_fmle,4.51118
gin,2019,sex_mle,13.1049
gin,2020,sex_btsx,8.60888
gin,2020,sex_fmle,4.39063
gin,2020,sex_mle,12.94592
gin,2021,sex_btsx,8.48363
gin,2021,sex_fmle,4.27923
gin,2021,sex_mle,12.79821
gmb,2000,sex_btsx,10.5018
gmb,2000,sex_fmle,2.22018
gmb,2000,sex_mle,18.9533
gmb,2001,sex_btsx,9.99714
gmb,2001,sex_fmle,2.10883
gmb,2001,sex_mle,18.04735
gmb,2002,sex_btsx,9.57631
gmb,2002,sex_fmle,2.01978
gmb,2002,sex_mle,17.28702
gmb,2003,sex_btsx,9.19416
gmb,2003,sex_fmle,1.91775
gmb,2003,sex_mle,16.61721
gmb,2004,sex_btsx,8.78207
gmb,2004,sex_fmle,1.80933
gmb,2004,sex_mle,15.89293
gmb,2005,sex_btsx,8.46631
gmb,2005,sex_fmle,1.73552
gmb,2005,sex_mle,15.32738
gmb,2006,sex_btsx,8.53147
gmb,2006,sex_fmle,1.74381
gmb,2006,sex_mle,15.44689
gmb,2007,sex_btsx,8.5813
gmb,2007,sex_fmle,1.7812
gmb,2007,sex_mle,15.50518
gmb,2008,sex_btsx,8.62995
gmb,2008,sex_fmle,1.78815
gmb,2008,sex_mle,15.59131
gmb,2009,sex_btsx,8.70822
gmb,2009,sex_fmle,1.83563
gmb,2009,sex_mle,15.69553
gmb,2010,sex_btsx,8.80863
gmb,2010,sex_fmle,1.90963
gmb,2010,sex_mle,15.81724
gmb,2011,sex_btsx,8.82582
gmb,2011,sex_fmle,1.94928
gmb,2011,sex_mle,15.80583
gmb,2012,sex_btsx,8.79005
gmb,2012,sex_fmle,1.99199
gmb,2012,sex_mle,15.68461
gmb,2013,sex_btsx,8.60913
gmb,2013,sex_fmle,1.97634
gmb,2013,sex_mle,15.3306
gmb,2014,sex_btsx,8.57526
gmb,2014,sex_fmle,2.00634
gmb,2014,sex_mle,15.22676
gmb,2015,sex_btsx,8.46718
gmb,2015,sex_fmle,1.99919
gmb,2015,sex_mle,15.01167
gmb,2016,sex_btsx,8.33636
gmb,2016,sex_fmle,1.97864
gmb,2016,sex_mle,14.76522
gmb,2017,sex_btsx,8.18836
gmb,2017,sex_fmle,1.95717
gmb,2017,sex_mle,14.48599
gmb,2018,sex_btsx,8.15751
gmb,2018,sex_fmle,1.95442
gmb,2018,sex_mle,14.4238
gmb,2019,sex_btsx,8.06777
gmb,2019,sex_fmle,1.93482
gmb,2019,sex_mle,14.26052
gmb,2020,sex_btsx,7.98763
gmb,2020,sex_fmle,1.92182
gmb,2020,sex_mle,14.11047
gmb,2021,sex_btsx,7.94654
gmb,2021,sex_fmle,1.9098
gmb,2021,sex_mle,14.03808
gnb,2000,sex_btsx,12.90994
gnb,2000,sex_fmle,7.876
gnb,2000,sex_mle,18.23315
gnb,2001,sex_btsx,12.59458
gnb,2001,sex_fmle,7.71967
gnb,2001,sex_mle,17.74271
gnb,2002,sex_btsx,12.32498
gnb,2002,sex_fmle,7.54421
gnb,2002,sex_mle,17.36662
gnb,2003,sex_btsx,11.89258
gnb,2003,sex_fmle,7.00591
gnb,2003,sex_mle,17.03823
gnb,2004,sex_btsx,11.87601
gnb,2004,sex_fmle,7.08522
gnb,2004,sex_mle,16.91302
gnb,2005,sex_btsx,11.79474
gnb,2005,sex_fmle,6.76293
gnb,2005,sex_mle,17.07679
gnb,2006,sex_btsx,11.50942
gnb,2006,sex_fmle,6.43333
gnb,2006,sex_mle,16.82951
gnb,2007,sex_btsx,11.01419
gnb,2007,sex_fmle,6.13449
gnb,2007,sex_mle,16.12018
gnb,2008,sex_btsx,10.94163
gnb,2008,sex_fmle,5.99685
gnb,2008,sex_mle,16.10704
gnb,2009,sex_btsx,10.64717
gnb,2009,sex_fmle,5.71248
gnb,2009,sex_mle,15.79375
gnb,2010,sex_btsx,9.94838
gnb,2010,sex_fmle,4.4805
gnb,2010,sex_mle,15.64173
gnb,2011,sex_btsx,9.81079
gnb,2011,sex_fmle,4.40691
gnb,2011,sex_mle,15.4283
gnb,2012,sex_btsx,9.61886
gnb,2012,sex_fmle,4.34206
gnb,2012,sex_mle,15.09544
gnb,2013,sex_btsx,10.00131
gnb,2013,sex_fmle,5.30843
gnb,2013,sex_mle,14.86442
gnb,2014,sex_btsx,9.89202
gnb,2014,sex_fmle,5.29106
gnb,2014,sex_mle,14.65278
gnb,2015,sex_btsx,9.37091
gnb,2015,sex_fmle,5.09282
gnb,2015,sex_mle,13.79137
gnb,2016,sex_btsx,9.37436
gnb,2016,sex_fmle,5.12905
gnb,2016,sex_mle,13.75507
gnb,2017,sex_btsx,9.1727
gnb,2017,sex_fmle,5.11965
gnb,2017,sex_mle,13.34978
gnb,2018,sex_btsx,9.05621
gnb,2018,sex_fmle,5.22191
gnb,2018,sex_mle,13.00317
gnb,2019,sex_btsx,8.87091
gnb,2019,sex_fmle,5.23067
gnb,2019,sex_mle,12.61389
gnb,2020,sex_btsx,8.71608
gnb,2020,sex_fmle,5.24916
gnb,2020,sex_mle,12.27724
gnb,2021,sex_btsx,8.56568
gnb,2021,sex_fmle,5.26533
gnb,2021,sex_mle,11.95244
gnq,2000,sex_btsx,3.55034
gnq,2000,sex_fmle,1.12209
gnq,2000,sex_mle,5.9511
gnq,2001,sex_btsx,3.47125
gnq,2001,sex_fmle,1.07455
gnq,2001,sex_mle,5.82242
gnq,2002,sex_btsx,3.4021
gnq,2002,sex_fmle,1.03034
gnq,2002,sex_mle,5.71127
gnq,2003,sex_btsx,3.34307
gnq,2003,sex_fmle,1.00862
gnq,2003,sex_mle,5.5992
gnq,2004,sex_btsx,3.30037
gnq,2004,sex_fmle,0.97596
gnq,2004,sex_mle,5.53126
gnq,2005,sex_btsx,3.2641
gnq,2005,sex_fmle,1.06441
gnq,2005,sex_mle,5.35909
gnq,2006,sex_btsx,3.20503
gnq,2006,sex_fmle,0.98434
gnq,2006,sex_mle,5.30179
gnq,2007,sex_btsx,3.1609
gnq,2007,sex_fmle,0.9643
gnq,2007,sex_mle,5.21714
gnq,2008,sex_btsx,3.13084
gnq,2008,sex_fmle,0.99366
gnq,2008,sex_mle,5.11466
gnq,2009,sex_btsx,2.79863
gnq,2009,sex_fmle,0.96815
gnq,2009,sex_mle,4.4839
gnq,2010,sex_btsx,2.73287
gnq,2010,sex_fmle,0.97005
gnq,2010,sex_mle,4.34336
gnq,2011,sex_btsx,2.75821
gnq,2011,sex_fmle,0.92151
gnq,2011,sex_mle,4.42598
gnq,2012,sex_btsx,2.79347
gnq,2012,sex_fmle,0.87573
gnq,2012,sex_mle,4.52687
gnq,2013,sex_btsx,2.75183
gnq,2013,sex_fmle,0.90578
gnq,2013,sex_mle,4.4136
gnq,2014,sex_btsx,2.74516
gnq,2014,sex_fmle,0.92518
gnq,2014,sex_mle,4.37744
gnq,2015,sex_btsx,2.68925
gnq,2015,sex_fmle,0.87786
gnq,2015,sex_mle,4.30867
gnq,2016,sex_btsx,2.7374
gnq,2016,sex_fmle,0.88325
gnq,2016,sex_mle,4.39068
gnq,2017,sex_btsx,2.76782
gnq,2017,sex_fmle,0.86967
gnq,2017,sex_mle,4.45683
gnq,2018,sex_btsx,2.82297
gnq,2018,sex_fmle,0.87478
gnq,2018,sex_mle,4.55385
gnq,2019,sex_btsx,2.80845
gnq,2019,sex_fmle,0.87402
gnq,2019,sex_mle,4.5253
gnq,2020,sex_btsx,2.64932
gnq,2020,sex_fmle,0.872
gnq,2020,sex_mle,4.22916
gnq,2021,sex_btsx,2.62346
gnq,2021,sex_fmle,0.89637
gnq,2021,sex_mle,4.16288
grc,2000,sex_btsx,1.11718
grc,2000,sex_fmle,0.80159
grc,2000,sex_mle,1.44129
grc,2001,sex_btsx,1.03143
grc,2001,sex_fmle,0.63076
grc,2001,sex_mle,1.44267
grc,2002,sex_btsx,0.75885
grc,2002,sex_fmle,0.42884
grc,2002,sex_mle,1.09751
grc,2003,sex_btsx,1.08543
grc,2003,sex_fmle,0.67171
grc,2003,sex_mle,1.51015
grc,2004,sex_btsx,0.8972
grc,2004,sex_fmle,0.55637
grc,2004,sex_mle,1.24737
grc,2005,sex_btsx,1.07026
grc,2005,sex_fmle,0.80924
grc,2005,sex_mle,1.33869
grc,2006,sex_btsx,0.83629
grc,2006,sex_fmle,0.40911
grc,2006,sex_mle,1.27644
grc,2007,sex_btsx,1.14207
grc,2007,sex_fmle,0.56869
grc,2007,sex_mle,1.73441
grc,2008,sex_btsx,1.33698
grc,2008,sex_fmle,0.7605
grc,2008,sex_mle,1.93429
grc,2009,sex_btsx,1.49714
grc,2009,sex_fmle,0.92749
grc,2009,sex_mle,2.08922
grc,2010,sex_btsx,1.50875
grc,2010,sex_fmle,0.69514
grc,2010,sex_mle,2.35721
grc,2011,sex_btsx,1.6973
grc,2011,sex_fmle,0.72819
grc,2011,sex_mle,2.71207
grc,2012,sex_btsx,1.60485
grc,2012,sex_fmle,0.7921
grc,2012,sex_mle,2.46069
grc,2013,sex_btsx,1.46434
grc,2013,sex_fmle,1.07168
grc,2013,sex_mle,1.88049
grc,2014,sex_btsx,1.14277
grc,2014,sex_fmle,0.67445
grc,2014,sex_mle,1.64181
grc,2015,sex_btsx,0.92565
grc,2015,sex_fmle,0.65524
grc,2015,sex_mle,1.21503
grc,2016,sex_btsx,0.8423
grc,2016,sex_fmle,0.57589
grc,2016,sex_mle,1.12769
grc,2017,sex_btsx,0.76182
grc,2017,sex_fmle,0.45837
grc,2017,sex_mle,1.08657
grc,2018,sex_btsx,1.00336
grc,2018,sex_fmle,0.61278
grc,2018,sex_mle,1.42079
grc,2019,sex_btsx,0.98489
grc,2019,sex_fmle,0.60983
grc,2019,sex_mle,1.38455
grc,2020,sex_btsx,1.05317
grc,2020,sex_fmle,0.67656
grc,2020,sex_mle,1.45369
grc,2021,sex_btsx,1.08265
grc,2021,sex_fmle,0.70037
grc,2021,sex_mle,1.48942
grd,2000,sex_btsx,4.22266
grd,2000,sex_fmle,2.68012
grd,2000,sex_mle,5.72878
grd,2001,sex_btsx,3.72219
grd,2001,sex_fmle,2.52523
grd,2001,sex_mle,4.88817
grd,2002,sex_btsx,3.81742
grd,2002,sex_fmle,2.33575
grd,2002,sex_mle,5.25956
grd,2003,sex_btsx,3.61377
grd,2003,sex_fmle,2.1876
grd,2003,sex_mle,5.00024
grd,2004,sex_btsx,3.43664
grd,2004,sex_fmle,1.58836
grd,2004,sex_mle,5.23119
grd,2005,sex_btsx,4.07169
grd,2005,sex_fmle,1.73873
grd,2005,sex_mle,6.33428
grd,2006,sex_btsx,4.33229
grd,2006,sex_fmle,2.16911
grd,2006,sex_mle,6.42837
grd,2007,sex_btsx,4.51285
grd,2007,sex_fmle,2.70332
grd,2007,sex_mle,6.26454
grd,2008,sex_btsx,4.24009
grd,2008,sex_fmle,2.82487
grd,2008,sex_mle,5.60898
grd,2009,sex_btsx,3.5571
grd,2009,sex_fmle,1.96309
grd,2009,sex_mle,5.09773
grd,2010,sex_btsx,3.75872
grd,2010,sex_fmle,1.75178
grd,2010,sex_mle,5.69702
grd,2011,sex_btsx,4.0974
grd,2011,sex_fmle,1.67529
grd,2011,sex_mle,6.43884
grd,2012,sex_btsx,5.34645
grd,2012,sex_fmle,2.4608
grd,2012,sex_mle,8.14226
grd,2013,sex_btsx,5.14012
grd,2013,sex_fmle,2.45831
grd,2013,sex_mle,7.74363
grd,2014,sex_btsx,5.1795
grd,2014,sex_fmle,2.44732
grd,2014,sex_mle,7.83729
grd,2015,sex_btsx,5.18656
grd,2015,sex_fmle,1.7281
grd,2015,sex_mle,8.55857
grd,2016,sex_btsx,6.05333
grd,2016,sex_fmle,1.85157
grd,2016,sex_mle,10.16036
grd,2017,sex_btsx,6.82922
grd,2017,sex_fmle,1.9328
grd,2017,sex_mle,11.62717
grd,2018,sex_btsx,6.70006
grd,2018,sex_fmle,1.74169
grd,2018,sex_mle,11.57146
grd,2019,sex_btsx,7.83331
grd,2019,sex_fmle,2.00192
grd,2019,sex_mle,13.5778
grd,2020,sex_btsx,5.40653
grd,2020,sex_fmle,1.79761
grd,2020,sex_mle,8.96893
grd,2021,sex_btsx,4.95287
grd,2021,sex_fmle,2.07131
grd,2021,sex_mle,7.80144
gtm,2000,sex_btsx,26.65069
gtm,2000,sex_fmle,7.57524
gtm,2000,sex_mle,45.91024
gtm,2001,sex_btsx,29.01481
gtm,2001,sex_fmle,8.39808
gtm,2001,sex_mle,49.83913
gtm,2002,sex_btsx,31.68096
gtm,2002,sex_fmle,9.65775
gtm,2002,sex_mle,53.93514
gtm,2003,sex_btsx,35.92562
gtm,2003,sex_fmle,10.39819
gtm,2003,sex_mle,61.73176
gtm,2004,sex_btsx,37.29495
gtm,2004,sex_fmle,10.87774
gtm,2004,sex_mle,64.01322
gtm,2005,sex_btsx,43.01925
gtm,2005,sex_fmle,11.94765
gtm,2005,sex_mle,74.46045
gtm,2006,sex_btsx,46.2754
gtm,2006,sex_fmle,12.76333
gtm,2006,sex_mle,80.20218
gtm,2007,sex_btsx,44.45999
gtm,2007,sex_fmle,13.06519
gtm,2007,sex_mle,76.25739
gtm,2008,sex_btsx,46.789
gtm,2008,sex_fmle,12.85459
gtm,2008,sex_mle,81.17243
gtm,2009,sex_btsx,47.34378
gtm,2009,sex_fmle,13.27675
gtm,2009,sex_mle,81.87481
gtm,2010,sex_btsx,42.4525
gtm,2010,sex_fmle,12.08393
gtm,2010,sex_mle,73.24426
gtm,2011,sex_btsx,39.54037
gtm,2011,sex_fmle,11.14432
gtm,2011,sex_mle,68.33823
gtm,2012,sex_btsx,35.77355
gtm,2012,sex_fmle,10.37438
gtm,2012,sex_mle,61.53572
gtm,2013,sex_btsx,34.52006
gtm,2013,sex_fmle,9.94648
gtm,2013,sex_mle,59.44758
gtm,2014,sex_btsx,32.17638
gtm,2014,sex_fmle,9.36641
gtm,2014,sex_mle,55.31702
gtm,2015,sex_btsx,28.62832
gtm,2015,sex_fmle,8.47127
gtm,2015,sex_mle,49.07924
gtm,2016,sex_btsx,26.87621
gtm,2016,sex_fmle,8.03681
gtm,2016,sex_mle,45.99137
gtm,2017,sex_btsx,25.04576
gtm,2017,sex_fmle,7.53107
gtm,2017,sex_mle,42.81731
gtm,2018,sex_btsx,26.7666
gtm,2018,sex_fmle,8.07335
gtm,2018,sex_mle,45.73346
gtm,2019,sex_btsx,25.76117
gtm,2019,sex_fmle,7.82301
gtm,2019,sex_mle,43.96141
gtm,2020,sex_btsx,25.98446
gtm,2020,sex_fmle,7.89627
gtm,2020,sex_mle,44.34423
gtm,2021,sex_btsx,26.17895
gtm,2021,sex_fmle,7.97239
gtm,2021,sex_mle,44.67457
guy,2000,sex_btsx,14.63022
guy,2000,sex_fmle,5.53006
guy,2000,sex_mle,23.7835
guy,2001,sex_btsx,16.8331
guy,2001,sex_fmle,5.51312
guy,2001,sex_mle,28.19955
guy,2002,sex_btsx,20.99909
guy,2002,sex_fmle,6.77179
guy,2002,sex_mle,35.26078
guy,2003,sex_btsx,23.63841
guy,2003,sex_fmle,6.76151
guy,2003,sex_mle,40.5522
guy,2004,sex_btsx,21.16737
guy,2004,sex_fmle,7.54165
guy,2004,sex_mle,34.83874
guy,2005,sex_btsx,21.26525
guy,2005,sex_fmle,8.25688
guy,2005,sex_mle,34.33237
guy,2006,sex_btsx,20.51396
guy,2006,sex_fmle,8.43735
guy,2006,sex_mle,32.65694
guy,2007,sex_btsx,18.98775
guy,2007,sex_fmle,7.04866
guy,2007,sex_mle,31.0034
guy,2008,sex_btsx,17.59228
guy,2008,sex_fmle,7.87686
guy,2008,sex_mle,27.37831
guy,2009,sex_btsx,16.09906
guy,2009,sex_fmle,6.26286
guy,2009,sex_mle,26.01619
guy,2010,sex_btsx,17.72429
guy,2010,sex_fmle,8.90337
guy,2010,sex_mle,26.62714
guy,2011,sex_btsx,17.08111
guy,2011,sex_fmle,7.68018
guy,2011,sex_mle,26.58072
guy,2012,sex_btsx,18.11461
guy,2012,sex_fmle,8.00025
guy,2012,sex_mle,28.38
guy,2013,sex_btsx,19.81802
guy,2013,sex_fmle,7.92538
guy,2013,sex_mle,31.97811
guy,2014,sex_btsx,22.52033
guy,2014,sex_fmle,9.3458
guy,2014,sex_mle,36.08853
guy,2015,sex_btsx,22.10175
guy,2015,sex_fmle,8.72699
guy,2015,sex_mle,35.97116
guy,2016,sex_btsx,20.4333
guy,2016,sex_fmle,6.41695
guy,2016,sex_mle,35.06427
guy,2017,sex_btsx,16.19916
guy,2017,sex_fmle,6.00369
guy,2017,sex_mle,26.90867
guy,2018,sex_btsx,17.61114
guy,2018,sex_fmle,6.36777
guy,2018,sex_mle,29.31143
guy,2019,sex_btsx,15.1367
guy,2019,sex_fmle,5.23411
guy,2019,sex_mle,25.41093
guy,2020,sex_btsx,16.0122
guy,2020,sex_fmle,5.93663
guy,2020,sex_mle,26.5749
guy,2021,sex_btsx,13.88643
guy,2021,sex_fmle,5.14106
guy,2021,sex_mle,23.07567
hnd,2000,sex_btsx,53.1944
hnd,2000,sex_fmle,32.99858
hnd,2000,sex_mle,73.07832
hnd,2001,sex_btsx,54.91268
hnd,2001,sex_fmle,34.33389
hnd,2001,sex_mle,75.16805
hnd,2002,sex_btsx,54.90413
hnd,2002,sex_fmle,33.68985
hnd,2002,sex_mle,75.77908
hnd,2003,sex_btsx,55.71218
hnd,2003,sex_fmle,34.60016
hnd,2003,sex_mle,76.48089
hnd,2004,sex_btsx,54.41011
hnd,2004,sex_fmle,33.40469
hnd,2004,sex_mle,75.06927
hnd,2005,sex_btsx,51.03806
hnd,2005,sex_fmle,31.34644
hnd,2005,sex_mle,70.40134
hnd,2006,sex_btsx,52.26135
hnd,2006,sex_fmle,31.44479
hnd,2006,sex_mle,72.72793
hnd,2007,sex_btsx,55.04182
hnd,2007,sex_fmle,34.6083
hnd,2007,sex_mle,75.12955
hnd,2008,sex_btsx,61.49925
hnd,2008,sex_fmle,39.98433
hnd,2008,sex_mle,82.64828
hnd,2009,sex_btsx,70.19748
hnd,2009,sex_fmle,45.53438
hnd,2009,sex_mle,94.43981
hnd,2010,sex_btsx,76.64225
hnd,2010,sex_fmle,49.82235
hnd,2010,sex_mle,103.00393
hnd,2011,sex_btsx,80.95917
hnd,2011,sex_fmle,53.10817
hnd,2011,sex_mle,108.33476
hnd,2012,sex_btsx,83.00597
hnd,2012,sex_fmle,53.9518
hnd,2012,sex_mle,111.56573
hnd,2013,sex_btsx,78.43808
hnd,2013,sex_fmle,49.60094
hnd,2013,sex_mle,106.78701
hnd,2014,sex_btsx,72.61902
hnd,2014,sex_fmle,44.86155
hnd,2014,sex_mle,99.91018
hnd,2015,sex_btsx,66.36103
hnd,2015,sex_fmle,39.59797
hnd,2015,sex_mle,92.67882
hnd,2016,sex_btsx,60.92759
hnd,2016,sex_fmle,35.74652
hnd,2016,sex_mle,85.69457
hnd,2017,sex_btsx,55.51335
hnd,2017,sex_fmle,31.6711
hnd,2017,sex_mle,78.96901
hnd,2018,sex_btsx,64.01684
hnd,2018,sex_fmle,36.86311
hnd,2018,sex_mle,90.73728
hnd,2019,sex_btsx,64.08355
hnd,2019,sex_fmle,36.29811
hnd,2019,sex_mle,91.43339
hnd,2020,sex_btsx,70.06135
hnd,2020,sex_fmle,39.24827
hnd,2020,sex_mle,100.40571
hnd,2021,sex_btsx,75.20677
hnd,2021,sex_fmle,41.8796
hnd,2021,sex_mle,108.04629
hrv,2000,sex_btsx,2.59015
hrv,2000,sex_fmle,1.76751
hrv,2000,sex_mle,3.4792
hrv,2001,sex_btsx,1.98051
hrv,2001,sex_fmle,1.35256
hrv,2001,sex_mle,2.65902
hrv,2002,sex_btsx,1.51624
hrv,2002,sex_fmle,1.06272
hrv,2002,sex_mle,2.00645
hrv,2003,sex_btsx,1.6658
hrv,2003,sex_fmle,1.17974
hrv,2003,sex_mle,2.19148
hrv,2004,sex_btsx,1.9026
hrv,2004,sex_fmle,1.42344
hrv,2004,sex_mle,2.42074
hrv,2005,sex_btsx,1.36683
hrv,2005,sex_fmle,0.99396
hrv,2005,sex_mle,1.7699
hrv,2006,sex_btsx,1.87444
hrv,2006,sex_fmle,1.36691
hrv,2006,sex_mle,2.42265
hrv,2007,sex_btsx,1.58674
hrv,2007,sex_fmle,1.15605
hrv,2007,sex_mle,2.05148
hrv,2008,sex_btsx,1.81907
hrv,2008,sex_fmle,1.29767
hrv,2008,sex_mle,2.3813
hrv,2009,sex_btsx,1.37596
hrv,2009,sex_fmle,1.04175
hrv,2009,sex_mle,1.73614
hrv,2010,sex_btsx,1.39133
hrv,2010,sex_fmle,1.0933
hrv,2010,sex_mle,1.71235
hrv,2011,sex_btsx,1.18794
hrv,2011,sex_fmle,0.90094
hrv,2011,sex_mle,1.49721
hrv,2012,sex_btsx,1.24607
hrv,2012,sex_fmle,0.92695
hrv,2012,sex_mle,1.59002
hrv,2013,sex_btsx,1.10785
hrv,2013,sex_fmle,0.89018
hrv,2013,sex_mle,1.34236
hrv,2014,sex_btsx,0.87464
hrv,2014,sex_fmle,0.71815
hrv,2014,sex_mle,1.04317
hrv,2015,sex_btsx,0.90015
hrv,2015,sex_fmle,0.73988
hrv,2015,sex_mle,1.0727
hrv,2016,sex_btsx,1.04026
hrv,2016,sex_fmle,0.87294
hrv,2016,sex_mle,1.22036
hrv,2017,sex_btsx,1.09376
hrv,2017,sex_fmle,0.92288
hrv,2017,sex_mle,1.27769
hrv,2018,sex_btsx,0.90986
hrv,2018,sex_fmle,0.77044
hrv,2018,sex_mle,1.05992
hrv,2019,sex_btsx,0.86909
hrv,2019,sex_fmle,0.73812
hrv,2019,sex_mle,1.01003
hrv,2020,sex_btsx,0.8204
hrv,2020,sex_fmle,0.7071
hrv,2020,sex_mle,0.94227
hrv,2021,sex_btsx,0.78264
hrv,2021,sex_fmle,0.68236
hrv,2021,sex_mle,0.89048
hti,2000,sex_btsx,20.58854
hti,2000,sex_fmle,7.61463
hti,2000,sex_mle,33.7425
hti,2001,sex_btsx,20.52289
hti,2001,sex_fmle,7.52569
hti,2001,sex_mle,33.69553
hti,2002,sex_btsx,20.50583
hti,2002,sex_fmle,7.43972
hti,2002,sex_mle,33.74445
hti,2003,sex_btsx,20.58256
hti,2003,sex_fmle,7.46248
hti,2003,sex_mle,33.87282
hti,2004,sex_btsx,20.62763
hti,2004,sex_fmle,7.48076
hti,2004,sex_mle,33.94244
hti,2005,sex_btsx,20.74283
hti,2005,sex_fmle,7.58522
hti,2005,sex_mle,34.06692
hti,2006,sex_btsx,20.9214
hti,2006,sex_fmle,7.7262
hti,2006,sex_mle,34.2835
hti,2007,sex_btsx,21.04004
hti,2007,sex_fmle,7.86325
hti,2007,sex_mle,34.38431
hti,2008,sex_btsx,21.17677
hti,2008,sex_fmle,8.02185
hti,2008,sex_mle,34.50022
hti,2009,sex_btsx,21.27748
hti,2009,sex_fmle,8.08629
hti,2009,sex_mle,34.63926
hti,2010,sex_btsx,21.41275
hti,2010,sex_fmle,8.21852
hti,2010,sex_mle,34.76678
hti,2011,sex_btsx,21.15853
hti,2011,sex_fmle,8.10973
hti,2011,sex_mle,34.35586
hti,2012,sex_btsx,21.08517
hti,2012,sex_fmle,8.15854
hti,2012,sex_mle,34.16318
hti,2013,sex_btsx,21.08689
hti,2013,sex_fmle,8.17558
hti,2013,sex_mle,34.15467
hti,2014,sex_btsx,21.05062
hti,2014,sex_fmle,8.19149
hti,2014,sex_mle,34.07175
hti,2015,sex_btsx,20.96101
hti,2015,sex_fmle,8.1967
hti,2015,sex_mle,33.89291
hti,2016,sex_btsx,20.89949
hti,2016,sex_fmle,8.19374
hti,2016,sex_mle,33.77936
hti,2017,sex_btsx,20.81782
hti,2017,sex_fmle,8.25111
hti,2017,sex_mle,33.56467
hti,2018,sex_btsx,20.91735
hti,2018,sex_fmle,8.37705
hti,2018,sex_mle,33.64613
hti,2019,sex_btsx,20.87726
hti,2019,sex_fmle,8.43367
hti,2019,sex_mle,33.51701
hti,2020,sex_btsx,20.91432
hti,2020,sex_fmle,8.52692
hti,2020,sex_mle,33.5086
hti,2021,sex_btsx,20.94071
hti,2021,sex_fmle,8.61944
hti,2021,sex_mle,33.48072
hun,2000,sex_btsx,2.58637
hun,2000,sex_fmle,1.81208
hun,2000,sex_mle,3.43875
hun,2001,sex_btsx,2.49498
hun,2001,sex_fmle,1.73922
hun,2001,sex_mle,3.32794
hun,2002,sex_btsx,2.44197
hun,2002,sex_fmle,1.7234
hun,2002,sex_mle,3.23483
hun,2003,sex_btsx,1.99396
hun,2003,sex_fmle,1.41789
hun,2003,sex_mle,2.63026
hun,2004,sex_btsx,2.21335
hun,2004,sex_fmle,1.54656
hun,2004,sex_mle,2.95044
hun,2005,sex_btsx,1.95753
hun,2005,sex_fmle,1.39531
hun,2005,sex_mle,2.57908
hun,2006,sex_btsx,1.94897
hun,2006,sex_fmle,1.3671
hun,2006,sex_mle,2.59216
hun,2007,sex_btsx,1.76818
hun,2007,sex_fmle,1.24283
hun,2007,sex_mle,2.34894
hun,2008,sex_btsx,2.07865
hun,2008,sex_fmle,1.46702
hun,2008,sex_mle,2.75475
hun,2009,sex_btsx,1.50917
hun,2009,sex_fmle,1.05429
hun,2009,sex_mle,2.0118
hun,2010,sex_btsx,1.56293
hun,2010,sex_fmle,1.09711
hun,2010,sex_mle,2.07744
hun,2011,sex_btsx,1.66564
hun,2011,sex_fmle,1.21836
hun,2011,sex_mle,2.15912
hun,2012,sex_btsx,1.53101
hun,2012,sex_fmle,1.11083
hun,2012,sex_mle,1.99393
hun,2013,sex_btsx,1.4641
hun,2013,sex_fmle,1.09886
hun,2013,sex_mle,1.86612
hun,2014,sex_btsx,1.69495
hun,2014,sex_fmle,1.27094
hun,2014,sex_mle,2.16117
hun,2015,sex_btsx,1.61567
hun,2015,sex_fmle,1.23742
hun,2015,sex_mle,2.03092
hun,2016,sex_btsx,1.50932
hun,2016,sex_fmle,1.19283
hun,2016,sex_mle,1.85627
hun,2017,sex_btsx,1.508
hun,2017,sex_fmle,1.19733
hun,2017,sex_mle,1.84801
hun,2018,sex_btsx,1.42286
hun,2018,sex_fmle,1.13336
hun,2018,sex_mle,1.73888
hun,2019,sex_btsx,1.3849
hun,2019,sex_fmle,1.10528
hun,2019,sex_mle,1.68927
hun,2020,sex_btsx,1.40819
hun,2020,sex_fmle,1.14957
hun,2020,sex_mle,1.68924
hun,2021,sex_btsx,1.38848
hun,2021,sex_fmle,1.14602
hun,2021,sex_mle,1.65174
idn,2000,sex_btsx,5.73833
idn,2000,sex_fmle,3.2392
idn,2000,sex_mle,8.22858
idn,2001,sex_btsx,5.70495
idn,2001,sex_fmle,3.22159
idn,2001,sex_mle,8.17833
idn,2002,sex_btsx,5.66756
idn,2002,sex_fmle,3.16614
idn,2002,sex_mle,8.15779
idn,2003,sex_btsx,5.62759
idn,2003,sex_fmle,3.14743
idn,2003,sex_mle,8.09555
idn,2004,sex_btsx,5.59471
idn,2004,sex_fmle,3.13541
idn,2004,sex_mle,8.04059
idn,2005,sex_btsx,5.54208
idn,2005,sex_fmle,3.10684
idn,2005,sex_mle,7.96277
idn,2006,sex_btsx,5.397
idn,2006,sex_fmle,3.04269
idn,2006,sex_mle,7.73626
idn,2007,sex_btsx,5.25339
idn,2007,sex_fmle,2.94996
idn,2007,sex_mle,7.54116
idn,2008,sex_btsx,5.11158
idn,2008,sex_fmle,2.87687
idn,2008,sex_mle,7.33027
idn,2009,sex_btsx,4.98221
idn,2009,sex_fmle,2.83448
idn,2009,sex_mle,7.11376
idn,2010,sex_btsx,4.8529
idn,2010,sex_fmle,2.78165
idn,2010,sex_mle,6.90777
idn,2011,sex_btsx,4.81022
idn,2011,sex_fmle,2.788
idn,2011,sex_mle,6.81573
idn,2012,sex_btsx,4.77486
idn,2012,sex_fmle,2.81307
idn,2012,sex_mle,6.71974
idn,2013,sex_btsx,4.70066
idn,2013,sex_fmle,2.8129
idn,2013,sex_mle,6.57161
idn,2014,sex_btsx,4.64427
idn,2014,sex_fmle,2.8536
idn,2014,sex_mle,6.41857
idn,2015,sex_btsx,4.58772
idn,2015,sex_fmle,2.81614
idn,2015,sex_mle,6.34276
idn,2016,sex_btsx,4.51998
idn,2016,sex_fmle,2.7664
idn,2016,sex_mle,6.25686
idn,2017,sex_btsx,4.4652
idn,2017,sex_fmle,2.71158
idn,2017,sex_mle,6.20188
idn,2018,sex_btsx,4.37118
idn,2018,sex_fmle,2.62699
idn,2018,sex_mle,6.09835
idn,2019,sex_btsx,4.30502
idn,2019,sex_fmle,2.55472
idn,2019,sex_mle,6.03812
idn,2020,sex_btsx,4.22187
idn,2020,sex_fmle,2.48305
idn,2020,sex_mle,5.94392
idn,2021,sex_btsx,4.14344
idn,2021,sex_fmle,2.41099
idn,2021,sex_mle,5.85964
ind,2000,sex_btsx,5.01222
ind,2000,sex_fmle,2.83249
ind,2000,sex_mle,7.04623
ind,2001,sex_btsx,4.8783
ind,2001,sex_fmle,2.75252
ind,2001,sex_mle,6.86154
ind,2002,sex_btsx,4.75735
ind,2002,sex_fmle,2.68094
ind,2002,sex_mle,6.69429
ind,2003,sex_btsx,4.62183
ind,2003,sex_fmle,2.59265
ind,2003,sex_mle,6.51456
ind,2004,sex_btsx,4.58307
ind,2004,sex_fmle,2.56521
ind,2004,sex_mle,6.46518
ind,2005,sex_btsx,4.49083
ind,2005,sex_fmle,2.50666
ind,2005,sex_mle,6.34158
ind,2006,sex_btsx,4.42382
ind,2006,sex_fmle,2.47619
ind,2006,sex_mle,6.24065
ind,2007,sex_btsx,4.37917
ind,2007,sex_fmle,2.44995
ind,2007,sex_mle,6.17911
ind,2008,sex_btsx,4.34764
ind,2008,sex_fmle,2.41367
ind,2008,sex_mle,6.15233
ind,2009,sex_btsx,4.30864
ind,2009,sex_fmle,2.34924
ind,2009,sex_mle,6.13744
ind,2010,sex_btsx,4.28779
ind,2010,sex_fmle,2.28666
ind,2010,sex_mle,6.15601
ind,2011,sex_btsx,4.27039
ind,2011,sex_fmle,2.22858
ind,2011,sex_mle,6.1771
ind,2012,sex_btsx,4.21076
ind,2012,sex_fmle,2.1516
ind,2012,sex_mle,6.13425
ind,2013,sex_btsx,4.12373
ind,2013,sex_fmle,2.08033
ind,2013,sex_mle,6.03314
ind,2014,sex_btsx,4.06153
ind,2014,sex_fmle,2.03023
ind,2014,sex_mle,5.96031
ind,2015,sex_btsx,3.93935
ind,2015,sex_fmle,1.95256
ind,2015,sex_mle,5.7971
ind,2016,sex_btsx,3.83491
ind,2016,sex_fmle,1.88868
ind,2016,sex_mle,5.65533
ind,2017,sex_btsx,3.83037
ind,2017,sex_fmle,1.89201
ind,2017,sex_mle,5.64405
ind,2018,sex_btsx,3.78405
ind,2018,sex_fmle,1.8782
ind,2018,sex_mle,5.56794
ind,2019,sex_btsx,3.73065
ind,2019,sex_fmle,1.86355
ind,2019,sex_mle,5.47888
ind,2020,sex_btsx,3.69137
ind,2020,sex_fmle,1.85832
ind,2020,sex_mle,5.40867
ind,2021,sex_btsx,3.64849
ind,2021,sex_fmle,1.85025
ind,2021,sex_mle,5.33429
irl,2000,sex_btsx,1.20089
irl,2000,sex_fmle,0.60705
irl,2000,sex_mle,1.8017
irl,2001,sex_btsx,1.39207
irl,2001,sex_fmle,0.6848
irl,2001,sex_mle,2.10742
irl,2002,sex_btsx,1.34422
irl,2002,sex_fmle,0.65256
irl,2002,sex_mle,2.04435
irl,2003,sex_btsx,1.14588
irl,2003,sex_fmle,0.55792
irl,2003,sex_mle,1.7408
irl,2004,sex_btsx,1.01138
irl,2004,sex_fmle,0.49264
irl,2004,sex_mle,1.53466
irl,2005,sex_btsx,1.27553
irl,2005,sex_fmle,0.63325
irl,2005,sex_mle,1.92011
irl,2006,sex_btsx,1.47707
irl,2006,sex_fmle,0.73559
irl,2006,sex_mle,2.2179
irl,2007,sex_btsx,1.83925
irl,2007,sex_fmle,0.87862
irl,2007,sex_mle,2.79942
irl,2008,sex_btsx,1.15615
irl,2008,sex_fmle,0.57452
irl,2008,sex_mle,1.74023
irl,2009,sex_btsx,1.30254
irl,2009,sex_fmle,0.61901
irl,2009,sex_mle,1.99257
irl,2010,sex_btsx,1.20443
irl,2010,sex_fmle,0.57799
irl,2010,sex_mle,1.83924
irl,2011,sex_btsx,0.95104
irl,2011,sex_fmle,0.46508
irl,2011,sex_mle,1.44493
irl,2012,sex_btsx,0.95211
irl,2012,sex_fmle,0.47992
irl,2012,sex_mle,1.43297
irl,2013,sex_btsx,1.16093
irl,2013,sex_fmle,0.5999
irl,2013,sex_mle,1.73282
irl,2014,sex_btsx,1.14259
irl,2014,sex_fmle,0.5792
irl,2014,sex_mle,1.71782
irl,2015,sex_btsx,0.74669
irl,2015,sex_fmle,0.39449
irl,2015,sex_mle,1.10641
irl,2016,sex_btsx,0.78681
irl,2016,sex_fmle,0.42363
irl,2016,sex_mle,1.15744
irl,2017,sex_btsx,0.85651
irl,2017,sex_fmle,0.46484
irl,2017,sex_mle,1.256
irl,2018,sex_btsx,0.81155
irl,2018,sex_fmle,0.44417
irl,2018,sex_mle,1.18602
irl,2019,sex_btsx,0.78075
irl,2019,sex_fmle,0.43075
irl,2019,sex_mle,1.13744
irl,2020,sex_btsx,0.77487
irl,2020,sex_fmle,0.42774
irl,2020,sex_mle,1.1288
irl,2021,sex_btsx,0.75213
irl,2021,sex_fmle,0.41896
irl,2021,sex_mle,1.09188
irn,2000,sex_btsx,4.93525
irn,2000,sex_fmle,2.05232
irn,2000,sex_mle,7.73319
irn,2001,sex_btsx,4.79184
irn,2001,sex_fmle,1.91623
irn,2001,sex_mle,7.5863
irn,2002,sex_btsx,4.67305
irn,2002,sex_fmle,1.79213
irn,2002,sex_mle,7.47529
irn,2003,sex_btsx,4.53963
irn,2003,sex_fmle,1.67602
irn,2003,sex_mle,7.31673
irn,2004,sex_btsx,4.35924
irn,2004,sex_fmle,1.56988
irn,2004,sex_mle,7.04673
irn,2005,sex_btsx,4.15455
irn,2005,sex_fmle,1.43177
irn,2005,sex_mle,6.76065
irn,2006,sex_btsx,4.14933
irn,2006,sex_fmle,1.36335
irn,2006,sex_mle,6.80013
irn,2007,sex_btsx,4.11546
irn,2007,sex_fmle,1.28923
irn,2007,sex_mle,6.80163
irn,2008,sex_btsx,4.0556
irn,2008,sex_fmle,1.23855
irn,2008,sex_mle,6.74073
irn,2009,sex_btsx,3.98489
irn,2009,sex_fmle,1.27221
irn,2009,sex_mle,6.57712
irn,2010,sex_btsx,3.90544
irn,2010,sex_fmle,1.37227
irn,2010,sex_mle,6.33175
irn,2011,sex_btsx,3.64503
irn,2011,sex_fmle,1.42988
irn,2011,sex_mle,5.77125
irn,2012,sex_btsx,3.39239
irn,2012,sex_fmle,1.3946
irn,2012,sex_mle,5.31238
irn,2013,sex_btsx,3.40355
irn,2013,sex_fmle,1.35278
irn,2013,sex_mle,5.37535
irn,2014,sex_btsx,3.37924
irn,2014,sex_fmle,1.30702
irn,2014,sex_mle,5.37231
irn,2015,sex_btsx,3.23398
irn,2015,sex_fmle,1.23749
irn,2015,sex_mle,5.15464
irn,2016,sex_btsx,3.15712
irn,2016,sex_fmle,1.2063
irn,2016,sex_mle,5.03454
irn,2017,sex_btsx,3.09249
irn,2017,sex_fmle,1.18312
irn,2017,sex_mle,4.931
irn,2018,sex_btsx,3.02175
irn,2018,sex_fmle,1.16025
irn,2018,sex_mle,4.81511
irn,2019,sex_btsx,2.96054
irn,2019,sex_fmle,1.14482
irn,2019,sex_mle,4.71078
irn,2020,sex_btsx,2.93158
irn,2020,sex_fmle,1.13249
irn,2020,sex_mle,4.66694
irn,2021,sex_btsx,2.89528
irn,2021,sex_fmle,1.12241
irn,2021,sex_mle,4.60684
irq,2000,sex_btsx,22.20526
irq,2000,sex_fmle,11.35353
irq,2000,sex_mle,33.22524
irq,2001,sex_btsx,22.71233
irq,2001,sex_fmle,11.37193
irq,2001,sex_mle,34.20874
irq,2002,sex_btsx,22.36777
irq,2002,sex_fmle,11.4039
irq,2002,sex_mle,33.46427
irq,2003,sex_btsx,21.92305
irq,2003,sex_fmle,11.30691
irq,2003,sex_mle,32.65533
irq,2004,sex_btsx,21.89734
irq,2004,sex_fmle,11.43827
irq,2004,sex_mle,32.46565
irq,2005,sex_btsx,21.80896
irq,2005,sex_fmle,11.62855
irq,2005,sex_mle,32.09309
irq,2006,sex_btsx,20.54104
irq,2006,sex_fmle,10.82944
irq,2006,sex_mle,30.35335
irq,2007,sex_btsx,19.88065
irq,2007,sex_fmle,10.39247
irq,2007,sex_mle,29.47222
irq,2008,sex_btsx,18.5092
irq,2008,sex_fmle,9.51374
irq,2008,sex_mle,27.60069
irq,2009,sex_btsx,17.08804
irq,2009,sex_fmle,8.61583
irq,2009,sex_mle,25.63989
irq,2010,sex_btsx,15.7222
irq,2010,sex_fmle,7.81195
irq,2010,sex_mle,23.69355
irq,2011,sex_btsx,15.7762
irq,2011,sex_fmle,7.78023
irq,2011,sex_mle,23.82042
irq,2012,sex_btsx,15.42584
irq,2012,sex_fmle,7.62529
irq,2012,sex_mle,23.26065
irq,2013,sex_btsx,15.21297
irq,2013,sex_fmle,7.55252
irq,2013,sex_mle,22.89553
irq,2014,sex_btsx,15.11379
irq,2014,sex_fmle,7.57891
irq,2014,sex_mle,22.65974
irq,2015,sex_btsx,15.09356
irq,2015,sex_fmle,7.68657
irq,2015,sex_mle,22.50146
irq,2016,sex_btsx,15.02101
irq,2016,sex_fmle,7.78543
irq,2016,sex_mle,22.25237
irq,2017,sex_btsx,14.92205
irq,2017,sex_fmle,7.9116
irq,2017,sex_mle,21.92572
irq,2018,sex_btsx,13.97752
irq,2018,sex_fmle,7.5604
irq,2018,sex_mle,20.38244
irq,2019,sex_btsx,13.60664
irq,2019,sex_fmle,7.51754
irq,2019,sex_mle,19.67689
irq,2020,sex_btsx,13.10198
irq,2020,sex_fmle,7.28615
irq,2020,sex_mle,18.89506
irq,2021,sex_btsx,12.58898
irq,2021,sex_fmle,7.09815
irq,2021,sex_mle,18.05382
isl,2000,sex_btsx,1.16824
isl,2000,sex_fmle,0.76363
isl,2000,sex_mle,1.57197
isl,2001,sex_btsx,0.90358
isl,2001,sex_fmle,0.60397
isl,2001,sex_mle,1.2025
isl,2002,sex_btsx,0.93302
isl,2002,sex_fmle,0.66671
isl,2002,sex_mle,1.199
isl,2003,sex_btsx,0.75598
isl,2003,sex_fmle,0.56146
isl,2003,sex_mle,0.95031
isl,2004,sex_btsx,0.81784
isl,2004,sex_fmle,0.61684
isl,2004,sex_mle,1.0182
isl,2005,sex_btsx,0.7613
isl,2005,sex_fmle,0.50176
isl,2005,sex_mle,1.01804
isl,2006,sex_btsx,0.61387
isl,2006,sex_fmle,0.39241
isl,2006,sex_mle,0.82962
isl,2007,sex_btsx,0.61889
isl,2007,sex_fmle,0.39585
isl,2007,sex_mle,0.83368
isl,2008,sex_btsx,0.54398
isl,2008,sex_fmle,0.34281
isl,2008,sex_mle,0.73828
isl,2009,sex_btsx,0.58108
isl,2009,sex_fmle,0.36467
isl,2009,sex_mle,0.79283
isl,2010,sex_btsx,0.65419
isl,2010,sex_fmle,0.44021
isl,2010,sex_mle,0.86568
isl,2011,sex_btsx,0.68962
isl,2011,sex_fmle,0.47245
isl,2011,sex_mle,0.90501
isl,2012,sex_btsx,0.61845
isl,2012,sex_fmle,0.42211
isl,2012,sex_mle,0.81352
isl,2013,sex_btsx,0.61241
isl,2013,sex_fmle,0.44457
isl,2013,sex_mle,0.77927
isl,2014,sex_btsx,0.65171
isl,2014,sex_fmle,0.474
isl,2014,sex_mle,0.82826
isl,2015,sex_btsx,0.68745
isl,2015,sex_fmle,0.48765
isl,2015,sex_mle,0.88535
isl,2016,sex_btsx,0.97195
isl,2016,sex_fmle,0.73943
isl,2016,sex_mle,1.20062
isl,2017,sex_btsx,1.35761
isl,2017,sex_fmle,1.1382
isl,2017,sex_mle,1.5705
isl,2018,sex_btsx,0.96715
isl,2018,sex_fmle,0.77603
isl,2018,sex_mle,1.15014
isl,2019,sex_btsx,0.99213
isl,2019,sex_fmle,0.80323
isl,2019,sex_mle,1.17167
isl,2020,sex_btsx,1.056
isl,2020,sex_fmle,0.88846
isl,2020,sex_mle,1.2151
isl,2021,sex_btsx,1.06599
isl,2021,sex_fmle,0.92711
isl,2021,sex_mle,1.1981
isr,2000,sex_btsx,3.40506
isr,2000,sex_fmle,1.76846
isr,2000,sex_mle,5.08343
isr,2001,sex_btsx,6.31561
isr,2001,sex_fmle,3.44109
isr,2001,sex_mle,9.26348
isr,2002,sex_btsx,7.9562
isr,2002,sex_fmle,4.43457
isr,2002,sex_mle,11.56721
isr,2003,sex_btsx,5.13895
isr,2003,sex_fmle,2.88694
isr,2003,sex_mle,7.44728
isr,2004,sex_btsx,3.61569
isr,2004,sex_fmle,1.94129
isr,2004,sex_mle,5.33115
isr,2005,sex_btsx,3.53026
isr,2005,sex_fmle,1.96385
isr,2005,sex_mle,5.13438
isr,2006,sex_btsx,3.4496
isr,2006,sex_fmle,1.91127
isr,2006,sex_mle,5.0243
isr,2007,sex_btsx,2.35584
isr,2007,sex_fmle,1.20932
isr,2007,sex_mle,3.529
isr,2008,sex_btsx,2.26008
isr,2008,sex_fmle,1.11489
isr,2008,sex_mle,3.43134
isr,2009,sex_btsx,2.23548
isr,2009,sex_fmle,1.14562
isr,2009,sex_mle,3.34938
isr,2010,sex_btsx,2.29893
isr,2010,sex_fmle,1.16193
isr,2010,sex_mle,3.46018
isr,2011,sex_btsx,2.3539
isr,2011,sex_fmle,1.28732
isr,2011,sex_mle,3.44253
isr,2012,sex_btsx,2.10727
isr,2012,sex_fmle,1.16232
isr,2012,sex_mle,3.07109
isr,2013,sex_btsx,1.98228
isr,2013,sex_fmle,1.10692
isr,2013,sex_mle,2.87449
isr,2014,sex_btsx,1.89423
isr,2014,sex_fmle,1.02135
isr,2014,sex_mle,2.78327
isr,2015,sex_btsx,1.81922
isr,2015,sex_fmle,0.97714
isr,2015,sex_mle,2.67631
isr,2016,sex_btsx,1.49733
isr,2016,sex_fmle,0.82481
isr,2016,sex_mle,2.18128
isr,2017,sex_btsx,1.45201
isr,2017,sex_fmle,0.80286
isr,2017,sex_mle,2.11144
isr,2018,sex_btsx,1.30664
isr,2018,sex_fmle,0.72354
isr,2018,sex_mle,1.89824
isr,2019,sex_btsx,1.20727
isr,2019,sex_fmle,0.66895
isr,2019,sex_mle,1.75275
isr,2020,sex_btsx,1.1079
isr,2020,sex_fmle,0.60134
isr,2020,sex_mle,1.62063
isr,2021,sex_btsx,1.0262
isr,2021,sex_fmle,0.55591
isr,2021,sex_mle,1.50176
ita,2000,sex_btsx,1.34969
ita,2000,sex_fmle,0.70915
ita,2000,sex_mle,2.03187
ita,2001,sex_btsx,1.24501
ita,2001,sex_fmle,0.66356
ita,2001,sex_mle,1.86431
ita,2002,sex_btsx,1.12772
ita,2002,sex_fmle,0.62257
ita,2002,sex_mle,1.66561
ita,2003,sex_btsx,1.25557
ita,2003,sex_fmle,0.71149
ita,2003,sex_mle,1.83447
ita,2004,sex_btsx,1.24358
ita,2004,sex_fmle,0.69042
ita,2004,sex_mle,1.83153
ita,2005,sex_btsx,1.04901
ita,2005,sex_fmle,0.59985
ita,2005,sex_mle,1.52605
ita,2006,sex_btsx,1.0659
ita,2006,sex_fmle,0.61195
ita,2006,sex_mle,1.54796
ita,2007,sex_btsx,1.06937
ita,2007,sex_fmle,0.61498
ita,2007,sex_mle,1.55206
ita,2008,sex_btsx,1.02925
ita,2008,sex_fmle,0.60138
ita,2008,sex_mle,1.48396
ita,2009,sex_btsx,0.98033
ita,2009,sex_fmle,0.59716
ita,2009,sex_mle,1.38774
ita,2010,sex_btsx,0.87077
ita,2010,sex_fmle,0.53243
ita,2010,sex_mle,1.23078
ita,2011,sex_btsx,0.90289
ita,2011,sex_fmle,0.55821
ita,2011,sex_mle,1.2698
ita,2012,sex_btsx,0.86075
ita,2012,sex_fmle,0.53588
ita,2012,sex_mle,1.20634
ita,2013,sex_btsx,0.83655
ita,2013,sex_fmle,0.5301
ita,2013,sex_mle,1.16215
ita,2014,sex_btsx,0.82594
ita,2014,sex_fmle,0.52567
ita,2014,sex_mle,1.1447
ita,2015,sex_btsx,0.77937
ita,2015,sex_fmle,0.5048
ita,2015,sex_mle,1.07046
ita,2016,sex_btsx,0.73915
ita,2016,sex_fmle,0.48499
ita,2016,sex_mle,1.00796
ita,2017,sex_btsx,0.74059
ita,2017,sex_fmle,0.48753
ita,2017,sex_mle,1.00744
ita,2018,sex_btsx,0.70847
ita,2018,sex_fmle,0.46636
ita,2018,sex_mle,0.9631
ita,2019,sex_btsx,0.68467
ita,2019,sex_fmle,0.44915
ita,2019,sex_mle,0.93205
ita,2020,sex_btsx,0.66289
ita,2020,sex_fmle,0.44676
ita,2020,sex_mle,0.88978
ita,2021,sex_btsx,0.64159
ita,2021,sex_fmle,0.43607
ita,2021,sex_mle,0.85714
jam,2000,sex_btsx,43.41548
jam,2000,sex_fmle,13.71833
jam,2000,sex_mle,73.66307
jam,2001,sex_btsx,46.82114
jam,2001,sex_fmle,15.40209
jam,2001,sex_mle,78.79533
jam,2002,sex_btsx,27.33232
jam,2002,sex_fmle,15.8098
jam,2002,sex_mle,39.05003
jam,2003,sex_btsx,25.69814
jam,2003,sex_fmle,15.66128
jam,2003,sex_mle,35.89906
jam,2004,sex_btsx,41.41507
jam,2004,sex_fmle,19.93024
jam,2004,sex_mle,63.24204
jam,2005,sex_btsx,62.03041
jam,2005,sex_fmle,23.23382
jam,2005,sex_mle,101.43666
jam,2006,sex_btsx,45.87192
jam,2006,sex_fmle,23.08746
jam,2006,sex_mle,69.01436
jam,2007,sex_btsx,63.29101
jam,2007,sex_fmle,24.30754
jam,2007,sex_mle,102.89194
jam,2008,sex_btsx,64.24498
jam,2008,sex_fmle,25.59641
jam,2008,sex_mle,103.51446
jam,2009,sex_btsx,63.0742
jam,2009,sex_fmle,25.08667
jam,2009,sex_mle,101.68155
jam,2010,sex_btsx,58.18135
jam,2010,sex_fmle,22.27547
jam,2010,sex_mle,94.67943
jam,2011,sex_btsx,52.28162
jam,2011,sex_fmle,19.46199
jam,2011,sex_mle,85.64567
jam,2012,sex_btsx,48.8054
jam,2012,sex_fmle,18.25111
jam,2012,sex_mle,79.86835
jam,2013,sex_btsx,48.5146
jam,2013,sex_fmle,18.63497
jam,2013,sex_mle,78.89129
jam,2014,sex_btsx,47.97673
jam,2014,sex_fmle,18.4743
jam,2014,sex_mle,77.9703
jam,2015,sex_btsx,50.30836
jam,2015,sex_fmle,19.73616
jam,2015,sex_mle,81.39168
jam,2016,sex_btsx,54.05387
jam,2016,sex_fmle,21.51799
jam,2016,sex_mle,87.1395
jam,2017,sex_btsx,58.67548
jam,2017,sex_fmle,23.78425
jam,2017,sex_mle,94.16785
jam,2018,sex_btsx,53.60817
jam,2018,sex_fmle,22.10366
jam,2018,sex_mle,85.67167
jam,2019,sex_btsx,53.5951
jam,2019,sex_fmle,22.40894
jam,2019,sex_mle,85.35564
jam,2020,sex_btsx,52.96557
jam,2020,sex_fmle,22.11569
jam,2020,sex_mle,84.40669
jam,2021,sex_btsx,51.86608
jam,2021,sex_fmle,21.76413
jam,2021,sex_mle,82.56872
jor,2000,sex_btsx,3.60495
jor,2000,sex_fmle,1.94405
jor,2000,sex_mle,5.11655
jor,2001,sex_btsx,3.53651
jor,2001,sex_fmle,1.91352
jor,2001,sex_mle,5.02028
jor,2002,sex_btsx,3.56741
jor,2002,sex_fmle,1.93634
jor,2002,sex_mle,5.06454
jor,2003,sex_btsx,3.47599
jor,2003,sex_fmle,1.90331
jor,2003,sex_mle,4.92441
jor,2004,sex_btsx,3.41239
jor,2004,sex_fmle,1.87086
jor,2004,sex_mle,4.83558
jor,2005,sex_btsx,3.30039
jor,2005,sex_fmle,1.8102
jor,2005,sex_mle,4.67875
jor,2006,sex_btsx,3.37821
jor,2006,sex_fmle,1.83205
jor,2006,sex_mle,4.81091
jor,2007,sex_btsx,3.32369
jor,2007,sex_fmle,1.76051
jor,2007,sex_mle,4.77463
jor,2008,sex_btsx,3.32219
jor,2008,sex_fmle,1.80132
jor,2008,sex_mle,4.73637
jor,2009,sex_btsx,3.26726
jor,2009,sex_fmle,1.8015
jor,2009,sex_mle,4.6325
jor,2010,sex_btsx,3.35032
jor,2010,sex_fmle,1.86499
jor,2010,sex_mle,4.73603
jor,2011,sex_btsx,3.19118
jor,2011,sex_fmle,1.79627
jor,2011,sex_mle,4.49452
jor,2012,sex_btsx,3.24198
jor,2012,sex_fmle,1.81767
jor,2012,sex_mle,4.57475
jor,2013,sex_btsx,3.17982
jor,2013,sex_fmle,1.7862
jor,2013,sex_mle,4.48098
jor,2014,sex_btsx,2.93815
jor,2014,sex_fmle,1.65973
jor,2014,sex_mle,4.12564
jor,2015,sex_btsx,2.76582
jor,2015,sex_fmle,1.56352
jor,2015,sex_mle,3.88091
jor,2016,sex_btsx,2.70754
jor,2016,sex_fmle,1.52207
jor,2016,sex_mle,3.80854
jor,2017,sex_btsx,2.69444
jor,2017,sex_fmle,1.52081
jor,2017,sex_mle,3.78597
jor,2018,sex_btsx,2.58848
jor,2018,sex_fmle,1.46579
jor,2018,sex_mle,3.63407
jor,2019,sex_btsx,2.52337
jor,2019,sex_fmle,1.43176
jor,2019,sex_mle,3.54135
jor,2020,sex_btsx,2.44309
jor,2020,sex_fmle,1.40331
jor,2020,sex_mle,3.41413
jor,2021,sex_btsx,2.33083
jor,2021,sex_fmle,1.37076
jor,2021,sex_mle,3.22881
jpn,2000,sex_btsx,0.65378
jpn,2000,sex_fmle,0.51325
jpn,2000,sex_mle,0.79898
jpn,2001,sex_btsx,0.62057
jpn,2001,sex_fmle,0.48667
jpn,2001,sex_mle,0.75903
jpn,2002,sex_btsx,0.62029
jpn,2002,sex_fmle,0.48772
jpn,2002,sex_mle,0.75752
jpn,2003,sex_btsx,0.59416
jpn,2003,sex_fmle,0.47046
jpn,2003,sex_mle,0.72235
jpn,2004,sex_btsx,0.55448
jpn,2004,sex_fmle,0.44721
jpn,2004,sex_mle,0.66577
jpn,2005,sex_btsx,0.50318
jpn,2005,sex_fmle,0.41165
jpn,2005,sex_mle,0.59825
jpn,2006,sex_btsx,0.49321
jpn,2006,sex_fmle,0.40737
jpn,2006,sex_mle,0.58248
jpn,2007,sex_btsx,0.44138
jpn,2007,sex_fmle,0.36647
jpn,2007,sex_mle,0.51935
jpn,2008,sex_btsx,0.46976
jpn,2008,sex_fmle,0.39577
jpn,2008,sex_mle,0.54687
jpn,2009,sex_btsx,0.40264
jpn,2009,sex_fmle,0.33938
jpn,2009,sex_mle,0.46863
jpn,2010,sex_btsx,0.36847
jpn,2010,sex_fmle,0.31178
jpn,2010,sex_mle,0.42766
jpn,2011,sex_btsx,0.3562
jpn,2011,sex_fmle,0.30738
jpn,2011,sex_mle,0.40722
jpn,2012,sex_btsx,0.34787
jpn,2012,sex_fmle,0.30095
jpn,2012,sex_mle,0.39691
jpn,2013,sex_btsx,0.28303
jpn,2013,sex_fmle,0.24457
jpn,2013,sex_mle,0.32324
jpn,2014,sex_btsx,0.3031
jpn,2014,sex_fmle,0.26311
jpn,2014,sex_mle,0.34493
jpn,2015,sex_btsx,0.27004
jpn,2015,sex_fmle,0.23528
jpn,2015,sex_mle,0.30639
jpn,2016,sex_btsx,0.25052
jpn,2016,sex_fmle,0.21803
jpn,2016,sex_mle,0.28451
jpn,2017,sex_btsx,0.23654
jpn,2017,sex_fmle,0.20577
jpn,2017,sex_mle,0.26873
jpn,2018,sex_btsx,0.22514
jpn,2018,sex_fmle,0.19559
jpn,2018,sex_mle,0.25607
jpn,2019,sex_btsx,0.21125
jpn,2019,sex_fmle,0.18307
jpn,2019,sex_mle,0.24075
jpn,2020,sex_btsx,0.19493
jpn,2020,sex_fmle,0.17072
jpn,2020,sex_mle,0.22028
jpn,2021,sex_btsx,0.18137
jpn,2021,sex_fmle,0.15895
jpn,2021,sex_mle,0.20485
kaz,2000,sex_btsx,18.56421
kaz,2000,sex_fmle,6.54494
kaz,2000,sex_mle,31.9411
kaz,2001,sex_btsx,17.54347
kaz,2001,sex_fmle,6.54454
kaz,2001,sex_mle,29.78034
kaz,2002,sex_btsx,14.94918
kaz,2002,sex_fmle,5.89344
kaz,2002,sex_mle,25.02097
kaz,2003,sex_btsx,15.32068
kaz,2003,sex_fmle,5.95609
kaz,2003,sex_mle,25.72577
kaz,2004,sex_btsx,15.26554
kaz,2004,sex_fmle,5.68617
kaz,2004,sex_mle,25.88726
kaz,2005,sex_btsx,14.73005
kaz,2005,sex_fmle,5.39673
kaz,2005,sex_mle,25.0543
kaz,2006,sex_btsx,13.63687
kaz,2006,sex_fmle,4.95417
kaz,2006,sex_mle,23.21901
kaz,2007,sex_btsx,12.57223
kaz,2007,sex_fmle,4.39641
kaz,2007,sex_mle,21.56931
kaz,2008,sex_btsx,12.03135
kaz,2008,sex_fmle,4.45391
kaz,2008,sex_mle,20.33581
kaz,2009,sex_btsx,11.25728
kaz,2009,sex_fmle,4.32317
kaz,2009,sex_mle,18.83377
kaz,2010,sex_btsx,10.09896
kaz,2010,sex_fmle,3.8168
kaz,2010,sex_mle,16.95838
kaz,2011,sex_btsx,9.40642
kaz,2011,sex_fmle,3.54813
kaz,2011,sex_mle,15.80013
kaz,2012,sex_btsx,8.49603
kaz,2012,sex_fmle,3.24448
kaz,2012,sex_mle,14.22328
kaz,2013,sex_btsx,7.62162
kaz,2013,sex_fmle,2.94698
kaz,2013,sex_mle,12.7145
kaz,2014,sex_btsx,6.76872
kaz,2014,sex_fmle,2.68417
kaz,2014,sex_mle,11.21306
kaz,2015,sex_btsx,6.26717
kaz,2015,sex_fmle,2.48003
kaz,2015,sex_mle,10.38196
kaz,2016,sex_btsx,6.14423
kaz,2016,sex_fmle,2.46887
kaz,2016,sex_mle,10.13123
kaz,2017,sex_btsx,5.95535
kaz,2017,sex_fmle,2.42096
kaz,2017,sex_mle,9.78302
kaz,2018,sex_btsx,5.43472
kaz,2018,sex_fmle,2.22332
kaz,2018,sex_mle,8.89633
kaz,2019,sex_btsx,5.09078
kaz,2019,sex_fmle,2.08579
kaz,2019,sex_mle,8.30395
kaz,2020,sex_btsx,4.75535
kaz,2020,sex_fmle,1.97386
kaz,2020,sex_mle,7.70641
kaz,2021,sex_btsx,4.43409
kaz,2021,sex_fmle,1.86545
kaz,2021,sex_mle,7.14758
ken,2000,sex_btsx,4.77267
ken,2000,sex_fmle,1.4491
ken,2000,sex_mle,8.1385
ken,2001,sex_btsx,4.36513
ken,2001,sex_fmle,1.43629
ken,2001,sex_mle,7.32842
ken,2002,sex_btsx,4.47357
ken,2002,sex_fmle,1.32146
ken,2002,sex_mle,7.65996
ken,2003,sex_btsx,4.45102
ken,2003,sex_fmle,1.3671
ken,2003,sex_mle,7.56589
ken,2004,sex_btsx,4.57215
ken,2004,sex_fmle,1.37881
ken,2004,sex_mle,7.79501
ken,2005,sex_btsx,4.84969
ken,2005,sex_fmle,1.41957
ken,2005,sex_mle,8.30908
ken,2006,sex_btsx,4.92331
ken,2006,sex_fmle,1.34031
ken,2006,sex_mle,8.53473
ken,2007,sex_btsx,5.00829
ken,2007,sex_fmle,1.39862
ken,2007,sex_mle,8.64497
ken,2008,sex_btsx,5.70582
ken,2008,sex_fmle,1.47281
ken,2008,sex_mle,9.96911
ken,2009,sex_btsx,5.85611
ken,2009,sex_fmle,1.78115
ken,2009,sex_mle,9.95901
ken,2010,sex_btsx,6.10877
ken,2010,sex_fmle,1.93989
ken,2010,sex_mle,10.30539
ken,2011,sex_btsx,5.77793
ken,2011,sex_fmle,2.16449
ken,2011,sex_mle,9.41527
ken,2012,sex_btsx,5.98815
ken,2012,sex_fmle,2.24612
ken,2012,sex_mle,9.7552
ken,2013,sex_btsx,5.98911
ken,2013,sex_fmle,2.25899
ken,2013,sex_mle,9.74473
ken,2014,sex_btsx,5.80842
ken,2014,sex_fmle,2.20084
ken,2014,sex_mle,9.44158
ken,2015,sex_btsx,5.71904
ken,2015,sex_fmle,2.16318
ken,2015,sex_mle,9.30148
ken,2016,sex_btsx,5.72543
ken,2016,sex_fmle,2.14037
ken,2016,sex_mle,9.33847
ken,2017,sex_btsx,5.72838
ken,2017,sex_fmle,2.19115
ken,2017,sex_mle,9.29434
ken,2018,sex_btsx,5.72655
ken,2018,sex_fmle,2.20484
ken,2018,sex_mle,9.27864
ken,2019,sex_btsx,5.75871
ken,2019,sex_fmle,2.21118
ken,2019,sex_mle,9.33854
ken,2020,sex_btsx,5.78761
ken,2020,sex_fmle,2.22081
ken,2020,sex_mle,9.38874
ken,2021,sex_btsx,5.82131
ken,2021,sex_fmle,2.22441
ken,2021,sex_mle,9.45529
kgz,2000,sex_btsx,8.76534
kgz,2000,sex_fmle,3.07393
kgz,2000,sex_mle,15.0566
kgz,2001,sex_btsx,7.80402
kgz,2001,sex_fmle,2.64773
kgz,2001,sex_mle,13.47738
kgz,2002,sex_btsx,8.28324
kgz,2002,sex_fmle,3.04975
kgz,2002,sex_mle,14.01365
kgz,2003,sex_btsx,8.42153
kgz,2003,sex_fmle,3.01183
kgz,2003,sex_mle,14.31436
kgz,2004,sex_btsx,8.35858
kgz,2004,sex_fmle,2.94931
kgz,2004,sex_mle,14.21948
kgz,2005,sex_btsx,8.28464
kgz,2005,sex_fmle,2.92301
kgz,2005,sex_mle,14.06148
kgz,2006,sex_btsx,8.28113
kgz,2006,sex_fmle,2.88103
kgz,2006,sex_mle,14.04089
kgz,2007,sex_btsx,8.27967
kgz,2007,sex_fmle,2.86124
kgz,2007,sex_mle,13.97767
kgz,2008,sex_btsx,8.35333
kgz,2008,sex_fmle,2.99413
kgz,2008,sex_mle,13.91217
kgz,2009,sex_btsx,8.11523
kgz,2009,sex_fmle,3.00139
kgz,2009,sex_mle,13.37795
kgz,2010,sex_btsx,11.08233
kgz,2010,sex_fmle,3.86401
kgz,2010,sex_mle,18.49249
kgz,2011,sex_btsx,9.46049
kgz,2011,sex_fmle,3.75387
kgz,2011,sex_mle,15.30011
kgz,2012,sex_btsx,9.42233
kgz,2012,sex_fmle,3.7047
kgz,2012,sex_mle,15.25035
kgz,2013,sex_btsx,6.40387
kgz,2013,sex_fmle,2.51401
kgz,2013,sex_mle,10.35543
kgz,2014,sex_btsx,6.12776
kgz,2014,sex_fmle,2.49206
kgz,2014,sex_mle,9.81191
kgz,2015,sex_btsx,6.08281
kgz,2015,sex_fmle,2.48708
kgz,2015,sex_mle,9.72112
kgz,2016,sex_btsx,4.63299
kgz,2016,sex_fmle,1.87416
kgz,2016,sex_mle,7.42603
kgz,2017,sex_btsx,4.33687
kgz,2017,sex_fmle,1.76714
kgz,2017,sex_mle,6.9457
kgz,2018,sex_btsx,5.0365
kgz,2018,sex_fmle,2.06653
kgz,2018,sex_mle,8.05994
kgz,2019,sex_btsx,4.78934
kgz,2019,sex_fmle,1.9721
kgz,2019,sex_mle,7.66109
kgz,2020,sex_btsx,4.68743
kgz,2020,sex_fmle,1.94518
kgz,2020,sex_mle,7.48565
kgz,2021,sex_btsx,4.73861
kgz,2021,sex_fmle,1.96898
kgz,2021,sex_mle,7.56798
khm,2000,sex_btsx,4.58503
khm,2000,sex_fmle,2.04451
khm,2000,sex_mle,7.32761
khm,2001,sex_btsx,4.04409
khm,2001,sex_fmle,1.799
khm,2001,sex_mle,6.46054
khm,2002,sex_btsx,4.00195
khm,2002,sex_fmle,1.77409
khm,2002,sex_mle,6.39304
khm,2003,sex_btsx,4.14943
khm,2003,sex_fmle,1.81486
khm,2003,sex_mle,6.64826
khm,2004,sex_btsx,4.051
khm,2004,sex_fmle,1.74333
khm,2004,sex_mle,6.51436
khm,2005,sex_btsx,3.73774
khm,2005,sex_fmle,1.58492
khm,2005,sex_mle,6.02943
khm,2006,sex_btsx,3.42372
khm,2006,sex_fmle,1.42986
khm,2006,sex_mle,5.5399
khm,2007,sex_btsx,3.19111
khm,2007,sex_fmle,1.31739
khm,2007,sex_mle,5.17377
khm,2008,sex_btsx,2.89739
khm,2008,sex_fmle,1.18776
khm,2008,sex_mle,4.7014
khm,2009,sex_btsx,2.73476
khm,2009,sex_fmle,1.11517
khm,2009,sex_mle,4.44064
khm,2010,sex_btsx,2.59993
khm,2010,sex_fmle,1.0636
khm,2010,sex_mle,4.21643
khm,2011,sex_btsx,2.42684
khm,2011,sex_fmle,0.97996
khm,2011,sex_mle,3.94776
khm,2012,sex_btsx,2.43321
khm,2012,sex_fmle,0.97015
khm,2012,sex_mle,3.96976
khm,2013,sex_btsx,2.43623
khm,2013,sex_fmle,0.96026
khm,2013,sex_mle,3.98508
khm,2014,sex_btsx,2.43537
khm,2014,sex_fmle,0.95028
khm,2014,sex_mle,3.99261
khm,2015,sex_btsx,2.43848
khm,2015,sex_fmle,0.94022
khm,2015,sex_mle,4.00839
khm,2016,sex_btsx,2.44591
khm,2016,sex_fmle,0.93131
khm,2016,sex_mle,4.03178
khm,2017,sex_btsx,2.44679
khm,2017,sex_fmle,0.92535
khm,2017,sex_mle,4.03881
khm,2018,sex_btsx,2.19257
khm,2018,sex_fmle,0.82291
khm,2018,sex_mle,3.62521
khm,2019,sex_btsx,2.12485
khm,2019,sex_fmle,0.78889
khm,2019,sex_mle,3.52158
khm,2020,sex_btsx,1.95381
khm,2020,sex_fmle,0.71895
khm,2020,sex_mle,3.24365
khm,2021,sex_btsx,1.81849
khm,2021,sex_fmle,0.66145
khm,2021,sex_mle,3.02574
kir,2000,sex_btsx,6.27619
kir,2000,sex_fmle,3.35491
kir,2000,sex_mle,9.34177
kir,2001,sex_btsx,6.19387
kir,2001,sex_fmle,3.26289
kir,2001,sex_mle,9.27193
kir,2002,sex_btsx,6.06014
kir,2002,sex_fmle,3.16063
kir,2002,sex_mle,9.10466
kir,2003,sex_btsx,5.94607
kir,2003,sex_fmle,2.97392
kir,2003,sex_mle,9.06405
kir,2004,sex_btsx,5.8592
kir,2004,sex_fmle,2.92223
kir,2004,sex_mle,8.93977
kir,2005,sex_btsx,5.80701
kir,2005,sex_fmle,2.91654
kir,2005,sex_mle,8.83964
kir,2006,sex_btsx,5.67073
kir,2006,sex_fmle,2.81916
kir,2006,sex_mle,8.66442
kir,2007,sex_btsx,5.54907
kir,2007,sex_fmle,2.80342
kir,2007,sex_mle,8.43368
kir,2008,sex_btsx,5.45692
kir,2008,sex_fmle,2.77261
kir,2008,sex_mle,8.27814
kir,2009,sex_btsx,5.3439
kir,2009,sex_fmle,2.67658
kir,2009,sex_mle,8.14814
kir,2010,sex_btsx,5.25304
kir,2010,sex_fmle,2.67286
kir,2010,sex_mle,7.96872
kir,2011,sex_btsx,5.15015
kir,2011,sex_fmle,2.59023
kir,2011,sex_mle,7.85198
kir,2012,sex_btsx,5.0854
kir,2012,sex_fmle,2.53884
kir,2012,sex_mle,7.78349
kir,2013,sex_btsx,5.04525
kir,2013,sex_fmle,2.48683
kir,2013,sex_mle,7.76683
kir,2014,sex_btsx,4.99468
kir,2014,sex_fmle,2.45369
kir,2014,sex_mle,7.70948
kir,2015,sex_btsx,4.93953
kir,2015,sex_fmle,2.40806
kir,2015,sex_mle,7.65422
kir,2016,sex_btsx,4.88013
kir,2016,sex_fmle,2.35413
kir,2016,sex_mle,7.5934
kir,2017,sex_btsx,4.8113
kir,2017,sex_fmle,2.30845
kir,2017,sex_mle,7.49984
kir,2018,sex_btsx,4.69835
kir,2018,sex_fmle,2.24181
kir,2018,sex_mle,7.33692
kir,2019,sex_btsx,4.61987
kir,2019,sex_fmle,2.19225
kir,2019,sex_mle,7.22711
kir,2020,sex_btsx,4.53951
kir,2020,sex_fmle,2.14011
kir,2020,sex_mle,7.11187
kir,2021,sex_btsx,4.45331
kir,2021,sex_fmle,2.08921
kir,2021,sex_mle,6.98104
kor,2000,sex_btsx,1.86699
kor,2000,sex_fmle,1.75221
kor,2000,sex_mle,1.97693
kor,2001,sex_btsx,1.75488
kor,2001,sex_fmle,1.54566
kor,2001,sex_mle,1.95539
kor,2002,sex_btsx,1.77612
kor,2002,sex_fmle,1.65122
kor,2002,sex_mle,1.89604
kor,2003,sex_btsx,1.91061
kor,2003,sex_fmle,1.73213
kor,2003,sex_mle,2.08225
kor,2004,sex_btsx,1.97119
kor,2004,sex_fmle,1.92775
kor,2004,sex_mle,2.01303
kor,2005,sex_btsx,1.95709
kor,2005,sex_fmle,1.99955
kor,2005,sex_mle,1.91612
kor,2006,sex_btsx,1.79217
kor,2006,sex_fmle,1.76597
kor,2006,sex_mle,1.81749
kor,2007,sex_btsx,1.56348
kor,2007,sex_fmle,1.47859
kor,2007,sex_mle,1.64559
kor,2008,sex_btsx,1.52437
kor,2008,sex_fmle,1.42687
kor,2008,sex_mle,1.61876
kor,2009,sex_btsx,1.49977
kor,2009,sex_fmle,1.41473
kor,2009,sex_mle,1.58218
kor,2010,sex_btsx,1.36432
kor,2010,sex_fmle,1.18627
kor,2010,sex_mle,1.53703
kor,2011,sex_btsx,1.1967
kor,2011,sex_fmle,1.04535
kor,2011,sex_mle,1.34401
kor,2012,sex_btsx,1.1407
kor,2012,sex_fmle,1.02683
kor,2012,sex_mle,1.25212
kor,2013,sex_btsx,1.18857
kor,2013,sex_fmle,1.11379
kor,2013,sex_mle,1.26212
kor,2014,sex_btsx,1.06672
kor,2014,sex_fmle,1.0347
kor,2014,sex_mle,1.09837
kor,2015,sex_btsx,1.06892
kor,2015,sex_fmle,1.04103
kor,2015,sex_mle,1.09662
kor,2016,sex_btsx,0.89103
kor,2016,sex_fmle,0.91262
kor,2016,sex_mle,0.86954
kor,2017,sex_btsx,0.83667
kor,2017,sex_fmle,0.80248
kor,2017,sex_mle,0.87078
kor,2018,sex_btsx,0.81129
kor,2018,sex_fmle,0.73395
kor,2018,sex_mle,0.88853
kor,2019,sex_btsx,0.83734
kor,2019,sex_fmle,0.80463
kor,2019,sex_mle,0.87007
kor,2020,sex_btsx,0.79708
kor,2020,sex_fmle,0.67982
kor,2020,sex_mle,0.91458
kor,2021,sex_btsx,0.73986
kor,2021,sex_fmle,0.67761
kor,2021,sex_mle,0.80234
kwt,2000,sex_btsx,2.27335
kwt,2000,sex_fmle,0.90476
kwt,2000,sex_mle,3.245
kwt,2001,sex_btsx,2.2448
kwt,2001,sex_fmle,0.88082
kwt,2001,sex_mle,3.2066
kwt,2002,sex_btsx,2.17266
kwt,2002,sex_fmle,0.83893
kwt,2002,sex_mle,3.10681
kwt,2003,sex_btsx,2.36642
kwt,2003,sex_fmle,0.87833
kwt,2003,sex_mle,3.40159
kwt,2004,sex_btsx,2.604
kwt,2004,sex_fmle,0.90186
kwt,2004,sex_mle,3.77987
kwt,2005,sex_btsx,2.32274
kwt,2005,sex_fmle,0.84783
kwt,2005,sex_mle,3.34583
kwt,2006,sex_btsx,2.14529
kwt,2006,sex_fmle,0.78107
kwt,2006,sex_mle,3.10913
kwt,2007,sex_btsx,1.94507
kwt,2007,sex_fmle,0.69966
kwt,2007,sex_mle,2.8431
kwt,2008,sex_btsx,1.83847
kwt,2008,sex_fmle,0.64402
kwt,2008,sex_mle,2.71548
kwt,2009,sex_btsx,1.8712
kwt,2009,sex_fmle,0.66176
kwt,2009,sex_mle,2.77354
kwt,2010,sex_btsx,1.94343
kwt,2010,sex_fmle,0.65345
kwt,2010,sex_mle,2.91923
kwt,2011,sex_btsx,1.92048
kwt,2011,sex_fmle,0.65928
kwt,2011,sex_mle,2.87244
kwt,2012,sex_btsx,1.86589
kwt,2012,sex_fmle,0.67451
kwt,2012,sex_mle,2.75352
kwt,2013,sex_btsx,1.82212
kwt,2013,sex_fmle,0.67469
kwt,2013,sex_mle,2.66772
kwt,2014,sex_btsx,1.84426
kwt,2014,sex_fmle,0.75875
kwt,2014,sex_mle,2.62874
kwt,2015,sex_btsx,1.81876
kwt,2015,sex_fmle,0.79067
kwt,2015,sex_mle,2.54065
kwt,2016,sex_btsx,1.812
kwt,2016,sex_fmle,0.82542
kwt,2016,sex_mle,2.4798
kwt,2017,sex_btsx,1.83989
kwt,2017,sex_fmle,0.82151
kwt,2017,sex_mle,2.49949
kwt,2018,sex_btsx,1.7488
kwt,2018,sex_fmle,0.78796
kwt,2018,sex_mle,2.34843
kwt,2019,sex_btsx,1.71218
kwt,2019,sex_fmle,0.76872
kwt,2019,sex_mle,2.29829
kwt,2020,sex_btsx,1.49627
kwt,2020,sex_fmle,0.3666
kwt,2020,sex_mle,2.22032
kwt,2021,sex_btsx,1.70708
kwt,2021,sex_fmle,0.57781
kwt,2021,sex_mle,2.4394
lao,2000,sex_btsx,8.41078
lao,2000,sex_fmle,4.73333
lao,2000,sex_mle,12.03425
lao,2001,sex_btsx,8.29744
lao,2001,sex_fmle,4.68874
lao,2001,sex_mle,11.852
lao,2002,sex_btsx,8.14853
lao,2002,sex_fmle,4.63925
lao,2002,sex_mle,11.60448
lao,2003,sex_btsx,8.03998
lao,2003,sex_fmle,4.60956
lao,2003,sex_mle,11.41821
lao,2004,sex_btsx,7.95616
lao,2004,sex_fmle,4.56244
lao,2004,sex_mle,11.29887
lao,2005,sex_btsx,7.86964
lao,2005,sex_fmle,4.52523
lao,2005,sex_mle,11.16481
lao,2006,sex_btsx,7.74625
lao,2006,sex_fmle,4.45872
lao,2006,sex_mle,10.98665
lao,2007,sex_btsx,7.65051
lao,2007,sex_fmle,4.40341
lao,2007,sex_mle,10.85235
lao,2008,sex_btsx,7.51286
lao,2008,sex_fmle,4.36848
lao,2008,sex_mle,10.61462
lao,2009,sex_btsx,7.41251
lao,2009,sex_fmle,4.31427
lao,2009,sex_mle,10.46974
lao,2010,sex_btsx,7.31284
lao,2010,sex_fmle,4.25096
lao,2010,sex_mle,10.33496
lao,2011,sex_btsx,7.21208
lao,2011,sex_fmle,4.17837
lao,2011,sex_mle,10.20702
lao,2012,sex_btsx,7.07799
lao,2012,sex_fmle,4.10669
lao,2012,sex_mle,10.01174
lao,2013,sex_btsx,7.01178
lao,2013,sex_fmle,4.07976
lao,2013,sex_mle,9.90707
lao,2014,sex_btsx,6.98012
lao,2014,sex_fmle,4.06593
lao,2014,sex_mle,9.8581
lao,2015,sex_btsx,6.92889
lao,2015,sex_fmle,4.0321
lao,2015,sex_mle,9.79008
lao,2016,sex_btsx,6.88
lao,2016,sex_fmle,3.97586
lao,2016,sex_mle,9.74895
lao,2017,sex_btsx,6.77428
lao,2017,sex_fmle,3.91683
lao,2017,sex_mle,9.59762
lao,2018,sex_btsx,6.64795
lao,2018,sex_fmle,3.84359
lao,2018,sex_mle,9.41936
lao,2019,sex_btsx,6.55944
lao,2019,sex_fmle,3.78861
lao,2019,sex_mle,9.29831
lao,2020,sex_btsx,6.4544
lao,2020,sex_fmle,3.72889
lao,2020,sex_mle,9.14971
lao,2021,sex_btsx,6.35212
lao,2021,sex_fmle,3.67098
lao,2021,sex_mle,9.00483
lbn,2000,sex_btsx,3.65966
lbn,2000,sex_fmle,1.78348
lbn,2000,sex_mle,5.56312
lbn,2001,sex_btsx,3.70699
lbn,2001,sex_fmle,1.68879
lbn,2001,sex_mle,5.75324
lbn,2002,sex_btsx,3.82891
lbn,2002,sex_fmle,1.67906
lbn,2002,sex_mle,6.00735
lbn,2003,sex_btsx,3.95797
lbn,2003,sex_fmle,1.67607
lbn,2003,sex_mle,6.26896
lbn,2004,sex_btsx,4.05233
lbn,2004,sex_fmle,1.66596
lbn,2004,sex_mle,6.46791
lbn,2005,sex_btsx,4.102
lbn,2005,sex_fmle,1.65704
lbn,2005,sex_mle,6.57579
lbn,2006,sex_btsx,4.08185
lbn,2006,sex_fmle,1.67101
lbn,2006,sex_mle,6.52083
lbn,2007,sex_btsx,4.01318
lbn,2007,sex_fmle,1.64094
lbn,2007,sex_mle,6.41289
lbn,2008,sex_btsx,3.94861
lbn,2008,sex_fmle,1.62455
lbn,2008,sex_mle,6.2989
lbn,2009,sex_btsx,3.72978
lbn,2009,sex_fmle,1.5543
lbn,2009,sex_mle,5.92904
lbn,2010,sex_btsx,3.82881
lbn,2010,sex_fmle,1.63583
lbn,2010,sex_mle,6.04467
lbn,2011,sex_btsx,4.03746
lbn,2011,sex_fmle,1.72128
lbn,2011,sex_mle,6.37632
lbn,2012,sex_btsx,4.34408
lbn,2012,sex_fmle,1.88296
lbn,2012,sex_mle,6.82749
lbn,2013,sex_btsx,4.39959
lbn,2013,sex_fmle,1.91277
lbn,2013,sex_mle,6.90704
lbn,2014,sex_btsx,4.21233
lbn,2014,sex_fmle,1.81272
lbn,2014,sex_mle,6.63001
lbn,2015,sex_btsx,4.20714
lbn,2015,sex_fmle,1.81804
lbn,2015,sex_mle,6.62331
lbn,2016,sex_btsx,4.37557
lbn,2016,sex_fmle,1.87567
lbn,2016,sex_mle,6.92611
lbn,2017,sex_btsx,4.54609
lbn,2017,sex_fmle,1.93511
lbn,2017,sex_mle,7.2356
lbn,2018,sex_btsx,4.76759
lbn,2018,sex_fmle,2.01613
lbn,2018,sex_mle,7.63137
lbn,2019,sex_btsx,4.92245
lbn,2019,sex_fmle,2.05763
lbn,2019,sex_mle,7.93779
lbn,2020,sex_btsx,5.06955
lbn,2020,sex_fmle,2.10019
lbn,2020,sex_mle,8.21296
lbn,2021,sex_btsx,5.31175
lbn,2021,sex_fmle,2.15488
lbn,2021,sex_mle,8.65351
lbr,2000,sex_btsx,14.95761
lbr,2000,sex_fmle,6.52174
lbr,2000,sex_mle,23.55401
lbr,2001,sex_btsx,14.64939
lbr,2001,sex_fmle,6.28983
lbr,2001,sex_mle,23.1651
lbr,2002,sex_btsx,14.53274
lbr,2002,sex_fmle,5.98408
lbr,2002,sex_mle,23.23709
lbr,2003,sex_btsx,14.00842
lbr,2003,sex_fmle,5.6169
lbr,2003,sex_mle,22.55187
lbr,2004,sex_btsx,13.84273
lbr,2004,sex_fmle,5.32592
lbr,2004,sex_mle,22.51191
lbr,2005,sex_btsx,13.00297
lbr,2005,sex_fmle,4.94131
lbr,2005,sex_mle,21.2031
lbr,2006,sex_btsx,12.42533
lbr,2006,sex_fmle,4.65115
lbr,2006,sex_mle,20.32718
lbr,2007,sex_btsx,11.93243
lbr,2007,sex_fmle,4.54394
lbr,2007,sex_mle,19.4365
lbr,2008,sex_btsx,11.59932
lbr,2008,sex_fmle,4.50772
lbr,2008,sex_mle,18.79609
lbr,2009,sex_btsx,11.52899
lbr,2009,sex_fmle,4.63669
lbr,2009,sex_mle,18.51789
lbr,2010,sex_btsx,11.23264
lbr,2010,sex_fmle,4.7434
lbr,2010,sex_mle,17.80776
lbr,2011,sex_btsx,11.18573
lbr,2011,sex_fmle,4.90867
lbr,2011,sex_mle,17.53975
lbr,2012,sex_btsx,10.79111
lbr,2012,sex_fmle,4.91346
lbr,2012,sex_mle,16.73515
lbr,2013,sex_btsx,10.37043
lbr,2013,sex_fmle,4.78053
lbr,2013,sex_mle,16.01889
lbr,2014,sex_btsx,11.15976
lbr,2014,sex_fmle,4.74258
lbr,2014,sex_mle,17.63912
lbr,2015,sex_btsx,10.49591
lbr,2015,sex_fmle,4.88491
lbr,2015,sex_mle,16.15696
lbr,2016,sex_btsx,10.01828
lbr,2016,sex_fmle,4.60344
lbr,2016,sex_mle,15.47736
lbr,2017,sex_btsx,9.78806
lbr,2017,sex_fmle,4.47793
lbr,2017,sex_mle,15.13775
lbr,2018,sex_btsx,9.78541
lbr,2018,sex_fmle,4.4823
lbr,2018,sex_mle,15.12429
lbr,2019,sex_btsx,9.61127
lbr,2019,sex_fmle,4.40664
lbr,2019,sex_mle,14.84749
lbr,2020,sex_btsx,9.50424
lbr,2020,sex_fmle,4.41772
lbr,2020,sex_mle,14.61877
lbr,2021,sex_btsx,9.36279
lbr,2021,sex_fmle,4.36029
lbr,2021,sex_mle,14.39006
lby,2000,sex_btsx,3.98245
lby,2000,sex_fmle,1.79903
lby,2000,sex_mle,5.88858
lby,2001,sex_btsx,3.93268
lby,2001,sex_fmle,1.75934
lby,2001,sex_mle,5.86251
lby,2002,sex_btsx,3.8699
lby,2002,sex_fmle,1.73348
lby,2002,sex_mle,5.7985
lby,2003,sex_btsx,3.80096
lby,2003,sex_fmle,1.67264
lby,2003,sex_mle,5.75324
lby,2004,sex_btsx,3.722
lby,2004,sex_fmle,1.60718
lby,2004,sex_mle,5.69211
lby,2005,sex_btsx,3.64213
lby,2005,sex_fmle,1.53015
lby,2005,sex_mle,5.63889
lby,2006,sex_btsx,3.48984
lby,2006,sex_fmle,1.4306
lby,2006,sex_mle,5.45101
lby,2007,sex_btsx,3.34887
lby,2007,sex_fmle,1.35544
lby,2007,sex_mle,5.24735
lby,2008,sex_btsx,3.20514
lby,2008,sex_fmle,1.30736
lby,2008,sex_mle,5.0119
lby,2009,sex_btsx,3.06082
lby,2009,sex_fmle,1.26046
lby,2009,sex_mle,4.77458
lby,2010,sex_btsx,2.90796
lby,2010,sex_fmle,1.18216
lby,2010,sex_mle,4.55106
lby,2011,sex_btsx,2.83925
lby,2011,sex_fmle,1.1502
lby,2011,sex_mle,4.44574
lby,2012,sex_btsx,2.78226
lby,2012,sex_fmle,1.13337
lby,2012,sex_mle,4.34978
lby,2013,sex_btsx,2.7302
lby,2013,sex_fmle,1.11288
lby,2013,sex_mle,4.27009
lby,2014,sex_btsx,2.63058
lby,2014,sex_fmle,1.12081
lby,2014,sex_mle,4.07083
lby,2015,sex_btsx,2.54923
lby,2015,sex_fmle,1.14473
lby,2015,sex_mle,3.89229
lby,2016,sex_btsx,2.52165
lby,2016,sex_fmle,1.03257
lby,2016,sex_mle,3.94912
lby,2017,sex_btsx,2.46557
lby,2017,sex_fmle,1.01185
lby,2017,sex_mle,3.86126
lby,2018,sex_btsx,2.31892
lby,2018,sex_fmle,0.94654
lby,2018,sex_mle,3.63753
lby,2019,sex_btsx,2.23993
lby,2019,sex_fmle,0.9146
lby,2019,sex_mle,3.51491
lby,2020,sex_btsx,2.177
lby,2020,sex_fmle,0.88674
lby,2020,sex_mle,3.42031
lby,2021,sex_btsx,2.10038
lby,2021,sex_fmle,0.85409
lby,2021,sex_mle,3.30318
lca,2000,sex_btsx,18.29996
lca,2000,sex_fmle,5.69067
lca,2000,sex_mle,31.09404
lca,2001,sex_btsx,20.73494
lca,2001,sex_fmle,6.76364
lca,2001,sex_mle,34.8921
lca,2002,sex_btsx,22.38308
lca,2002,sex_fmle,7.75204
lca,2002,sex_mle,37.19166
lca,2003,sex_btsx,22.36459
lca,2003,sex_fmle,7.95639
lca,2003,sex_mle,36.93601
lca,2004,sex_btsx,22.61712
lca,2004,sex_fmle,7.78805
lca,2004,sex_mle,37.60192
lca,2005,sex_btsx,23.17532
lca,2005,sex_fmle,7.55125
lca,2005,sex_mle,38.95311
lca,2006,sex_btsx,23.08434
lca,2006,sex_fmle,7.2341
lca,2006,sex_mle,39.08249
lca,2007,sex_btsx,21.78015
lca,2007,sex_fmle,6.64628
lca,2007,sex_mle,37.02681
lca,2008,sex_btsx,22.60586
lca,2008,sex_fmle,7.14184
lca,2008,sex_mle,38.13265
lca,2009,sex_btsx,23.17862
lca,2009,sex_fmle,7.52552
lca,2009,sex_mle,38.84425
lca,2010,sex_btsx,23.83365
lca,2010,sex_fmle,7.89145
lca,2010,sex_mle,39.77491
lca,2011,sex_btsx,23.59169
lca,2011,sex_fmle,8.14321
lca,2011,sex_mle,39.0605
lca,2012,sex_btsx,22.05607
lca,2012,sex_fmle,7.73187
lca,2012,sex_mle,36.41816
lca,2013,sex_btsx,20.42019
lca,2013,sex_fmle,6.78043
lca,2013,sex_mle,34.11354
lca,2014,sex_btsx,19.57448
lca,2014,sex_fmle,6.60344
lca,2014,sex_mle,32.61602
lca,2015,sex_btsx,18.88538
lca,2015,sex_fmle,6.579
lca,2015,sex_mle,31.27789
lca,2016,sex_btsx,19.87104
lca,2016,sex_fmle,7.07539
lca,2016,sex_mle,32.77642
lca,2017,sex_btsx,23.43421
lca,2017,sex_fmle,8.35664
lca,2017,sex_mle,38.66939
lca,2018,sex_btsx,20.80957
lca,2018,sex_fmle,7.43125
lca,2018,sex_mle,34.35441
lca,2019,sex_btsx,20.69041
lca,2019,sex_fmle,7.40464
lca,2019,sex_mle,34.16777
lca,2020,sex_btsx,20.4354
lca,2020,sex_fmle,7.32521
lca,2020,sex_mle,33.76494
lca,2021,sex_btsx,20.07195
lca,2021,sex_fmle,7.19288
lca,2021,sex_mle,33.19892
lka,2000,sex_btsx,8.1051
lka,2000,sex_fmle,2.46377
lka,2000,sex_mle,13.80507
lka,2001,sex_btsx,8.09049
lka,2001,sex_fmle,2.60861
lka,2001,sex_mle,13.64349
lka,2002,sex_btsx,8.07048
lka,2002,sex_fmle,2.73786
lka,2002,sex_mle,13.49232
lka,2003,sex_btsx,8.06162
lka,2003,sex_fmle,2.82456
lka,2003,sex_mle,13.4092
lka,2004,sex_btsx,8.23812
lka,2004,sex_fmle,2.9393
lka,2004,sex_mle,13.6709
lka,2005,sex_btsx,8.3939
lka,2005,sex_fmle,2.95346
lka,2005,sex_mle,13.99409
lka,2006,sex_btsx,9.56768
lka,2006,sex_fmle,3.26125
lka,2006,sex_mle,16.0859
lka,2007,sex_btsx,9.00949
lka,2007,sex_fmle,3.0134
lka,2007,sex_mle,15.23388
lka,2008,sex_btsx,8.51813
lka,2008,sex_fmle,2.85248
lka,2008,sex_mle,14.42689
lka,2009,sex_btsx,6.58848
lka,2009,sex_fmle,2.21442
lka,2009,sex_mle,11.17337
lka,2010,sex_btsx,5.21227
lka,2010,sex_fmle,1.76401
lka,2010,sex_mle,8.84459
lka,2011,sex_btsx,4.45124
lka,2011,sex_fmle,1.51304
lka,2011,sex_mle,7.55951
lka,2012,sex_btsx,3.93572
lka,2012,sex_fmle,1.34225
lka,2012,sex_mle,6.68552
lka,2013,sex_btsx,3.53613
lka,2013,sex_fmle,1.20981
lka,2013,sex_mle,6.00399
lka,2014,sex_btsx,3.21411
lka,2014,sex_fmle,1.1
lka,2014,sex_mle,5.45808
lka,2015,sex_btsx,2.97752
lka,2015,sex_fmle,1.01143
lka,2015,sex_mle,5.06564
lka,2016,sex_btsx,2.89678
lka,2016,sex_fmle,0.97219
lka,2016,sex_mle,4.94202
lka,2017,sex_btsx,2.80207
lka,2017,sex_fmle,0.92725
lka,2017,sex_mle,4.79556
lka,2018,sex_btsx,2.53736
lka,2018,sex_fmle,0.8258
lka,2018,sex_mle,4.35836
lka,2019,sex_btsx,2.33337
lka,2019,sex_fmle,0.74459
lka,2019,sex_mle,4.02462
lka,2020,sex_btsx,2.06902
lka,2020,sex_fmle,0.6493
lka,2020,sex_mle,3.58096
lka,2021,sex_btsx,1.84574
lka,2021,sex_fmle,0.56767
lka,2021,sex_mle,3.20751
lso,2000,sex_btsx,45.86794
lso,2000,sex_fmle,18.8179
lso,2000,sex_mle,74.43819
lso,2001,sex_btsx,39.75448
lso,2001,sex_fmle,17.68
lso,2001,sex_mle,63.0716
lso,2002,sex_btsx,39.7173
lso,2002,sex_fmle,16.57783
lso,2002,sex_mle,64.16135
lso,2003,sex_btsx,43.42277
lso,2003,sex_fmle,17.20171
lso,2003,sex_mle,71.12378
lso,2004,sex_btsx,43.46976
lso,2004,sex_fmle,18.11518
lso,2004,sex_mle,70.26278
lso,2005,sex_btsx,44.04615
lso,2005,sex_fmle,18.533
lso,2005,sex_mle,71.02114
lso,2006,sex_btsx,45.82895
lso,2006,sex_fmle,18.41927
lso,2006,sex_mle,74.80729
lso,2007,sex_btsx,45.7347
lso,2007,sex_fmle,18.20701
lso,2007,sex_mle,74.83649
lso,2008,sex_btsx,43.10585
lso,2008,sex_fmle,17.28121
lso,2008,sex_mle,70.41977
lso,2009,sex_btsx,41.63072
lso,2009,sex_fmle,16.54668
lso,2009,sex_mle,68.16868
lso,2010,sex_btsx,41.02341
lso,2010,sex_fmle,16.34897
lso,2010,sex_mle,67.13224
lso,2011,sex_btsx,39.56403
lso,2011,sex_fmle,15.76921
lso,2011,sex_mle,64.74582
lso,2012,sex_btsx,38.10734
lso,2012,sex_fmle,15.32657
lso,2012,sex_mle,62.2187
lso,2013,sex_btsx,38.09448
lso,2013,sex_fmle,15.47469
lso,2013,sex_mle,62.03333
lso,2014,sex_btsx,40.20495
lso,2014,sex_fmle,16.48089
lso,2014,sex_mle,65.30709
lso,2015,sex_btsx,43.37322
lso,2015,sex_fmle,17.89012
lso,2015,sex_mle,70.33029
lso,2016,sex_btsx,43.12594
lso,2016,sex_fmle,17.72063
lso,2016,sex_mle,69.99082
lso,2017,sex_btsx,42.8603
lso,2017,sex_fmle,17.72905
lso,2017,sex_mle,69.42117
lso,2018,sex_btsx,40.88636
lso,2018,sex_fmle,16.99237
lso,2018,sex_mle,66.1264
lso,2019,sex_btsx,40.63552
lso,2019,sex_fmle,16.94208
lso,2019,sex_mle,65.65164
lso,2020,sex_btsx,39.67769
lso,2020,sex_fmle,16.67746
lso,2020,sex_mle,63.94879
lso,2021,sex_btsx,38.94624
lso,2021,sex_fmle,16.47138
lso,2021,sex_mle,62.65009
ltu,2000,sex_btsx,9.90693
ltu,2000,sex_fmle,5.23657
ltu,2000,sex_mle,15.21781
ltu,2001,sex_btsx,9.70697
ltu,2001,sex_fmle,4.98952
ltu,2001,sex_mle,15.08592
ltu,2002,sex_btsx,9.36516
ltu,2002,sex_fmle,4.73913
ltu,2002,sex_mle,14.65043
ltu,2003,sex_btsx,9.72723
ltu,2003,sex_fmle,5.01615
ltu,2003,sex_mle,15.11817
ltu,2004,sex_btsx,9.85177
ltu,2004,sex_fmle,4.78382
ltu,2004,sex_mle,15.66105
ltu,2005,sex_btsx,9.88191
ltu,2005,sex_fmle,4.71202
ltu,2005,sex_mle,15.82531
ltu,2006,sex_btsx,9.22102
ltu,2006,sex_fmle,4.48233
ltu,2006,sex_mle,14.6908
ltu,2007,sex_btsx,8.84191
ltu,2007,sex_fmle,4.11742
ltu,2007,sex_mle,14.31334
ltu,2008,sex_btsx,8.61395
ltu,2008,sex_fmle,4.24037
ltu,2008,sex_mle,13.68833
ltu,2009,sex_btsx,7.98442
ltu,2009,sex_fmle,3.92345
ltu,2009,sex_mle,12.70987
ltu,2010,sex_btsx,7.36681
ltu,2010,sex_fmle,3.64747
ltu,2010,sex_mle,11.71041
ltu,2011,sex_btsx,6.9564
ltu,2011,sex_fmle,3.56052
ltu,2011,sex_mle,10.93004
ltu,2012,sex_btsx,6.61941
ltu,2012,sex_fmle,3.33344
ltu,2012,sex_mle,10.46751
ltu,2013,sex_btsx,6.29801
ltu,2013,sex_fmle,3.20308
ltu,2013,sex_mle,9.9222
ltu,2014,sex_btsx,5.83825
ltu,2014,sex_fmle,2.92013
ltu,2014,sex_mle,9.25391
ltu,2015,sex_btsx,5.62619
ltu,2015,sex_fmle,2.95097
ltu,2015,sex_mle,8.75999
ltu,2016,sex_btsx,5.29996
ltu,2016,sex_fmle,2.77564
ltu,2016,sex_mle,8.25775
ltu,2017,sex_btsx,4.95341
ltu,2017,sex_fmle,2.60951
ltu,2017,sex_mle,7.69136
ltu,2018,sex_btsx,4.83266
ltu,2018,sex_fmle,2.5592
ltu,2018,sex_mle,7.47287
ltu,2019,sex_btsx,4.59905
ltu,2019,sex_fmle,2.44294
ltu,2019,sex_mle,7.0781
ltu,2020,sex_btsx,4.37483
ltu,2020,sex_fmle,2.32135
ltu,2020,sex_mle,6.70674
ltu,2021,sex_btsx,4.17273
ltu,2021,sex_fmle,2.22133
ltu,2021,sex_mle,6.37269
lux,2000,sex_btsx,1.44858
lux,2000,sex_fmle,1.23522
lux,2000,sex_mle,1.66811
lux,2001,sex_btsx,1.35844
lux,2001,sex_fmle,1.12285
lux,2001,sex_mle,1.6011
lux,2002,sex_btsx,1.33355
lux,2002,sex_fmle,1.10557
lux,2002,sex_mle,1.5682
lux,2003,sex_btsx,1.23232
lux,2003,sex_fmle,0.98161
lux,2003,sex_mle,1.48975
lux,2004,sex_btsx,0.81407
lux,2004,sex_fmle,0.67996
lux,2004,sex_mle,0.95128
lux,2005,sex_btsx,1.40881
lux,2005,sex_fmle,1.21874
lux,2005,sex_mle,1.60292
lux,2006,sex_btsx,1.34014
lux,2006,sex_fmle,1.19784
lux,2006,sex_mle,1.4853
lux,2007,sex_btsx,1.41371
lux,2007,sex_fmle,1.28061
lux,2007,sex_mle,1.54933
lux,2008,sex_btsx,1.07947
lux,2008,sex_fmle,0.94236
lux,2008,sex_mle,1.21891
lux,2009,sex_btsx,1.41605
lux,2009,sex_fmle,1.26608
lux,2009,sex_mle,1.56809
lux,2010,sex_btsx,1.14205
lux,2010,sex_fmle,1.07893
lux,2010,sex_mle,1.20586
lux,2011,sex_btsx,0.8615
lux,2011,sex_fmle,0.85596
lux,2011,sex_mle,0.86709
lux,2012,sex_btsx,0.53619
lux,2012,sex_fmle,0.54369
lux,2012,sex_mle,0.52867
lux,2013,sex_btsx,0.50039
lux,2013,sex_fmle,0.50309
lux,2013,sex_mle,0.49768
lux,2014,sex_btsx,0.62112
lux,2014,sex_fmle,0.6006
lux,2014,sex_mle,0.64158
lux,2015,sex_btsx,0.69947
lux,2015,sex_fmle,0.62329
lux,2015,sex_mle,0.77523
lux,2016,sex_btsx,0.68575
lux,2016,sex_fmle,0.67577
lux,2016,sex_mle,0.69566
lux,2017,sex_btsx,0.55318
lux,2017,sex_fmle,0.54969
lux,2017,sex_mle,0.55664
lux,2018,sex_btsx,0.53489
lux,2018,sex_fmle,0.53511
lux,2018,sex_mle,0.53466
lux,2019,sex_btsx,0.50156
lux,2019,sex_fmle,0.50282
lux,2019,sex_mle,0.50032
lux,2020,sex_btsx,0.49356
lux,2020,sex_fmle,0.49953
lux,2020,sex_mle,0.48766
lux,2021,sex_btsx,0.4749
lux,2021,sex_fmle,0.485
lux,2021,sex_mle,0.46495
lva,2000,sex_btsx,13.71257
lva,2000,sex_fmle,7.63514
lva,2000,sex_mle,20.84167
lva,2001,sex_btsx,13.41918
lva,2001,sex_fmle,7.47243
lva,2001,sex_mle,20.41092
lva,2002,sex_btsx,12.79786
lva,2002,sex_fmle,6.9394
lva,2002,sex_mle,19.70544
lva,2003,sex_btsx,12.41311
lva,2003,sex_fmle,7.22259
lva,2003,sex_mle,18.54005
lva,2004,sex_btsx,10.73588
lva,2004,sex_fmle,6.11037
lva,2004,sex_mle,16.19536
lva,2005,sex_btsx,11.34277
lva,2005,sex_fmle,5.82348
lva,2005,sex_mle,17.85708
lva,2006,sex_btsx,10.82945
lva,2006,sex_fmle,5.5754
lva,2006,sex_mle,17.02714
lva,2007,sex_btsx,9.28991
lva,2007,sex_fmle,4.64148
lva,2007,sex_mle,14.76486
lva,2008,sex_btsx,9.19612
lva,2008,sex_fmle,4.62971
lva,2008,sex_mle,14.5742
lva,2009,sex_btsx,7.62624
lva,2009,sex_fmle,3.95276
lva,2009,sex_mle,11.96638
lva,2010,sex_btsx,7.46281
lva,2010,sex_fmle,3.98099
lva,2010,sex_mle,11.59337
lva,2011,sex_btsx,6.95778
lva,2011,sex_fmle,3.7696
lva,2011,sex_mle,10.74575
lva,2012,sex_btsx,6.98536
lva,2012,sex_fmle,3.69627
lva,2012,sex_mle,10.88638
lva,2013,sex_btsx,6.57905
lva,2013,sex_fmle,3.77929
lva,2013,sex_mle,9.89289
lva,2014,sex_btsx,6.32762
lva,2014,sex_fmle,3.37886
lva,2014,sex_mle,9.81106
lva,2015,sex_btsx,6.10095
lva,2015,sex_fmle,3.46888
lva,2015,sex_mle,9.20346
lva,2016,sex_btsx,5.95799
lva,2016,sex_fmle,3.44087
lva,2016,sex_mle,8.92202
lva,2017,sex_btsx,5.91926
lva,2017,sex_fmle,3.42685
lva,2017,sex_mle,8.85033
lva,2018,sex_btsx,5.18519
lva,2018,sex_fmle,3.00222
lva,2018,sex_mle,7.74407
lva,2019,sex_btsx,4.91466
lva,2019,sex_fmle,2.84004
lva,2019,sex_mle,7.33736
lva,2020,sex_btsx,4.74671
lva,2020,sex_fmle,2.79122
lva,2020,sex_mle,7.02419
lva,2021,sex_btsx,4.50969
lva,2021,sex_fmle,2.66281
lva,2021,sex_mle,6.65696
mar,2000,sex_btsx,1.9336
mar,2000,sex_fmle,0.87334
mar,2000,sex_mle,2.98806
mar,2001,sex_btsx,1.99399
mar,2001,sex_fmle,0.90498
mar,2001,sex_mle,3.0758
mar,2002,sex_btsx,1.90046
mar,2002,sex_fmle,0.87133
mar,2002,sex_mle,2.92165
mar,2003,sex_btsx,1.90103
mar,2003,sex_fmle,0.87689
mar,2003,sex_mle,2.91636
mar,2004,sex_btsx,1.83856
mar,2004,sex_fmle,0.85058
mar,2004,sex_mle,2.81781
mar,2005,sex_btsx,1.80844
mar,2005,sex_fmle,0.83771
mar,2005,sex_mle,2.77034
mar,2006,sex_btsx,1.80549
mar,2006,sex_fmle,0.83843
mar,2006,sex_mle,2.76294
mar,2007,sex_btsx,1.77371
mar,2007,sex_fmle,0.83126
mar,2007,sex_mle,2.70586
mar,2008,sex_btsx,1.6466
mar,2008,sex_fmle,0.78936
mar,2008,sex_mle,2.4936
mar,2009,sex_btsx,1.59517
mar,2009,sex_fmle,0.7966
mar,2009,sex_mle,2.38332
mar,2010,sex_btsx,1.56748
mar,2010,sex_fmle,0.82075
mar,2010,sex_mle,2.3037
mar,2011,sex_btsx,1.51791
mar,2011,sex_fmle,0.82704
mar,2011,sex_mle,2.19846
mar,2012,sex_btsx,1.50631
mar,2012,sex_fmle,0.8463
mar,2012,sex_mle,2.15598
mar,2013,sex_btsx,1.46534
mar,2013,sex_fmle,0.82097
mar,2013,sex_mle,2.0992
mar,2014,sex_btsx,1.44597
mar,2014,sex_fmle,0.80621
mar,2014,sex_mle,2.07488
mar,2015,sex_btsx,1.57469
mar,2015,sex_fmle,0.87479
mar,2015,sex_mle,2.2622
mar,2016,sex_btsx,1.80905
mar,2016,sex_fmle,1.00176
mar,2016,sex_mle,2.60165
mar,2017,sex_btsx,2.04215
mar,2017,sex_fmle,1.12942
mar,2017,sex_mle,2.93807
mar,2018,sex_btsx,1.73971
mar,2018,sex_fmle,0.96169
mar,2018,sex_mle,2.503
mar,2019,sex_btsx,1.75158
mar,2019,sex_fmle,0.96895
mar,2019,sex_mle,2.51888
mar,2020,sex_btsx,1.631
mar,2020,sex_fmle,0.93548
mar,2020,sex_mle,2.31298
mar,2021,sex_btsx,1.53063
mar,2021,sex_fmle,0.8961
mar,2021,sex_mle,2.15317
mda,2000,sex_btsx,12.92025
mda,2000,sex_fmle,7.16463
mda,2000,sex_mle,19.58053
mda,2001,sex_btsx,12.31471
mda,2001,sex_fmle,7.12665
mda,2001,sex_mle,18.32853
mda,2002,sex_btsx,11.87457
mda,2002,sex_fmle,7.04067
mda,2002,sex_mle,17.48733
mda,2003,sex_btsx,11.2096
mda,2003,sex_fmle,6.85798
mda,2003,sex_mle,16.27167
mda,2004,sex_btsx,9.43442
mda,2004,sex_fmle,5.53851
mda,2004,sex_mle,13.97272
mda,2005,sex_btsx,10.60049
mda,2005,sex_fmle,6.23435
mda,2005,sex_mle,15.68275
mda,2006,sex_btsx,9.69058
mda,2006,sex_fmle,5.66403
mda,2006,sex_mle,14.36693
mda,2007,sex_btsx,9.46043
mda,2007,sex_fmle,5.59831
mda,2007,sex_mle,13.93701
mda,2008,sex_btsx,10.09511
mda,2008,sex_fmle,5.79907
mda,2008,sex_mle,15.06626
mda,2009,sex_btsx,9.17945
mda,2009,sex_fmle,5.17714
mda,2009,sex_mle,13.80432
mda,2010,sex_btsx,10.1302
mda,2010,sex_fmle,5.48003
mda,2010,sex_mle,15.4976
mda,2011,sex_btsx,8.20003
mda,2011,sex_fmle,4.43511
mda,2011,sex_mle,12.54109
mda,2012,sex_btsx,8.78641
mda,2012,sex_fmle,4.91627
mda,2012,sex_mle,13.24382
mda,2013,sex_btsx,8.4549
mda,2013,sex_fmle,4.81401
mda,2013,sex_mle,12.64339
mda,2014,sex_btsx,6.80422
mda,2014,sex_fmle,3.96046
mda,2014,sex_mle,10.0783
mda,2015,sex_btsx,6.76562
mda,2015,sex_fmle,4.08989
mda,2015,sex_mle,9.85482
mda,2016,sex_btsx,6.71562
mda,2016,sex_fmle,4.17163
mda,2016,sex_mle,9.66038
mda,2017,sex_btsx,4.30829
mda,2017,sex_fmle,2.68215
mda,2017,sex_mle,6.19533
mda,2018,sex_btsx,5.63627
mda,2018,sex_fmle,3.52309
mda,2018,sex_mle,8.09387
mda,2019,sex_btsx,5.31606
mda,2019,sex_fmle,3.33146
mda,2019,sex_mle,7.62904
mda,2020,sex_btsx,4.829
mda,2020,sex_fmle,3.11303
mda,2020,sex_mle,6.83353
mda,2021,sex_btsx,4.56252
mda,2021,sex_fmle,2.96861
mda,2021,sex_mle,6.42818
mdg,2000,sex_btsx,9.51245
mdg,2000,sex_fmle,4.63094
mdg,2000,sex_mle,14.36495
mdg,2001,sex_btsx,9.25213
mdg,2001,sex_fmle,4.57018
mdg,2001,sex_mle,13.90596
mdg,2002,sex_btsx,9.10382
mdg,2002,sex_fmle,4.52436
mdg,2002,sex_mle,13.65551
mdg,2003,sex_btsx,8.9735
mdg,2003,sex_fmle,4.46431
mdg,2003,sex_mle,13.4552
mdg,2004,sex_btsx,8.87879
mdg,2004,sex_fmle,4.38495
mdg,2004,sex_mle,13.34521
mdg,2005,sex_btsx,8.70512
mdg,2005,sex_fmle,4.31299
mdg,2005,sex_mle,13.07048
mdg,2006,sex_btsx,8.66851
mdg,2006,sex_fmle,4.26747
mdg,2006,sex_mle,13.04278
mdg,2007,sex_btsx,8.5087
mdg,2007,sex_fmle,4.19391
mdg,2007,sex_mle,12.79732
mdg,2008,sex_btsx,8.31581
mdg,2008,sex_fmle,4.12867
mdg,2008,sex_mle,12.47766
mdg,2009,sex_btsx,8.084
mdg,2009,sex_fmle,4.04681
mdg,2009,sex_mle,12.09682
mdg,2010,sex_btsx,7.81874
mdg,2010,sex_fmle,3.94676
mdg,2010,sex_mle,11.66726
mdg,2011,sex_btsx,7.64291
mdg,2011,sex_fmle,3.88316
mdg,2011,sex_mle,11.37976
mdg,2012,sex_btsx,7.32619
mdg,2012,sex_fmle,3.73501
mdg,2012,sex_mle,10.89541
mdg,2013,sex_btsx,7.19926
mdg,2013,sex_fmle,3.68635
mdg,2013,sex_mle,10.69055
mdg,2014,sex_btsx,7.14005
mdg,2014,sex_fmle,3.64163
mdg,2014,sex_mle,10.61681
mdg,2015,sex_btsx,6.91237
mdg,2015,sex_fmle,3.52067
mdg,2015,sex_mle,10.28289
mdg,2016,sex_btsx,6.77432
mdg,2016,sex_fmle,3.44789
mdg,2016,sex_mle,10.07973
mdg,2017,sex_btsx,6.68676
mdg,2017,sex_fmle,3.37781
mdg,2017,sex_mle,9.97453
mdg,2018,sex_btsx,6.52552
mdg,2018,sex_fmle,3.28089
mdg,2018,sex_mle,9.7491
mdg,2019,sex_btsx,6.38224
mdg,2019,sex_fmle,3.19017
mdg,2019,sex_mle,9.55337
mdg,2020,sex_btsx,6.25434
mdg,2020,sex_fmle,3.10782
mdg,2020,sex_mle,9.38041
mdg,2021,sex_btsx,6.11358
mdg,2021,sex_fmle,3.02216
mdg,2021,sex_mle,9.18525
mdv,2000,sex_btsx,2.45809
mdv,2000,sex_fmle,1.13413
mdv,2000,sex_mle,3.65817
mdv,2001,sex_btsx,2.49836
mdv,2001,sex_fmle,1.10358
mdv,2001,sex_mle,3.7632
mdv,2002,sex_btsx,2.53661
mdv,2002,sex_fmle,1.11671
mdv,2002,sex_mle,3.82439
mdv,2003,sex_btsx,2.56057
mdv,2003,sex_fmle,1.09474
mdv,2003,sex_mle,3.88937
mdv,2004,sex_btsx,2.5655
mdv,2004,sex_fmle,1.20793
mdv,2004,sex_mle,3.79516
mdv,2005,sex_btsx,2.60774
mdv,2005,sex_fmle,1.04067
mdv,2005,sex_mle,4.02528
mdv,2006,sex_btsx,2.55859
mdv,2006,sex_fmle,1.00473
mdv,2006,sex_mle,3.94367
mdv,2007,sex_btsx,2.47997
mdv,2007,sex_fmle,0.98804
mdv,2007,sex_mle,3.76967
mdv,2008,sex_btsx,2.44458
mdv,2008,sex_fmle,1.01185
mdv,2008,sex_mle,3.6434
mdv,2009,sex_btsx,2.38109
mdv,2009,sex_fmle,1.02133
mdv,2009,sex_mle,3.48429
mdv,2010,sex_btsx,2.32138
mdv,2010,sex_fmle,1.02848
mdv,2010,sex_mle,3.34013
mdv,2011,sex_btsx,2.28712
mdv,2011,sex_fmle,1.04782
mdv,2011,sex_mle,3.2369
mdv,2012,sex_btsx,2.25641
mdv,2012,sex_fmle,1.0054
mdv,2012,sex_mle,3.19011
mdv,2013,sex_btsx,2.2199
mdv,2013,sex_fmle,0.98655
mdv,2013,sex_mle,3.11748
mdv,2014,sex_btsx,2.18169
mdv,2014,sex_fmle,0.97494
mdv,2014,sex_mle,3.03878
mdv,2015,sex_btsx,2.14635
mdv,2015,sex_fmle,0.94697
mdv,2015,sex_mle,2.97811
mdv,2016,sex_btsx,2.12338
mdv,2016,sex_fmle,1.01543
mdv,2016,sex_mle,2.87398
mdv,2017,sex_btsx,2.07572
mdv,2017,sex_fmle,0.98946
mdv,2017,sex_mle,2.7953
mdv,2018,sex_btsx,2.11813
mdv,2018,sex_fmle,0.93478
mdv,2018,sex_mle,2.88529
mdv,2019,sex_btsx,2.10118
mdv,2019,sex_fmle,0.93329
mdv,2019,sex_mle,2.8428
mdv,2020,sex_btsx,2.11475
mdv,2020,sex_fmle,0.95015
mdv,2020,sex_mle,2.8397
mdv,2021,sex_btsx,2.13802
mdv,2021,sex_fmle,0.95867
mdv,2021,sex_mle,2.85812
mex,2000,sex_btsx,11.60112
mex,2000,sex_fmle,2.76892
mex,2000,sex_mle,20.85619
mex,2001,sex_btsx,10.78342
mex,2001,sex_fmle,2.71732
mex,2001,sex_mle,19.2408
mex,2002,sex_btsx,10.49591
mex,2002,sex_fmle,2.6723
mex,2002,sex_mle,18.69871
mex,2003,sex_btsx,10.31138
mex,2003,sex_fmle,2.68696
mex,2003,sex_mle,18.30493
mex,2004,sex_btsx,9.48648
mex,2004,sex_fmle,2.43522
mex,2004,sex_mle,16.87861
mex,2005,sex_btsx,9.913
mex,2005,sex_fmle,2.55498
mex,2005,sex_mle,17.62597
mex,2006,sex_btsx,10.26255
mex,2006,sex_fmle,2.54261
mex,2006,sex_mle,18.35361
mex,2007,sex_btsx,8.17524
mex,2007,sex_fmle,2.00694
mex,2007,sex_mle,14.63811
mex,2008,sex_btsx,13.35629
mex,2008,sex_fmle,2.68253
mex,2008,sex_mle,24.53539
mex,2009,sex_btsx,17.70701
mex,2009,sex_fmle,3.40408
mex,2009,sex_mle,32.68182
mex,2010,sex_btsx,23.02411
mex,2010,sex_fmle,4.25453
mex,2010,sex_mle,42.67193
mex,2011,sex_btsx,24.42314
mex,2011,sex_fmle,4.81767
mex,2011,sex_mle,44.94554
mex,2012,sex_btsx,22.43246
mex,2012,sex_fmle,4.76952
mex,2012,sex_mle,40.92663
mex,2013,sex_btsx,19.52878
mex,2013,sex_fmle,4.48553
mex,2013,sex_mle,35.28808
mex,2014,sex_btsx,16.91565
mex,2014,sex_fmle,4.02913
mex,2014,sex_mle,30.42617
mex,2015,sex_btsx,17.38147
mex,2015,sex_fmle,3.95375
mex,2015,sex_mle,31.47762
mex,2016,sex_btsx,20.63925
mex,2016,sex_fmle,4.68324
mex,2016,sex_mle,37.41594
mex,2017,sex_btsx,26.83867
mex,2017,sex_fmle,5.71745
mex,2017,sex_mle,49.07922
mex,2018,sex_btsx,29.96
mex,2018,sex_fmle,6.15137
mex,2018,sex_mle,55.06097
mex,2019,sex_btsx,30.06681
mex,2019,sex_fmle,6.43918
mex,2019,sex_mle,55.00511
mex,2020,sex_btsx,29.52349
mex,2020,sex_fmle,6.45939
mex,2020,sex_mle,53.90782
mex,2021,sex_btsx,28.22944
mex,2021,sex_fmle,6.38737
mex,2021,sex_mle,51.37139
mkd,2000,sex_btsx,2.93458
mkd,2000,sex_fmle,1.27872
mkd,2000,sex_mle,4.67075
mkd,2001,sex_btsx,6.24663
mkd,2001,sex_fmle,2.49431
mkd,2001,sex_mle,10.16392
mkd,2002,sex_btsx,3.29226
mkd,2002,sex_fmle,1.27953
mkd,2002,sex_mle,5.38881
mkd,2003,sex_btsx,3.13475
mkd,2003,sex_fmle,1.29008
mkd,2003,sex_mle,5.05525
mkd,2004,sex_btsx,2.66213
mkd,2004,sex_fmle,1.18481
mkd,2004,sex_mle,4.1992
mkd,2005,sex_btsx,2.46931
mkd,2005,sex_fmle,1.16462
mkd,2005,sex_mle,3.8259
mkd,2006,sex_btsx,2.46481
mkd,2006,sex_fmle,1.1963
mkd,2006,sex_mle,3.7831
mkd,2007,sex_btsx,2.27332
mkd,2007,sex_fmle,1.10401
mkd,2007,sex_mle,3.48791
mkd,2008,sex_btsx,1.8852
mkd,2008,sex_fmle,0.93424
mkd,2008,sex_mle,2.87243
mkd,2009,sex_btsx,1.36431
mkd,2009,sex_fmle,0.68041
mkd,2009,sex_mle,2.07391
mkd,2010,sex_btsx,2.08831
mkd,2010,sex_fmle,1.09438
mkd,2010,sex_mle,3.11909
mkd,2011,sex_btsx,1.70864
mkd,2011,sex_fmle,0.91227
mkd,2011,sex_mle,2.53414
mkd,2012,sex_btsx,1.69276
mkd,2012,sex_fmle,0.91642
mkd,2012,sex_mle,2.49703
mkd,2013,sex_btsx,1.57255
mkd,2013,sex_fmle,0.87919
mkd,2013,sex_mle,2.29049
mkd,2014,sex_btsx,1.54165
mkd,2014,sex_fmle,0.85514
mkd,2014,sex_mle,2.25304
mkd,2015,sex_btsx,1.51093
mkd,2015,sex_fmle,0.84483
mkd,2015,sex_mle,2.20257
mkd,2016,sex_btsx,1.48183
mkd,2016,sex_fmle,0.8329
mkd,2016,sex_mle,2.1572
mkd,2017,sex_btsx,1.45869
mkd,2017,sex_fmle,0.82529
mkd,2017,sex_mle,2.11964
mkd,2018,sex_btsx,1.25039
mkd,2018,sex_fmle,0.71223
mkd,2018,sex_mle,1.81354
mkd,2019,sex_btsx,1.18139
mkd,2019,sex_fmle,0.67673
mkd,2019,sex_mle,1.71103
mkd,2020,sex_btsx,1.11829
mkd,2020,sex_fmle,0.6627
mkd,2020,sex_mle,1.59813
mkd,2021,sex_btsx,1.05984
mkd,2021,sex_fmle,0.63551
mkd,2021,sex_mle,1.50776
mli,2000,sex_btsx,13.65564
mli,2000,sex_fmle,7.01039
mli,2000,sex_mle,20.20428
mli,2001,sex_btsx,13.53636
mli,2001,sex_fmle,6.86586
mli,2001,sex_mle,20.10368
mli,2002,sex_btsx,13.33489
mli,2002,sex_fmle,6.68406
mli,2002,sex_mle,19.87791
mli,2003,sex_btsx,13.17302
mli,2003,sex_fmle,6.49813
mli,2003,sex_mle,19.73573
mli,2004,sex_btsx,13.07105
mli,2004,sex_fmle,6.36967
mli,2004,sex_mle,19.65675
mli,2005,sex_btsx,12.99889
mli,2005,sex_fmle,6.28451
mli,2005,sex_mle,19.59498
mli,2006,sex_btsx,12.81927
mli,2006,sex_fmle,6.15141
mli,2006,sex_mle,19.36766
mli,2007,sex_btsx,12.73512
mli,2007,sex_fmle,6.10992
mli,2007,sex_mle,19.24002
mli,2008,sex_btsx,12.55208
mli,2008,sex_fmle,6.00747
mli,2008,sex_mle,18.97668
mli,2009,sex_btsx,12.43565
mli,2009,sex_fmle,5.9761
mli,2009,sex_mle,18.77549
mli,2010,sex_btsx,12.32244
mli,2010,sex_fmle,5.93367
mli,2010,sex_mle,18.59148
mli,2011,sex_btsx,11.722
mli,2011,sex_fmle,5.67408
mli,2011,sex_mle,17.6555
mli,2012,sex_btsx,11.15389
mli,2012,sex_fmle,5.38466
mli,2012,sex_mle,16.81301
mli,2013,sex_btsx,11.28466
mli,2013,sex_fmle,5.47567
mli,2013,sex_mle,16.98231
mli,2014,sex_btsx,11.13764
mli,2014,sex_fmle,5.39834
mli,2014,sex_mle,16.76685
mli,2015,sex_btsx,10.96965
mli,2015,sex_fmle,5.3313
mli,2015,sex_mle,16.49976
mli,2016,sex_btsx,10.88803
mli,2016,sex_fmle,5.20918
mli,2016,sex_mle,16.45774
mli,2017,sex_btsx,10.59501
mli,2017,sex_fmle,5.07225
mli,2017,sex_mle,16.01154
mli,2018,sex_btsx,10.40815
mli,2018,sex_fmle,4.98412
mli,2018,sex_mle,15.72799
mli,2019,sex_btsx,10.22256
mli,2019,sex_fmle,4.88256
mli,2019,sex_mle,15.46026
mli,2020,sex_btsx,10.14398
mli,2020,sex_fmle,4.81099
mli,2020,sex_mle,15.37572
mli,2021,sex_btsx,10.03786
mli,2021,sex_fmle,4.74177
mli,2021,sex_mle,15.23446
mlt,2000,sex_btsx,1.18561
mlt,2000,sex_fmle,0.83841
mlt,2000,sex_mle,1.53959
mlt,2001,sex_btsx,1.48274
mlt,2001,sex_fmle,1.02238
mlt,2001,sex_mle,1.95176
mlt,2002,sex_btsx,1.40206
mlt,2002,sex_fmle,0.99991
mlt,2002,sex_mle,1.81138
mlt,2003,sex_btsx,0.83039
mlt,2003,sex_fmle,0.61197
mlt,2003,sex_mle,1.05248
mlt,2004,sex_btsx,1.24203
mlt,2004,sex_fmle,0.89014
mlt,2004,sex_mle,1.59946
mlt,2005,sex_btsx,0.84376
mlt,2005,sex_fmle,0.57991
mlt,2005,sex_mle,1.11145
mlt,2006,sex_btsx,0.70713
mlt,2006,sex_fmle,0.46276
mlt,2006,sex_mle,0.95488
mlt,2007,sex_btsx,0.86721
mlt,2007,sex_fmle,0.54789
mlt,2007,sex_mle,1.19085
mlt,2008,sex_btsx,1.16938
mlt,2008,sex_fmle,0.74518
mlt,2008,sex_mle,1.59907
mlt,2009,sex_btsx,1.07694
mlt,2009,sex_fmle,0.71455
mlt,2009,sex_mle,1.44383
mlt,2010,sex_btsx,0.81763
mlt,2010,sex_fmle,0.54741
mlt,2010,sex_mle,1.09103
mlt,2011,sex_btsx,0.87412
mlt,2011,sex_fmle,0.60938
mlt,2011,sex_mle,1.14181
mlt,2012,sex_btsx,1.98552
mlt,2012,sex_fmle,1.37257
mlt,2012,sex_mle,2.60363
mlt,2013,sex_btsx,1.5038
mlt,2013,sex_fmle,1.02679
mlt,2013,sex_mle,1.98259
mlt,2014,sex_btsx,1.11417
mlt,2014,sex_fmle,0.73649
mlt,2014,sex_mle,1.49094
mlt,2015,sex_btsx,0.81638
mlt,2015,sex_fmle,0.57638
mlt,2015,sex_mle,1.05435
mlt,2016,sex_btsx,0.7968
mlt,2016,sex_fmle,0.57401
mlt,2016,sex_mle,1.0169
mlt,2017,sex_btsx,0.83397
mlt,2017,sex_fmle,0.60447
mlt,2017,sex_mle,1.05927
mlt,2018,sex_btsx,0.89679
mlt,2018,sex_fmle,0.65284
mlt,2018,sex_mle,1.13297
mlt,2019,sex_btsx,0.87144
mlt,2019,sex_fmle,0.64006
mlt,2019,sex_mle,1.09071
mlt,2020,sex_btsx,0.87748
mlt,2020,sex_fmle,0.63955
mlt,2020,sex_mle,1.09903
mlt,2021,sex_btsx,0.86198
mlt,2021,sex_fmle,0.63605
mlt,2021,sex_mle,1.07121
mmr,2000,sex_btsx,4.42095
mmr,2000,sex_fmle,3.25287
mmr,2000,sex_mle,5.58695
mmr,2001,sex_btsx,4.40187
mmr,2001,sex_fmle,3.20486
mmr,2001,sex_mle,5.59744
mmr,2002,sex_btsx,4.34269
mmr,2002,sex_fmle,3.15069
mmr,2002,sex_mle,5.53391
mmr,2003,sex_btsx,4.37323
mmr,2003,sex_fmle,3.11743
mmr,2003,sex_mle,5.62885
mmr,2004,sex_btsx,4.78922
mmr,2004,sex_fmle,3.06355
mmr,2004,sex_mle,6.51553
mmr,2005,sex_btsx,4.75335
mmr,2005,sex_fmle,2.99845
mmr,2005,sex_mle,6.50971
mmr,2006,sex_btsx,4.72784
mmr,2006,sex_fmle,2.94346
mmr,2006,sex_mle,6.51453
mmr,2007,sex_btsx,4.69015
mmr,2007,sex_fmle,2.8859
mmr,2007,sex_mle,6.49749
mmr,2008,sex_btsx,4.65403
mmr,2008,sex_fmle,2.84978
mmr,2008,sex_mle,6.46067
mmr,2009,sex_btsx,4.62523
mmr,2009,sex_fmle,2.79302
mmr,2009,sex_mle,6.45918
mmr,2010,sex_btsx,4.59315
mmr,2010,sex_fmle,2.73882
mmr,2010,sex_mle,6.44998
mmr,2011,sex_btsx,4.42542
mmr,2011,sex_fmle,2.61256
mmr,2011,sex_mle,6.24153
mmr,2012,sex_btsx,4.25778
mmr,2012,sex_fmle,2.50342
mmr,2012,sex_mle,6.01606
mmr,2013,sex_btsx,4.27655
mmr,2013,sex_fmle,2.52373
mmr,2013,sex_mle,6.03401
mmr,2014,sex_btsx,4.23823
mmr,2014,sex_fmle,2.51056
mmr,2014,sex_mle,5.97121
mmr,2015,sex_btsx,4.19933
mmr,2015,sex_fmle,2.49867
mmr,2015,sex_mle,5.90599
mmr,2016,sex_btsx,4.1573
mmr,2016,sex_fmle,2.48655
mmr,2016,sex_mle,5.83468
mmr,2017,sex_btsx,4.121
mmr,2017,sex_fmle,2.51338
mmr,2017,sex_mle,5.73568
mmr,2018,sex_btsx,4.05815
mmr,2018,sex_fmle,2.52467
mmr,2018,sex_mle,5.59902
mmr,2019,sex_btsx,4.00796
mmr,2019,sex_fmle,2.5482
mmr,2019,sex_mle,5.4754
mmr,2020,sex_btsx,3.9725
mmr,2020,sex_fmle,2.57927
mmr,2020,sex_mle,5.37385
mmr,2021,sex_btsx,3.93545
mmr,2021,sex_fmle,2.61003
mmr,2021,sex_mle,5.26957
mne,2000,sex_btsx,4.15771
mne,2000,sex_fmle,2.15794
mne,2000,sex_mle,6.32449
mne,2001,sex_btsx,4.15338
mne,2001,sex_fmle,2.18614
mne,2001,sex_mle,6.29339
mne,2002,sex_btsx,4.14938
mne,2002,sex_fmle,2.19703
mne,2002,sex_mle,6.28126
mne,2003,sex_btsx,3.71081
mne,2003,sex_fmle,1.97829
mne,2003,sex_mle,5.60832
mne,2004,sex_btsx,3.43512
mne,2004,sex_fmle,1.77613
mne,2004,sex_mle,5.25145
mne,2005,sex_btsx,3.65735
mne,2005,sex_fmle,1.84571
mne,2005,sex_mle,5.63523
mne,2006,sex_btsx,3.71048
mne,2006,sex_fmle,1.83226
mne,2006,sex_mle,5.7559
mne,2007,sex_btsx,3.36677
mne,2007,sex_fmle,1.66079
mne,2007,sex_mle,5.22022
mne,2008,sex_btsx,3.61728
mne,2008,sex_fmle,1.81095
mne,2008,sex_mle,5.57527
mne,2009,sex_btsx,3.51633
mne,2009,sex_fmle,1.7782
mne,2009,sex_mle,5.39622
mne,2010,sex_btsx,3.27806
mne,2010,sex_fmle,1.64112
mne,2010,sex_mle,5.04539
mne,2011,sex_btsx,3.30785
mne,2011,sex_fmle,1.62701
mne,2011,sex_mle,5.12032
mne,2012,sex_btsx,3.09073
mne,2012,sex_fmle,1.49479
mne,2012,sex_mle,4.81023
mne,2013,sex_btsx,2.88162
mne,2013,sex_fmle,1.3738
mne,2013,sex_mle,4.50513
mne,2014,sex_btsx,3.22136
mne,2014,sex_fmle,1.53087
mne,2014,sex_mle,5.04053
mne,2015,sex_btsx,3.38716
mne,2015,sex_fmle,1.60206
mne,2015,sex_mle,5.30738
mne,2016,sex_btsx,3.77788
mne,2016,sex_fmle,1.81747
mne,2016,sex_mle,5.88619
mne,2017,sex_btsx,2.05688
mne,2017,sex_fmle,0.98351
mne,2017,sex_mle,3.21132
mne,2018,sex_btsx,2.82661
mne,2018,sex_fmle,1.35804
mne,2018,sex_mle,4.40626
mne,2019,sex_btsx,2.77019
mne,2019,sex_fmle,1.3348
mne,2019,sex_mle,4.31452
mne,2020,sex_btsx,2.67157
mne,2020,sex_fmle,1.27785
mne,2020,sex_mle,4.17253
mne,2021,sex_btsx,2.60002
mne,2021,sex_fmle,1.23643
mne,2021,sex_mle,4.07012
mng,2000,sex_btsx,15.28952
mng,2000,sex_fmle,5.72157
mng,2000,sex_mle,25.23943
mng,2001,sex_btsx,15.30255
mng,2001,sex_fmle,5.33227
mng,2001,sex_mle,25.63656
mng,2002,sex_btsx,15.32399
mng,2002,sex_fmle,5.0317
mng,2002,sex_mle,25.95946
mng,2003,sex_btsx,15.35852
mng,2003,sex_fmle,4.88646
mng,2003,sex_mle,26.15123
mng,2004,sex_btsx,15.24045
mng,2004,sex_fmle,4.71535
mng,2004,sex_mle,26.06326
mng,2005,sex_btsx,15.41807
mng,2005,sex_fmle,4.63419
mng,2005,sex_mle,26.48533
mng,2006,sex_btsx,14.16016
mng,2006,sex_fmle,4.15471
mng,2006,sex_mle,24.41073
mng,2007,sex_btsx,12.63397
mng,2007,sex_fmle,3.64677
mng,2007,sex_mle,21.82578
mng,2008,sex_btsx,10.97693
mng,2008,sex_fmle,3.1433
mng,2008,sex_mle,18.97445
mng,2009,sex_btsx,10.32494
mng,2009,sex_fmle,2.9612
mng,2009,sex_mle,17.82849
mng,2010,sex_btsx,10.13026
mng,2010,sex_fmle,2.97251
mng,2010,sex_mle,17.41168
mng,2011,sex_btsx,9.91276
mng,2011,sex_fmle,2.88542
mng,2011,sex_mle,17.06385
mng,2012,sex_btsx,9.01902
mng,2012,sex_fmle,2.60944
mng,2012,sex_mle,15.55259
mng,2013,sex_btsx,8.52215
mng,2013,sex_fmle,2.43463
mng,2013,sex_mle,14.73128
mng,2014,sex_btsx,8.13177
mng,2014,sex_fmle,2.30148
mng,2014,sex_mle,14.07396
mng,2015,sex_btsx,7.55714
mng,2015,sex_fmle,2.11998
mng,2015,sex_mle,13.08748
mng,2016,sex_btsx,7.15732
mng,2016,sex_fmle,1.99625
mng,2016,sex_mle,12.3909
mng,2017,sex_btsx,7.11757
mng,2017,sex_fmle,1.97391
mng,2017,sex_mle,12.3135
mng,2018,sex_btsx,6.45581
mng,2018,sex_fmle,1.78944
mng,2018,sex_mle,11.14866
mng,2019,sex_btsx,6.07788
mng,2019,sex_fmle,1.68685
mng,2019,sex_mle,10.47254
mng,2020,sex_btsx,5.68361
mng,2020,sex_fmle,1.58193
mng,2020,sex_mle,9.7826
mng,2021,sex_btsx,5.31725
mng,2021,sex_fmle,1.48407
mng,2021,sex_mle,9.15456
moz,2000,sex_btsx,6.48622
moz,2000,sex_fmle,2.87167
moz,2000,sex_mle,10.35427
moz,2001,sex_btsx,6.75218
moz,2001,sex_fmle,2.85667
moz,2001,sex_mle,10.92868
moz,2002,sex_btsx,6.52779
moz,2002,sex_fmle,2.71634
moz,2002,sex_mle,10.62119
moz,2003,sex_btsx,6.25061
moz,2003,sex_fmle,2.6014
moz,2003,sex_mle,10.17541
moz,2004,sex_btsx,6.02845
moz,2004,sex_fmle,2.37696
moz,2004,sex_mle,9.96027
moz,2005,sex_btsx,5.74512
moz,2005,sex_fmle,2.28571
moz,2005,sex_mle,9.47337
moz,2006,sex_btsx,5.16866
moz,2006,sex_fmle,2.07999
moz,2006,sex_mle,8.49928
moz,2007,sex_btsx,4.91737
moz,2007,sex_fmle,1.99916
moz,2007,sex_mle,8.06565
moz,2008,sex_btsx,4.87334
moz,2008,sex_fmle,1.94425
moz,2008,sex_mle,8.03456
moz,2009,sex_btsx,4.63642
moz,2009,sex_fmle,1.78082
moz,2009,sex_mle,7.71888
moz,2010,sex_btsx,4.57965
moz,2010,sex_fmle,1.72996
moz,2010,sex_mle,7.65564
moz,2011,sex_btsx,4.49016
moz,2011,sex_fmle,1.67642
moz,2011,sex_mle,7.52538
moz,2012,sex_btsx,4.45758
moz,2012,sex_fmle,1.67023
moz,2012,sex_mle,7.46092
moz,2013,sex_btsx,4.1612
moz,2013,sex_fmle,1.70175
moz,2013,sex_mle,6.80814
moz,2014,sex_btsx,4.05748
moz,2014,sex_fmle,1.689
moz,2014,sex_mle,6.60341
moz,2015,sex_btsx,4.02598
moz,2015,sex_fmle,1.70977
moz,2015,sex_mle,6.51268
moz,2016,sex_btsx,3.99678
moz,2016,sex_fmle,1.7055
moz,2016,sex_mle,6.45349
moz,2017,sex_btsx,3.97188
moz,2017,sex_fmle,1.71252
moz,2017,sex_mle,6.39051
moz,2018,sex_btsx,3.68608
moz,2018,sex_fmle,1.61802
moz,2018,sex_mle,5.89674
moz,2019,sex_btsx,3.59734
moz,2019,sex_fmle,1.61507
moz,2019,sex_mle,5.71399
moz,2020,sex_btsx,3.42117
moz,2020,sex_fmle,1.57506
moz,2020,sex_mle,5.39007
moz,2021,sex_btsx,3.26453
moz,2021,sex_fmle,1.53456
moz,2021,sex_mle,5.10707
mrt,2000,sex_btsx,14.82425
mrt,2000,sex_fmle,7.3792
mrt,2000,sex_mle,22.30842
mrt,2001,sex_btsx,14.55573
mrt,2001,sex_fmle,7.1364
mrt,2001,sex_mle,22.03001
mrt,2002,sex_btsx,14.32119
mrt,2002,sex_fmle,6.90436
mrt,2002,sex_mle,21.82449
mrt,2003,sex_btsx,14.09974
mrt,2003,sex_fmle,6.7325
mrt,2003,sex_mle,21.58104
mrt,2004,sex_btsx,13.82227
mrt,2004,sex_fmle,6.59788
mrt,2004,sex_mle,21.18465
mrt,2005,sex_btsx,13.41202
mrt,2005,sex_fmle,6.40707
mrt,2005,sex_mle,20.57433
mrt,2006,sex_btsx,13.13386
mrt,2006,sex_fmle,6.2908
mrt,2006,sex_mle,20.15164
mrt,2007,sex_btsx,12.87908
mrt,2007,sex_fmle,6.35504
mrt,2007,sex_mle,19.58715
mrt,2008,sex_btsx,12.62523
mrt,2008,sex_fmle,6.20276
mrt,2008,sex_mle,19.2574
mrt,2009,sex_btsx,12.37954
mrt,2009,sex_fmle,6.09419
mrt,2009,sex_mle,18.9087
mrt,2010,sex_btsx,12.14307
mrt,2010,sex_fmle,6.03963
mrt,2010,sex_mle,18.5178
mrt,2011,sex_btsx,12.10286
mrt,2011,sex_fmle,6.05039
mrt,2011,sex_mle,18.45509
mrt,2012,sex_btsx,12.03873
mrt,2012,sex_fmle,6.0043
mrt,2012,sex_mle,18.39889
mrt,2013,sex_btsx,11.87955
mrt,2013,sex_fmle,5.94018
mrt,2013,sex_mle,18.14749
mrt,2014,sex_btsx,11.93368
mrt,2014,sex_fmle,6.02922
mrt,2014,sex_mle,18.15633
mrt,2015,sex_btsx,11.85952
mrt,2015,sex_fmle,6.00711
mrt,2015,sex_mle,18.01852
mrt,2016,sex_btsx,11.76944
mrt,2016,sex_fmle,5.90792
mrt,2016,sex_mle,17.92882
mrt,2017,sex_btsx,11.44667
mrt,2017,sex_fmle,5.73193
mrt,2017,sex_mle,17.44232
mrt,2018,sex_btsx,11.23145
mrt,2018,sex_fmle,5.60159
mrt,2018,sex_mle,17.12868
mrt,2019,sex_btsx,11.04354
mrt,2019,sex_fmle,5.46416
mrt,2019,sex_mle,16.87873
mrt,2020,sex_btsx,10.83288
mrt,2020,sex_fmle,5.33806
mrt,2020,sex_mle,16.57164
mrt,2021,sex_btsx,10.63823
mrt,2021,sex_fmle,5.21227
mrt,2021,sex_mle,16.29747
mus,2000,sex_btsx,2.84186
mus,2000,sex_fmle,2.45147
mus,2000,sex_mle,3.22398
mus,2001,sex_btsx,2.5777
mus,2001,sex_fmle,1.10703
mus,2001,sex_mle,4.01914
mus,2002,sex_btsx,2.56391
mus,2002,sex_fmle,0.84041
mus,2002,sex_mle,4.25533
mus,2003,sex_btsx,2.7939
mus,2003,sex_fmle,1.44274
mus,2003,sex_mle,4.12159
mus,2004,sex_btsx,3.00062
mus,2004,sex_fmle,1.2648
mus,2004,sex_mle,4.70844
mus,2005,sex_btsx,3.9388
mus,2005,sex_fmle,2.65992
mus,2005,sex_mle,5.1987
mus,2006,sex_btsx,5.24754
mus,2006,sex_fmle,2.53157
mus,2006,sex_mle,7.92666
mus,2007,sex_btsx,3.59972
mus,2007,sex_fmle,2.01559
mus,2007,sex_mle,5.16436
mus,2008,sex_btsx,4.28251
mus,2008,sex_fmle,3.15772
mus,2008,sex_mle,5.39502
mus,2009,sex_btsx,2.87439
mus,2009,sex_fmle,2.34413
mus,2009,sex_mle,3.39969
mus,2010,sex_btsx,4.03887
mus,2010,sex_fmle,1.78764
mus,2010,sex_mle,6.27278
mus,2011,sex_btsx,3.45125
mus,2011,sex_fmle,1.61484
mus,2011,sex_mle,5.27664
mus,2012,sex_btsx,2.59604
mus,2012,sex_fmle,2.04557
mus,2012,sex_mle,3.1435
mus,2013,sex_btsx,3.61895
mus,2013,sex_fmle,2.45902
mus,2013,sex_mle,4.77194
mus,2014,sex_btsx,1.93356
mus,2014,sex_fmle,1.63016
mus,2014,sex_mle,2.23501
mus,2015,sex_btsx,2.45482
mus,2015,sex_fmle,1.11918
mus,2015,sex_mle,3.7814
mus,2016,sex_btsx,1.69023
mus,2016,sex_fmle,1.54092
mus,2016,sex_mle,1.83848
mus,2017,sex_btsx,3.52127
mus,2017,sex_fmle,2.53524
mus,2017,sex_mle,4.50006
mus,2018,sex_btsx,3.21777
mus,2018,sex_fmle,2.26802
mus,2018,sex_mle,4.16045
mus,2019,sex_btsx,2.91263
mus,2019,sex_fmle,1.44647
mus,2019,sex_mle,4.36809
mus,2020,sex_btsx,2.9479
mus,2020,sex_fmle,2.10455
mus,2020,sex_mle,3.78558
mus,2021,sex_btsx,2.20441
mus,2021,sex_fmle,1.57224
mus,2021,sex_mle,2.83304
mwi,2000,sex_btsx,6.79511
mwi,2000,sex_fmle,2.44036
mwi,2000,sex_mle,11.39094
mwi,2001,sex_btsx,6.88619
mwi,2001,sex_fmle,2.45934
mwi,2001,sex_mle,11.56553
mwi,2002,sex_btsx,5.4126
mwi,2002,sex_fmle,1.90189
mwi,2002,sex_mle,9.12898
mwi,2003,sex_btsx,4.14855
mwi,2003,sex_fmle,1.39687
mwi,2003,sex_mle,7.06572
mwi,2004,sex_btsx,4.05873
mwi,2004,sex_fmle,1.33917
mwi,2004,sex_mle,6.94593
mwi,2005,sex_btsx,3.73082
mwi,2005,sex_fmle,1.19466
mwi,2005,sex_mle,6.42655
mwi,2006,sex_btsx,5.25096
mwi,2006,sex_fmle,1.78
mwi,2006,sex_mle,8.94374
mwi,2007,sex_btsx,5.16484
mwi,2007,sex_fmle,1.74893
mwi,2007,sex_mle,8.80038
mwi,2008,sex_btsx,5.02855
mwi,2008,sex_fmle,1.75169
mwi,2008,sex_mle,8.51315
mwi,2009,sex_btsx,3.79041
mwi,2009,sex_fmle,1.31742
mwi,2009,sex_mle,6.41589
mwi,2010,sex_btsx,3.31616
mwi,2010,sex_fmle,1.3312
mwi,2010,sex_mle,5.42036
mwi,2011,sex_btsx,3.05212
mwi,2011,sex_fmle,1.15687
mwi,2011,sex_mle,5.05855
mwi,2012,sex_btsx,2.61138
mwi,2012,sex_fmle,1.0531
mwi,2012,sex_mle,4.25918
mwi,2013,sex_btsx,2.60976
mwi,2013,sex_fmle,1.07586
mwi,2013,sex_mle,4.23016
mwi,2014,sex_btsx,2.6537
mwi,2014,sex_fmle,1.08415
mwi,2014,sex_mle,4.31031
mwi,2015,sex_btsx,2.65504
mwi,2015,sex_fmle,1.08906
mwi,2015,sex_mle,4.30652
mwi,2016,sex_btsx,2.6571
mwi,2016,sex_fmle,1.07842
mwi,2016,sex_mle,4.32067
mwi,2017,sex_btsx,2.65124
mwi,2017,sex_fmle,1.10485
mwi,2017,sex_mle,4.27962
mwi,2018,sex_btsx,2.30752
mwi,2018,sex_fmle,0.96921
mwi,2018,sex_mle,3.71596
mwi,2019,sex_btsx,2.1906
mwi,2019,sex_fmle,0.91737
mwi,2019,sex_mle,3.52989
mwi,2020,sex_btsx,2.0409
mwi,2020,sex_fmle,0.8861
mwi,2020,sex_mle,3.25504
mwi,2021,sex_btsx,1.90305
mwi,2021,sex_fmle,0.84359
mwi,2021,sex_mle,3.01651
mys,2000,sex_btsx,3.2085
mys,2000,sex_fmle,1.47833
mys,2000,sex_mle,4.84647
mys,2001,sex_btsx,3.14866
mys,2001,sex_fmle,1.41794
mys,2001,sex_mle,4.78337
mys,2002,sex_btsx,3.14118
mys,2002,sex_fmle,1.39683
mys,2002,sex_mle,4.78425
mys,2003,sex_btsx,3.08828
mys,2003,sex_fmle,1.37339
mys,2003,sex_mle,4.69936
mys,2004,sex_btsx,3.01867
mys,2004,sex_fmle,1.32928
mys,2004,sex_mle,4.60178
mys,2005,sex_btsx,3.06816
mys,2005,sex_fmle,1.34612
mys,2005,sex_mle,4.67788
mys,2006,sex_btsx,3.05957
mys,2006,sex_fmle,1.34204
mys,2006,sex_mle,4.6613
mys,2007,sex_btsx,3.05507
mys,2007,sex_fmle,1.33327
mys,2007,sex_mle,4.6572
mys,2008,sex_btsx,2.94965
mys,2008,sex_fmle,1.29215
mys,2008,sex_mle,4.48868
mys,2009,sex_btsx,2.83301
mys,2009,sex_fmle,1.25384
mys,2009,sex_mle,4.29638
mys,2010,sex_btsx,2.74923
mys,2010,sex_fmle,1.22951
mys,2010,sex_mle,4.15435
mys,2011,sex_btsx,2.71388
mys,2011,sex_fmle,1.21762
mys,2011,sex_mle,4.0932
mys,2012,sex_btsx,2.75325
mys,2012,sex_fmle,1.2316
mys,2012,sex_mle,4.15125
mys,2013,sex_btsx,2.7858
mys,2013,sex_fmle,1.22996
mys,2013,sex_mle,4.21048
mys,2014,sex_btsx,2.77772
mys,2014,sex_fmle,1.21623
mys,2014,sex_mle,4.2031
mys,2015,sex_btsx,2.7711
mys,2015,sex_fmle,1.1922
mys,2015,sex_mle,4.20822
mys,2016,sex_btsx,2.76375
mys,2016,sex_fmle,1.17428
mys,2016,sex_mle,4.20648
mys,2017,sex_btsx,2.75742
mys,2017,sex_fmle,1.16273
mys,2017,sex_mle,4.20115
mys,2018,sex_btsx,2.7063
mys,2018,sex_fmle,1.13055
mys,2018,sex_mle,4.1298
mys,2019,sex_btsx,2.69609
mys,2019,sex_fmle,1.11679
mys,2019,sex_mle,4.1199
mys,2020,sex_btsx,2.65571
mys,2020,sex_fmle,1.09248
mys,2020,sex_mle,4.06508
mys,2021,sex_btsx,2.61978
mys,2021,sex_fmle,1.07166
mys,2021,sex_mle,4.01875
nam,2000,sex_btsx,20.74936
nam,2000,sex_fmle,10.37159
nam,2000,sex_mle,31.88501
nam,2001,sex_btsx,20.34841
nam,2001,sex_fmle,9.90733
nam,2001,sex_mle,31.54981
nam,2002,sex_btsx,19.18035
nam,2002,sex_fmle,9.24582
nam,2002,sex_mle,29.8276
nam,2003,sex_btsx,19.12704
nam,2003,sex_fmle,9.05545
nam,2003,sex_mle,29.90895
nam,2004,sex_btsx,18.95006
nam,2004,sex_fmle,9.09785
nam,2004,sex_mle,29.48929
nam,2005,sex_btsx,19.74104
nam,2005,sex_fmle,9.02732
nam,2005,sex_mle,31.19546
nam,2006,sex_btsx,19.15928
nam,2006,sex_fmle,9.10209
nam,2006,sex_mle,29.90811
nam,2007,sex_btsx,19.04323
nam,2007,sex_fmle,8.8972
nam,2007,sex_mle,29.8866
nam,2008,sex_btsx,18.66697
nam,2008,sex_fmle,9.27649
nam,2008,sex_mle,28.70444
nam,2009,sex_btsx,20.05944
nam,2009,sex_fmle,9.47207
nam,2009,sex_mle,31.37851
nam,2010,sex_btsx,18.59717
nam,2010,sex_fmle,8.82252
nam,2010,sex_mle,29.04847
nam,2011,sex_btsx,17.53293
nam,2011,sex_fmle,8.60999
nam,2011,sex_mle,27.07291
nam,2012,sex_btsx,18.30679
nam,2012,sex_fmle,9.06738
nam,2012,sex_mle,28.17086
nam,2013,sex_btsx,18.39845
nam,2013,sex_fmle,8.98839
nam,2013,sex_mle,28.41899
nam,2014,sex_btsx,18.35391
nam,2014,sex_fmle,8.81089
nam,2014,sex_mle,28.49111
nam,2015,sex_btsx,18.6505
nam,2015,sex_fmle,8.66142
nam,2015,sex_mle,29.23751
nam,2016,sex_btsx,19.35473
nam,2016,sex_fmle,8.46429
nam,2016,sex_mle,30.87342
nam,2017,sex_btsx,17.99963
nam,2017,sex_fmle,8.05976
nam,2017,sex_mle,28.49276
nam,2018,sex_btsx,18.58766
nam,2018,sex_fmle,7.79366
nam,2018,sex_mle,29.96225
nam,2019,sex_btsx,18.4115
nam,2019,sex_fmle,7.55134
nam,2019,sex_mle,29.83874
nam,2020,sex_btsx,18.17163
nam,2020,sex_fmle,7.29559
nam,2020,sex_mle,29.60096
nam,2021,sex_btsx,17.93661
nam,2021,sex_fmle,7.05426
nam,2021,sex_mle,29.35659
ner,2000,sex_btsx,14.42132
ner,2000,sex_fmle,7.88534
ner,2000,sex_mle,20.83899
ner,2001,sex_btsx,13.83165
ner,2001,sex_fmle,7.52951
ner,2001,sex_mle,20.01165
ner,2002,sex_btsx,13.25973
ner,2002,sex_fmle,7.14123
ner,2002,sex_mle,19.25188
ner,2003,sex_btsx,12.69757
ner,2003,sex_fmle,6.784
ner,2003,sex_mle,18.482
ner,2004,sex_btsx,12.1264
ner,2004,sex_fmle,6.42498
ner,2004,sex_mle,17.69719
ner,2005,sex_btsx,11.4697
ner,2005,sex_fmle,6.06777
ner,2005,sex_mle,16.74265
ner,2006,sex_btsx,11.23321
ner,2006,sex_fmle,5.92904
ner,2006,sex_mle,16.40612
ner,2007,sex_btsx,11.14888
ner,2007,sex_fmle,5.85657
ner,2007,sex_mle,16.3061
ner,2008,sex_btsx,10.97875
ner,2008,sex_fmle,5.68056
ner,2008,sex_mle,16.13793
ner,2009,sex_btsx,10.88456
ner,2009,sex_fmle,5.60249
ner,2009,sex_mle,16.02435
ner,2010,sex_btsx,10.87795
ner,2010,sex_fmle,5.6179
ner,2010,sex_mle,15.99271
ner,2011,sex_btsx,10.76052
ner,2011,sex_fmle,5.55064
ner,2011,sex_mle,15.82333
ner,2012,sex_btsx,10.67137
ner,2012,sex_fmle,5.49777
ner,2012,sex_mle,15.69633
ner,2013,sex_btsx,10.47403
ner,2013,sex_fmle,5.41913
ner,2013,sex_mle,15.38152
ner,2014,sex_btsx,10.42305
ner,2014,sex_fmle,5.40043
ner,2014,sex_mle,15.29741
ner,2015,sex_btsx,10.2924
ner,2015,sex_fmle,5.30057
ner,2015,sex_mle,15.13569
ner,2016,sex_btsx,10.259
ner,2016,sex_fmle,5.26853
ner,2016,sex_mle,15.10014
ner,2017,sex_btsx,9.95332
ner,2017,sex_fmle,5.10259
ner,2017,sex_mle,14.65813
ner,2018,sex_btsx,9.81475
ner,2018,sex_fmle,5.03214
ner,2018,sex_mle,14.45276
ner,2019,sex_btsx,9.6747
ner,2019,sex_fmle,4.96718
ner,2019,sex_mle,14.23928
ner,2020,sex_btsx,9.51909
ner,2020,sex_fmle,4.90709
ner,2020,sex_mle,13.99096
ner,2021,sex_btsx,9.3843
ner,2021,sex_fmle,4.85535
ner,2021,sex_mle,13.77569
nga,2000,sex_btsx,13.28255
nga,2000,sex_fmle,7.04705
nga,2000,sex_mle,19.49925
nga,2001,sex_btsx,13.06671
nga,2001,sex_fmle,6.83765
nga,2001,sex_mle,19.26884
nga,2002,sex_btsx,13.04575
nga,2002,sex_fmle,6.83363
nga,2002,sex_mle,19.22208
nga,2003,sex_btsx,12.57616
nga,2003,sex_fmle,6.52846
nga,2003,sex_mle,18.58043
nga,2004,sex_btsx,12.32775
nga,2004,sex_fmle,6.40761
nga,2004,sex_mle,18.19725
nga,2005,sex_btsx,12.25048
nga,2005,sex_fmle,6.41958
nga,2005,sex_mle,18.02498
nga,2006,sex_btsx,11.76854
nga,2006,sex_fmle,6.23591
nga,2006,sex_mle,17.24296
nga,2007,sex_btsx,11.46865
nga,2007,sex_fmle,6.1049
nga,2007,sex_mle,16.77163
nga,2008,sex_btsx,11.17634
nga,2008,sex_fmle,5.91808
nga,2008,sex_mle,16.37081
nga,2009,sex_btsx,10.87578
nga,2009,sex_fmle,5.77828
nga,2009,sex_mle,15.90734
nga,2010,sex_btsx,10.64189
nga,2010,sex_fmle,5.70026
nga,2010,sex_mle,15.51598
nga,2011,sex_btsx,10.42741
nga,2011,sex_fmle,5.62413
nga,2011,sex_mle,15.16163
nga,2012,sex_btsx,10.18191
nga,2012,sex_fmle,5.52157
nga,2012,sex_mle,14.77191
nga,2013,sex_btsx,10.07779
nga,2013,sex_fmle,5.49609
nga,2013,sex_mle,14.58736
nga,2014,sex_btsx,9.98202
nga,2014,sex_fmle,5.47528
nga,2014,sex_mle,14.41508
nga,2015,sex_btsx,9.82162
nga,2015,sex_fmle,5.41652
nga,2015,sex_mle,14.15185
nga,2016,sex_btsx,9.68478
nga,2016,sex_fmle,5.32868
nga,2016,sex_mle,13.96375
nga,2017,sex_btsx,9.47653
nga,2017,sex_fmle,5.21788
nga,2017,sex_mle,13.6567
nga,2018,sex_btsx,9.28648
nga,2018,sex_fmle,5.10957
nga,2018,sex_mle,13.38351
nga,2019,sex_btsx,9.13003
nga,2019,sex_fmle,5.00996
nga,2019,sex_mle,13.16854
nga,2020,sex_btsx,8.92414
nga,2020,sex_fmle,4.82168
nga,2020,sex_mle,12.94304
nga,2021,sex_btsx,8.76708
nga,2021,sex_fmle,4.70461
nga,2021,sex_mle,12.74467
nic,2000,sex_btsx,11.40195
nic,2000,sex_fmle,3.21814
nic,2000,sex_mle,19.88686
nic,2001,sex_btsx,12.02382
nic,2001,sex_fmle,3.3114
nic,2001,sex_mle,21.05864
nic,2002,sex_btsx,12.54609
nic,2002,sex_fmle,3.39114
nic,2002,sex_mle,22.04226
nic,2003,sex_btsx,13.40196
nic,2003,sex_fmle,3.55882
nic,2003,sex_mle,23.61463
nic,2004,sex_btsx,13.9268
nic,2004,sex_fmle,3.65247
nic,2004,sex_mle,24.58942
nic,2005,sex_btsx,14.63589
nic,2005,sex_fmle,3.78211
nic,2005,sex_mle,25.90145
nic,2006,sex_btsx,14.76908
nic,2006,sex_fmle,3.73449
nic,2006,sex_mle,26.22128
nic,2007,sex_btsx,14.77074
nic,2007,sex_fmle,3.69437
nic,2007,sex_mle,26.26368
nic,2008,sex_btsx,14.87286
nic,2008,sex_fmle,3.68983
nic,2008,sex_mle,26.47343
nic,2009,sex_btsx,15.04485
nic,2009,sex_fmle,3.71529
nic,2009,sex_mle,26.79449
nic,2010,sex_btsx,14.62343
nic,2010,sex_fmle,3.58058
nic,2010,sex_mle,26.07276
nic,2011,sex_btsx,13.77415
nic,2011,sex_fmle,3.33885
nic,2011,sex_mle,24.59063
nic,2012,sex_btsx,12.68049
nic,2012,sex_fmle,3.07395
nic,2012,sex_mle,22.63532
nic,2013,sex_btsx,11.64617
nic,2013,sex_fmle,2.82795
nic,2013,sex_mle,20.78171
nic,2014,sex_btsx,10.70225
nic,2014,sex_fmle,2.63079
nic,2014,sex_mle,19.06158
nic,2015,sex_btsx,10.0827
nic,2015,sex_fmle,2.46223
nic,2015,sex_mle,17.9721
nic,2016,sex_btsx,9.45259
nic,2016,sex_fmle,2.32068
nic,2016,sex_mle,16.83337
nic,2017,sex_btsx,9.4291
nic,2017,sex_fmle,2.31925
nic,2017,sex_mle,16.78402
nic,2018,sex_btsx,9.56155
nic,2018,sex_fmle,2.35737
nic,2018,sex_mle,17.01141
nic,2019,sex_btsx,9.25241
nic,2019,sex_fmle,2.28569
nic,2019,sex_mle,16.45456
nic,2020,sex_btsx,9.28403
nic,2020,sex_fmle,2.3027
nic,2020,sex_mle,16.50169
nic,2021,sex_btsx,9.22522
nic,2021,sex_fmle,2.30092
nic,2021,sex_mle,16.38629
nld,2000,sex_btsx,1.16261
nld,2000,sex_fmle,0.78042
nld,2000,sex_mle,1.55455
nld,2001,sex_btsx,1.28445
nld,2001,sex_fmle,0.87141
nld,2001,sex_mle,1.70766
nld,2002,sex_btsx,1.25242
nld,2002,sex_fmle,0.87574
nld,2002,sex_mle,1.63816
nld,2003,sex_btsx,1.30645
nld,2003,sex_fmle,0.9278
nld,2003,sex_mle,1.69427
nld,2004,sex_btsx,1.24677
nld,2004,sex_fmle,0.86566
nld,2004,sex_mle,1.63734
nld,2005,sex_btsx,1.10452
nld,2005,sex_fmle,0.80668
nld,2005,sex_mle,1.40998
nld,2006,sex_btsx,0.80673
nld,2006,sex_fmle,0.58663
nld,2006,sex_mle,1.03255
nld,2007,sex_btsx,0.90351
nld,2007,sex_fmle,0.66823
nld,2007,sex_mle,1.1449
nld,2008,sex_btsx,0.94167
nld,2008,sex_fmle,0.69531
nld,2008,sex_mle,1.19428
nld,2009,sex_btsx,0.96137
nld,2009,sex_fmle,0.7226
nld,2009,sex_mle,1.20597
nld,2010,sex_btsx,0.91452
nld,2010,sex_fmle,0.68667
nld,2010,sex_mle,1.14784
nld,2011,sex_btsx,0.90482
nld,2011,sex_fmle,0.69603
nld,2011,sex_mle,1.11854
nld,2012,sex_btsx,0.90498
nld,2012,sex_fmle,0.69199
nld,2012,sex_mle,1.1229
nld,2013,sex_btsx,0.72587
nld,2013,sex_fmle,0.56936
nld,2013,sex_mle,0.88595
nld,2014,sex_btsx,0.71253
nld,2014,sex_fmle,0.55693
nld,2014,sex_mle,0.87157
nld,2015,sex_btsx,0.60437
nld,2015,sex_fmle,0.47379
nld,2015,sex_mle,0.73769
nld,2016,sex_btsx,0.67772
nld,2016,sex_fmle,0.53047
nld,2016,sex_mle,0.82783
nld,2017,sex_btsx,0.76248
nld,2017,sex_fmle,0.59729
nld,2017,sex_mle,0.93065
nld,2018,sex_btsx,0.64225
nld,2018,sex_fmle,0.50262
nld,2018,sex_mle,0.7843
nld,2019,sex_btsx,0.61763
nld,2019,sex_fmle,0.48133
nld,2019,sex_mle,0.75615
nld,2020,sex_btsx,0.59756
nld,2020,sex_fmle,0.48551
nld,2020,sex_mle,0.71133
nld,2021,sex_btsx,0.57619
nld,2021,sex_fmle,0.47227
nld,2021,sex_mle,0.68162
nor,2000,sex_btsx,1.23974
nor,2000,sex_fmle,0.94603
nor,2000,sex_mle,1.53906
nor,2001,sex_btsx,0.76892
nor,2001,sex_fmle,0.58205
nor,2001,sex_mle,0.95918
nor,2002,sex_btsx,0.89014
nor,2002,sex_fmle,0.68079
nor,2002,sex_mle,1.10322
nor,2003,sex_btsx,1.09968
nor,2003,sex_fmle,0.87963
nor,2003,sex_mle,1.32359
nor,2004,sex_btsx,0.88902
nor,2004,sex_fmle,0.74516
nor,2004,sex_mle,1.03533
nor,2005,sex_btsx,0.64323
nor,2005,sex_fmle,0.52409
nor,2005,sex_mle,0.7643
nor,2006,sex_btsx,1.00146
nor,2006,sex_fmle,0.82704
nor,2006,sex_mle,1.17836
nor,2007,sex_btsx,0.71605
nor,2007,sex_fmle,0.61017
nor,2007,sex_mle,0.823
nor,2008,sex_btsx,0.57817
nor,2008,sex_fmle,0.46706
nor,2008,sex_mle,0.68991
nor,2009,sex_btsx,0.65562
nor,2009,sex_fmle,0.54306
nor,2009,sex_mle,0.7685
nor,2010,sex_btsx,0.68448
nor,2010,sex_fmle,0.58119
nor,2010,sex_mle,0.78785
nor,2011,sex_btsx,2.37132
nor,2011,sex_fmle,2.01528
nor,2011,sex_mle,2.72642
nor,2012,sex_btsx,0.614
nor,2012,sex_fmle,0.49697
nor,2012,sex_mle,0.73028
nor,2013,sex_btsx,0.96105
nor,2013,sex_fmle,0.77172
nor,2013,sex_mle,1.14866
nor,2014,sex_btsx,0.57408
nor,2014,sex_fmle,0.44955
nor,2014,sex_mle,0.69722
nor,2015,sex_btsx,0.42377
nor,2015,sex_fmle,0.35842
nor,2015,sex_mle,0.48826
nor,2016,sex_btsx,0.62622
nor,2016,sex_fmle,0.52147
nor,2016,sex_mle,0.72946
nor,2017,sex_btsx,0.61682
nor,2017,sex_fmle,0.51271
nor,2017,sex_mle,0.71934
nor,2018,sex_btsx,0.61841
nor,2018,sex_fmle,0.51273
nor,2018,sex_mle,0.72245
nor,2019,sex_btsx,0.59713
nor,2019,sex_fmle,0.49396
nor,2019,sex_mle,0.69862
nor,2020,sex_btsx,0.57832
nor,2020,sex_fmle,0.48592
nor,2020,sex_mle,0.66914
nor,2021,sex_btsx,0.56434
nor,2021,sex_fmle,0.47614
nor,2021,sex_mle,0.65098
npl,2000,sex_btsx,2.71404
npl,2000,sex_fmle,1.70965
npl,2000,sex_mle,3.70417
npl,2001,sex_btsx,2.9264
npl,2001,sex_fmle,1.86377
npl,2001,sex_mle,3.97749
npl,2002,sex_btsx,2.93275
npl,2002,sex_fmle,1.88875
npl,2002,sex_mle,3.96941
npl,2003,sex_btsx,3.06031
npl,2003,sex_fmle,1.84953
npl,2003,sex_mle,4.26787
npl,2004,sex_btsx,3.44961
npl,2004,sex_fmle,1.91924
npl,2004,sex_mle,4.98337
npl,2005,sex_btsx,2.93128
npl,2005,sex_fmle,1.87124
npl,2005,sex_mle,3.99938
npl,2006,sex_btsx,3.13477
npl,2006,sex_fmle,1.70945
npl,2006,sex_mle,4.5793
npl,2007,sex_btsx,3.17068
npl,2007,sex_fmle,1.80107
npl,2007,sex_mle,4.56746
npl,2008,sex_btsx,3.55721
npl,2008,sex_fmle,1.82058
npl,2008,sex_mle,5.33962
npl,2009,sex_btsx,3.42392
npl,2009,sex_fmle,1.74901
npl,2009,sex_mle,5.15407
npl,2010,sex_btsx,3.29658
npl,2010,sex_fmle,1.67913
npl,2010,sex_mle,4.97802
npl,2011,sex_btsx,3.05062
npl,2011,sex_fmle,1.54937
npl,2011,sex_mle,4.62153
npl,2012,sex_btsx,2.88626
npl,2012,sex_fmle,1.44342
npl,2012,sex_mle,4.40676
npl,2013,sex_btsx,2.378
npl,2013,sex_fmle,1.36042
npl,2013,sex_mle,3.45821
npl,2014,sex_btsx,2.63719
npl,2014,sex_fmle,1.29541
npl,2014,sex_mle,4.0708
npl,2015,sex_btsx,2.65039
npl,2015,sex_fmle,1.295
npl,2015,sex_mle,4.10511
npl,2016,sex_btsx,2.69999
npl,2016,sex_fmle,1.29115
npl,2016,sex_mle,4.21947
npl,2017,sex_btsx,2.65631
npl,2017,sex_fmle,1.28682
npl,2017,sex_mle,4.14327
npl,2018,sex_btsx,2.50431
npl,2018,sex_fmle,1.21071
npl,2018,sex_mle,3.91757
npl,2019,sex_btsx,2.45184
npl,2019,sex_fmle,1.18146
npl,2019,sex_mle,3.8355
npl,2020,sex_btsx,2.40099
npl,2020,sex_fmle,1.12438
npl,2020,sex_mle,3.77663
npl,2021,sex_btsx,2.31861
npl,2021,sex_fmle,1.0736
npl,2021,sex_mle,3.65061
nzl,2000,sex_btsx,1.47487
nzl,2000,sex_fmle,1.15295
nzl,2000,sex_mle,1.80872
nzl,2001,sex_btsx,1.41184
nzl,2001,sex_fmle,1.16338
nzl,2001,sex_mle,1.66989
nzl,2002,sex_btsx,1.81746
nzl,2002,sex_fmle,1.59581
nzl,2002,sex_mle,2.04777
nzl,2003,sex_btsx,1.42488
nzl,2003,sex_fmle,0.89782
nzl,2003,sex_mle,1.9726
nzl,2004,sex_btsx,1.22861
nzl,2004,sex_fmle,0.65484
nzl,2004,sex_mle,1.82541
nzl,2005,sex_btsx,1.80112
nzl,2005,sex_fmle,1.53259
nzl,2005,sex_mle,2.08082
nzl,2006,sex_btsx,1.59632
nzl,2006,sex_fmle,1.11632
nzl,2006,sex_mle,2.09698
nzl,2007,sex_btsx,1.36946
nzl,2007,sex_fmle,1.13228
nzl,2007,sex_mle,1.61712
nzl,2008,sex_btsx,1.23224
nzl,2008,sex_fmle,0.83968
nzl,2008,sex_mle,1.64233
nzl,2009,sex_btsx,1.93482
nzl,2009,sex_fmle,1.35254
nzl,2009,sex_mle,2.54317
nzl,2010,sex_btsx,1.2487
nzl,2010,sex_fmle,1.06275
nzl,2010,sex_mle,1.44303
nzl,2011,sex_btsx,1.23837
nzl,2011,sex_fmle,0.81122
nzl,2011,sex_mle,1.68494
nzl,2012,sex_btsx,1.29628
nzl,2012,sex_fmle,1.11728
nzl,2012,sex_mle,1.48344
nzl,2013,sex_btsx,1.28019
nzl,2013,sex_fmle,0.64351
nzl,2013,sex_mle,1.9447
nzl,2014,sex_btsx,1.0355
nzl,2014,sex_fmle,0.61953
nzl,2014,sex_mle,1.46734
nzl,2015,sex_btsx,1.36667
nzl,2015,sex_fmle,0.82468
nzl,2015,sex_mle,1.92546
nzl,2016,sex_btsx,1.2951
nzl,2016,sex_fmle,1.0022
nzl,2016,sex_mle,1.5953
nzl,2017,sex_btsx,1.32228
nzl,2017,sex_fmle,0.85563
nzl,2017,sex_mle,1.79841
nzl,2018,sex_btsx,1.22024
nzl,2018,sex_fmle,0.7913
nzl,2018,sex_mle,1.65647
nzl,2019,sex_btsx,1.2039
nzl,2019,sex_fmle,0.77484
nzl,2019,sex_mle,1.63945
nzl,2020,sex_btsx,1.17687
nzl,2020,sex_fmle,0.77415
nzl,2020,sex_mle,1.5854
nzl,2021,sex_btsx,1.21334
nzl,2021,sex_fmle,0.76439
nzl,2021,sex_mle,1.66873
omn,2000,sex_btsx,0.891
omn,2000,sex_fmle,0.49523
omn,2000,sex_mle,1.1739
omn,2001,sex_btsx,0.87871
omn,2001,sex_fmle,0.48542
omn,2001,sex_mle,1.16218
omn,2002,sex_btsx,0.86551
omn,2002,sex_fmle,0.48541
omn,2002,sex_mle,1.1417
omn,2003,sex_btsx,0.82646
omn,2003,sex_fmle,0.49502
omn,2003,sex_mle,1.06908
omn,2004,sex_btsx,0.7771
omn,2004,sex_fmle,0.48846
omn,2004,sex_mle,0.98875
omn,2005,sex_btsx,0.7396
omn,2005,sex_fmle,0.48232
omn,2005,sex_mle,0.92759
omn,2006,sex_btsx,0.7279
omn,2006,sex_fmle,0.48524
omn,2006,sex_mle,0.90465
omn,2007,sex_btsx,0.76409
omn,2007,sex_fmle,0.5045
omn,2007,sex_mle,0.9526
omn,2008,sex_btsx,0.78445
omn,2008,sex_fmle,0.50523
omn,2008,sex_mle,0.98666
omn,2009,sex_btsx,0.80726
omn,2009,sex_fmle,0.51405
omn,2009,sex_mle,1.01905
omn,2010,sex_btsx,0.77587
omn,2010,sex_fmle,0.51185
omn,2010,sex_mle,0.96513
omn,2011,sex_btsx,0.7935
omn,2011,sex_fmle,0.52762
omn,2011,sex_mle,0.96534
omn,2012,sex_btsx,0.82037
omn,2012,sex_fmle,0.54266
omn,2012,sex_mle,0.97844
omn,2013,sex_btsx,0.78022
omn,2013,sex_fmle,0.51714
omn,2013,sex_mle,0.92378
omn,2014,sex_btsx,0.73986
omn,2014,sex_fmle,0.48119
omn,2014,sex_mle,0.88125
omn,2015,sex_btsx,0.72785
omn,2015,sex_fmle,0.46436
omn,2015,sex_mle,0.87114
omn,2016,sex_btsx,0.72111
omn,2016,sex_fmle,0.45397
omn,2016,sex_mle,0.86374
omn,2017,sex_btsx,0.70748
omn,2017,sex_fmle,0.43993
omn,2017,sex_mle,0.84963
omn,2018,sex_btsx,0.73586
omn,2018,sex_fmle,0.44623
omn,2018,sex_mle,0.89329
omn,2019,sex_btsx,0.74573
omn,2019,sex_fmle,0.44135
omn,2019,sex_mle,0.91954
omn,2020,sex_btsx,0.74833
omn,2020,sex_fmle,0.43459
omn,2020,sex_mle,0.93976
omn,2021,sex_btsx,0.75772
omn,2021,sex_fmle,0.42981
omn,2021,sex_mle,0.96626
pak,2000,sex_btsx,6.67156
pak,2000,sex_fmle,3.8519
pak,2000,sex_mle,9.31319
pak,2001,sex_btsx,6.70422
pak,2001,sex_fmle,3.86192
pak,2001,sex_mle,9.3676
pak,2002,sex_btsx,6.6007
pak,2002,sex_fmle,3.76948
pak,2002,sex_mle,9.25846
pak,2003,sex_btsx,6.53064
pak,2003,sex_fmle,3.6758
pak,2003,sex_mle,9.21534
pak,2004,sex_btsx,6.54441
pak,2004,sex_fmle,3.6498
pak,2004,sex_mle,9.26877
pak,2005,sex_btsx,6.56546
pak,2005,sex_fmle,3.61117
pak,2005,sex_mle,9.34839
pak,2006,sex_btsx,6.68761
pak,2006,sex_fmle,3.59745
pak,2006,sex_mle,9.60209
pak,2007,sex_btsx,6.91479
pak,2007,sex_fmle,3.73439
pak,2007,sex_mle,9.91895
pak,2008,sex_btsx,7.298
pak,2008,sex_fmle,3.93919
pak,2008,sex_mle,10.47563
pak,2009,sex_btsx,7.49934
pak,2009,sex_fmle,4.04938
pak,2009,sex_mle,10.76829
pak,2010,sex_btsx,7.66192
pak,2010,sex_fmle,4.13379
pak,2010,sex_mle,11.00957
pak,2011,sex_btsx,7.72557
pak,2011,sex_fmle,4.16732
pak,2011,sex_mle,11.10627
pak,2012,sex_btsx,7.60791
pak,2012,sex_fmle,4.10459
pak,2012,sex_mle,10.94041
pak,2013,sex_btsx,7.38661
pak,2013,sex_fmle,4.01492
pak,2013,sex_mle,10.59736
pak,2014,sex_btsx,6.90198
pak,2014,sex_fmle,3.74977
pak,2014,sex_mle,9.90685
pak,2015,sex_btsx,6.10225
pak,2015,sex_fmle,3.29659
pak,2015,sex_mle,8.77944
pak,2016,sex_btsx,5.56451
pak,2016,sex_fmle,2.97602
pak,2016,sex_mle,8.03678
pak,2017,sex_btsx,5.27478
pak,2017,sex_fmle,2.80778
pak,2017,sex_mle,7.63327
pak,2018,sex_btsx,5.93467
pak,2018,sex_fmle,3.15892
pak,2018,sex_mle,8.59099
pak,2019,sex_btsx,5.81514
pak,2019,sex_fmle,3.08809
pak,2019,sex_mle,8.42748
pak,2020,sex_btsx,6.2294
pak,2020,sex_fmle,3.30956
pak,2020,sex_mle,9.02982
pak,2021,sex_btsx,6.58356
pak,2021,sex_fmle,3.49931
pak,2021,sex_mle,9.54757
pan,2000,sex_btsx,12.06644
pan,2000,sex_fmle,3.08522
pan,2000,sex_mle,20.9534
pan,2001,sex_btsx,12.56768
pan,2001,sex_fmle,3.24009
pan,2001,sex_mle,21.80184
pan,2002,sex_btsx,14.53346
pan,2002,sex_fmle,3.90846
pan,2002,sex_mle,25.05678
pan,2003,sex_btsx,13.31707
pan,2003,sex_fmle,3.61813
pan,2003,sex_mle,22.92727
pan,2004,sex_btsx,12.28194
pan,2004,sex_fmle,3.38406
pan,2004,sex_mle,21.10217
pan,2005,sex_btsx,13.97571
pan,2005,sex_fmle,3.78236
pan,2005,sex_mle,24.08461
pan,2006,sex_btsx,13.90965
pan,2006,sex_fmle,3.68095
pan,2006,sex_mle,24.05841
pan,2007,sex_btsx,17.30168
pan,2007,sex_fmle,4.39575
pan,2007,sex_mle,30.11342
pan,2008,sex_btsx,23.39896
pan,2008,sex_fmle,5.07302
pan,2008,sex_mle,41.60134
pan,2009,sex_btsx,27.76021
pan,2009,sex_fmle,5.53492
pan,2009,sex_mle,49.84933
pan,2010,sex_btsx,25.28291
pan,2010,sex_fmle,5.25378
pan,2010,sex_mle,45.20169
pan,2011,sex_btsx,24.52723
pan,2011,sex_fmle,5.15892
pan,2011,sex_mle,43.80042
pan,2012,sex_btsx,22.55989
pan,2012,sex_fmle,4.42845
pan,2012,sex_mle,40.6121
pan,2013,sex_btsx,20.87541
pan,2013,sex_fmle,4.17636
pan,2013,sex_mle,37.50836
pan,2014,sex_btsx,19.63911
pan,2014,sex_fmle,3.75972
pan,2014,sex_mle,35.46101
pan,2015,sex_btsx,17.36276
pan,2015,sex_fmle,3.33872
pan,2015,sex_mle,31.33938
pan,2016,sex_btsx,15.3022
pan,2016,sex_fmle,2.97157
pan,2016,sex_mle,27.59318
pan,2017,sex_btsx,14.90359
pan,2017,sex_fmle,2.88012
pan,2017,sex_mle,26.89
pan,2018,sex_btsx,17.50981
pan,2018,sex_fmle,3.37475
pan,2018,sex_mle,31.60374
pan,2019,sex_btsx,17.3279
pan,2019,sex_fmle,3.32135
pan,2019,sex_mle,31.29755
pan,2020,sex_btsx,18.83175
pan,2020,sex_fmle,3.37008
pan,2020,sex_mle,34.26235
pan,2021,sex_btsx,20.30514
pan,2021,sex_fmle,3.49668
pan,2021,sex_mle,37.09348
per,2000,sex_btsx,5.02499
per,2000,sex_fmle,1.95251
per,2000,sex_mle,8.09125
per,2001,sex_btsx,5.00433
per,2001,sex_fmle,1.80987
per,2001,sex_mle,8.19087
per,2002,sex_btsx,4.87872
per,2002,sex_fmle,1.78787
per,2002,sex_mle,7.96047
per,2003,sex_btsx,4.96397
per,2003,sex_fmle,1.87382
per,2003,sex_mle,8.0437
per,2004,sex_btsx,5.11611
per,2004,sex_fmle,1.80632
per,2004,sex_mle,8.41362
per,2005,sex_btsx,4.97624
per,2005,sex_fmle,1.80615
per,2005,sex_mle,8.13355
per,2006,sex_btsx,4.92395
per,2006,sex_fmle,1.78583
per,2006,sex_mle,8.04825
per,2007,sex_btsx,4.82727
per,2007,sex_fmle,1.77282
per,2007,sex_mle,7.86701
per,2008,sex_btsx,4.57509
per,2008,sex_fmle,1.72309
per,2008,sex_mle,7.41529
per,2009,sex_btsx,4.48924
per,2009,sex_fmle,1.74135
per,2009,sex_mle,7.2306
per,2010,sex_btsx,4.56845
per,2010,sex_fmle,1.7044
per,2010,sex_mle,7.4304
per,2011,sex_btsx,4.21813
per,2011,sex_fmle,1.50644
per,2011,sex_mle,6.9317
per,2012,sex_btsx,5.79257
per,2012,sex_fmle,2.26989
per,2012,sex_mle,9.32203
per,2013,sex_btsx,5.29792
per,2013,sex_fmle,1.95327
per,2013,sex_mle,8.65276
per,2014,sex_btsx,5.93578
per,2014,sex_fmle,2.1752
per,2014,sex_mle,9.71132
per,2015,sex_btsx,6.29925
per,2015,sex_fmle,2.17431
per,2015,sex_mle,10.44327
per,2016,sex_btsx,5.80482
per,2016,sex_fmle,2.03416
per,2016,sex_mle,9.59394
per,2017,sex_btsx,5.49505
per,2017,sex_fmle,1.98071
per,2017,sex_mle,9.02758
per,2018,sex_btsx,6.21619
per,2018,sex_fmle,2.18586
per,2018,sex_mle,10.26935
per,2019,sex_btsx,7.01086
per,2019,sex_fmle,2.43625
per,2019,sex_mle,11.61365
per,2020,sex_btsx,5.79968
per,2020,sex_fmle,2.08524
per,2020,sex_mle,9.5426
per,2021,sex_btsx,6.21106
per,2021,sex_fmle,2.24002
per,2021,sex_mle,10.22053
phl,2000,sex_btsx,19.49053
phl,2000,sex_fmle,4.37448
phl,2000,sex_mle,34.45935
phl,2001,sex_btsx,20.91693
phl,2001,sex_fmle,4.57592
phl,2001,sex_mle,37.08991
phl,2002,sex_btsx,20.12167
phl,2002,sex_fmle,4.21501
phl,2002,sex_mle,35.87051
phl,2003,sex_btsx,20.24247
phl,2003,sex_fmle,3.99849
phl,2003,sex_mle,36.3314
phl,2004,sex_btsx,19.492
phl,2004,sex_fmle,3.88736
phl,2004,sex_mle,34.95399
phl,2005,sex_btsx,19.24007
phl,2005,sex_fmle,3.79472
phl,2005,sex_mle,34.5517
phl,2006,sex_btsx,18.80466
phl,2006,sex_fmle,3.44417
phl,2006,sex_mle,34.05341
phl,2007,sex_btsx,18.25391
phl,2007,sex_fmle,3.4066
phl,2007,sex_mle,33.01106
phl,2008,sex_btsx,17.86415
phl,2008,sex_fmle,3.59449
phl,2008,sex_mle,32.06002
phl,2009,sex_btsx,16.95846
phl,2009,sex_fmle,3.2117
phl,2009,sex_mle,30.64597
phl,2010,sex_btsx,16.93732
phl,2010,sex_fmle,3.36208
phl,2010,sex_mle,30.44289
phl,2011,sex_btsx,15.89248
phl,2011,sex_fmle,3.34978
phl,2011,sex_mle,28.3602
phl,2012,sex_btsx,15.85921
phl,2012,sex_fmle,3.20976
phl,2012,sex_mle,28.41963
phl,2013,sex_btsx,15.2254
phl,2013,sex_fmle,3.12168
phl,2013,sex_mle,27.23173
phl,2014,sex_btsx,15.09944
phl,2014,sex_fmle,3.11856
phl,2014,sex_mle,26.98301
phl,2015,sex_btsx,14.72842
phl,2015,sex_fmle,3.06658
phl,2015,sex_mle,26.31078
phl,2016,sex_btsx,14.2164
phl,2016,sex_fmle,3.00523
phl,2016,sex_mle,25.37484
phl,2017,sex_btsx,13.78376
phl,2017,sex_fmle,2.93938
phl,2017,sex_mle,24.60393
phl,2018,sex_btsx,13.57627
phl,2018,sex_fmle,2.91709
phl,2018,sex_mle,24.24415
phl,2019,sex_btsx,13.2325
phl,2019,sex_fmle,2.86278
phl,2019,sex_mle,23.64143
phl,2020,sex_btsx,12.95709
phl,2020,sex_fmle,2.83706
phl,2020,sex_mle,23.12604
phl,2021,sex_btsx,12.66447
phl,2021,sex_fmle,2.80317
phl,2021,sex_mle,22.57149
png,2000,sex_btsx,8.47694
png,2000,sex_fmle,4.79654
png,2000,sex_mle,11.8624
png,2001,sex_btsx,8.7285
png,2001,sex_fmle,4.61056
png,2001,sex_mle,12.52076
png,2002,sex_btsx,8.47039
png,2002,sex_fmle,4.76109
png,2002,sex_mle,11.88741
png,2003,sex_btsx,9.35559
png,2003,sex_fmle,5.10152
png,2003,sex_mle,13.27569
png,2004,sex_btsx,9.13758
png,2004,sex_fmle,4.79671
png,2004,sex_mle,13.13888
png,2005,sex_btsx,9.46731
png,2005,sex_fmle,5.02783
png,2005,sex_mle,13.56069
png,2006,sex_btsx,9.33118
png,2006,sex_fmle,4.93308
png,2006,sex_mle,13.38757
png,2007,sex_btsx,9.14733
png,2007,sex_fmle,4.72154
png,2007,sex_mle,13.23042
png,2008,sex_btsx,9.42715
png,2008,sex_fmle,4.95567
png,2008,sex_mle,13.55369
png,2009,sex_btsx,9.43827
png,2009,sex_fmle,5.14435
png,2009,sex_mle,13.40251
png,2010,sex_btsx,9.40388
png,2010,sex_fmle,5.24192
png,2010,sex_mle,13.24814
png,2011,sex_btsx,9.19074
png,2011,sex_fmle,5.22759
png,2011,sex_mle,12.85409
png,2012,sex_btsx,10.24264
png,2012,sex_fmle,5.02371
png,2012,sex_mle,15.07183
png,2013,sex_btsx,10.20363
png,2013,sex_fmle,4.89424
png,2013,sex_mle,15.12253
png,2014,sex_btsx,10.17659
png,2014,sex_fmle,4.92572
png,2014,sex_mle,15.04788
png,2015,sex_btsx,10.12468
png,2015,sex_fmle,4.91782
png,2015,sex_mle,14.96226
png,2016,sex_btsx,10.07291
png,2016,sex_fmle,4.76696
png,2016,sex_mle,15.0102
png,2017,sex_btsx,10.0293
png,2017,sex_fmle,4.77018
png,2017,sex_mle,14.93083
png,2018,sex_btsx,10.20073
png,2018,sex_fmle,4.86424
png,2018,sex_mle,15.18236
png,2019,sex_btsx,10.23196
png,2019,sex_fmle,4.87567
png,2019,sex_mle,15.24025
png,2020,sex_btsx,10.2777
png,2020,sex_fmle,4.80291
png,2020,sex_mle,15.40665
png,2021,sex_btsx,10.40988
png,2021,sex_fmle,4.91204
png,2021,sex_mle,15.57146
pol,2000,sex_btsx,2.32841
pol,2000,sex_fmle,1.52079
pol,2000,sex_mle,3.18712
pol,2001,sex_btsx,1.94069
pol,2001,sex_fmle,1.26884
pol,2001,sex_mle,2.65552
pol,2002,sex_btsx,1.97604
pol,2002,sex_fmle,1.2819
pol,2002,sex_mle,2.71509
pol,2003,sex_btsx,1.73946
pol,2003,sex_fmle,1.13177
pol,2003,sex_mle,2.38694
pol,2004,sex_btsx,1.67066
pol,2004,sex_fmle,1.05743
pol,2004,sex_mle,2.3246
pol,2005,sex_btsx,1.62628
pol,2005,sex_fmle,1.02362
pol,2005,sex_mle,2.26958
pol,2006,sex_btsx,1.67005
pol,2006,sex_fmle,1.05362
pol,2006,sex_mle,2.3289
pol,2007,sex_btsx,1.54555
pol,2007,sex_fmle,0.959
pol,2007,sex_mle,2.17343
pol,2008,sex_btsx,1.45488
pol,2008,sex_fmle,0.90984
pol,2008,sex_mle,2.03896
pol,2009,sex_btsx,1.2249
pol,2009,sex_fmle,0.77925
pol,2009,sex_mle,1.70481
pol,2010,sex_btsx,1.03627
pol,2010,sex_fmle,0.64467
pol,2010,sex_mle,1.45726
pol,2011,sex_btsx,1.20841
pol,2011,sex_fmle,0.75033
pol,2011,sex_mle,1.6967
pol,2012,sex_btsx,1.08054
pol,2012,sex_fmle,0.66835
pol,2012,sex_mle,1.51884
pol,2013,sex_btsx,1.02598
pol,2013,sex_fmle,0.63914
pol,2013,sex_mle,1.43724
pol,2014,sex_btsx,0.97048
pol,2014,sex_fmle,0.61197
pol,2014,sex_mle,1.35149
pol,2015,sex_btsx,0.94579
pol,2015,sex_fmle,0.59549
pol,2015,sex_mle,1.31797
pol,2016,sex_btsx,0.93643
pol,2016,sex_fmle,0.59713
pol,2016,sex_mle,1.2968
pol,2017,sex_btsx,0.86161
pol,2017,sex_fmle,0.54984
pol,2017,sex_mle,1.19263
pol,2018,sex_btsx,0.80313
pol,2018,sex_fmle,0.51281
pol,2018,sex_mle,1.11125
pol,2019,sex_btsx,0.76184
pol,2019,sex_fmle,0.48655
pol,2019,sex_mle,1.0539
pol,2020,sex_btsx,0.71925
pol,2020,sex_fmle,0.46135
pol,2020,sex_mle,0.99294
pol,2021,sex_btsx,0.68134
pol,2021,sex_fmle,0.43892
pol,2021,sex_mle,0.93892
pri,2000,sex_btsx,18.27411
pri,2000,sex_fmle,3.49221
pri,2000,sex_mle,34.18814
pri,2001,sex_btsx,20.27134
pri,2001,sex_fmle,2.89265
pri,2001,sex_mle,38.99495
pri,2002,sex_btsx,19.67897
pri,2002,sex_fmle,3.00936
pri,2002,sex_mle,37.65477
pri,2003,sex_btsx,19.98723
pri,2003,sex_fmle,2.78035
pri,2003,sex_mle,38.55845
pri,2004,sex_btsx,19.66354
pri,2004,sex_fmle,3.21695
pri,2004,sex_mle,37.42847
pri,2005,sex_btsx,20.56474
pri,2005,sex_fmle,3.04453
pri,2005,sex_mle,39.50603
pri,2006,sex_btsx,19.44349
pri,2006,sex_fmle,2.15684
pri,2006,sex_mle,38.1505
pri,2007,sex_btsx,19.47836
pri,2007,sex_fmle,2.82351
pri,2007,sex_mle,37.52137
pri,2008,sex_btsx,22.00804
pri,2008,sex_fmle,3.10794
pri,2008,sex_mle,42.5075
pri,2009,sex_btsx,25.18119
pri,2009,sex_fmle,3.01678
pri,2009,sex_mle,49.24895
pri,2010,sex_btsx,26.52058
pri,2010,sex_fmle,3.16084
pri,2010,sex_mle,51.91995
pri,2011,sex_btsx,29.21797
pri,2011,sex_fmle,4.17512
pri,2011,sex_mle,56.49513
pri,2012,sex_btsx,26.44155
pri,2012,sex_fmle,4.31356
pri,2012,sex_mle,50.59381
pri,2013,sex_btsx,24.60182
pri,2013,sex_fmle,3.02791
pri,2013,sex_mle,48.19866
pri,2014,sex_btsx,19.76419
pri,2014,sex_fmle,2.98342
pri,2014,sex_mle,38.15853
pri,2015,sex_btsx,20.63266
pri,2015,sex_fmle,2.62274
pri,2015,sex_mle,40.42284
pri,2016,sex_btsx,24.25472
pri,2016,sex_fmle,3.10928
pri,2016,sex_mle,47.55156
pri,2017,sex_btsx,22.06509
pri,2017,sex_fmle,2.66921
pri,2017,sex_mle,43.52339
pri,2018,sex_btsx,22.16174
pri,2018,sex_fmle,2.63748
pri,2018,sex_mle,43.84916
pri,2019,sex_btsx,21.73354
pri,2019,sex_fmle,2.55205
pri,2019,sex_mle,43.08674
pri,2020,sex_btsx,22.95738
pri,2020,sex_fmle,2.91574
pri,2020,sex_mle,45.32306
pri,2021,sex_btsx,23.2761
pri,2021,sex_fmle,2.99746
pri,2021,sex_mle,45.95962
prk,2000,sex_btsx,5.98362
prk,2000,sex_fmle,3.52629
prk,2000,sex_mle,8.56177
prk,2001,sex_btsx,5.47942
prk,2001,sex_fmle,3.49191
prk,2001,sex_mle,7.56349
prk,2002,sex_btsx,5.25525
prk,2002,sex_fmle,3.47816
prk,2002,sex_mle,7.11785
prk,2003,sex_btsx,5.12067
prk,2003,sex_fmle,3.62467
prk,2003,sex_mle,6.68811
prk,2004,sex_btsx,4.9482
prk,2004,sex_fmle,3.49178
prk,2004,sex_mle,6.47373
prk,2005,sex_btsx,4.82227
prk,2005,sex_fmle,3.40956
prk,2005,sex_mle,6.30179
prk,2006,sex_btsx,4.78095
prk,2006,sex_fmle,3.40839
prk,2006,sex_mle,6.2183
prk,2007,sex_btsx,4.85521
prk,2007,sex_fmle,3.57863
prk,2007,sex_mle,6.19183
prk,2008,sex_btsx,4.85642
prk,2008,sex_fmle,3.62804
prk,2008,sex_mle,6.1421
prk,2009,sex_btsx,4.8041
prk,2009,sex_fmle,3.58371
prk,2009,sex_mle,6.08054
prk,2010,sex_btsx,4.74746
prk,2010,sex_fmle,3.52105
prk,2010,sex_mle,6.0289
prk,2011,sex_btsx,4.67519
prk,2011,sex_fmle,3.43992
prk,2011,sex_mle,5.96417
prk,2012,sex_btsx,4.5965
prk,2012,sex_fmle,3.36979
prk,2012,sex_mle,5.87454
prk,2013,sex_btsx,4.52938
prk,2013,sex_fmle,3.32268
prk,2013,sex_mle,5.78436
prk,2014,sex_btsx,4.48318
prk,2014,sex_fmle,3.29526
prk,2014,sex_mle,5.7162
prk,2015,sex_btsx,4.4294
prk,2015,sex_fmle,3.26499
prk,2015,sex_mle,5.63552
prk,2016,sex_btsx,4.36559
prk,2016,sex_fmle,3.23122
prk,2016,sex_mle,5.53823
prk,2017,sex_btsx,4.34117
prk,2017,sex_fmle,3.23684
prk,2017,sex_mle,5.48074
prk,2018,sex_btsx,4.26036
prk,2018,sex_fmle,3.20792
prk,2018,sex_mle,5.34484
prk,2019,sex_btsx,4.20679
prk,2019,sex_fmle,3.20724
prk,2019,sex_mle,5.23564
prk,2020,sex_btsx,4.15077
prk,2020,sex_fmle,3.19037
prk,2020,sex_mle,5.13839
prk,2021,sex_btsx,4.09121
prk,2021,sex_fmle,3.1773
prk,2021,sex_mle,5.02965
prt,2000,sex_btsx,1.43644
prt,2000,sex_fmle,0.60105
prt,2000,sex_mle,2.33208
prt,2001,sex_btsx,1.54936
prt,2001,sex_fmle,0.63751
prt,2001,sex_mle,2.52603
prt,2002,sex_btsx,1.84062
prt,2002,sex_fmle,0.80056
prt,2002,sex_mle,2.95562
prt,2003,sex_btsx,1.72502
prt,2003,sex_fmle,0.78523
prt,2003,sex_mle,2.73455
prt,2004,sex_btsx,1.65623
prt,2004,sex_fmle,0.7738
prt,2004,sex_mle,2.60565
prt,2005,sex_btsx,1.56143
prt,2005,sex_fmle,0.70075
prt,2005,sex_mle,2.48884
prt,2006,sex_btsx,1.75479
prt,2006,sex_fmle,0.77693
prt,2006,sex_mle,2.81012
prt,2007,sex_btsx,1.25152
prt,2007,sex_fmle,0.59423
prt,2007,sex_mle,1.96217
prt,2008,sex_btsx,1.68661
prt,2008,sex_fmle,0.84229
prt,2008,sex_mle,2.60178
prt,2009,sex_btsx,1.1843
prt,2009,sex_fmle,0.61558
prt,2009,sex_mle,1.80262
prt,2010,sex_btsx,1.48568
prt,2010,sex_fmle,0.79467
prt,2010,sex_mle,2.2392
prt,2011,sex_btsx,1.1128
prt,2011,sex_fmle,0.57863
prt,2011,sex_mle,1.69686
prt,2012,sex_btsx,1.38786
prt,2012,sex_fmle,0.74596
prt,2012,sex_mle,2.09173
prt,2013,sex_btsx,1.30624
prt,2013,sex_fmle,0.72097
prt,2013,sex_mle,1.95035
prt,2014,sex_btsx,1.28068
prt,2014,sex_fmle,0.73853
prt,2014,sex_mle,1.87931
prt,2015,sex_btsx,1.21354
prt,2015,sex_fmle,0.7113
prt,2015,sex_mle,1.76924
prt,2016,sex_btsx,0.9685
prt,2016,sex_fmle,0.57629
prt,2016,sex_mle,1.40274
prt,2017,sex_btsx,0.8601
prt,2017,sex_fmle,0.51341
prt,2017,sex_mle,1.24409
prt,2018,sex_btsx,0.9781
prt,2018,sex_fmle,0.58524
prt,2018,sex_mle,1.41363
prt,2019,sex_btsx,0.94044
prt,2019,sex_fmle,0.56368
prt,2019,sex_mle,1.35783
prt,2020,sex_btsx,0.87301
prt,2020,sex_fmle,0.53241
prt,2020,sex_mle,1.24936
prt,2021,sex_btsx,0.8315
prt,2021,sex_fmle,0.51266
prt,2021,sex_mle,1.18264
pry,2000,sex_btsx,24.6676
pry,2000,sex_fmle,5.07464
pry,2000,sex_mle,43.8704
pry,2001,sex_btsx,26.75766
pry,2001,sex_fmle,5.52994
pry,2001,sex_mle,47.56141
pry,2002,sex_btsx,26.98804
pry,2002,sex_fmle,5.65081
pry,2002,sex_mle,47.89777
pry,2003,sex_btsx,25.67412
pry,2003,sex_fmle,5.41353
pry,2003,sex_mle,45.53243
pry,2004,sex_btsx,23.55319
pry,2004,sex_fmle,5.26945
pry,2004,sex_mle,41.48176
pry,2005,sex_btsx,20.40734
pry,2005,sex_fmle,4.36527
pry,2005,sex_mle,36.14544
pry,2006,sex_btsx,18.07039
pry,2006,sex_fmle,3.87625
pry,2006,sex_mle,32.00276
pry,2007,sex_btsx,16.96321
pry,2007,sex_fmle,3.63977
pry,2007,sex_mle,30.04838
pry,2008,sex_btsx,16.55844
pry,2008,sex_fmle,3.58051
pry,2008,sex_mle,29.31214
pry,2009,sex_btsx,15.86797
pry,2009,sex_fmle,3.50933
pry,2009,sex_mle,28.02087
pry,2010,sex_btsx,14.73618
pry,2010,sex_fmle,3.31381
pry,2010,sex_mle,25.9754
pry,2011,sex_btsx,13.56397
pry,2011,sex_fmle,3.07704
pry,2011,sex_mle,23.8888
pry,2012,sex_btsx,12.78135
pry,2012,sex_fmle,2.93156
pry,2012,sex_mle,22.48451
pry,2013,sex_btsx,12.06625
pry,2013,sex_fmle,2.77685
pry,2013,sex_mle,21.22305
pry,2014,sex_btsx,11.58556
pry,2014,sex_fmle,2.66822
pry,2014,sex_mle,20.38151
pry,2015,sex_btsx,11.4329
pry,2015,sex_fmle,2.63503
pry,2015,sex_mle,20.11705
pry,2016,sex_btsx,11.23239
pry,2016,sex_fmle,2.58766
pry,2016,sex_mle,19.7715
pry,2017,sex_btsx,9.78878
pry,2017,sex_fmle,2.2582
pry,2017,sex_mle,17.23314
pry,2018,sex_btsx,9.23339
pry,2018,sex_fmle,2.12969
pry,2018,sex_mle,16.2612
pry,2019,sex_btsx,8.68322
pry,2019,sex_fmle,2.00042
pry,2019,sex_mle,15.29967
pry,2020,sex_btsx,8.1095
pry,2020,sex_fmle,1.8773
pry,2020,sex_mle,14.28532
pry,2021,sex_btsx,7.57676
pry,2021,sex_fmle,1.75086
pry,2021,sex_mle,13.35735
pse,2000,sex_btsx,7.97312
pse,2000,sex_fmle,2.91375
pse,2000,sex_mle,12.92584
pse,2001,sex_btsx,7.83695
pse,2001,sex_fmle,2.78837
pse,2001,sex_mle,12.79134
pse,2002,sex_btsx,7.70379
pse,2002,sex_fmle,2.66902
pse,2002,sex_mle,12.66392
pse,2003,sex_btsx,7.57395
pse,2003,sex_fmle,2.63119
pse,2003,sex_mle,12.46412
pse,2004,sex_btsx,7.45103
pse,2004,sex_fmle,2.54622
pse,2004,sex_mle,12.32345
pse,2005,sex_btsx,7.36863
pse,2005,sex_fmle,2.51915
pse,2005,sex_mle,12.20197
pse,2006,sex_btsx,7.32016
pse,2006,sex_fmle,2.39875
pse,2006,sex_mle,12.23753
pse,2007,sex_btsx,7.28646
pse,2007,sex_fmle,2.3254
pse,2007,sex_mle,12.25349
pse,2008,sex_btsx,7.27258
pse,2008,sex_fmle,2.26504
pse,2008,sex_mle,12.29531
pse,2009,sex_btsx,7.25246
pse,2009,sex_fmle,2.23315
pse,2009,sex_mle,12.29671
pse,2010,sex_btsx,7.22788
pse,2010,sex_fmle,2.27147
pse,2010,sex_mle,12.2181
pse,2011,sex_btsx,7.18732
pse,2011,sex_fmle,2.25558
pse,2011,sex_mle,12.1611
pse,2012,sex_btsx,7.14296
pse,2012,sex_fmle,2.26927
pse,2012,sex_mle,12.0665
pse,2013,sex_btsx,7.1962
pse,2013,sex_fmle,2.33414
pse,2013,sex_mle,12.11597
pse,2014,sex_btsx,7.16793
pse,2014,sex_fmle,2.36741
pse,2014,sex_mle,12.03414
pse,2015,sex_btsx,7.1836
pse,2015,sex_fmle,2.48617
pse,2015,sex_mle,11.95239
pse,2016,sex_btsx,7.21209
pse,2016,sex_fmle,2.5608
pse,2016,sex_mle,11.93846
pse,2017,sex_btsx,7.07125
pse,2017,sex_fmle,2.52128
pse,2017,sex_mle,11.69384
pse,2018,sex_btsx,7.0135
pse,2018,sex_fmle,2.52431
pse,2018,sex_mle,11.56905
pse,2019,sex_btsx,6.9722
pse,2019,sex_fmle,2.52834
pse,2019,sex_mle,11.47701
pse,2020,sex_btsx,6.86917
pse,2020,sex_fmle,2.51044
pse,2020,sex_mle,11.2837
pse,2021,sex_btsx,6.81086
pse,2021,sex_fmle,2.50761
pse,2021,sex_mle,11.16598
qat,2000,sex_btsx,0.62676
qat,2000,sex_fmle,0.31414
qat,2000,sex_mle,0.77185
qat,2001,sex_btsx,0.82508
qat,2001,sex_fmle,0.41044
qat,2001,sex_mle,1.0163
qat,2002,sex_btsx,0.82696
qat,2002,sex_fmle,0.41999
qat,2002,sex_mle,1.01356
qat,2003,sex_btsx,0.8413
qat,2003,sex_fmle,0.4328
qat,2003,sex_mle,1.02757
qat,2004,sex_btsx,0.89031
qat,2004,sex_fmle,0.45876
qat,2004,sex_mle,1.09256
qat,2005,sex_btsx,0.89544
qat,2005,sex_fmle,0.47586
qat,2005,sex_mle,1.08994
qat,2006,sex_btsx,0.88481
qat,2006,sex_fmle,0.44662
qat,2006,sex_mle,1.05949
qat,2007,sex_btsx,0.95022
qat,2007,sex_fmle,0.46507
qat,2007,sex_mle,1.11351
qat,2008,sex_btsx,0.91417
qat,2008,sex_fmle,0.42984
qat,2008,sex_mle,1.06559
qat,2009,sex_btsx,0.75197
qat,2009,sex_fmle,0.38062
qat,2009,sex_mle,0.86886
qat,2010,sex_btsx,0.59323
qat,2010,sex_fmle,0.29667
qat,2010,sex_mle,0.68967
qat,2011,sex_btsx,0.61016
qat,2011,sex_fmle,0.27341
qat,2011,sex_mle,0.72324
qat,2012,sex_btsx,0.66655
qat,2012,sex_fmle,0.27744
qat,2012,sex_mle,0.80127
qat,2013,sex_btsx,0.69489
qat,2013,sex_fmle,0.29079
qat,2013,sex_mle,0.83621
qat,2014,sex_btsx,0.66713
qat,2014,sex_fmle,0.29404
qat,2014,sex_mle,0.79397
qat,2015,sex_btsx,0.61713
qat,2015,sex_fmle,0.28932
qat,2015,sex_mle,0.7248
qat,2016,sex_btsx,0.59929
qat,2016,sex_fmle,0.28611
qat,2016,sex_mle,0.70158
qat,2017,sex_btsx,0.5828
qat,2017,sex_fmle,0.27996
qat,2017,sex_mle,0.68396
qat,2018,sex_btsx,0.52925
qat,2018,sex_fmle,0.26026
qat,2018,sex_mle,0.62227
qat,2019,sex_btsx,0.49965
qat,2019,sex_fmle,0.25059
qat,2019,sex_mle,0.59042
qat,2020,sex_btsx,0.49047
qat,2020,sex_fmle,0.23716
qat,2020,sex_mle,0.58845
qat,2021,sex_btsx,0.47593
qat,2021,sex_fmle,0.22769
qat,2021,sex_mle,0.57333
rou,2000,sex_btsx,3.7556
rou,2000,sex_fmle,1.88241
rou,2000,sex_mle,5.78205
rou,2001,sex_btsx,3.63382
rou,2001,sex_fmle,1.82083
rou,2001,sex_mle,5.5996
rou,2002,sex_btsx,3.74739
rou,2002,sex_fmle,2.11372
rou,2002,sex_mle,5.5203
rou,2003,sex_btsx,3.95107
rou,2003,sex_fmle,2.03977
rou,2003,sex_mle,6.02309
rou,2004,sex_btsx,3.30868
rou,2004,sex_fmle,1.99083
rou,2004,sex_mle,4.73509
rou,2005,sex_btsx,2.67294
rou,2005,sex_fmle,1.46966
rou,2005,sex_mle,3.97325
rou,2006,sex_btsx,2.44544
rou,2006,sex_fmle,1.44161
rou,2006,sex_mle,3.52856
rou,2007,sex_btsx,2.20569
rou,2007,sex_fmle,1.35505
rou,2007,sex_mle,3.12232
rou,2008,sex_btsx,2.59396
rou,2008,sex_fmle,1.57841
rou,2008,sex_mle,3.68708
rou,2009,sex_btsx,2.50957
rou,2009,sex_fmle,1.5482
rou,2009,sex_mle,3.54357
rou,2010,sex_btsx,2.5712
rou,2010,sex_fmle,1.54956
rou,2010,sex_mle,3.66931
rou,2011,sex_btsx,2.10714
rou,2011,sex_fmle,1.38556
rou,2011,sex_mle,2.88206
rou,2012,sex_btsx,2.19542
rou,2012,sex_fmle,1.35717
rou,2012,sex_mle,3.09468
rou,2013,sex_btsx,1.87395
rou,2013,sex_fmle,1.13868
rou,2013,sex_mle,2.6618
rou,2014,sex_btsx,1.86218
rou,2014,sex_fmle,1.13387
rou,2014,sex_mle,2.64162
rou,2015,sex_btsx,1.56391
rou,2015,sex_fmle,1.00935
rou,2015,sex_mle,2.15668
rou,2016,sex_btsx,1.57752
rou,2016,sex_fmle,0.89085
rou,2016,sex_mle,2.31077
rou,2017,sex_btsx,1.41706
rou,2017,sex_fmle,0.84259
rou,2017,sex_mle,2.03001
rou,2018,sex_btsx,1.39198
rou,2018,sex_fmle,0.83664
rou,2018,sex_mle,1.98397
rou,2019,sex_btsx,1.30925
rou,2019,sex_fmle,0.79561
rou,2019,sex_mle,1.85626
rou,2020,sex_btsx,1.20751
rou,2020,sex_fmle,0.76068
rou,2020,sex_mle,1.68295
rou,2021,sex_btsx,1.1352
rou,2021,sex_fmle,0.72318
rou,2021,sex_mle,1.57368
rus,2000,sex_btsx,28.19041
rus,2000,sex_fmle,12.74899
rus,2000,sex_mle,45.77556
rus,2001,sex_btsx,29.51657
rus,2001,sex_fmle,13.48238
rus,2001,sex_mle,47.82593
rus,2002,sex_btsx,30.47038
rus,2002,sex_fmle,13.98904
rus,2002,sex_mle,49.34524
rus,2003,sex_btsx,28.83302
rus,2003,sex_fmle,13.15841
rus,2003,sex_mle,46.83531
rus,2004,sex_btsx,27.21967
rus,2004,sex_fmle,12.22097
rus,2004,sex_mle,44.5004
rus,2005,sex_btsx,24.81301
rus,2005,sex_fmle,10.98952
rus,2005,sex_mle,40.79246
rus,2006,sex_btsx,20.14533
rus,2006,sex_fmle,8.88587
rus,2006,sex_mle,33.1963
rus,2007,sex_btsx,17.74596
rus,2007,sex_fmle,7.84274
rus,2007,sex_mle,29.24223
rus,2008,sex_btsx,16.60477
rus,2008,sex_fmle,7.38372
rus,2008,sex_mle,27.31755
rus,2009,sex_btsx,14.94164
rus,2009,sex_fmle,6.8834
rus,2009,sex_mle,24.3064
rus,2010,sex_btsx,13.28538
rus,2010,sex_fmle,6.09172
rus,2010,sex_mle,21.64357
rus,2011,sex_btsx,12.3189
rus,2011,sex_fmle,5.66235
rus,2011,sex_mle,20.04779
rus,2012,sex_btsx,11.33112
rus,2012,sex_fmle,5.2285
rus,2012,sex_mle,18.40985
rus,2013,sex_btsx,11.14554
rus,2013,sex_fmle,5.18298
rus,2013,sex_mle,18.0543
rus,2014,sex_btsx,11.44464
rus,2014,sex_fmle,5.35795
rus,2014,sex_mle,18.4911
rus,2015,sex_btsx,11.49867
rus,2015,sex_fmle,5.44054
rus,2015,sex_mle,18.50725
rus,2016,sex_btsx,10.92797
rus,2016,sex_fmle,5.16635
rus,2016,sex_mle,17.5876
rus,2017,sex_btsx,9.14989
rus,2017,sex_fmle,4.32445
rus,2017,sex_mle,14.7219
rus,2018,sex_btsx,8.43594
rus,2018,sex_fmle,3.98432
rus,2018,sex_mle,13.57229
rus,2019,sex_btsx,7.84792
rus,2019,sex_fmle,3.70428
rus,2019,sex_mle,12.62762
rus,2020,sex_btsx,7.24814
rus,2020,sex_fmle,3.43173
rus,2020,sex_mle,11.64962
rus,2021,sex_btsx,6.73738
rus,2021,sex_fmle,3.20086
rus,2021,sex_mle,10.81376
rwa,2000,sex_btsx,6.71044
rwa,2000,sex_fmle,3.62145
rwa,2000,sex_mle,10.09086
rwa,2001,sex_btsx,6.66894
rwa,2001,sex_fmle,3.5356
rwa,2001,sex_mle,10.11247
rwa,2002,sex_btsx,6.47017
rwa,2002,sex_fmle,3.34786
rwa,2002,sex_mle,9.91165
rwa,2003,sex_btsx,6.21584
rwa,2003,sex_fmle,3.15473
rwa,2003,sex_mle,9.584
rwa,2004,sex_btsx,5.92136
rwa,2004,sex_fmle,2.9519
rwa,2004,sex_mle,9.17391
rwa,2005,sex_btsx,5.66904
rwa,2005,sex_fmle,2.73385
rwa,2005,sex_mle,8.87093
rwa,2006,sex_btsx,5.44605
rwa,2006,sex_fmle,2.52352
rwa,2006,sex_mle,8.62233
rwa,2007,sex_btsx,5.08545
rwa,2007,sex_fmle,2.29799
rwa,2007,sex_mle,8.10465
rwa,2008,sex_btsx,4.70947
rwa,2008,sex_fmle,2.08678
rwa,2008,sex_mle,7.54126
rwa,2009,sex_btsx,4.67529
rwa,2009,sex_fmle,2.04493
rwa,2009,sex_mle,7.50691
rwa,2010,sex_btsx,4.68532
rwa,2010,sex_fmle,2.04443
rwa,2010,sex_mle,7.52003
rwa,2011,sex_btsx,4.66773
rwa,2011,sex_fmle,2.02157
rwa,2011,sex_mle,7.50002
rwa,2012,sex_btsx,4.67313
rwa,2012,sex_fmle,2.00676
rwa,2012,sex_mle,7.51977
rwa,2013,sex_btsx,4.70018
rwa,2013,sex_fmle,2.00556
rwa,2013,sex_mle,7.57115
rwa,2014,sex_btsx,4.72308
rwa,2014,sex_fmle,2.0046
rwa,2014,sex_mle,7.61471
rwa,2015,sex_btsx,4.53459
rwa,2015,sex_fmle,1.90771
rwa,2015,sex_mle,7.32461
rwa,2016,sex_btsx,4.49175
rwa,2016,sex_fmle,1.86796
rwa,2016,sex_mle,7.27465
rwa,2017,sex_btsx,4.40482
rwa,2017,sex_fmle,1.82124
rwa,2017,sex_mle,7.1416
rwa,2018,sex_btsx,4.28597
rwa,2018,sex_fmle,1.76054
rwa,2018,sex_mle,6.95795
rwa,2019,sex_btsx,4.21438
rwa,2019,sex_fmle,1.71281
rwa,2019,sex_mle,6.85803
rwa,2020,sex_btsx,4.14935
rwa,2020,sex_fmle,1.67435
rwa,2020,sex_mle,6.76187
rwa,2021,sex_btsx,4.08942
rwa,2021,sex_fmle,1.63688
rwa,2021,sex_mle,6.6753
sau,2000,sex_btsx,1.98024
sau,2000,sex_fmle,2.00829
sau,2000,sex_mle,1.95698
sau,2001,sex_btsx,2.06895
sau,2001,sex_fmle,2.14455
sau,2001,sex_mle,2.00861
sau,2002,sex_btsx,2.13245
sau,2002,sex_fmle,2.24798
sau,2002,sex_mle,2.04339
sau,2003,sex_btsx,2.0999
sau,2003,sex_fmle,2.24836
sau,2003,sex_mle,1.98905
sau,2004,sex_btsx,2.10989
sau,2004,sex_fmle,2.29372
sau,2004,sex_mle,1.97657
sau,2005,sex_btsx,2.06028
sau,2005,sex_fmle,2.25052
sau,2005,sex_mle,1.92594
sau,2006,sex_btsx,1.95696
sau,2006,sex_fmle,2.15425
sau,2006,sex_mle,1.821
sau,2007,sex_btsx,1.89919
sau,2007,sex_fmle,2.085
sau,2007,sex_mle,1.77398
sau,2008,sex_btsx,1.86565
sau,2008,sex_fmle,2.06539
sau,2008,sex_mle,1.7338
sau,2009,sex_btsx,1.84069
sau,2009,sex_fmle,2.04146
sau,2009,sex_mle,1.71064
sau,2010,sex_btsx,1.83845
sau,2010,sex_fmle,2.02086
sau,2010,sex_mle,1.72234
sau,2011,sex_btsx,1.92585
sau,2011,sex_fmle,2.0364
sau,2011,sex_mle,1.8566
sau,2012,sex_btsx,2.03571
sau,2012,sex_fmle,2.16373
sau,2012,sex_mle,1.95673
sau,2013,sex_btsx,2.06151
sau,2013,sex_fmle,2.24837
sau,2013,sex_mle,1.94782
sau,2014,sex_btsx,2.0509
sau,2014,sex_fmle,2.24429
sau,2014,sex_mle,1.93478
sau,2015,sex_btsx,2.55042
sau,2015,sex_fmle,2.22769
sau,2015,sex_mle,2.74182
sau,2016,sex_btsx,2.63437
sau,2016,sex_fmle,2.11059
sau,2016,sex_mle,2.94441
sau,2017,sex_btsx,1.87644
sau,2017,sex_fmle,2.03203
sau,2017,sex_mle,1.7825
sau,2018,sex_btsx,2.07118
sau,2018,sex_fmle,2.2151
sau,2018,sex_mle,1.98157
sau,2019,sex_btsx,2.11894
sau,2019,sex_fmle,2.2486
sau,2019,sex_mle,2.03663
sau,2020,sex_btsx,2.22474
sau,2020,sex_fmle,2.36185
sau,2020,sex_mle,2.13667
sau,2021,sex_btsx,2.35112
sau,2021,sex_fmle,2.48703
sau,2021,sex_mle,2.26325
sdn,2000,sex_btsx,8.06964
sdn,2000,sex_fmle,5.1254
sdn,2000,sex_mle,11.01297
sdn,2001,sex_btsx,8.06067
sdn,2001,sex_fmle,4.83783
sdn,2001,sex_mle,11.28539
sdn,2002,sex_btsx,8.01405
sdn,2002,sex_fmle,4.56657
sdn,2002,sex_mle,11.46728
sdn,2003,sex_btsx,7.93853
sdn,2003,sex_fmle,4.24472
sdn,2003,sex_mle,11.64412
sdn,2004,sex_btsx,7.8588
sdn,2004,sex_fmle,3.9663
sdn,2004,sex_mle,11.77156
sdn,2005,sex_btsx,7.59062
sdn,2005,sex_fmle,3.68703
sdn,2005,sex_mle,11.52267
sdn,2006,sex_btsx,7.37197
sdn,2006,sex_fmle,3.51083
sdn,2006,sex_mle,11.26722
sdn,2007,sex_btsx,7.04088
sdn,2007,sex_fmle,3.30369
sdn,2007,sex_mle,10.81473
sdn,2008,sex_btsx,6.86795
sdn,2008,sex_fmle,3.31647
sdn,2008,sex_mle,10.45663
sdn,2009,sex_btsx,6.5775
sdn,2009,sex_fmle,3.28461
sdn,2009,sex_mle,9.90602
sdn,2010,sex_btsx,6.47474
sdn,2010,sex_fmle,3.26037
sdn,2010,sex_mle,9.72473
sdn,2011,sex_btsx,6.37606
sdn,2011,sex_fmle,3.28808
sdn,2011,sex_mle,9.49931
sdn,2012,sex_btsx,6.32628
sdn,2012,sex_fmle,3.27425
sdn,2012,sex_mle,9.41434
sdn,2013,sex_btsx,6.24172
sdn,2013,sex_fmle,3.26919
sdn,2013,sex_mle,9.25082
sdn,2014,sex_btsx,6.16088
sdn,2014,sex_fmle,3.25246
sdn,2014,sex_mle,9.10653
sdn,2015,sex_btsx,6.04055
sdn,2015,sex_fmle,3.20124
sdn,2015,sex_mle,8.91726
sdn,2016,sex_btsx,5.92128
sdn,2016,sex_fmle,3.14781
sdn,2016,sex_mle,8.73231
sdn,2017,sex_btsx,5.78613
sdn,2017,sex_fmle,3.07378
sdn,2017,sex_mle,8.53591
sdn,2018,sex_btsx,5.65823
sdn,2018,sex_fmle,3.01292
sdn,2018,sex_mle,8.3406
sdn,2019,sex_btsx,5.5279
sdn,2019,sex_fmle,2.9516
sdn,2019,sex_mle,8.14105
sdn,2020,sex_btsx,5.40805
sdn,2020,sex_fmle,2.87923
sdn,2020,sex_mle,7.97407
sdn,2021,sex_btsx,5.30931
sdn,2021,sex_fmle,2.81399
sdn,2021,sex_mle,7.84257
sen,2000,sex_btsx,10.42813
sen,2000,sex_fmle,5.23239
sen,2000,sex_mle,15.75123
sen,2001,sex_btsx,10.30164
sen,2001,sex_fmle,5.05958
sen,2001,sex_mle,15.68021
sen,2002,sex_btsx,10.11042
sen,2002,sex_fmle,5.04338
sen,2002,sex_mle,15.30962
sen,2003,sex_btsx,9.98905
sen,2003,sex_fmle,4.74396
sen,2003,sex_mle,15.36483
sen,2004,sex_btsx,9.77442
sen,2004,sex_fmle,4.68271
sen,2004,sex_mle,14.9876
sen,2005,sex_btsx,9.62975
sen,2005,sex_fmle,4.72155
sen,2005,sex_mle,14.64957
sen,2006,sex_btsx,9.45044
sen,2006,sex_fmle,4.76733
sen,2006,sex_mle,14.23486
sen,2007,sex_btsx,9.28936
sen,2007,sex_fmle,4.7563
sen,2007,sex_mle,13.9157
sen,2008,sex_btsx,9.135
sen,2008,sex_fmle,4.65347
sen,2008,sex_mle,13.70425
sen,2009,sex_btsx,8.98589
sen,2009,sex_fmle,4.48442
sen,2009,sex_mle,13.57156
sen,2010,sex_btsx,8.84425
sen,2010,sex_fmle,4.29643
sen,2010,sex_mle,13.47361
sen,2011,sex_btsx,8.66976
sen,2011,sex_fmle,4.09623
sen,2011,sex_mle,13.32174
sen,2012,sex_btsx,8.52109
sen,2012,sex_fmle,3.91169
sen,2012,sex_mle,13.20607
sen,2013,sex_btsx,8.50063
sen,2013,sex_fmle,3.82031
sen,2013,sex_mle,13.24351
sen,2014,sex_btsx,8.50572
sen,2014,sex_fmle,3.7937
sen,2014,sex_mle,13.25589
sen,2015,sex_btsx,8.43909
sen,2015,sex_fmle,3.73111
sen,2015,sex_mle,13.15982
sen,2016,sex_btsx,8.3234
sen,2016,sex_fmle,3.62575
sen,2016,sex_mle,13.00783
sen,2017,sex_btsx,8.1793
sen,2017,sex_fmle,3.546
sen,2017,sex_mle,12.77366
sen,2018,sex_btsx,8.1062
sen,2018,sex_fmle,3.50972
sen,2018,sex_mle,12.63847
sen,2019,sex_btsx,8.02671
sen,2019,sex_fmle,3.46516
sen,2019,sex_mle,12.49971
sen,2020,sex_btsx,7.97947
sen,2020,sex_fmle,3.44686
sen,2020,sex_mle,12.40072
sen,2021,sex_btsx,7.91395
sen,2021,sex_fmle,3.42915
sen,2021,sex_mle,12.26711
sgp,2000,sex_btsx,1.46534
sgp,2000,sex_fmle,1.25259
sgp,2000,sex_mle,1.66709
sgp,2001,sex_btsx,1.33548
sgp,2001,sex_fmle,1.16066
sgp,2001,sex_mle,1.50214
sgp,2002,sex_btsx,1.22437
sgp,2002,sex_fmle,1.10247
sgp,2002,sex_mle,1.34169
sgp,2003,sex_btsx,1.11185
sgp,2003,sex_fmle,0.88677
sgp,2003,sex_mle,1.331
sgp,2004,sex_btsx,0.98617
sgp,2004,sex_fmle,0.83024
sgp,2004,sex_mle,1.13883
sgp,2005,sex_btsx,0.91593
sgp,2005,sex_fmle,0.76298
sgp,2005,sex_mle,1.06522
sgp,2006,sex_btsx,0.81491
sgp,2006,sex_fmle,0.666
sgp,2006,sex_mle,0.95854
sgp,2007,sex_btsx,0.75862
sgp,2007,sex_fmle,0.57712
sgp,2007,sex_mle,0.9299
sgp,2008,sex_btsx,0.72062
sgp,2008,sex_fmle,0.59143
sgp,2008,sex_mle,0.84003
sgp,2009,sex_btsx,0.63443
sgp,2009,sex_fmle,0.4898
sgp,2009,sex_mle,0.76722
sgp,2010,sex_btsx,0.58584
sgp,2010,sex_fmle,0.49146
sgp,2010,sex_mle,0.67283
sgp,2011,sex_btsx,0.55716
sgp,2011,sex_fmle,0.49335
sgp,2011,sex_mle,0.61608
sgp,2012,sex_btsx,0.50148
sgp,2012,sex_fmle,0.45794
sgp,2012,sex_mle,0.54149
sgp,2013,sex_btsx,0.34893
sgp,2013,sex_fmle,0.30423
sgp,2013,sex_mle,0.38972
sgp,2014,sex_btsx,0.24067
sgp,2014,sex_fmle,0.21221
sgp,2014,sex_mle,0.26658
sgp,2015,sex_btsx,0.39729
sgp,2015,sex_fmle,0.35704
sgp,2015,sex_mle,0.43407
sgp,2016,sex_btsx,0.39315
sgp,2016,sex_fmle,0.35406
sgp,2016,sex_mle,0.42918
sgp,2017,sex_btsx,0.27375
sgp,2017,sex_fmle,0.24686
sgp,2017,sex_mle,0.29889
sgp,2018,sex_btsx,0.26199
sgp,2018,sex_fmle,0.23751
sgp,2018,sex_mle,0.285
sgp,2019,sex_btsx,0.23772
sgp,2019,sex_fmle,0.21706
sgp,2019,sex_mle,0.25702
sgp,2020,sex_btsx,0.20296
sgp,2020,sex_fmle,0.18506
sgp,2020,sex_mle,0.21964
sgp,2021,sex_btsx,0.18114
sgp,2021,sex_fmle,0.16636
sgp,2021,sex_mle,0.19497
slb,2000,sex_btsx,5.8099
slb,2000,sex_fmle,3.04896
slb,2000,sex_mle,8.3837
slb,2001,sex_btsx,5.75106
slb,2001,sex_fmle,2.93372
slb,2001,sex_mle,8.38576
slb,2002,sex_btsx,5.69598
slb,2002,sex_fmle,2.85041
slb,2002,sex_mle,8.36495
slb,2003,sex_btsx,5.6376
slb,2003,sex_fmle,2.80616
slb,2003,sex_mle,8.30101
slb,2004,sex_btsx,5.48224
slb,2004,sex_fmle,2.71481
slb,2004,sex_mle,8.09268
slb,2005,sex_btsx,5.38517
slb,2005,sex_fmle,2.69614
slb,2005,sex_mle,7.92838
slb,2006,sex_btsx,5.2476
slb,2006,sex_fmle,2.65979
slb,2006,sex_mle,7.70135
slb,2007,sex_btsx,5.15842
slb,2007,sex_fmle,2.68667
slb,2007,sex_mle,7.50771
slb,2008,sex_btsx,5.0634
slb,2008,sex_fmle,2.65218
slb,2008,sex_mle,7.36013
slb,2009,sex_btsx,4.91047
slb,2009,sex_fmle,2.58079
slb,2009,sex_mle,7.13399
slb,2010,sex_btsx,4.75062
slb,2010,sex_fmle,2.49137
slb,2010,sex_mle,6.90922
slb,2011,sex_btsx,4.64461
slb,2011,sex_fmle,2.42865
slb,2011,sex_mle,6.76212
slb,2012,sex_btsx,4.55731
slb,2012,sex_fmle,2.37689
slb,2012,sex_mle,6.64093
slb,2013,sex_btsx,4.45055
slb,2013,sex_fmle,2.30649
slb,2013,sex_mle,6.49931
slb,2014,sex_btsx,4.38731
slb,2014,sex_fmle,2.26279
slb,2014,sex_mle,6.41695
slb,2015,sex_btsx,4.26392
slb,2015,sex_fmle,2.17807
slb,2015,sex_mle,6.2562
slb,2016,sex_btsx,4.15532
slb,2016,sex_fmle,2.09425
slb,2016,sex_mle,6.12342
slb,2017,sex_btsx,4.05612
slb,2017,sex_fmle,2.03391
slb,2017,sex_mle,5.9864
slb,2018,sex_btsx,3.99062
slb,2018,sex_fmle,1.9935
slb,2018,sex_mle,5.89612
slb,2019,sex_btsx,3.90339
slb,2019,sex_fmle,1.93835
slb,2019,sex_mle,5.77807
slb,2020,sex_btsx,3.83218
slb,2020,sex_fmle,1.89293
slb,2020,sex_mle,5.68314
slb,2021,sex_btsx,3.76942
slb,2021,sex_fmle,1.85693
slb,2021,sex_mle,5.59583
sle,2000,sex_btsx,9.42389
sle,2000,sex_fmle,4.02428
sle,2000,sex_mle,14.96875
sle,2001,sex_btsx,9.15865
sle,2001,sex_fmle,3.58331
sle,2001,sex_mle,14.8777
sle,2002,sex_btsx,8.92871
sle,2002,sex_fmle,3.30327
sle,2002,sex_mle,14.69223
sle,2003,sex_btsx,8.92286
sle,2003,sex_fmle,3.23678
sle,2003,sex_mle,14.74072
sle,2004,sex_btsx,8.94511
sle,2004,sex_fmle,3.29238
sle,2004,sex_mle,14.72109
sle,2005,sex_btsx,8.97532
sle,2005,sex_fmle,3.41279
sle,2005,sex_mle,14.65151
sle,2006,sex_btsx,9.01149
sle,2006,sex_fmle,3.55493
sle,2006,sex_mle,14.5722
sle,2007,sex_btsx,9.08891
sle,2007,sex_fmle,3.75676
sle,2007,sex_mle,14.51621
sle,2008,sex_btsx,9.14156
sle,2008,sex_fmle,3.81017
sle,2008,sex_mle,14.56202
sle,2009,sex_btsx,9.02112
sle,2009,sex_fmle,3.86011
sle,2009,sex_mle,14.26274
sle,2010,sex_btsx,8.92324
sle,2010,sex_fmle,3.88795
sle,2010,sex_mle,14.03199
sle,2011,sex_btsx,8.71272
sle,2011,sex_fmle,3.95513
sle,2011,sex_mle,13.5348
sle,2012,sex_btsx,8.3786
sle,2012,sex_fmle,3.80693
sle,2012,sex_mle,13.00762
sle,2013,sex_btsx,8.30572
sle,2013,sex_fmle,3.8046
sle,2013,sex_mle,12.85892
sle,2014,sex_btsx,8.19111
sle,2014,sex_fmle,3.40824
sle,2014,sex_mle,13.0247
sle,2015,sex_btsx,8.02924
sle,2015,sex_fmle,3.55462
sle,2015,sex_mle,12.54709
sle,2016,sex_btsx,7.99972
sle,2016,sex_fmle,3.68892
sle,2016,sex_mle,12.34825
sle,2017,sex_btsx,7.83244
sle,2017,sex_fmle,3.62636
sle,2017,sex_mle,12.07181
sle,2018,sex_btsx,7.77158
sle,2018,sex_fmle,3.59508
sle,2018,sex_mle,11.97813
sle,2019,sex_btsx,7.66371
sle,2019,sex_fmle,3.55471
sle,2019,sex_mle,11.79973
sle,2020,sex_btsx,7.57061
sle,2020,sex_fmle,3.51268
sle,2020,sex_mle,11.65341
sle,2021,sex_btsx,7.46774
sle,2021,sex_fmle,3.47899
sle,2021,sex_mle,11.47948
slv,2000,sex_btsx,65.49835
slv,2000,sex_fmle,42.61254
slv,2000,sex_mle,90.05103
slv,2001,sex_btsx,64.47477
slv,2001,sex_fmle,41.69011
slv,2001,sex_mle,88.99308
slv,2002,sex_btsx,61.80674
slv,2002,sex_fmle,39.67413
slv,2002,sex_mle,85.69762
slv,2003,sex_btsx,64.44792
slv,2003,sex_fmle,41.32589
slv,2003,sex_mle,89.48887
slv,2004,sex_btsx,68.52727
slv,2004,sex_fmle,44.08487
slv,2004,sex_mle,95.09047
slv,2005,sex_btsx,70.73354
slv,2005,sex_fmle,45.67457
slv,2005,sex_mle,98.0663
slv,2006,sex_btsx,71.02436
slv,2006,sex_fmle,45.81894
slv,2006,sex_mle,98.62229
slv,2007,sex_btsx,68.8434
slv,2007,sex_fmle,44.31426
slv,2007,sex_mle,95.75935
slv,2008,sex_btsx,68.05309
slv,2008,sex_fmle,43.62885
slv,2008,sex_mle,94.86438
slv,2009,sex_btsx,73.30844
slv,2009,sex_fmle,47.06001
slv,2009,sex_mle,102.13003
slv,2010,sex_btsx,72.2834
slv,2010,sex_fmle,46.22733
slv,2010,sex_mle,100.89769
slv,2011,sex_btsx,71.14572
slv,2011,sex_fmle,45.34177
slv,2011,sex_mle,99.48439
slv,2012,sex_btsx,62.91436
slv,2012,sex_fmle,39.8585
slv,2012,sex_mle,88.23523
slv,2013,sex_btsx,64.20572
slv,2013,sex_fmle,40.37
slv,2013,sex_mle,90.38683
slv,2014,sex_btsx,74.7813
slv,2014,sex_fmle,47.14044
slv,2014,sex_mle,105.15335
slv,2015,sex_btsx,88.59656
slv,2015,sex_fmle,56.10666
slv,2015,sex_mle,124.31794
slv,2016,sex_btsx,87.41702
slv,2016,sex_fmle,55.54862
slv,2016,sex_mle,122.48442
slv,2017,sex_btsx,81.23949
slv,2017,sex_fmle,51.71378
slv,2017,sex_mle,113.76177
slv,2018,sex_btsx,84.81205
slv,2018,sex_fmle,54.10481
slv,2018,sex_mle,118.67014
slv,2019,sex_btsx,86.9762
slv,2019,sex_fmle,55.6829
slv,2019,sex_mle,121.50953
slv,2020,sex_btsx,90.54721
slv,2020,sex_fmle,57.63361
slv,2020,sex_mle,126.89266
slv,2021,sex_btsx,93.82395
slv,2021,sex_fmle,59.94927
slv,2021,sex_mle,131.24939
som,2000,sex_btsx,6.90102
som,2000,sex_fmle,3.07262
som,2000,sex_mle,10.74062
som,2001,sex_btsx,6.72785
som,2001,sex_fmle,2.99535
som,2001,sex_mle,10.46785
som,2002,sex_btsx,6.58208
som,2002,sex_fmle,2.90987
som,2002,sex_mle,10.2585
som,2003,sex_btsx,6.48569
som,2003,sex_fmle,2.88079
som,2003,sex_mle,10.09188
som,2004,sex_btsx,6.37134
som,2004,sex_fmle,2.85927
som,2004,sex_mle,9.88226
som,2005,sex_btsx,6.26705
som,2005,sex_fmle,2.8347
som,2005,sex_mle,9.69604
som,2006,sex_btsx,6.20497
som,2006,sex_fmle,2.82651
som,2006,sex_mle,9.57815
som,2007,sex_btsx,6.11171
som,2007,sex_fmle,2.84943
som,2007,sex_mle,9.36733
som,2008,sex_btsx,5.97588
som,2008,sex_fmle,2.83494
som,2008,sex_mle,9.10913
som,2009,sex_btsx,6.35406
som,2009,sex_fmle,3.27617
som,2009,sex_mle,9.42308
som,2010,sex_btsx,5.99922
som,2010,sex_fmle,2.87918
som,2010,sex_mle,9.10941
som,2011,sex_btsx,6.00838
som,2011,sex_fmle,2.88752
som,2011,sex_mle,9.11975
som,2012,sex_btsx,5.82172
som,2012,sex_fmle,2.80709
som,2012,sex_mle,8.82745
som,2013,sex_btsx,5.75456
som,2013,sex_fmle,2.76388
som,2013,sex_mle,8.73583
som,2014,sex_btsx,5.69854
som,2014,sex_fmle,2.75125
som,2014,sex_mle,8.63597
som,2015,sex_btsx,5.66491
som,2015,sex_fmle,2.74444
som,2015,sex_mle,8.57516
som,2016,sex_btsx,5.59623
som,2016,sex_fmle,2.70024
som,2016,sex_mle,8.48184
som,2017,sex_btsx,5.49954
som,2017,sex_fmle,2.71327
som,2017,sex_mle,8.2758
som,2018,sex_btsx,5.31319
som,2018,sex_fmle,2.60287
som,2018,sex_mle,8.0137
som,2019,sex_btsx,5.20878
som,2019,sex_fmle,2.56434
som,2019,sex_mle,7.84327
som,2020,sex_btsx,5.17273
som,2020,sex_fmle,2.59636
som,2020,sex_mle,7.73887
som,2021,sex_btsx,5.00103
som,2021,sex_fmle,2.49499
som,2021,sex_mle,7.49668
srb,2000,sex_btsx,3.13912
srb,2000,sex_fmle,1.80631
srb,2000,sex_mle,4.61493
srb,2001,sex_btsx,3.43807
srb,2001,sex_fmle,2.01171
srb,2001,sex_mle,5.02178
srb,2002,sex_btsx,2.64098
srb,2002,sex_fmle,1.58681
srb,2002,sex_mle,3.81288
srb,2003,sex_btsx,2.92491
srb,2003,sex_fmle,1.78074
srb,2003,sex_mle,4.19602
srb,2004,sex_btsx,2.3265
srb,2004,sex_fmle,1.37373
srb,2004,sex_mle,3.38381
srb,2005,sex_btsx,2.44238
srb,2005,sex_fmle,1.45966
srb,2005,sex_mle,3.53175
srb,2006,sex_btsx,2.25354
srb,2006,sex_fmle,1.3606
srb,2006,sex_mle,3.24227
srb,2007,sex_btsx,2.98036
srb,2007,sex_fmle,1.72175
srb,2007,sex_mle,4.37233
srb,2008,sex_btsx,2.11424
srb,2008,sex_fmle,1.24952
srb,2008,sex_mle,3.06937
srb,2009,sex_btsx,2.17069
srb,2009,sex_fmle,1.29139
srb,2009,sex_mle,3.14061
srb,2010,sex_btsx,2.04229
srb,2010,sex_fmle,1.24978
srb,2010,sex_mle,2.91528
srb,2011,sex_btsx,2.04415
srb,2011,sex_fmle,1.24876
srb,2011,sex_mle,2.9191
srb,2012,sex_btsx,1.89916
srb,2012,sex_fmle,1.14444
srb,2012,sex_mle,2.72893
srb,2013,sex_btsx,1.87312
srb,2013,sex_fmle,1.13252
srb,2013,sex_mle,2.68759
srb,2014,sex_btsx,1.82081
srb,2014,sex_fmle,1.12313
srb,2014,sex_mle,2.5882
srb,2015,sex_btsx,1.81679
srb,2015,sex_fmle,1.11607
srb,2015,sex_mle,2.58763
srb,2016,sex_btsx,2.23949
srb,2016,sex_fmle,1.38465
srb,2016,sex_mle,3.17989
srb,2017,sex_btsx,2.09156
srb,2017,sex_fmle,1.2973
srb,2017,sex_mle,2.96516
srb,2018,sex_btsx,1.87835
srb,2018,sex_fmle,1.16892
srb,2018,sex_mle,2.65835
srb,2019,sex_btsx,1.84198
srb,2019,sex_fmle,1.15043
srb,2019,sex_mle,2.60204
srb,2020,sex_btsx,1.86086
srb,2020,sex_fmle,1.15033
srb,2020,sex_mle,2.64172
srb,2021,sex_btsx,1.84482
srb,2021,sex_fmle,1.14197
srb,2021,sex_mle,2.61739
ssd,2000,sex_btsx,19.68665
ssd,2000,sex_fmle,7.2995
ssd,2000,sex_mle,32.78064
ssd,2001,sex_btsx,19.15456
ssd,2001,sex_fmle,7.14605
ssd,2001,sex_mle,31.79906
ssd,2002,sex_btsx,18.45993
ssd,2002,sex_fmle,6.90496
ssd,2002,sex_mle,30.58181
ssd,2003,sex_btsx,17.77334
ssd,2003,sex_fmle,6.64396
ssd,2003,sex_mle,29.40463
ssd,2004,sex_btsx,17.06677
ssd,2004,sex_fmle,6.38964
ssd,2004,sex_mle,28.18284
ssd,2005,sex_btsx,16.3385
ssd,2005,sex_fmle,6.17131
ssd,2005,sex_mle,26.88547
ssd,2006,sex_btsx,15.76089
ssd,2006,sex_fmle,6.01014
ssd,2006,sex_mle,25.84239
ssd,2007,sex_btsx,15.27611
ssd,2007,sex_fmle,5.92235
ssd,2007,sex_mle,24.91798
ssd,2008,sex_btsx,14.88841
ssd,2008,sex_fmle,5.88257
ssd,2008,sex_mle,24.14644
ssd,2009,sex_btsx,14.45276
ssd,2009,sex_fmle,5.73587
ssd,2009,sex_mle,23.39246
ssd,2010,sex_btsx,14.09676
ssd,2010,sex_fmle,5.82012
ssd,2010,sex_mle,22.5655
ssd,2011,sex_btsx,13.72943
ssd,2011,sex_fmle,5.75822
ssd,2011,sex_mle,21.86921
ssd,2012,sex_btsx,13.22716
ssd,2012,sex_fmle,5.60897
ssd,2012,sex_mle,20.99412
ssd,2013,sex_btsx,13.18066
ssd,2013,sex_fmle,5.62537
ssd,2013,sex_mle,20.87346
ssd,2014,sex_btsx,13.58942
ssd,2014,sex_fmle,5.82297
ssd,2014,sex_mle,21.50322
ssd,2015,sex_btsx,14.10288
ssd,2015,sex_fmle,6.16018
ssd,2015,sex_mle,22.21814
ssd,2016,sex_btsx,14.7563
ssd,2016,sex_fmle,6.4124
ssd,2016,sex_mle,23.31308
ssd,2017,sex_btsx,15.37132
ssd,2017,sex_fmle,6.69605
ssd,2017,sex_mle,24.31333
ssd,2018,sex_btsx,15.47999
ssd,2018,sex_fmle,6.69209
ssd,2018,sex_mle,24.56185
ssd,2019,sex_btsx,15.78817
ssd,2019,sex_fmle,6.76187
ssd,2019,sex_mle,25.11162
ssd,2020,sex_btsx,16.1776
ssd,2020,sex_fmle,6.94331
ssd,2020,sex_mle,25.71166
ssd,2021,sex_btsx,16.52023
ssd,2021,sex_fmle,7.16868
ssd,2021,sex_mle,26.17629
stp,2000,sex_btsx,4.44194
stp,2000,sex_fmle,3.70013
stp,2000,sex_mle,5.1926
stp,2001,sex_btsx,4.58837
stp,2001,sex_fmle,3.19334
stp,2001,sex_mle,6.00079
stp,2002,sex_btsx,4.0001
stp,2002,sex_fmle,2.68527
stp,2002,sex_mle,5.33128
stp,2003,sex_btsx,4.37903
stp,2003,sex_fmle,2.84771
stp,2003,sex_mle,5.92792
stp,2004,sex_btsx,4.19406
stp,2004,sex_fmle,2.63257
stp,2004,sex_mle,5.77264
stp,2005,sex_btsx,5.42643
stp,2005,sex_fmle,3.23931
stp,2005,sex_mle,7.63619
stp,2006,sex_btsx,5.53898
stp,2006,sex_fmle,2.99105
stp,2006,sex_mle,8.11161
stp,2007,sex_btsx,7.15915
stp,2007,sex_fmle,3.7523
stp,2007,sex_mle,10.5973
stp,2008,sex_btsx,6.76065
stp,2008,sex_fmle,3.31624
stp,2008,sex_mle,10.23519
stp,2009,sex_btsx,5.35048
stp,2009,sex_fmle,3.11806
stp,2009,sex_mle,7.60148
stp,2010,sex_btsx,5.36375
stp,2010,sex_fmle,2.74185
stp,2010,sex_mle,8.00679
stp,2011,sex_btsx,5.2753
stp,2011,sex_fmle,2.96365
stp,2011,sex_mle,7.60432
stp,2012,sex_btsx,6.10878
stp,2012,sex_fmle,3.37305
stp,2012,sex_mle,8.8631
stp,2013,sex_btsx,5.63039
stp,2013,sex_fmle,2.98422
stp,2013,sex_mle,8.29349
stp,2014,sex_btsx,5.65247
stp,2014,sex_fmle,3.33365
stp,2014,sex_mle,7.9856
stp,2015,sex_btsx,5.66443
stp,2015,sex_fmle,3.19417
stp,2015,sex_mle,8.14953
stp,2016,sex_btsx,5.78884
stp,2016,sex_fmle,3.2495
stp,2016,sex_mle,8.34326
stp,2017,sex_btsx,6.00941
stp,2017,sex_fmle,3.1704
stp,2017,sex_mle,8.86583
stp,2018,sex_btsx,6.64761
stp,2018,sex_fmle,3.13293
stp,2018,sex_mle,10.18477
stp,2019,sex_btsx,6.59156
stp,2019,sex_fmle,3.09683
stp,2019,sex_mle,10.11012
stp,2020,sex_btsx,5.85986
stp,2020,sex_fmle,3.06381
stp,2020,sex_mle,8.67734
stp,2021,sex_btsx,5.82079
stp,2021,sex_fmle,3.0554
stp,2021,sex_mle,8.61023
sur,2000,sex_btsx,15.90479
sur,2000,sex_fmle,6.57309
sur,2000,sex_mle,25.02194
sur,2001,sex_btsx,15.69788
sur,2001,sex_fmle,6.22398
sur,2001,sex_mle,24.92238
sur,2002,sex_btsx,13.98839
sur,2002,sex_fmle,5.37038
sur,2002,sex_mle,22.35275
sur,2003,sex_btsx,13.30223
sur,2003,sex_fmle,5.02426
sur,2003,sex_mle,21.31176
sur,2004,sex_btsx,12.45331
sur,2004,sex_fmle,4.70761
sur,2004,sex_mle,19.944
sur,2005,sex_btsx,12.84712
sur,2005,sex_fmle,4.93467
sur,2005,sex_mle,20.51477
sur,2006,sex_btsx,12.30055
sur,2006,sex_fmle,4.93549
sur,2006,sex_mle,19.45155
sur,2007,sex_btsx,11.17288
sur,2007,sex_fmle,4.70082
sur,2007,sex_mle,17.4686
sur,2008,sex_btsx,10.15095
sur,2008,sex_fmle,4.40338
sur,2008,sex_mle,15.75199
sur,2009,sex_btsx,10.01157
sur,2009,sex_fmle,4.32883
sur,2009,sex_mle,15.5592
sur,2010,sex_btsx,9.13707
sur,2010,sex_fmle,3.99908
sur,2010,sex_mle,14.16155
sur,2011,sex_btsx,7.78508
sur,2011,sex_fmle,3.39146
sur,2011,sex_mle,12.08895
sur,2012,sex_btsx,6.88189
sur,2012,sex_fmle,3.11827
sur,2012,sex_mle,10.57498
sur,2013,sex_btsx,6.55428
sur,2013,sex_fmle,2.97698
sur,2013,sex_mle,10.07041
sur,2014,sex_btsx,6.73463
sur,2014,sex_fmle,3.10767
sur,2014,sex_mle,10.3051
sur,2015,sex_btsx,6.96802
sur,2015,sex_fmle,3.19697
sur,2015,sex_mle,10.6859
sur,2016,sex_btsx,7.23251
sur,2016,sex_fmle,3.35289
sur,2016,sex_mle,11.06463
sur,2017,sex_btsx,6.83799
sur,2017,sex_fmle,3.1688
sur,2017,sex_mle,10.47052
sur,2018,sex_btsx,5.9426
sur,2018,sex_fmle,2.75171
sur,2018,sex_mle,9.10838
sur,2019,sex_btsx,5.62586
sur,2019,sex_fmle,2.58811
sur,2019,sex_mle,8.64438
sur,2020,sex_btsx,5.29075
sur,2020,sex_fmle,2.4551
sur,2020,sex_mle,8.11241
sur,2021,sex_btsx,4.91799
sur,2021,sex_fmle,2.28942
sur,2021,sex_mle,7.53855
svk,2000,sex_btsx,2.65846
svk,2000,sex_fmle,1.42449
svk,2000,sex_mle,3.96441
svk,2001,sex_btsx,2.41297
svk,2001,sex_fmle,1.3247
svk,2001,sex_mle,3.56513
svk,2002,sex_btsx,2.57313
svk,2002,sex_fmle,1.38914
svk,2002,sex_mle,3.82642
svk,2003,sex_btsx,2.71852
svk,2003,sex_fmle,1.48388
svk,2003,sex_mle,4.02524
svk,2004,sex_btsx,2.27888
svk,2004,sex_fmle,1.26784
svk,2004,sex_mle,3.34862
svk,2005,sex_btsx,1.97591
svk,2005,sex_fmle,1.0925
svk,2005,sex_mle,2.91021
svk,2006,sex_btsx,1.65228
svk,2006,sex_fmle,0.86716
svk,2006,sex_mle,2.4823
svk,2007,sex_btsx,1.64509
svk,2007,sex_fmle,0.91449
svk,2007,sex_mle,2.41714
svk,2008,sex_btsx,1.74347
svk,2008,sex_fmle,0.91438
svk,2008,sex_mle,2.61922
svk,2009,sex_btsx,1.55052
svk,2009,sex_fmle,0.88005
svk,2009,sex_mle,2.25823
svk,2010,sex_btsx,1.63751
svk,2010,sex_fmle,0.93886
svk,2010,sex_mle,2.37441
svk,2011,sex_btsx,1.76012
svk,2011,sex_fmle,1.01621
svk,2011,sex_mle,2.54417
svk,2012,sex_btsx,1.3696
svk,2012,sex_fmle,0.77961
svk,2012,sex_mle,1.99091
svk,2013,sex_btsx,1.3454
svk,2013,sex_fmle,0.80002
svk,2013,sex_mle,1.91937
svk,2014,sex_btsx,1.30963
svk,2014,sex_fmle,0.7666
svk,2014,sex_mle,1.88081
svk,2015,sex_btsx,1.28656
svk,2015,sex_fmle,0.75979
svk,2015,sex_mle,1.8402
svk,2016,sex_btsx,1.27123
svk,2016,sex_fmle,0.755
svk,2016,sex_mle,1.81327
svk,2017,sex_btsx,1.25614
svk,2017,sex_fmle,0.7468
svk,2017,sex_mle,1.7905
svk,2018,sex_btsx,1.13862
svk,2018,sex_fmle,0.67689
svk,2018,sex_mle,1.62263
svk,2019,sex_btsx,1.08921
svk,2019,sex_fmle,0.64692
svk,2019,sex_mle,1.55256
svk,2020,sex_btsx,1.04372
svk,2020,sex_fmle,0.63197
svk,2020,sex_mle,1.47498
svk,2021,sex_btsx,0.99847
svk,2021,sex_fmle,0.60849
svk,2021,sex_mle,1.40698
svn,2000,sex_btsx,1.61822
svn,2000,sex_fmle,1.11367
svn,2000,sex_mle,2.14635
svn,2001,sex_btsx,1.49641
svn,2001,sex_fmle,0.94594
svn,2001,sex_mle,2.07191
svn,2002,sex_btsx,1.48205
svn,2002,sex_fmle,1.00087
svn,2002,sex_mle,1.98487
svn,2003,sex_btsx,1.27743
svn,2003,sex_fmle,0.8879
svn,2003,sex_mle,1.68422
svn,2004,sex_btsx,1.21072
svn,2004,sex_fmle,0.8687
svn,2004,sex_mle,1.5678
svn,2005,sex_btsx,1.03111
svn,2005,sex_fmle,0.73764
svn,2005,sex_mle,1.33708
svn,2006,sex_btsx,0.88289
svn,2006,sex_fmle,0.57662
svn,2006,sex_mle,1.20106
svn,2007,sex_btsx,0.89151
svn,2007,sex_fmle,0.61989
svn,2007,sex_mle,1.17139
svn,2008,sex_btsx,0.73823
svn,2008,sex_fmle,0.54014
svn,2008,sex_mle,0.9411
svn,2009,sex_btsx,0.7101
svn,2009,sex_fmle,0.51849
svn,2009,sex_mle,0.90576
svn,2010,sex_btsx,0.50182
svn,2010,sex_fmle,0.38559
svn,2010,sex_mle,0.62028
svn,2011,sex_btsx,0.8272
svn,2011,sex_fmle,0.65958
svn,2011,sex_mle,0.99829
svn,2012,sex_btsx,0.79081
svn,2012,sex_fmle,0.63996
svn,2012,sex_mle,0.94474
svn,2013,sex_btsx,1.03581
svn,2013,sex_fmle,0.82907
svn,2013,sex_mle,1.24651
svn,2014,sex_btsx,0.98333
svn,2014,sex_fmle,0.8252
svn,2014,sex_mle,1.14428
svn,2015,sex_btsx,0.9861
svn,2015,sex_fmle,0.81885
svn,2015,sex_mle,1.15617
svn,2016,sex_btsx,0.97585
svn,2016,sex_fmle,0.84176
svn,2016,sex_mle,1.11201
svn,2017,sex_btsx,0.96723
svn,2017,sex_fmle,0.84228
svn,2017,sex_mle,1.0938
svn,2018,sex_btsx,0.90066
svn,2018,sex_fmle,0.78944
svn,2018,sex_mle,1.01269
svn,2019,sex_btsx,0.89229
svn,2019,sex_fmle,0.78519
svn,2019,sex_mle,0.99917
svn,2020,sex_btsx,0.8722
svn,2020,sex_fmle,0.78345
svn,2020,sex_mle,0.96033
svn,2021,sex_btsx,0.84357
svn,2021,sex_fmle,0.76763
svn,2021,sex_mle,0.91896
swe,2000,sex_btsx,1.13502
swe,2000,sex_fmle,0.87903
swe,2000,sex_mle,1.39679
swe,2001,sex_btsx,1.09081
swe,2001,sex_fmle,0.71447
swe,2001,sex_mle,1.47522
swe,2002,sex_btsx,1.31887
swe,2002,sex_fmle,0.95377
swe,2002,sex_mle,1.69132
swe,2003,sex_btsx,1.02706
swe,2003,sex_fmle,0.63193
swe,2003,sex_mle,1.42967
swe,2004,sex_btsx,1.21537
swe,2004,sex_fmle,0.89422
swe,2004,sex_mle,1.54231
swe,2005,sex_btsx,1.04907
swe,2005,sex_fmle,0.77442
swe,2005,sex_mle,1.3284
swe,2006,sex_btsx,0.96632
swe,2006,sex_fmle,0.73958
swe,2006,sex_mle,1.19659
swe,2007,sex_btsx,1.34029
swe,2007,sex_fmle,0.75589
swe,2007,sex_mle,1.93249
swe,2008,sex_btsx,0.88106
swe,2008,sex_fmle,0.59977
swe,2008,sex_mle,1.16554
swe,2009,sex_btsx,1.05344
swe,2009,sex_fmle,0.8666
swe,2009,sex_mle,1.24212
swe,2010,sex_btsx,1.07797
swe,2010,sex_fmle,0.63123
swe,2010,sex_mle,1.52843
swe,2011,sex_btsx,0.87316
swe,2011,sex_fmle,0.49979
swe,2011,sex_mle,1.24906
swe,2012,sex_btsx,0.77269
swe,2012,sex_fmle,0.52014
swe,2012,sex_mle,1.02666
swe,2013,sex_btsx,0.99028
swe,2013,sex_fmle,0.61881
swe,2013,sex_mle,1.36331
swe,2014,sex_btsx,1.00451
swe,2014,sex_fmle,0.65562
swe,2014,sex_mle,1.35408
swe,2015,sex_btsx,1.23024
swe,2015,sex_fmle,0.65174
swe,2015,sex_mle,1.80828
swe,2016,sex_btsx,1.03233
swe,2016,sex_fmle,0.57063
swe,2016,sex_mle,1.49206
swe,2017,sex_btsx,1.26683
swe,2017,sex_fmle,0.59393
swe,2017,sex_mle,1.93462
swe,2018,sex_btsx,1.14641
swe,2018,sex_fmle,0.62678
swe,2018,sex_mle,1.66096
swe,2019,sex_btsx,1.14932
swe,2019,sex_fmle,0.53151
swe,2019,sex_mle,1.76004
swe,2020,sex_btsx,1.35841
swe,2020,sex_fmle,0.52919
swe,2020,sex_mle,2.17725
swe,2021,sex_btsx,1.0592
swe,2021,sex_fmle,0.42344
swe,2021,sex_mle,1.68674
swz,2000,sex_btsx,18.81699
swz,2000,sex_fmle,8.33694
swz,2000,sex_mle,30.01418
swz,2001,sex_btsx,19.74944
swz,2001,sex_fmle,8.5408
swz,2001,sex_mle,31.77444
swz,2002,sex_btsx,19.02358
swz,2002,sex_fmle,7.96042
swz,2002,sex_mle,30.9437
swz,2003,sex_btsx,18.62496
swz,2003,sex_fmle,7.83026
swz,2003,sex_mle,30.30681
swz,2004,sex_btsx,19.05354
swz,2004,sex_fmle,7.77627
swz,2004,sex_mle,31.3075
swz,2005,sex_btsx,19.15197
swz,2005,sex_fmle,7.74617
swz,2005,sex_mle,31.59181
swz,2006,sex_btsx,19.07766
swz,2006,sex_fmle,7.55744
swz,2006,sex_mle,31.68967
swz,2007,sex_btsx,20.09665
swz,2007,sex_fmle,7.85917
swz,2007,sex_mle,33.50534
swz,2008,sex_btsx,21.68103
swz,2008,sex_fmle,8.47991
swz,2008,sex_mle,36.08886
swz,2009,sex_btsx,21.72043
swz,2009,sex_fmle,8.50673
swz,2009,sex_mle,36.06095
swz,2010,sex_btsx,22.74812
swz,2010,sex_fmle,8.68683
swz,2010,sex_mle,37.92276
swz,2011,sex_btsx,21.54762
swz,2011,sex_fmle,8.41855
swz,2011,sex_mle,35.63978
swz,2012,sex_btsx,20.40836
swz,2012,sex_fmle,8.05563
swz,2012,sex_mle,33.60092
swz,2013,sex_btsx,19.69077
swz,2013,sex_fmle,7.8732
swz,2013,sex_mle,32.25533
swz,2014,sex_btsx,19.24825
swz,2014,sex_fmle,7.80938
swz,2014,sex_mle,31.35971
swz,2015,sex_btsx,18.70463
swz,2015,sex_fmle,7.49393
swz,2015,sex_mle,30.52496
swz,2016,sex_btsx,18.3486
swz,2016,sex_fmle,7.37986
swz,2016,sex_mle,29.86637
swz,2017,sex_btsx,18.10483
swz,2017,sex_fmle,7.42617
swz,2017,sex_mle,29.27964
swz,2018,sex_btsx,18.38815
swz,2018,sex_fmle,7.65762
swz,2018,sex_mle,29.58541
swz,2019,sex_btsx,18.17724
swz,2019,sex_fmle,7.61373
swz,2019,sex_mle,29.16957
swz,2020,sex_btsx,18.34908
swz,2020,sex_fmle,7.7806
swz,2020,sex_mle,29.32555
swz,2021,sex_btsx,18.45344
swz,2021,sex_fmle,7.91759
swz,2021,sex_mle,29.38519
syc,2000,sex_btsx,12.86977
syc,2000,sex_fmle,5.54534
syc,2000,sex_mle,19.91988
syc,2001,sex_btsx,12.89937
syc,2001,sex_fmle,5.70039
syc,2001,sex_mle,19.80786
syc,2002,sex_btsx,12.99721
syc,2002,sex_fmle,5.77336
syc,2002,sex_mle,19.90407
syc,2003,sex_btsx,13.10299
syc,2003,sex_fmle,5.91109
syc,2003,sex_mle,19.93778
syc,2004,sex_btsx,13.16237
syc,2004,sex_fmle,5.90741
syc,2004,sex_mle,20.00853
syc,2005,sex_btsx,12.5224
syc,2005,sex_fmle,5.58128
syc,2005,sex_mle,19.0256
syc,2006,sex_btsx,12.06471
syc,2006,sex_fmle,5.2694
syc,2006,sex_mle,18.38649
syc,2007,sex_btsx,11.70051
syc,2007,sex_fmle,5.01474
syc,2007,sex_mle,17.87924
syc,2008,sex_btsx,11.91048
syc,2008,sex_fmle,5.01649
syc,2008,sex_mle,18.24229
syc,2009,sex_btsx,14.07596
syc,2009,sex_fmle,5.91284
syc,2009,sex_mle,21.52892
syc,2010,sex_btsx,13.96733
syc,2010,sex_fmle,5.92298
syc,2010,sex_mle,21.25573
syc,2011,sex_btsx,15.00828
syc,2011,sex_fmle,6.51767
syc,2011,sex_mle,22.6224
syc,2012,sex_btsx,13.38164
syc,2012,sex_fmle,5.96959
syc,2012,sex_mle,19.95317
syc,2013,sex_btsx,16.09501
syc,2013,sex_fmle,7.35988
syc,2013,sex_mle,23.75635
syc,2014,sex_btsx,15.75824
syc,2014,sex_fmle,7.39732
syc,2014,sex_mle,23.01713
syc,2015,sex_btsx,13.26418
syc,2015,sex_fmle,6.48147
syc,2015,sex_mle,19.09629
syc,2016,sex_btsx,13.57978
syc,2016,sex_fmle,6.61744
syc,2016,sex_mle,19.51222
syc,2017,sex_btsx,13.54675
syc,2017,sex_fmle,6.65377
syc,2017,sex_mle,19.37014
syc,2018,sex_btsx,14.37485
syc,2018,sex_fmle,7.09395
syc,2018,sex_mle,20.47489
syc,2019,sex_btsx,14.50567
syc,2019,sex_fmle,7.1842
syc,2019,sex_mle,20.59294
syc,2020,sex_btsx,14.49284
syc,2020,sex_fmle,7.23636
syc,2020,sex_mle,20.4841
syc,2021,sex_btsx,14.56435
syc,2021,sex_fmle,7.3392
syc,2021,sex_mle,20.49065
syr,2000,sex_btsx,2.5215
syr,2000,sex_fmle,1.28416
syr,2000,sex_mle,3.73455
syr,2001,sex_btsx,2.53965
syr,2001,sex_fmle,1.30923
syr,2001,sex_mle,3.74682
syr,2002,sex_btsx,2.53083
syr,2002,sex_fmle,1.31699
syr,2002,sex_mle,3.72258
syr,2003,sex_btsx,2.58828
syr,2003,sex_fmle,1.31774
syr,2003,sex_mle,3.83653
syr,2004,sex_btsx,2.63424
syr,2004,sex_fmle,1.31884
syr,2004,sex_mle,3.92696
syr,2005,sex_btsx,2.6669
syr,2005,sex_fmle,1.31754
syr,2005,sex_mle,3.99294
syr,2006,sex_btsx,2.69363
syr,2006,sex_fmle,1.32989
syr,2006,sex_mle,4.03414
syr,2007,sex_btsx,2.73903
syr,2007,sex_fmle,1.35584
syr,2007,sex_mle,4.09939
syr,2008,sex_btsx,2.70884
syr,2008,sex_fmle,1.36693
syr,2008,sex_mle,4.02865
syr,2009,sex_btsx,2.61175
syr,2009,sex_fmle,1.32804
syr,2009,sex_mle,3.87396
syr,2010,sex_btsx,2.49785
syr,2010,sex_fmle,1.28765
syr,2010,sex_mle,3.68759
syr,2011,sex_btsx,2.42447
syr,2011,sex_fmle,1.26715
syr,2011,sex_mle,3.56219
syr,2012,sex_btsx,2.36539
syr,2012,sex_fmle,1.23409
syr,2012,sex_mle,3.4787
syr,2013,sex_btsx,2.3846
syr,2013,sex_fmle,1.2467
syr,2013,sex_mle,3.5065
syr,2014,sex_btsx,2.44601
syr,2014,sex_fmle,1.28477
syr,2014,sex_mle,3.59307
syr,2015,sex_btsx,2.46328
syr,2015,sex_fmle,1.31102
syr,2015,sex_mle,3.60468
syr,2016,sex_btsx,2.42075
syr,2016,sex_fmle,1.29884
syr,2016,sex_mle,3.53592
syr,2017,sex_btsx,2.36725
syr,2017,sex_fmle,1.27599
syr,2017,sex_mle,3.45519
syr,2018,sex_btsx,2.29029
syr,2018,sex_fmle,1.23782
syr,2018,sex_mle,3.34194
syr,2019,sex_btsx,2.21533
syr,2019,sex_fmle,1.19521
syr,2019,sex_mle,3.23579
syr,2020,sex_btsx,2.16562
syr,2020,sex_fmle,1.20018
syr,2020,sex_mle,3.13175
syr,2021,sex_btsx,2.43041
syr,2021,sex_fmle,1.17506
syr,2021,sex_mle,3.68659
tcd,2000,sex_btsx,12.02956
tcd,2000,sex_fmle,4.93692
tcd,2000,sex_mle,19.23984
tcd,2001,sex_btsx,11.90028
tcd,2001,sex_fmle,4.87591
tcd,2001,sex_mle,19.02844
tcd,2002,sex_btsx,11.83
tcd,2002,sex_fmle,4.93245
tcd,2002,sex_mle,18.8167
tcd,2003,sex_btsx,11.70691
tcd,2003,sex_fmle,4.82516
tcd,2003,sex_mle,18.66474
tcd,2004,sex_btsx,11.36109
tcd,2004,sex_fmle,4.794
tcd,2004,sex_mle,17.98867
tcd,2005,sex_btsx,11.13189
tcd,2005,sex_fmle,4.70082
tcd,2005,sex_mle,17.611
tcd,2006,sex_btsx,10.94555
tcd,2006,sex_fmle,4.71578
tcd,2006,sex_mle,17.212
tcd,2007,sex_btsx,10.65438
tcd,2007,sex_fmle,4.63078
tcd,2007,sex_mle,16.70475
tcd,2008,sex_btsx,10.51488
tcd,2008,sex_fmle,4.6221
tcd,2008,sex_mle,16.4253
tcd,2009,sex_btsx,10.23206
tcd,2009,sex_fmle,4.45784
tcd,2009,sex_mle,16.01517
tcd,2010,sex_btsx,10.01824
tcd,2010,sex_fmle,4.38403
tcd,2010,sex_mle,15.65335
tcd,2011,sex_btsx,9.86233
tcd,2011,sex_fmle,4.32646
tcd,2011,sex_mle,15.39203
tcd,2012,sex_btsx,9.68549
tcd,2012,sex_fmle,4.23542
tcd,2012,sex_mle,15.12303
tcd,2013,sex_btsx,9.59753
tcd,2013,sex_fmle,4.22018
tcd,2013,sex_mle,14.95664
tcd,2014,sex_btsx,9.53496
tcd,2014,sex_fmle,4.22594
tcd,2014,sex_mle,14.8211
tcd,2015,sex_btsx,9.50268
tcd,2015,sex_fmle,4.22221
tcd,2015,sex_mle,14.75641
tcd,2016,sex_btsx,9.44502
tcd,2016,sex_fmle,4.17599
tcd,2016,sex_mle,14.68389
tcd,2017,sex_btsx,9.18986
tcd,2017,sex_fmle,4.09097
tcd,2017,sex_mle,14.25691
tcd,2018,sex_btsx,9.00373
tcd,2018,sex_fmle,4.03123
tcd,2018,sex_mle,13.94333
tcd,2019,sex_btsx,8.83728
tcd,2019,sex_fmle,3.97024
tcd,2019,sex_mle,13.67094
tcd,2020,sex_btsx,8.62793
tcd,2020,sex_fmle,3.90447
tcd,2020,sex_mle,13.3187
tcd,2021,sex_btsx,8.4598
tcd,2021,sex_fmle,3.84693
tcd,2021,sex_mle,13.04114
tgo,2000,sex_btsx,11.03433
tgo,2000,sex_fmle,5.56784
tgo,2000,sex_mle,16.5316
tgo,2001,sex_btsx,11.03128
tgo,2001,sex_fmle,5.51813
tgo,2001,sex_mle,16.57052
tgo,2002,sex_btsx,10.95287
tgo,2002,sex_fmle,5.43062
tgo,2002,sex_mle,16.49626
tgo,2003,sex_btsx,10.96572
tgo,2003,sex_fmle,5.38505
tgo,2003,sex_mle,16.56267
tgo,2004,sex_btsx,10.94406
tgo,2004,sex_fmle,5.30213
tgo,2004,sex_mle,16.59746
tgo,2005,sex_btsx,10.92932
tgo,2005,sex_fmle,5.24723
tgo,2005,sex_mle,16.61814
tgo,2006,sex_btsx,10.68639
tgo,2006,sex_fmle,5.09906
tgo,2006,sex_mle,16.27542
tgo,2007,sex_btsx,10.43488
tgo,2007,sex_fmle,4.94714
tgo,2007,sex_mle,15.91925
tgo,2008,sex_btsx,10.18061
tgo,2008,sex_fmle,4.80382
tgo,2008,sex_mle,15.54911
tgo,2009,sex_btsx,9.93091
tgo,2009,sex_fmle,4.72607
tgo,2009,sex_mle,15.12305
tgo,2010,sex_btsx,9.71476
tgo,2010,sex_fmle,4.71257
tgo,2010,sex_mle,14.70043
tgo,2011,sex_btsx,9.54203
tgo,2011,sex_fmle,4.72379
tgo,2011,sex_mle,14.3403
tgo,2012,sex_btsx,9.38522
tgo,2012,sex_fmle,4.71406
tgo,2012,sex_mle,14.03326
tgo,2013,sex_btsx,9.37664
tgo,2013,sex_fmle,4.76656
tgo,2013,sex_mle,13.96033
tgo,2014,sex_btsx,9.33221
tgo,2014,sex_fmle,4.79738
tgo,2014,sex_mle,13.8376
tgo,2015,sex_btsx,9.27064
tgo,2015,sex_fmle,4.80792
tgo,2015,sex_mle,13.70105
tgo,2016,sex_btsx,9.21748
tgo,2016,sex_fmle,4.81361
tgo,2016,sex_mle,13.5862
tgo,2017,sex_btsx,9.00511
tgo,2017,sex_fmle,4.78116
tgo,2017,sex_mle,13.19229
tgo,2018,sex_btsx,8.86332
tgo,2018,sex_fmle,4.78278
tgo,2018,sex_mle,12.90538
tgo,2019,sex_btsx,8.73791
tgo,2019,sex_fmle,4.79488
tgo,2019,sex_mle,12.64084
tgo,2020,sex_btsx,8.61525
tgo,2020,sex_fmle,4.81837
tgo,2020,sex_mle,12.37111
tgo,2021,sex_btsx,8.50523
tgo,2021,sex_fmle,4.8456
tgo,2021,sex_mle,12.12326
tha,2000,sex_btsx,10.26798
tha,2000,sex_fmle,3.99075
tha,2000,sex_mle,16.65845
tha,2001,sex_btsx,10.14568
tha,2001,sex_fmle,3.69703
tha,2001,sex_mle,16.71753
tha,2002,sex_btsx,9.79699
tha,2002,sex_fmle,3.46168
tha,2002,sex_mle,16.2588
tha,2003,sex_btsx,9.68155
tha,2003,sex_fmle,3.45688
tha,2003,sex_mle,16.03557
tha,2004,sex_btsx,8.56945
tha,2004,sex_fmle,2.99916
tha,2004,sex_mle,14.25973
tha,2005,sex_btsx,9.55846
tha,2005,sex_fmle,3.19107
tha,2005,sex_mle,16.06755
tha,2006,sex_btsx,9.82971
tha,2006,sex_fmle,3.18743
tha,2006,sex_mle,16.62421
tha,2007,sex_btsx,10.08622
tha,2007,sex_fmle,3.19787
tha,2007,sex_mle,17.13665
tha,2008,sex_btsx,9.24549
tha,2008,sex_fmle,2.8766
tha,2008,sex_mle,15.76783
tha,2009,sex_btsx,8.47443
tha,2009,sex_fmle,2.5521
tha,2009,sex_mle,14.54282
tha,2010,sex_btsx,7.95803
tha,2010,sex_fmle,2.30541
tha,2010,sex_mle,13.75531
tha,2011,sex_btsx,6.8377
tha,2011,sex_fmle,1.91675
tha,2011,sex_mle,11.89136
tha,2012,sex_btsx,6.98559
tha,2012,sex_fmle,1.91734
tha,2012,sex_mle,12.1984
tha,2013,sex_btsx,6.68736
tha,2013,sex_fmle,1.83089
tha,2013,sex_mle,11.69041
tha,2014,sex_btsx,5.93446
tha,2014,sex_fmle,1.6305
tha,2014,sex_mle,10.37586
tha,2015,sex_btsx,5.15994
tha,2015,sex_fmle,1.41977
tha,2015,sex_mle,9.02645
tha,2016,sex_btsx,4.36572
tha,2016,sex_fmle,1.20474
tha,2016,sex_mle,7.63957
tha,2017,sex_btsx,4.0782
tha,2017,sex_fmle,1.14133
tha,2017,sex_mle,7.12581
tha,2018,sex_btsx,4.46742
tha,2018,sex_fmle,1.27817
tha,2018,sex_mle,7.78368
tha,2019,sex_btsx,4.23041
tha,2019,sex_fmle,1.24184
tha,2019,sex_mle,7.34485
tha,2020,sex_btsx,4.35068
tha,2020,sex_fmle,1.29776
tha,2020,sex_mle,7.53959
tha,2021,sex_btsx,4.43548
tha,2021,sex_fmle,1.35439
tha,2021,sex_mle,7.66123
tjk,2000,sex_btsx,4.35306
tjk,2000,sex_fmle,1.5477
tjk,2000,sex_mle,7.40978
tjk,2001,sex_btsx,3.84151
tjk,2001,sex_fmle,1.66571
tjk,2001,sex_mle,6.2062
tjk,2002,sex_btsx,3.29721
tjk,2002,sex_fmle,1.37549
tjk,2002,sex_mle,5.38056
tjk,2003,sex_btsx,2.93674
tjk,2003,sex_fmle,1.31119
tjk,2003,sex_mle,4.6949
tjk,2004,sex_btsx,2.6771
tjk,2004,sex_fmle,1.20154
tjk,2004,sex_mle,4.26937
tjk,2005,sex_btsx,2.61345
tjk,2005,sex_fmle,1.21045
tjk,2005,sex_mle,4.12413
tjk,2006,sex_btsx,2.58545
tjk,2006,sex_fmle,1.22521
tjk,2006,sex_mle,4.04706
tjk,2007,sex_btsx,2.21735
tjk,2007,sex_fmle,1.06972
tjk,2007,sex_mle,3.44802
tjk,2008,sex_btsx,1.93896
tjk,2008,sex_fmle,0.96497
tjk,2008,sex_mle,2.98126
tjk,2009,sex_btsx,1.88736
tjk,2009,sex_fmle,0.98383
tjk,2009,sex_mle,2.85221
tjk,2010,sex_btsx,2.14759
tjk,2010,sex_fmle,1.14983
tjk,2010,sex_mle,3.21079
tjk,2011,sex_btsx,1.99584
tjk,2011,sex_fmle,1.0392
tjk,2011,sex_mle,3.01294
tjk,2012,sex_btsx,1.99767
tjk,2012,sex_fmle,1.04031
tjk,2012,sex_mle,3.01255
tjk,2013,sex_btsx,1.99036
tjk,2013,sex_fmle,1.03831
tjk,2013,sex_mle,2.99631
tjk,2014,sex_btsx,1.99943
tjk,2014,sex_fmle,1.04103
tjk,2014,sex_mle,3.00937
tjk,2015,sex_btsx,2.00647
tjk,2015,sex_fmle,1.03865
tjk,2015,sex_mle,3.02411
tjk,2016,sex_btsx,2.0125
tjk,2016,sex_fmle,1.02884
tjk,2016,sex_mle,3.04492
tjk,2017,sex_btsx,2.0203
tjk,2017,sex_fmle,1.02957
tjk,2017,sex_mle,3.0581
tjk,2018,sex_btsx,1.84884
tjk,2018,sex_fmle,0.93848
tjk,2018,sex_mle,2.80042
tjk,2019,sex_btsx,1.80699
tjk,2019,sex_fmle,0.91364
tjk,2019,sex_mle,2.73897
tjk,2020,sex_btsx,1.7653
tjk,2020,sex_fmle,0.90655
tjk,2020,sex_mle,2.6597
tjk,2021,sex_btsx,1.6968
tjk,2021,sex_fmle,0.87763
tjk,2021,sex_mle,2.54866
tkm,2000,sex_btsx,6.08909
tkm,2000,sex_fmle,2.31257
tkm,2000,sex_mle,9.95989
tkm,2001,sex_btsx,5.65748
tkm,2001,sex_fmle,2.21993
tkm,2001,sex_mle,9.18654
tkm,2002,sex_btsx,5.47168
tkm,2002,sex_fmle,2.18028
tkm,2002,sex_mle,8.85596
tkm,2003,sex_btsx,5.2828
tkm,2003,sex_fmle,1.93224
tkm,2003,sex_mle,8.73301
tkm,2004,sex_btsx,5.26108
tkm,2004,sex_fmle,2.04396
tkm,2004,sex_mle,8.57858
tkm,2005,sex_btsx,5.21375
tkm,2005,sex_fmle,1.94395
tkm,2005,sex_mle,8.59013
tkm,2006,sex_btsx,4.95721
tkm,2006,sex_fmle,1.931
tkm,2006,sex_mle,8.08603
tkm,2007,sex_btsx,4.8199
tkm,2007,sex_fmle,1.8558
tkm,2007,sex_mle,7.88813
tkm,2008,sex_btsx,4.6146
tkm,2008,sex_fmle,1.87335
tkm,2008,sex_mle,7.4553
tkm,2009,sex_btsx,4.2109
tkm,2009,sex_fmle,1.78291
tkm,2009,sex_mle,6.72959
tkm,2010,sex_btsx,4.04713
tkm,2010,sex_fmle,1.68186
tkm,2010,sex_mle,6.5031
tkm,2011,sex_btsx,4.04756
tkm,2011,sex_fmle,1.79081
tkm,2011,sex_mle,6.39282
tkm,2012,sex_btsx,4.00017
tkm,2012,sex_fmle,1.8058
tkm,2012,sex_mle,6.28225
tkm,2013,sex_btsx,4.11436
tkm,2013,sex_fmle,1.84723
tkm,2013,sex_mle,6.47356
tkm,2014,sex_btsx,4.11714
tkm,2014,sex_fmle,1.70486
tkm,2014,sex_mle,6.62866
tkm,2015,sex_btsx,3.92025
tkm,2015,sex_fmle,1.73849
tkm,2015,sex_mle,6.19268
tkm,2016,sex_btsx,3.97116
tkm,2016,sex_fmle,1.79331
tkm,2016,sex_mle,6.24017
tkm,2017,sex_btsx,3.8958
tkm,2017,sex_fmle,1.79575
tkm,2017,sex_mle,6.08412
tkm,2018,sex_btsx,3.70763
tkm,2018,sex_fmle,1.73888
tkm,2018,sex_mle,5.75931
tkm,2019,sex_btsx,3.61698
tkm,2019,sex_fmle,1.71804
tkm,2019,sex_mle,5.59597
tkm,2020,sex_btsx,3.51952
tkm,2020,sex_fmle,1.68116
tkm,2020,sex_mle,5.43539
tkm,2021,sex_btsx,3.43159
tkm,2021,sex_fmle,1.66049
tkm,2021,sex_mle,5.27744
tls,2000,sex_btsx,4.40966
tls,2000,sex_fmle,1.82879
tls,2000,sex_mle,6.84659
tls,2001,sex_btsx,4.42051
tls,2001,sex_fmle,1.81578
tls,2001,sex_mle,6.88133
tls,2002,sex_btsx,4.44865
tls,2002,sex_fmle,1.8163
tls,2002,sex_mle,6.93694
tls,2003,sex_btsx,4.51142
tls,2003,sex_fmle,1.81643
tls,2003,sex_mle,7.06033
tls,2004,sex_btsx,4.54501
tls,2004,sex_fmle,1.84422
tls,2004,sex_mle,7.10083
tls,2005,sex_btsx,5.26298
tls,2005,sex_fmle,2.21713
tls,2005,sex_mle,8.14816
tls,2006,sex_btsx,5.45881
tls,2006,sex_fmle,2.41902
tls,2006,sex_mle,8.34211
tls,2007,sex_btsx,5.43814
tls,2007,sex_fmle,2.46871
tls,2007,sex_mle,8.25817
tls,2008,sex_btsx,4.67649
tls,2008,sex_fmle,2.076
tls,2008,sex_mle,7.14877
tls,2009,sex_btsx,4.3239
tls,2009,sex_fmle,1.81489
tls,2009,sex_mle,6.71131
tls,2010,sex_btsx,4.27032
tls,2010,sex_fmle,1.78428
tls,2010,sex_mle,6.63924
tls,2011,sex_btsx,4.2511
tls,2011,sex_fmle,1.76704
tls,2011,sex_mle,6.62469
tls,2012,sex_btsx,4.28471
tls,2012,sex_fmle,1.79875
tls,2012,sex_mle,6.6681
tls,2013,sex_btsx,4.41056
tls,2013,sex_fmle,1.85018
tls,2013,sex_mle,6.87296
tls,2014,sex_btsx,4.53914
tls,2014,sex_fmle,1.9023
tls,2014,sex_mle,7.08231
tls,2015,sex_btsx,4.78946
tls,2015,sex_fmle,1.72168
tls,2015,sex_mle,7.75594
tls,2016,sex_btsx,4.78238
tls,2016,sex_fmle,1.70179
tls,2016,sex_mle,7.76857
tls,2017,sex_btsx,4.68232
tls,2017,sex_fmle,1.82659
tls,2017,sex_mle,7.45761
tls,2018,sex_btsx,4.65434
tls,2018,sex_fmle,1.81396
tls,2018,sex_mle,7.42217
tls,2019,sex_btsx,4.66727
tls,2019,sex_fmle,1.82428
tls,2019,sex_mle,7.44547
tls,2020,sex_btsx,4.99303
tls,2020,sex_fmle,1.87998
tls,2020,sex_mle,8.04408
tls,2021,sex_btsx,5.10846
tls,2021,sex_fmle,1.93897
tls,2021,sex_mle,8.22391
ton,2000,sex_btsx,4.55736
ton,2000,sex_fmle,2.9695
ton,2000,sex_mle,6.11251
ton,2001,sex_btsx,4.63993
ton,2001,sex_fmle,3.06497
ton,2001,sex_mle,6.18395
ton,2002,sex_btsx,4.30442
ton,2002,sex_fmle,2.84174
ton,2002,sex_mle,5.73935
ton,2003,sex_btsx,4.10468
ton,2003,sex_fmle,2.76725
ton,2003,sex_mle,5.41751
ton,2004,sex_btsx,4.02838
ton,2004,sex_fmle,2.65706
ton,2004,sex_mle,5.37506
ton,2005,sex_btsx,3.89937
ton,2005,sex_fmle,2.53423
ton,2005,sex_mle,5.24047
ton,2006,sex_btsx,3.80317
ton,2006,sex_fmle,2.48264
ton,2006,sex_mle,5.10128
ton,2007,sex_btsx,3.70071
ton,2007,sex_fmle,2.38833
ton,2007,sex_mle,4.99443
ton,2008,sex_btsx,3.58509
ton,2008,sex_fmle,2.33269
ton,2008,sex_mle,4.82588
ton,2009,sex_btsx,3.49061
ton,2009,sex_fmle,2.44903
ton,2009,sex_mle,4.52765
ton,2010,sex_btsx,3.65095
ton,2010,sex_fmle,2.34618
ton,2010,sex_mle,4.9558
ton,2011,sex_btsx,3.54616
ton,2011,sex_fmle,2.2152
ton,2011,sex_mle,4.88294
ton,2012,sex_btsx,3.49421
ton,2012,sex_fmle,2.22624
ton,2012,sex_mle,4.77307
ton,2013,sex_btsx,3.46719
ton,2013,sex_fmle,2.20249
ton,2013,sex_mle,4.74825
ton,2014,sex_btsx,3.45336
ton,2014,sex_fmle,2.18225
ton,2014,sex_mle,4.74638
ton,2015,sex_btsx,3.46332
ton,2015,sex_fmle,2.20598
ton,2015,sex_mle,4.7478
ton,2016,sex_btsx,3.44106
ton,2016,sex_fmle,2.14677
ton,2016,sex_mle,4.76986
ton,2017,sex_btsx,3.42353
ton,2017,sex_fmle,2.14023
ton,2017,sex_mle,4.75089
ton,2018,sex_btsx,3.36603
ton,2018,sex_fmle,2.11328
ton,2018,sex_mle,4.67507
ton,2019,sex_btsx,3.35038
ton,2019,sex_fmle,2.11351
ton,2019,sex_mle,4.65626
ton,2020,sex_btsx,3.32672
ton,2020,sex_fmle,2.10484
ton,2020,sex_mle,4.63033
ton,2021,sex_btsx,3.30296
ton,2021,sex_fmle,2.1051
ton,2021,sex_mle,4.59656
tto,2000,sex_btsx,12.65905
tto,2000,sex_fmle,3.62606
tto,2000,sex_mle,21.84518
tto,2001,sex_btsx,16.17902
tto,2001,sex_fmle,4.54508
tto,2001,sex_mle,28.01443
tto,2002,sex_btsx,15.47595
tto,2002,sex_fmle,4.27794
tto,2002,sex_mle,26.87312
tto,2003,sex_btsx,23.48322
tto,2003,sex_fmle,6.0751
tto,2003,sex_mle,41.21047
tto,2004,sex_btsx,25.43995
tto,2004,sex_fmle,6.67541
tto,2004,sex_mle,44.55953
tto,2005,sex_btsx,34.85456
tto,2005,sex_fmle,8.8042
tto,2005,sex_mle,61.41321
tto,2006,sex_btsx,34.79171
tto,2006,sex_fmle,9.0369
tto,2006,sex_mle,61.06543
tto,2007,sex_btsx,36.84321
tto,2007,sex_fmle,8.40524
tto,2007,sex_mle,65.87154
tto,2008,sex_btsx,39.84913
tto,2008,sex_fmle,8.99692
tto,2008,sex_mle,71.36125
tto,2009,sex_btsx,41.92906
tto,2009,sex_fmle,9.44918
tto,2009,sex_mle,75.12423
tto,2010,sex_btsx,39.94462
tto,2010,sex_fmle,9.54595
tto,2010,sex_mle,71.03092
tto,2011,sex_btsx,35.72067
tto,2011,sex_fmle,7.86837
tto,2011,sex_mle,64.21819
tto,2012,sex_btsx,37.28341
tto,2012,sex_fmle,8.13619
tto,2012,sex_mle,67.12203
tto,2013,sex_btsx,34.54759
tto,2013,sex_fmle,7.34873
tto,2013,sex_mle,62.40668
tto,2014,sex_btsx,34.53186
tto,2014,sex_fmle,7.20002
tto,2014,sex_mle,62.54273
tto,2015,sex_btsx,34.53351
tto,2015,sex_fmle,7.17729
tto,2015,sex_mle,62.59241
tto,2016,sex_btsx,34.51527
tto,2016,sex_fmle,7.16225
tto,2016,sex_mle,62.59671
tto,2017,sex_btsx,34.50921
tto,2017,sex_fmle,7.05231
tto,2017,sex_mle,62.71195
tto,2018,sex_btsx,36.35357
tto,2018,sex_fmle,7.35359
tto,2018,sex_mle,65.92656
tto,2019,sex_btsx,36.49854
tto,2019,sex_fmle,7.26884
tto,2019,sex_mle,66.23442
tto,2020,sex_btsx,36.87411
tto,2020,sex_fmle,7.28683
tto,2020,sex_mle,67.13641
tto,2021,sex_btsx,37.66092
tto,2021,sex_fmle,7.34966
tto,2021,sex_mle,68.66923
tun,2000,sex_btsx,2.5301
tun,2000,sex_fmle,1.17229
tun,2000,sex_mle,3.85968
tun,2001,sex_btsx,2.52317
tun,2001,sex_fmle,1.15773
tun,2001,sex_mle,3.86337
tun,2002,sex_btsx,2.51661
tun,2002,sex_fmle,1.15156
tun,2002,sex_mle,3.85957
tun,2003,sex_btsx,2.50956
tun,2003,sex_fmle,1.14823
tun,2003,sex_mle,3.85186
tun,2004,sex_btsx,2.50767
tun,2004,sex_fmle,1.11744
tun,2004,sex_mle,3.88147
tun,2005,sex_btsx,2.70358
tun,2005,sex_fmle,1.17984
tun,2005,sex_mle,4.21266
tun,2006,sex_btsx,2.76421
tun,2006,sex_fmle,1.1915
tun,2006,sex_mle,4.32527
tun,2007,sex_btsx,2.84816
tun,2007,sex_fmle,1.22115
tun,2007,sex_mle,4.46668
tun,2008,sex_btsx,2.88221
tun,2008,sex_fmle,1.25304
tun,2008,sex_mle,4.5064
tun,2009,sex_btsx,2.85901
tun,2009,sex_fmle,1.27392
tun,2009,sex_mle,4.44259
tun,2010,sex_btsx,2.93828
tun,2010,sex_fmle,1.33785
tun,2010,sex_mle,4.54045
tun,2011,sex_btsx,3.03207
tun,2011,sex_fmle,1.42759
tun,2011,sex_mle,4.64147
tun,2012,sex_btsx,3.18157
tun,2012,sex_fmle,1.51967
tun,2012,sex_mle,4.85189
tun,2013,sex_btsx,3.17616
tun,2013,sex_fmle,1.54333
tun,2013,sex_mle,4.82051
tun,2014,sex_btsx,3.17294
tun,2014,sex_fmle,1.55414
tun,2014,sex_mle,4.80601
tun,2015,sex_btsx,3.17232
tun,2015,sex_fmle,1.55747
tun,2015,sex_mle,4.80387
tun,2016,sex_btsx,3.17463
tun,2016,sex_fmle,1.55034
tun,2016,sex_mle,4.81814
tun,2017,sex_btsx,3.18109
tun,2017,sex_fmle,1.539
tun,2017,sex_mle,4.84498
tun,2018,sex_btsx,3.3357
tun,2018,sex_fmle,1.59429
tun,2018,sex_mle,5.10272
tun,2019,sex_btsx,3.4008
tun,2019,sex_fmle,1.60424
tun,2019,sex_mle,5.22632
tun,2020,sex_btsx,3.50155
tun,2020,sex_fmle,1.63129
tun,2020,sex_mle,5.40477
tun,2021,sex_btsx,3.6275
tun,2021,sex_fmle,1.65983
tun,2021,sex_mle,5.63324
tur,2000,sex_btsx,5.03127
tur,2000,sex_fmle,1.23735
tur,2000,sex_mle,8.78649
tur,2001,sex_btsx,5.0321
tur,2001,sex_fmle,1.27554
tur,2001,sex_mle,8.7529
tur,2002,sex_btsx,5.03325
tur,2002,sex_fmle,1.27903
tur,2002,sex_mle,8.75437
tur,2003,sex_btsx,5.03934
tur,2003,sex_fmle,1.42085
tur,2003,sex_mle,8.62852
tur,2004,sex_btsx,5.1357
tur,2004,sex_fmle,1.55726
tur,2004,sex_mle,8.68778
tur,2005,sex_btsx,5.32967
tur,2005,sex_fmle,1.7141
tur,2005,sex_mle,8.92127
tur,2006,sex_btsx,5.35275
tur,2006,sex_fmle,1.78984
tur,2006,sex_mle,8.89475
tur,2007,sex_btsx,5.40026
tur,2007,sex_fmle,1.8465
tur,2007,sex_mle,8.93588
tur,2008,sex_btsx,5.30474
tur,2008,sex_fmle,1.85274
tur,2008,sex_mle,8.73852
tur,2009,sex_btsx,5.30627
tur,2009,sex_fmle,1.89392
tur,2009,sex_mle,8.69688
tur,2010,sex_btsx,5.01053
tur,2010,sex_fmle,1.82663
tur,2010,sex_mle,8.17064
tur,2011,sex_btsx,4.87575
tur,2011,sex_fmle,1.78123
tur,2011,sex_mle,7.94679
tur,2012,sex_btsx,4.8434
tur,2012,sex_fmle,1.7662
tur,2012,sex_mle,7.8997
tur,2013,sex_btsx,4.84319
tur,2013,sex_fmle,1.78312
tur,2013,sex_mle,7.88459
tur,2014,sex_btsx,4.83289
tur,2014,sex_fmle,1.78854
tur,2014,sex_mle,7.86048
tur,2015,sex_btsx,4.83037
tur,2015,sex_fmle,1.78574
tur,2015,sex_mle,7.86003
tur,2016,sex_btsx,4.83011
tur,2016,sex_fmle,1.77823
tur,2016,sex_mle,7.86893
tur,2017,sex_btsx,4.84851
tur,2017,sex_fmle,1.77846
tur,2017,sex_mle,7.90734
tur,2018,sex_btsx,4.83894
tur,2018,sex_fmle,1.76416
tur,2018,sex_mle,7.90432
tur,2019,sex_btsx,4.83275
tur,2019,sex_fmle,1.75072
tur,2019,sex_mle,7.90789
tur,2020,sex_btsx,4.81554
tur,2020,sex_fmle,1.7372
tur,2020,sex_mle,7.89069
tur,2021,sex_btsx,4.82838
tur,2021,sex_fmle,1.73704
tur,2021,sex_mle,7.92098
tza,2000,sex_btsx,7.72043
tza,2000,sex_fmle,3.15419
tza,2000,sex_mle,12.34334
tza,2001,sex_btsx,7.70627
tza,2001,sex_fmle,3.12303
tza,2001,sex_mle,12.34908
tza,2002,sex_btsx,7.62439
tza,2002,sex_fmle,3.06241
tza,2002,sex_mle,12.25276
tza,2003,sex_btsx,7.58093
tza,2003,sex_fmle,3.10831
tza,2003,sex_mle,12.1253
tza,2004,sex_btsx,7.50532
tza,2004,sex_fmle,3.12941
tza,2004,sex_mle,11.95791
tza,2005,sex_btsx,7.47804
tza,2005,sex_fmle,3.17174
tza,2005,sex_mle,11.86575
tza,2006,sex_btsx,7.37193
tza,2006,sex_fmle,3.2878
tza,2006,sex_mle,11.53863
tza,2007,sex_btsx,7.4263
tza,2007,sex_fmle,3.46254
tza,2007,sex_mle,11.47508
tza,2008,sex_btsx,7.54899
tza,2008,sex_fmle,3.60695
tza,2008,sex_mle,11.58178
tza,2009,sex_btsx,7.82744
tza,2009,sex_fmle,3.68105
tza,2009,sex_mle,12.08138
tza,2010,sex_btsx,8.43558
tza,2010,sex_fmle,3.88803
tza,2010,sex_mle,13.11133
tza,2011,sex_btsx,8.53868
tza,2011,sex_fmle,4.01349
tza,2011,sex_mle,13.19317
tza,2012,sex_btsx,8.59561
tza,2012,sex_fmle,4.12938
tza,2012,sex_mle,13.18872
tza,2013,sex_btsx,8.44256
tza,2013,sex_fmle,3.97723
tza,2013,sex_mle,13.03132
tza,2014,sex_btsx,8.18467
tza,2014,sex_fmle,3.90969
tza,2014,sex_mle,12.57398
tza,2015,sex_btsx,7.98174
tza,2015,sex_fmle,3.77258
tza,2015,sex_mle,12.29477
tza,2016,sex_btsx,7.75047
tza,2016,sex_fmle,3.59078
tza,2016,sex_mle,12.00044
tza,2017,sex_btsx,8.12655
tza,2017,sex_fmle,3.66495
tza,2017,sex_mle,12.67484
tza,2018,sex_btsx,8.26427
tza,2018,sex_fmle,3.79471
tza,2018,sex_mle,12.81653
tza,2019,sex_btsx,8.12294
tza,2019,sex_fmle,3.79698
tza,2019,sex_mle,12.52961
tza,2020,sex_btsx,8.16877
tza,2020,sex_fmle,3.91048
tza,2020,sex_mle,12.50656
tza,2021,sex_btsx,8.26828
tza,2021,sex_fmle,4.00767
tza,2021,sex_mle,12.60726
uga,2000,sex_btsx,9.574
uga,2000,sex_fmle,2.89855
uga,2000,sex_mle,16.48457
uga,2001,sex_btsx,9.5451
uga,2001,sex_fmle,2.9555
uga,2001,sex_mle,16.36094
uga,2002,sex_btsx,9.51767
uga,2002,sex_fmle,2.97945
uga,2002,sex_mle,16.27497
uga,2003,sex_btsx,9.4859
uga,2003,sex_fmle,2.99617
uga,2003,sex_mle,16.1884
uga,2004,sex_btsx,9.48582
uga,2004,sex_fmle,3.02972
uga,2004,sex_mle,16.14937
uga,2005,sex_btsx,10.14463
uga,2005,sex_fmle,3.26287
uga,2005,sex_mle,17.24293
uga,2006,sex_btsx,10.52987
uga,2006,sex_fmle,3.49731
uga,2006,sex_mle,17.77876
uga,2007,sex_btsx,10.61932
uga,2007,sex_fmle,3.63407
uga,2007,sex_mle,17.81393
uga,2008,sex_btsx,10.95285
uga,2008,sex_fmle,3.84266
uga,2008,sex_mle,18.2701
uga,2009,sex_btsx,11.59695
uga,2009,sex_fmle,4.1614
uga,2009,sex_mle,19.24258
uga,2010,sex_btsx,11.83936
uga,2010,sex_fmle,4.31228
uga,2010,sex_mle,19.5726
uga,2011,sex_btsx,12.63858
uga,2011,sex_fmle,4.69609
uga,2011,sex_mle,20.79168
uga,2012,sex_btsx,13.00381
uga,2012,sex_fmle,4.94025
uga,2012,sex_mle,21.27423
uga,2013,sex_btsx,13.12195
uga,2013,sex_fmle,5.11268
uga,2013,sex_mle,21.33015
uga,2014,sex_btsx,13.53089
uga,2014,sex_fmle,5.35944
uga,2014,sex_mle,21.89868
uga,2015,sex_btsx,13.53886
uga,2015,sex_fmle,5.37193
uga,2015,sex_mle,21.89542
uga,2016,sex_btsx,13.51897
uga,2016,sex_fmle,5.38843
uga,2016,sex_mle,21.83129
uga,2017,sex_btsx,13.55541
uga,2017,sex_fmle,5.45088
uga,2017,sex_mle,21.83396
uga,2018,sex_btsx,14.22052
uga,2018,sex_fmle,5.75845
uga,2018,sex_mle,22.85696
uga,2019,sex_btsx,14.45682
uga,2019,sex_fmle,5.87811
uga,2019,sex_mle,23.20503
uga,2020,sex_btsx,15.02132
uga,2020,sex_fmle,6.14535
uga,2020,sex_mle,24.06592
uga,2021,sex_btsx,15.50061
uga,2021,sex_fmle,6.39239
uga,2021,sex_mle,24.77537
ukr,2000,sex_btsx,10.66672
ukr,2000,sex_fmle,5.76056
ukr,2000,sex_mle,16.28515
ukr,2001,sex_btsx,10.69938
ukr,2001,sex_fmle,5.86729
ukr,2001,sex_mle,16.23749
ukr,2002,sex_btsx,10.16002
ukr,2002,sex_fmle,5.58427
ukr,2002,sex_mle,15.4082
ukr,2003,sex_btsx,9.51615
ukr,2003,sex_fmle,5.27162
ukr,2003,sex_mle,14.38641
ukr,2004,sex_btsx,8.71979
ukr,2004,sex_fmle,4.69914
ukr,2004,sex_mle,13.33592
ukr,2005,sex_btsx,7.96324
ukr,2005,sex_fmle,4.13333
ukr,2005,sex_mle,12.36572
ukr,2006,sex_btsx,7.42894
ukr,2006,sex_fmle,3.85025
ukr,2006,sex_mle,11.54621
ukr,2007,sex_btsx,6.96111
ukr,2007,sex_fmle,3.5925
ukr,2007,sex_mle,10.83857
ukr,2008,sex_btsx,6.51075
ukr,2008,sex_fmle,3.40599
ukr,2008,sex_mle,10.08702
ukr,2009,sex_btsx,6.01718
ukr,2009,sex_fmle,3.18127
ukr,2009,sex_mle,9.28414
ukr,2010,sex_btsx,5.72909
ukr,2010,sex_fmle,3.08991
ukr,2010,sex_mle,8.76803
ukr,2011,sex_btsx,5.88245
ukr,2011,sex_fmle,3.14019
ukr,2011,sex_mle,9.03844
ukr,2012,sex_btsx,6.08129
ukr,2012,sex_fmle,3.25428
ukr,2012,sex_mle,9.33144
ukr,2013,sex_btsx,6.45586
ukr,2013,sex_fmle,3.44438
ukr,2013,sex_mle,9.91415
ukr,2014,sex_btsx,6.9101
ukr,2014,sex_fmle,3.60266
ukr,2014,sex_mle,10.70633
ukr,2015,sex_btsx,6.94671
ukr,2015,sex_fmle,3.7922
ukr,2015,sex_mle,10.56584
ukr,2016,sex_btsx,7.0178
ukr,2016,sex_fmle,3.72705
ukr,2016,sex_mle,10.79086
ukr,2017,sex_btsx,7.07625
ukr,2017,sex_fmle,3.77632
ukr,2017,sex_mle,10.85772
ukr,2018,sex_btsx,6.38679
ukr,2018,sex_fmle,3.43168
ukr,2018,sex_mle,9.77215
ukr,2019,sex_btsx,6.30019
ukr,2019,sex_fmle,3.40405
ukr,2019,sex_mle,9.61806
ukr,2020,sex_btsx,5.91764
ukr,2020,sex_fmle,3.21009
ukr,2020,sex_mle,9.02031
ukr,2021,sex_btsx,5.60521
ukr,2021,sex_fmle,3.05747
ukr,2021,sex_mle,8.52448
ury,2000,sex_btsx,6.48433
ury,2000,sex_fmle,2.34694
ury,2000,sex_mle,10.86407
ury,2001,sex_btsx,6.59686
ury,2001,sex_fmle,2.47907
ury,2001,sex_mle,10.95899
ury,2002,sex_btsx,6.99609
ury,2002,sex_fmle,2.51451
ury,2002,sex_mle,11.747
ury,2003,sex_btsx,5.96112
ury,2003,sex_fmle,2.26775
ury,2003,sex_mle,9.87938
ury,2004,sex_btsx,5.87571
ury,2004,sex_fmle,2.40945
ury,2004,sex_mle,9.55567
ury,2005,sex_btsx,5.6804
ury,2005,sex_fmle,2.3332
ury,2005,sex_mle,9.23665
ury,2006,sex_btsx,6.09318
ury,2006,sex_fmle,2.38379
ury,2006,sex_mle,10.03739
ury,2007,sex_btsx,5.84178
ury,2007,sex_fmle,2.38425
ury,2007,sex_mle,9.52062
ury,2008,sex_btsx,6.622
ury,2008,sex_fmle,2.70026
ury,2008,sex_mle,10.79674
ury,2009,sex_btsx,6.74727
ury,2009,sex_fmle,2.60743
ury,2009,sex_mle,11.1555
ury,2010,sex_btsx,6.09482
ury,2010,sex_fmle,2.27687
ury,2010,sex_mle,10.16108
ury,2011,sex_btsx,5.915
ury,2011,sex_fmle,2.11954
ury,2011,sex_mle,9.95759
ury,2012,sex_btsx,7.90198
ury,2012,sex_fmle,2.78217
ury,2012,sex_mle,13.35436
ury,2013,sex_btsx,7.56304
ury,2013,sex_fmle,2.80532
ury,2013,sex_mle,12.62833
ury,2014,sex_btsx,7.85145
ury,2014,sex_fmle,2.83473
ury,2014,sex_mle,13.19035
ury,2015,sex_btsx,8.06622
ury,2015,sex_fmle,2.82509
ury,2015,sex_mle,13.64106
ury,2016,sex_btsx,8.02597
ury,2016,sex_fmle,2.74051
ury,2016,sex_mle,13.64445
ury,2017,sex_btsx,8.11722
ury,2017,sex_fmle,2.72694
ury,2017,sex_mle,13.84352
ury,2018,sex_btsx,8.39173
ury,2018,sex_fmle,2.78232
ury,2018,sex_mle,14.34938
ury,2019,sex_btsx,8.6129
ury,2019,sex_fmle,2.82834
ury,2019,sex_mle,14.75652
ury,2020,sex_btsx,8.9386
ury,2020,sex_fmle,2.90029
ury,2020,sex_mle,15.35038
ury,2021,sex_btsx,9.19872
ury,2021,sex_fmle,2.95446
ury,2021,sex_mle,15.82898
usa,2000,sex_btsx,6.19471
usa,2000,sex_fmle,2.93303
usa,2000,sex_mle,9.50065
usa,2001,sex_btsx,7.46217
usa,2001,sex_fmle,3.53101
usa,2001,sex_mle,11.43997
usa,2002,sex_btsx,6.40465
usa,2002,sex_fmle,2.91959
usa,2002,sex_mle,9.92775
usa,2003,sex_btsx,6.39593
usa,2003,sex_fmle,2.80531
usa,2003,sex_mle,10.02239
usa,2004,sex_btsx,6.19644
usa,2004,sex_fmle,2.70056
usa,2004,sex_mle,9.72411
usa,2005,sex_btsx,6.39952
usa,2005,sex_fmle,2.68358
usa,2005,sex_mle,10.14609
usa,2006,sex_btsx,6.52113
usa,2006,sex_fmle,2.75598
usa,2006,sex_mle,10.31429
usa,2007,sex_btsx,6.37904
usa,2007,sex_fmle,2.68656
usa,2007,sex_mle,10.09627
usa,2008,sex_btsx,6.11826
usa,2008,sex_fmle,2.56388
usa,2008,sex_mle,9.69398
usa,2009,sex_btsx,5.76875
usa,2009,sex_fmle,2.53164
usa,2009,sex_mle,9.02326
usa,2010,sex_btsx,5.53216
usa,2010,sex_fmle,2.40567
usa,2010,sex_mle,8.67372
usa,2011,sex_btsx,5.42675
usa,2011,sex_fmle,2.36327
usa,2011,sex_mle,8.50062
usa,2012,sex_btsx,5.53392
usa,2012,sex_fmle,2.34285
usa,2012,sex_mle,8.72869
usa,2013,sex_btsx,5.28584
usa,2013,sex_fmle,2.2595
usa,2013,sex_mle,8.30932
usa,2014,sex_btsx,5.13474
usa,2014,sex_fmle,2.16851
usa,2014,sex_mle,8.0923
usa,2015,sex_btsx,5.75034
usa,2015,sex_fmle,2.26777
usa,2015,sex_mle,9.2162
usa,2016,sex_btsx,6.23968
usa,2016,sex_fmle,2.48612
usa,2016,sex_mle,9.9684
usa,2017,sex_btsx,6.28641
usa,2017,sex_fmle,2.50103
usa,2017,sex_mle,10.04022
usa,2018,sex_btsx,5.79204
usa,2018,sex_fmle,2.22921
usa,2018,sex_mle,9.31972
usa,2019,sex_btsx,5.78146
usa,2019,sex_fmle,2.18448
usa,2019,sex_mle,9.33812
usa,2020,sex_btsx,5.80764
usa,2020,sex_fmle,2.22421
usa,2020,sex_mle,9.34943
usa,2021,sex_btsx,5.76984
usa,2021,sex_fmle,2.21231
usa,2021,sex_mle,9.28761
uzb,2000,sex_btsx,4.19399
uzb,2000,sex_fmle,1.77735
uzb,2000,sex_mle,6.58617
uzb,2001,sex_btsx,4.13421
uzb,2001,sex_fmle,1.73788
uzb,2001,sex_mle,6.50634
uzb,2002,sex_btsx,4.00342
uzb,2002,sex_fmle,1.70828
uzb,2002,sex_mle,6.27544
uzb,2003,sex_btsx,3.81041
uzb,2003,sex_fmle,1.63112
uzb,2003,sex_mle,5.96768
uzb,2004,sex_btsx,3.66028
uzb,2004,sex_fmle,1.49555
uzb,2004,sex_mle,5.80298
uzb,2005,sex_btsx,3.4904
uzb,2005,sex_fmle,1.39944
uzb,2005,sex_mle,5.55991
uzb,2006,sex_btsx,3.32671
uzb,2006,sex_fmle,1.3562
uzb,2006,sex_mle,5.27681
uzb,2007,sex_btsx,3.19058
uzb,2007,sex_fmle,1.32067
uzb,2007,sex_mle,5.04088
uzb,2008,sex_btsx,3.11841
uzb,2008,sex_fmle,1.32497
uzb,2008,sex_mle,4.89267
uzb,2009,sex_btsx,3.0504
uzb,2009,sex_fmle,1.33189
uzb,2009,sex_mle,4.75
uzb,2010,sex_btsx,2.83639
uzb,2010,sex_fmle,1.26
uzb,2010,sex_mle,4.39478
uzb,2011,sex_btsx,2.37381
uzb,2011,sex_fmle,1.08377
uzb,2011,sex_mle,3.64855
uzb,2012,sex_btsx,2.12518
uzb,2012,sex_fmle,0.98879
uzb,2012,sex_mle,3.2476
uzb,2013,sex_btsx,1.96376
uzb,2013,sex_fmle,0.9173
uzb,2013,sex_mle,2.99689
uzb,2014,sex_btsx,1.6157
uzb,2014,sex_fmle,0.75181
uzb,2014,sex_mle,2.46815
uzb,2015,sex_btsx,1.87783
uzb,2015,sex_fmle,0.88193
uzb,2015,sex_mle,2.85997
uzb,2016,sex_btsx,1.97237
uzb,2016,sex_fmle,0.92423
uzb,2016,sex_mle,3.0054
uzb,2017,sex_btsx,1.69412
uzb,2017,sex_fmle,0.79746
uzb,2017,sex_mle,2.5774
uzb,2018,sex_btsx,1.57595
uzb,2018,sex_fmle,0.74427
uzb,2018,sex_mle,2.39489
uzb,2019,sex_btsx,1.48532
uzb,2019,sex_fmle,0.70315
uzb,2019,sex_mle,2.25524
uzb,2020,sex_btsx,1.38007
uzb,2020,sex_fmle,0.66062
uzb,2020,sex_mle,2.08802
uzb,2021,sex_btsx,1.28211
uzb,2021,sex_fmle,0.62222
uzb,2021,sex_mle,1.93111
vct,2000,sex_btsx,15.24041
vct,2000,sex_fmle,7.21391
vct,2000,sex_mle,22.88421
vct,2001,sex_btsx,15.15319
vct,2001,sex_fmle,6.74412
vct,2001,sex_mle,23.14919
vct,2002,sex_btsx,16.46319
vct,2002,sex_fmle,7.26059
vct,2002,sex_mle,25.20372
vct,2003,sex_btsx,17.36965
vct,2003,sex_fmle,7.51238
vct,2003,sex_mle,26.72281
vct,2004,sex_btsx,19.5494
vct,2004,sex_fmle,7.61264
vct,2004,sex_mle,30.86263
vct,2005,sex_btsx,20.38125
vct,2005,sex_fmle,7.59752
vct,2005,sex_mle,32.48294
vct,2006,sex_btsx,20.57071
vct,2006,sex_fmle,7.51223
vct,2006,sex_mle,32.91817
vct,2007,sex_btsx,22.20666
vct,2007,sex_fmle,9.70537
vct,2007,sex_mle,34.01333
vct,2008,sex_btsx,20.41799
vct,2008,sex_fmle,9.68671
vct,2008,sex_mle,30.54133
vct,2009,sex_btsx,20.50052
vct,2009,sex_fmle,10.30465
vct,2009,sex_mle,30.10949
vct,2010,sex_btsx,20.78528
vct,2010,sex_fmle,10.12571
vct,2010,sex_mle,30.82119
vct,2011,sex_btsx,20.93148
vct,2011,sex_fmle,10.24347
vct,2011,sex_mle,30.98508
vct,2012,sex_btsx,22.58658
vct,2012,sex_fmle,12.47178
vct,2012,sex_mle,32.09928
vct,2013,sex_btsx,23.13397
vct,2013,sex_fmle,10.39003
vct,2013,sex_mle,35.12856
vct,2014,sex_btsx,24.82853
vct,2014,sex_fmle,10.41693
vct,2014,sex_mle,38.40758
vct,2015,sex_btsx,26.91823
vct,2015,sex_fmle,11.51409
vct,2015,sex_mle,41.45175
vct,2016,sex_btsx,28.73623
vct,2016,sex_fmle,12.04101
vct,2016,sex_mle,44.5069
vct,2017,sex_btsx,28.82481
vct,2017,sex_fmle,11.97082
vct,2017,sex_mle,44.75856
vct,2018,sex_btsx,29.6955
vct,2018,sex_fmle,12.21058
vct,2018,sex_mle,46.2469
vct,2019,sex_btsx,30.89728
vct,2019,sex_fmle,12.57787
vct,2019,sex_mle,48.26338
vct,2020,sex_btsx,31.30927
vct,2020,sex_fmle,12.81899
vct,2020,sex_mle,48.90114
vct,2021,sex_btsx,34.61304
vct,2021,sex_fmle,13.09627
vct,2021,sex_mle,55.17932
ven,2000,sex_btsx,41.71467
ven,2000,sex_fmle,7.3288
ven,2000,sex_mle,75.99307
ven,2001,sex_btsx,40.87483
ven,2001,sex_fmle,7.48867
ven,2001,sex_mle,74.18345
ven,2002,sex_btsx,48.25354
ven,2002,sex_fmle,9.72811
ven,2002,sex_mle,86.72158
ven,2003,sex_btsx,58.32497
ven,2003,sex_fmle,10.19156
ven,2003,sex_mle,106.4225
ven,2004,sex_btsx,48.0667
ven,2004,sex_fmle,8.77301
ven,2004,sex_mle,87.36092
ven,2005,sex_btsx,46.15927
ven,2005,sex_fmle,8.38795
ven,2005,sex_mle,83.95752
ven,2006,sex_btsx,52.07904
ven,2006,sex_fmle,8.8957
ven,2006,sex_mle,95.3286
ven,2007,sex_btsx,55.16579
ven,2007,sex_fmle,8.55273
ven,2007,sex_mle,101.89763
ven,2008,sex_btsx,59.82414
ven,2008,sex_fmle,8.76474
ven,2008,sex_mle,111.07768
ven,2009,sex_btsx,57.47253
ven,2009,sex_fmle,8.54136
ven,2009,sex_mle,106.65619
ven,2010,sex_btsx,53.40304
ven,2010,sex_fmle,8.02539
ven,2010,sex_mle,99.06728
ven,2011,sex_btsx,52.47542
ven,2011,sex_fmle,7.83573
ven,2011,sex_mle,97.44866
ven,2012,sex_btsx,57.76147
ven,2012,sex_fmle,8.06717
ven,2012,sex_mle,107.88805
ven,2013,sex_btsx,56.69002
ven,2013,sex_fmle,7.83825
ven,2013,sex_mle,106.02166
ven,2014,sex_btsx,60.91313
ven,2014,sex_fmle,8.21757
ven,2014,sex_mle,114.18547
ven,2015,sex_btsx,60.25702
ven,2015,sex_fmle,8.07559
ven,2015,sex_mle,113.06836
ven,2016,sex_btsx,59.33305
ven,2016,sex_fmle,8.15079
ven,2016,sex_mle,111.20118
ven,2017,sex_btsx,58.81886
ven,2017,sex_fmle,8.1067
ven,2017,sex_mle,110.29157
ven,2018,sex_btsx,60.93645
ven,2018,sex_fmle,8.41457
ven,2018,sex_mle,114.33135
ven,2019,sex_btsx,62.83327
ven,2019,sex_fmle,8.70149
ven,2019,sex_mle,117.94876
ven,2020,sex_btsx,62.02595
ven,2020,sex_fmle,8.7007
ven,2020,sex_mle,116.39868
ven,2021,sex_btsx,63.14801
ven,2021,sex_fmle,8.91553
ven,2021,sex_mle,118.52008
vnm,2000,sex_btsx,1.71364
vnm,2000,sex_fmle,0.36579
vnm,2000,sex_mle,3.11509
vnm,2001,sex_btsx,1.70628
vnm,2001,sex_fmle,0.36442
vnm,2001,sex_mle,3.1032
vnm,2002,sex_btsx,1.71169
vnm,2002,sex_fmle,0.36555
vnm,2002,sex_mle,3.11518
vnm,2003,sex_btsx,1.70116
vnm,2003,sex_fmle,0.35872
vnm,2003,sex_mle,3.10375
vnm,2004,sex_btsx,1.68478
vnm,2004,sex_fmle,0.34987
vnm,2004,sex_mle,3.08234
vnm,2005,sex_btsx,1.67163
vnm,2005,sex_fmle,0.33938
vnm,2005,sex_mle,3.06881
vnm,2006,sex_btsx,1.67201
vnm,2006,sex_fmle,0.33545
vnm,2006,sex_mle,3.07685
vnm,2007,sex_btsx,1.69783
vnm,2007,sex_fmle,0.34644
vnm,2007,sex_mle,3.12171
vnm,2008,sex_btsx,1.70379
vnm,2008,sex_fmle,0.36153
vnm,2008,sex_mle,3.12126
vnm,2009,sex_btsx,1.75653
vnm,2009,sex_fmle,0.37284
vnm,2009,sex_mle,3.21867
vnm,2010,sex_btsx,1.81194
vnm,2010,sex_fmle,0.38743
vnm,2010,sex_mle,3.3158
vnm,2011,sex_btsx,1.83176
vnm,2011,sex_fmle,0.39595
vnm,2011,sex_mle,3.34601
vnm,2012,sex_btsx,1.81923
vnm,2012,sex_fmle,0.39783
vnm,2012,sex_mle,3.31657
vnm,2013,sex_btsx,1.8081
vnm,2013,sex_fmle,0.39987
vnm,2013,sex_mle,3.2896
vnm,2014,sex_btsx,1.79489
vnm,2014,sex_fmle,0.40137
vnm,2014,sex_mle,3.25893
vnm,2015,sex_btsx,1.78497
vnm,2015,sex_fmle,0.40194
vnm,2015,sex_mle,3.23614
vnm,2016,sex_btsx,1.78031
vnm,2016,sex_fmle,0.40186
vnm,2016,sex_mle,3.22391
vnm,2017,sex_btsx,1.77835
vnm,2017,sex_fmle,0.40064
vnm,2017,sex_mle,3.2181
vnm,2018,sex_btsx,1.82663
vnm,2018,sex_fmle,0.41135
vnm,2018,sex_mle,3.30375
vnm,2019,sex_btsx,1.83903
vnm,2019,sex_fmle,0.41525
vnm,2019,sex_mle,3.32408
vnm,2020,sex_btsx,1.87262
vnm,2020,sex_fmle,0.42333
vnm,2020,sex_mle,3.38361
vnm,2021,sex_btsx,1.90528
vnm,2021,sex_fmle,0.43116
vnm,2021,sex_mle,3.44141
vut,2000,sex_btsx,3.46755
vut,2000,sex_fmle,1.81368
vut,2000,sex_mle,4.97935
vut,2001,sex_btsx,3.3661
vut,2001,sex_fmle,1.76433
vut,2001,sex_mle,4.83679
vut,2002,sex_btsx,3.176
vut,2002,sex_fmle,1.62543
vut,2002,sex_mle,4.60556
vut,2003,sex_btsx,2.96768
vut,2003,sex_fmle,1.50484
vut,2003,sex_mle,4.32182
vut,2004,sex_btsx,2.8994
vut,2004,sex_fmle,1.45679
vut,2004,sex_mle,4.23983
vut,2005,sex_btsx,2.94191
vut,2005,sex_fmle,1.48168
vut,2005,sex_mle,4.30386
vut,2006,sex_btsx,2.93836
vut,2006,sex_fmle,1.48335
vut,2006,sex_mle,4.30034
vut,2007,sex_btsx,2.92923
vut,2007,sex_fmle,1.49137
vut,2007,sex_mle,4.28005
vut,2008,sex_btsx,2.85973
vut,2008,sex_fmle,1.46158
vut,2008,sex_mle,4.17785
vut,2009,sex_btsx,2.80325
vut,2009,sex_fmle,1.43746
vut,2009,sex_mle,4.0956
vut,2010,sex_btsx,2.68125
vut,2010,sex_fmle,1.39018
vut,2010,sex_mle,3.90722
vut,2011,sex_btsx,2.64494
vut,2011,sex_fmle,1.36255
vut,2011,sex_mle,3.86664
vut,2012,sex_btsx,2.60715
vut,2012,sex_fmle,1.34668
vut,2012,sex_mle,3.81185
vut,2013,sex_btsx,2.57807
vut,2013,sex_fmle,1.33968
vut,2013,sex_mle,3.76524
vut,2014,sex_btsx,2.52536
vut,2014,sex_fmle,1.31199
vut,2014,sex_mle,3.69177
vut,2015,sex_btsx,2.50374
vut,2015,sex_fmle,1.29841
vut,2015,sex_mle,3.6655
vut,2016,sex_btsx,2.44815
vut,2016,sex_fmle,1.27471
vut,2016,sex_mle,3.58207
vut,2017,sex_btsx,2.34093
vut,2017,sex_fmle,1.19163
vut,2017,sex_mle,3.45455
vut,2018,sex_btsx,2.31947
vut,2018,sex_fmle,1.15231
vut,2018,sex_mle,3.45386
vut,2019,sex_btsx,2.26797
vut,2019,sex_fmle,1.12401
vut,2019,sex_mle,3.3831
vut,2020,sex_btsx,2.25277
vut,2020,sex_fmle,1.11466
vut,2020,sex_mle,3.3648
vut,2021,sex_btsx,2.2472
vut,2021,sex_fmle,1.11319
vut,2021,sex_mle,3.35709
wsm,2000,sex_btsx,5.95664
wsm,2000,sex_fmle,2.48875
wsm,2000,sex_mle,9.2013
wsm,2001,sex_btsx,5.71769
wsm,2001,sex_fmle,2.39837
wsm,2001,sex_mle,8.82602
wsm,2002,sex_btsx,5.48222
wsm,2002,sex_fmle,2.29455
wsm,2002,sex_mle,8.4718
wsm,2003,sex_btsx,5.28908
wsm,2003,sex_fmle,2.22058
wsm,2003,sex_mle,8.17332
wsm,2004,sex_btsx,5.07417
wsm,2004,sex_fmle,2.12123
wsm,2004,sex_mle,7.85592
wsm,2005,sex_btsx,4.85178
wsm,2005,sex_fmle,2.00451
wsm,2005,sex_mle,7.53977
wsm,2006,sex_btsx,4.6349
wsm,2006,sex_fmle,1.90357
wsm,2006,sex_mle,7.21928
wsm,2007,sex_btsx,4.43254
wsm,2007,sex_fmle,1.81615
wsm,2007,sex_mle,6.91351
wsm,2008,sex_btsx,4.22636
wsm,2008,sex_fmle,1.71843
wsm,2008,sex_mle,6.60966
wsm,2009,sex_btsx,3.72939
wsm,2009,sex_fmle,1.55788
wsm,2009,sex_mle,5.79775
wsm,2010,sex_btsx,3.86288
wsm,2010,sex_fmle,1.60331
wsm,2010,sex_mle,6.02032
wsm,2011,sex_btsx,3.69524
wsm,2011,sex_fmle,1.55607
wsm,2011,sex_mle,5.74293
wsm,2012,sex_btsx,3.34177
wsm,2012,sex_fmle,1.40919
wsm,2012,sex_mle,5.19632
wsm,2013,sex_btsx,3.3108
wsm,2013,sex_fmle,1.40172
wsm,2013,sex_mle,5.14701
wsm,2014,sex_btsx,3.23569
wsm,2014,sex_fmle,1.37986
wsm,2014,sex_mle,5.02489
wsm,2015,sex_btsx,3.17123
wsm,2015,sex_fmle,1.35994
wsm,2015,sex_mle,4.92191
wsm,2016,sex_btsx,3.07779
wsm,2016,sex_fmle,1.32577
wsm,2016,sex_mle,4.7763
wsm,2017,sex_btsx,3.00123
wsm,2017,sex_fmle,1.30512
wsm,2017,sex_mle,4.65213
wsm,2018,sex_btsx,2.74932
wsm,2018,sex_fmle,1.20813
wsm,2018,sex_mle,4.25637
wsm,2019,sex_btsx,2.62298
wsm,2019,sex_fmle,1.16232
wsm,2019,sex_mle,4.0577
wsm,2020,sex_btsx,2.49821
wsm,2020,sex_fmle,1.11974
wsm,2020,sex_mle,3.85812
wsm,2021,sex_btsx,2.36452
wsm,2021,sex_fmle,1.06945
wsm,2021,sex_mle,3.64446
yem,2000,sex_btsx,4.31634
yem,2000,sex_fmle,2.14688
yem,2000,sex_mle,6.4496
yem,2001,sex_btsx,4.25503
yem,2001,sex_fmle,2.11403
yem,2001,sex_mle,6.3583
yem,2002,sex_btsx,4.19316
yem,2002,sex_fmle,2.08553
yem,2002,sex_mle,6.26171
yem,2003,sex_btsx,4.16291
yem,2003,sex_fmle,2.0776
yem,2003,sex_mle,6.20776
yem,2004,sex_btsx,4.17108
yem,2004,sex_fmle,2.07145
yem,2004,sex_mle,6.22829
yem,2005,sex_btsx,4.66783
yem,2005,sex_fmle,2.32337
yem,2005,sex_mle,6.96279
yem,2006,sex_btsx,4.65499
yem,2006,sex_fmle,2.31025
yem,2006,sex_mle,6.94789
yem,2007,sex_btsx,4.59314
yem,2007,sex_fmle,2.28697
yem,2007,sex_mle,6.84598
yem,2008,sex_btsx,4.68661
yem,2008,sex_fmle,2.32462
yem,2008,sex_mle,6.99147
yem,2009,sex_btsx,4.99448
yem,2009,sex_fmle,2.48587
yem,2009,sex_mle,7.43961
yem,2010,sex_btsx,5.40804
yem,2010,sex_fmle,2.70095
yem,2010,sex_mle,8.04392
yem,2011,sex_btsx,5.93931
yem,2011,sex_fmle,3.01286
yem,2011,sex_mle,8.78623
yem,2012,sex_btsx,6.41998
yem,2012,sex_fmle,3.28534
yem,2012,sex_mle,9.46698
yem,2013,sex_btsx,6.68631
yem,2013,sex_fmle,3.48104
yem,2013,sex_mle,9.80023
yem,2014,sex_btsx,7.49466
yem,2014,sex_fmle,3.97255
yem,2014,sex_mle,10.91477
yem,2015,sex_btsx,7.97501
yem,2015,sex_fmle,4.24644
yem,2015,sex_mle,11.59545
yem,2016,sex_btsx,8.30515
yem,2016,sex_fmle,4.4443
yem,2016,sex_mle,12.05552
yem,2017,sex_btsx,8.51965
yem,2017,sex_fmle,4.55932
yem,2017,sex_mle,12.36815
yem,2018,sex_btsx,8.7177
yem,2018,sex_fmle,4.66362
yem,2018,sex_mle,12.66045
yem,2019,sex_btsx,8.90409
yem,2019,sex_fmle,4.76243
yem,2019,sex_mle,12.93582
yem,2020,sex_btsx,9.16138
yem,2020,sex_fmle,4.90955
yem,2020,sex_mle,13.30304
yem,2021,sex_btsx,9.40275
yem,2021,sex_fmle,5.0425
yem,2021,sex_mle,13.65206
zaf,2000,sex_btsx,43.76576
zaf,2000,sex_fmle,19.75757
zaf,2000,sex_mle,70.26685
zaf,2001,sex_btsx,43.84114
zaf,2001,sex_fmle,19.76457
zaf,2001,sex_mle,70.41626
zaf,2002,sex_btsx,46.1278
zaf,2002,sex_fmle,19.73642
zaf,2002,sex_mle,75.20871
zaf,2003,sex_btsx,43.57856
zaf,2003,sex_fmle,18.89168
zaf,2003,sex_mle,70.70733
zaf,2004,sex_btsx,43.33754
zaf,2004,sex_fmle,18.40497
zaf,2004,sex_mle,70.65551
zaf,2005,sex_btsx,42.06548
zaf,2005,sex_fmle,18.90526
zaf,2005,sex_mle,67.36535
zaf,2006,sex_btsx,41.23378
zaf,2006,sex_fmle,17.91544
zaf,2006,sex_mle,66.63239
zaf,2007,sex_btsx,39.60235
zaf,2007,sex_fmle,16.74181
zaf,2007,sex_mle,64.43506
zaf,2008,sex_btsx,39.73659
zaf,2008,sex_fmle,16.46464
zaf,2008,sex_mle,64.953
zaf,2009,sex_btsx,37.76697
zaf,2009,sex_fmle,15.51968
zaf,2009,sex_mle,61.81648
zaf,2010,sex_btsx,37.41591
zaf,2010,sex_fmle,14.2667
zaf,2010,sex_mle,62.3804
zaf,2011,sex_btsx,35.84374
zaf,2011,sex_fmle,13.71814
zaf,2011,sex_mle,59.64637
zaf,2012,sex_btsx,35.99676
zaf,2012,sex_fmle,13.44677
zaf,2012,sex_mle,60.19931
zaf,2013,sex_btsx,36.57165
zaf,2013,sex_fmle,13.40855
zaf,2013,sex_mle,61.37751
zaf,2014,sex_btsx,37.21782
zaf,2014,sex_fmle,13.51032
zaf,2014,sex_mle,62.52414
zaf,2015,sex_btsx,37.70879
zaf,2015,sex_fmle,13.70402
zaf,2015,sex_mle,63.1654
zaf,2016,sex_btsx,38.41811
zaf,2016,sex_fmle,13.95567
zaf,2016,sex_mle,64.37614
zaf,2017,sex_btsx,39.68809
zaf,2017,sex_fmle,14.47776
zaf,2017,sex_mle,66.54763
zaf,2018,sex_btsx,36.99598
zaf,2018,sex_fmle,13.54617
zaf,2018,sex_mle,61.94081
zaf,2019,sex_btsx,36.78439
zaf,2019,sex_fmle,13.50829
zaf,2019,sex_mle,61.51335
zaf,2020,sex_btsx,35.28086
zaf,2020,sex_fmle,12.96197
zaf,2020,sex_mle,58.96711
zaf,2021,sex_btsx,33.80525
zaf,2021,sex_fmle,12.53324
zaf,2021,sex_mle,56.35689
zmb,2000,sex_btsx,8.92529
zmb,2000,sex_fmle,4.74138
zmb,2000,sex_mle,13.39698
zmb,2001,sex_btsx,8.69617
zmb,2001,sex_fmle,4.69864
zmb,2001,sex_mle,12.95432
zmb,2002,sex_btsx,9.02771
zmb,2002,sex_fmle,4.62135
zmb,2002,sex_mle,13.70508
zmb,2003,sex_btsx,8.89347
zmb,2003,sex_fmle,4.42366
zmb,2003,sex_mle,13.62301
zmb,2004,sex_btsx,8.30058
zmb,2004,sex_fmle,4.10264
zmb,2004,sex_mle,12.72773
zmb,2005,sex_btsx,7.83369
zmb,2005,sex_fmle,3.90501
zmb,2005,sex_mle,11.96125
zmb,2006,sex_btsx,7.5802
zmb,2006,sex_fmle,3.79654
zmb,2006,sex_mle,11.53889
zmb,2007,sex_btsx,7.57968
zmb,2007,sex_fmle,3.78594
zmb,2007,sex_mle,11.53215
zmb,2008,sex_btsx,7.32931
zmb,2008,sex_fmle,3.87093
zmb,2008,sex_mle,10.91766
zmb,2009,sex_btsx,7.57357
zmb,2009,sex_fmle,3.94565
zmb,2009,sex_mle,11.32422
zmb,2010,sex_btsx,7.61866
zmb,2010,sex_fmle,3.8703
zmb,2010,sex_mle,11.4826
zmb,2011,sex_btsx,7.70047
zmb,2011,sex_fmle,3.86523
zmb,2011,sex_mle,11.64679
zmb,2012,sex_btsx,7.51431
zmb,2012,sex_fmle,3.74135
zmb,2012,sex_mle,11.39152
zmb,2013,sex_btsx,7.14957
zmb,2013,sex_fmle,3.59063
zmb,2013,sex_mle,10.80243
zmb,2014,sex_btsx,6.98105
zmb,2014,sex_fmle,3.52732
zmb,2014,sex_mle,10.52169
zmb,2015,sex_btsx,6.73452
zmb,2015,sex_fmle,3.40707
zmb,2015,sex_mle,10.1423
zmb,2016,sex_btsx,6.71731
zmb,2016,sex_fmle,3.25621
zmb,2016,sex_mle,10.25834
zmb,2017,sex_btsx,6.63072
zmb,2017,sex_fmle,3.2138
zmb,2017,sex_mle,10.12285
zmb,2018,sex_btsx,6.40271
zmb,2018,sex_fmle,3.13445
zmb,2018,sex_mle,9.74038
zmb,2019,sex_btsx,6.29795
zmb,2019,sex_fmle,3.09004
zmb,2019,sex_mle,9.57233
zmb,2020,sex_btsx,6.112
zmb,2020,sex_fmle,3.00267
zmb,2020,sex_mle,9.28493
zmb,2021,sex_btsx,5.94418
zmb,2021,sex_fmle,2.93426
zmb,2021,sex_mle,9.01549
zwe,2000,sex_btsx,11.05341
zwe,2000,sex_fmle,5.05164
zwe,2000,sex_mle,17.66408
zwe,2001,sex_btsx,11.61239
zwe,2001,sex_fmle,5.32292
zwe,2001,sex_mle,18.55865
zwe,2002,sex_btsx,12.50889
zwe,2002,sex_fmle,5.59668
zwe,2002,sex_mle,20.15023
zwe,2003,sex_btsx,12.60449
zwe,2003,sex_fmle,5.58741
zwe,2003,sex_mle,20.3655
zwe,2004,sex_btsx,12.92219
zwe,2004,sex_fmle,5.57004
zwe,2004,sex_mle,21.06523
zwe,2005,sex_btsx,12.73078
zwe,2005,sex_fmle,5.59045
zwe,2005,sex_mle,20.65689
zwe,2006,sex_btsx,12.36389
zwe,2006,sex_fmle,5.4588
zwe,2006,sex_mle,20.03052
zwe,2007,sex_btsx,12.53655
zwe,2007,sex_fmle,5.44711
zwe,2007,sex_mle,20.40352
zwe,2008,sex_btsx,12.77048
zwe,2008,sex_fmle,5.48797
zwe,2008,sex_mle,20.85735
zwe,2009,sex_btsx,13.5685
zwe,2009,sex_fmle,5.68951
zwe,2009,sex_mle,22.32282
zwe,2010,sex_btsx,14.4999
zwe,2010,sex_fmle,5.84948
zwe,2010,sex_mle,24.11657
zwe,2011,sex_btsx,14.10839
zwe,2011,sex_fmle,5.8935
zwe,2011,sex_mle,23.24835
zwe,2012,sex_btsx,13.53522
zwe,2012,sex_fmle,5.85215
zwe,2012,sex_mle,22.10521
zwe,2013,sex_btsx,13.4245
zwe,2013,sex_fmle,5.87995
zwe,2013,sex_mle,21.8513
zwe,2014,sex_btsx,13.07811
zwe,2014,sex_fmle,5.76526
zwe,2014,sex_mle,21.23632
zwe,2015,sex_btsx,12.94242
zwe,2015,sex_fmle,5.70253
zwe,2015,sex_mle,21.01019
zwe,2016,sex_btsx,12.87797
zwe,2016,sex_fmle,5.55674
zwe,2016,sex_mle,21.0264
zwe,2017,sex_btsx,12.52591
zwe,2017,sex_fmle,5.33599
zwe,2017,sex_mle,20.51759
zwe,2018,sex_btsx,12.34597
zwe,2018,sex_fmle,5.14067
zwe,2018,sex_mle,20.34355
zwe,2019,sex_btsx,12.18196
zwe,2019,sex_fmle,4.87636
zwe,2019,sex_mle,20.27877
zwe,2020,sex_btsx,12.07522
zwe,2020,sex_fmle,4.68135
zwe,2020,sex_mle,20.2573
zwe,2021,sex_btsx,11.92409
zwe,2021,sex_fmle,4.49054
zwe,2021,sex_mle,20.13634
