country,year,familyplanningunpduhc
afg,1970,4.42726
afg,1971,4.71355
afg,1972,5.01942
afg,1973,5.33989
afg,1974,5.72144
afg,1975,6.1164
afg,1976,6.52823
afg,1977,6.99648
afg,1978,7.46882
afg,1979,7.98988
afg,1980,8.50379
afg,1981,9.09838
afg,1982,9.70954
afg,1983,10.37868
afg,1984,11.02218
afg,1985,11.79048
afg,1986,12.50341
afg,1987,13.26437
afg,1988,14.03252
afg,1989,14.89182
afg,1990,15.66995
afg,1991,16.27442
afg,1992,16.83922
afg,1993,17.39512
afg,1994,17.91527
afg,1995,18.46153
afg,1996,19.06007
afg,1997,19.6622
afg,1998,20.31786
afg,1999,21.12139
afg,2000,22.11598
afg,2001,23.69494
afg,2002,25.56542
afg,2003,27.71572
afg,2004,29.96409
afg,2005,32.28464
afg,2006,34.11836
afg,2007,35.19519
afg,2008,36.05524
afg,2009,36.75905
afg,2010,37.19495
afg,2011,37.03263
afg,2012,36.78971
afg,2013,37.79727
afg,2014,39.23621
afg,2015,40.79451
afg,2016,41.98931
afg,2017,42.83333
afg,2018,43.64573
afg,2019,44.56115
afg,2020,45.61865
ago,1970,1.14379
ago,1971,1.26711
ago,1972,1.4167
ago,1973,1.57355
ago,1974,1.74273
ago,1975,1.92844
ago,1976,2.13349
ago,1977,2.37491
ago,1978,2.6297
ago,1979,2.91766
ago,1980,3.24614
ago,1981,3.60314
ago,1982,3.97796
ago,1983,4.40332
ago,1984,4.8387
ago,1985,5.36635
ago,1986,5.9002
ago,1987,6.50463
ago,1988,7.14433
ago,1989,7.85575
ago,1990,8.57458
ago,1991,9.26887
ago,1992,9.99767
ago,1993,10.75363
ago,1994,11.53903
ago,1995,12.287
ago,1996,13.14024
ago,1997,14.02316
ago,1998,14.95312
ago,1999,15.94491
ago,2000,16.98158
ago,2001,18.05609
ago,2002,19.38396
ago,2003,20.74453
ago,2004,22.18686
ago,2005,23.63785
ago,2006,25.12282
ago,2007,26.58494
ago,2008,27.81334
ago,2009,28.76037
ago,2010,29.39415
ago,2011,29.82935
ago,2012,30.08238
ago,2013,30.27579
ago,2014,30.40413
ago,2015,30.48371
ago,2016,30.85317
ago,2017,31.50433
ago,2018,32.14061
ago,2019,32.96586
ago,2020,33.73872
alb,1970,9.33117
alb,1971,9.62496
alb,1972,9.87936
alb,1973,10.12159
alb,1974,10.35563
alb,1975,10.5861
alb,1976,10.84498
alb,1977,11.12384
alb,1978,11.37315
alb,1979,11.64021
alb,1980,11.89863
alb,1981,12.1583
alb,1982,12.46687
alb,1983,12.74304
alb,1984,13.08772
alb,1985,13.40046
alb,1986,13.60706
alb,1987,13.86183
alb,1988,14.21211
alb,1989,14.41816
alb,1990,14.66123
alb,1991,14.91742
alb,1992,15.18937
alb,1993,15.4661
alb,1994,15.65696
alb,1995,15.91132
alb,1996,16.23582
alb,1997,16.46177
alb,1998,16.65032
alb,1999,16.81683
alb,2000,17.09626
alb,2001,16.94161
alb,2002,16.84264
alb,2003,17.67884
alb,2004,18.49916
alb,2005,19.24846
alb,2006,18.55942
alb,2007,17.76604
alb,2008,16.95486
alb,2009,15.88412
alb,2010,14.54143
alb,2011,13.27004
alb,2012,12.07618
alb,2013,10.99072
alb,2014,9.97593
alb,2015,9.08907
alb,2016,8.2374
alb,2017,7.46779
alb,2018,7.68807
alb,2019,8.3772
alb,2020,9.07224
are,1970,20.23197
are,1971,20.96834
are,1972,21.88217
are,1973,22.68232
are,1974,23.57777
are,1975,24.29825
are,1976,25.20473
are,1977,26.19203
are,1978,27.18421
are,1979,28.14787
are,1980,29.09065
are,1981,30.00148
are,1982,30.93911
are,1983,32.01132
are,1984,33.05403
are,1985,33.94198
are,1986,34.88641
are,1987,35.79289
are,1988,36.89977
are,1989,37.9406
are,1990,39.00299
are,1991,39.98989
are,1992,40.91015
are,1993,41.78844
are,1994,42.70254
are,1995,43.71874
are,1996,44.34953
are,1997,45.20736
are,1998,45.93565
are,1999,46.76869
are,2000,47.55217
are,2001,48.39876
are,2002,49.18395
are,2003,49.8917
are,2004,50.57711
are,2005,51.33325
are,2006,52.11841
are,2007,52.67038
are,2008,53.32549
are,2009,53.94051
are,2010,54.50827
are,2011,55.19263
are,2012,55.67765
are,2013,56.40995
are,2014,56.91884
are,2015,57.35121
are,2016,57.80662
are,2017,58.47343
are,2018,58.95023
are,2019,59.48049
are,2020,59.86996
arg,1970,38.41318
arg,1971,39.66534
arg,1972,41.12205
arg,1973,42.64714
arg,1974,43.98375
arg,1975,45.33318
arg,1976,46.64993
arg,1977,48.09253
arg,1978,49.63381
arg,1979,50.89065
arg,1980,52.10796
arg,1981,53.48407
arg,1982,54.80444
arg,1983,56.11468
arg,1984,57.49203
arg,1985,58.78011
arg,1986,59.93237
arg,1987,61.18451
arg,1988,62.36595
arg,1989,63.60745
arg,1990,64.71426
arg,1991,65.88428
arg,1992,67.14914
arg,1993,68.30017
arg,1994,69.38025
arg,1995,70.54385
arg,1996,71.50282
arg,1997,72.49561
arg,1998,73.41037
arg,1999,74.41485
arg,2000,75.48895
arg,2001,76.58465
arg,2002,77.97254
arg,2003,79.27083
arg,2004,80.34118
arg,2005,80.86288
arg,2006,81.18929
arg,2007,81.39135
arg,2008,81.49618
arg,2009,81.54981
arg,2010,81.62984
arg,2011,81.83905
arg,2012,82.15065
arg,2013,82.55234
arg,2014,82.81799
arg,2015,83.02778
arg,2016,83.24964
arg,2017,83.45889
arg,2018,83.66933
arg,2019,83.95851
arg,2020,84.10987
arm,1970,27.6257
arm,1971,27.95781
arm,1972,28.31252
arm,1973,28.66729
arm,1974,28.93301
arm,1975,29.31426
arm,1976,29.62504
arm,1977,30.01987
arm,1978,30.41867
arm,1979,30.70807
arm,1980,30.96917
arm,1981,31.11307
arm,1982,31.43157
arm,1983,31.66045
arm,1984,31.84118
arm,1985,32.16438
arm,1986,32.34611
arm,1987,32.55346
arm,1988,32.76055
arm,1989,32.95913
arm,1990,33.1068
arm,1991,33.15202
arm,1992,33.15318
arm,1993,33.17541
arm,1994,33.01503
arm,1995,32.89497
arm,1996,32.77006
arm,1997,32.56476
arm,1998,32.37491
arm,1999,32.16348
arm,2000,31.7542
arm,2001,31.18342
arm,2002,30.52682
arm,2003,29.91284
arm,2004,29.34573
arm,2005,28.76488
arm,2006,30.39736
arm,2007,32.12218
arm,2008,33.89886
arm,2009,35.69922
arm,2010,37.4939
arm,2011,38.08091
arm,2012,38.50393
arm,2013,39.01118
arm,2014,39.52728
arm,2015,39.95146
arm,2016,40.49017
arm,2017,41.2026
arm,2018,41.83215
arm,2019,42.52403
arm,2020,43.26138
atg,1970,48.44805
atg,1971,49.3485
atg,1972,50.36615
atg,1973,51.38014
atg,1974,52.39735
atg,1975,53.377
atg,1976,54.37398
atg,1977,55.18616
atg,1978,56.05431
atg,1979,56.95595
atg,1980,57.91019
atg,1981,58.69462
atg,1982,59.52514
atg,1983,60.24805
atg,1984,61.12113
atg,1985,62.01393
atg,1986,62.75487
atg,1987,63.42347
atg,1988,64.08631
atg,1989,64.69118
atg,1990,65.37411
atg,1991,66.02622
atg,1992,66.62014
atg,1993,67.08161
atg,1994,67.61061
atg,1995,68.1454
atg,1996,68.83065
atg,1997,69.32529
atg,1998,69.75724
atg,1999,70.2083
atg,2000,70.52158
atg,2001,70.97813
atg,2002,71.37099
atg,2003,71.77583
atg,2004,72.32755
atg,2005,72.59905
atg,2006,72.89294
atg,2007,73.4665
atg,2008,73.69667
atg,2009,74.03631
atg,2010,74.43992
atg,2011,74.85608
atg,2012,75.10999
atg,2013,75.48673
atg,2014,75.69011
atg,2015,75.93434
atg,2016,76.36475
atg,2017,76.70954
atg,2018,76.94073
atg,2019,77.26733
atg,2020,77.43294
aus,1970,81.17704
aus,1971,81.63975
aus,1972,81.99911
aus,1973,82.38304
aus,1974,82.76346
aus,1975,83.00258
aus,1976,83.38441
aus,1977,83.5484
aus,1978,84.01487
aus,1979,84.21992
aus,1980,84.62868
aus,1981,84.83513
aus,1982,85.05771
aus,1983,85.25777
aus,1984,85.44359
aus,1985,85.63072
aus,1986,85.68712
aus,1987,85.48143
aus,1988,85.28144
aus,1989,84.98606
aus,1990,84.70252
aus,1991,84.47141
aus,1992,84.14673
aus,1993,83.86461
aus,1994,83.66666
aus,1995,83.62454
aus,1996,83.62972
aus,1997,83.7358
aus,1998,83.89639
aus,1999,84.04723
aus,2000,84.28716
aus,2001,84.3852
aus,2002,84.2981
aus,2003,84.19916
aus,2004,84.03387
aus,2005,83.86038
aus,2006,83.7259
aus,2007,83.56016
aus,2008,83.46077
aus,2009,83.69742
aus,2010,84.16191
aus,2011,84.57869
aus,2012,84.81187
aus,2013,84.93643
aus,2014,85.09214
aus,2015,85.15788
aus,2016,85.20708
aus,2017,85.22148
aus,2018,85.2298
aus,2019,85.2437
aus,2020,85.33036
aut,1970,46.10478
aut,1971,47.95628
aut,1972,49.91755
aut,1973,51.83225
aut,1974,53.74019
aut,1975,55.60349
aut,1976,57.3804
aut,1977,59.19646
aut,1978,61.06067
aut,1979,62.72176
aut,1980,64.3875
aut,1981,65.77612
aut,1982,67.17279
aut,1983,68.51034
aut,1984,69.87032
aut,1985,71.0057
aut,1986,72.32138
aut,1987,73.36864
aut,1988,74.33663
aut,1989,75.27916
aut,1990,76.00014
aut,1991,76.73587
aut,1992,77.26436
aut,1993,77.69959
aut,1994,78.1385
aut,1995,78.5954
aut,1996,79.1487
aut,1997,79.80255
aut,1998,80.37966
aut,1999,81.15314
aut,2000,81.92713
aut,2001,82.50885
aut,2002,83.09207
aut,2003,83.69196
aut,2004,84.29505
aut,2005,84.90746
aut,2006,85.47081
aut,2007,85.98317
aut,2008,86.51159
aut,2009,86.87513
aut,2010,87.25538
aut,2011,87.5189
aut,2012,87.74378
aut,2013,87.66148
aut,2014,87.58059
aut,2015,87.60339
aut,2016,87.78507
aut,2017,88.19137
aut,2018,88.42269
aut,2019,88.74735
aut,2020,88.8881
aze,1970,20.65825
aze,1971,20.97341
aze,1972,21.33898
aze,1973,21.73165
aze,1974,21.99957
aze,1975,22.25165
aze,1976,22.58139
aze,1977,22.86727
aze,1978,23.1126
aze,1979,23.35639
aze,1980,23.5537
aze,1981,23.80689
aze,1982,24.04289
aze,1983,24.16906
aze,1984,24.29469
aze,1985,24.35469
aze,1986,24.58278
aze,1987,24.61069
aze,1988,24.79637
aze,1989,24.75112
aze,1990,24.81542
aze,1991,24.78351
aze,1992,24.83306
aze,1993,24.8261
aze,1994,24.8597
aze,1995,24.94
aze,1996,24.77817
aze,1997,24.75231
aze,1998,24.71015
aze,1999,24.64837
aze,2000,24.41823
aze,2001,23.51827
aze,2002,23.34739
aze,2003,23.15803
aze,2004,22.92611
aze,2005,22.63321
aze,2006,22.39576
aze,2007,22.61436
aze,2008,22.81704
aze,2009,22.9614
aze,2010,23.18759
aze,2011,23.34132
aze,2012,24.22852
aze,2013,25.0314
aze,2014,25.98312
aze,2015,26.82845
aze,2016,27.70614
aze,2017,28.63181
aze,2018,29.46681
aze,2019,30.33987
aze,2020,31.34175
bdi,1970,0.42342
bdi,1971,0.49294
bdi,1972,0.56891
bdi,1973,0.6608
bdi,1974,0.76604
bdi,1975,0.88891
bdi,1976,1.02271
bdi,1977,1.17416
bdi,1978,1.34323
bdi,1979,1.54053
bdi,1980,1.76802
bdi,1981,2.01738
bdi,1982,2.30726
bdi,1983,2.63956
bdi,1984,3.01132
bdi,1985,3.42294
bdi,1986,3.90318
bdi,1987,4.4537
bdi,1988,5.08376
bdi,1989,5.82389
bdi,1990,6.63878
bdi,1991,7.51071
bdi,1992,8.50079
bdi,1993,9.57641
bdi,1994,10.72461
bdi,1995,11.96103
bdi,1996,13.27361
bdi,1997,14.69055
bdi,1998,16.13131
bdi,1999,17.55304
bdi,2000,19.01296
bdi,2001,20.04677
bdi,2002,20.99937
bdi,2003,22.23784
bdi,2004,23.44984
bdi,2005,24.83065
bdi,2006,26.56179
bdi,2007,28.49367
bdi,2008,30.58182
bdi,2009,32.67104
bdi,2010,34.09401
bdi,2011,36.90984
bdi,2012,39.76563
bdi,2013,40.46142
bdi,2014,40.60256
bdi,2015,40.54121
bdi,2016,40.47663
bdi,2017,41.20216
bdi,2018,42.50068
bdi,2019,43.82545
bdi,2020,45.25525
bel,1970,29.38636
bel,1971,33.54489
bel,1972,38.14088
bel,1973,43.13789
bel,1974,48.29597
bel,1975,53.55086
bel,1976,57.05013
bel,1977,60.34402
bel,1978,63.46087
bel,1979,66.34949
bel,1980,69.01265
bel,1981,71.53135
bel,1982,73.73136
bel,1983,76.0462
bel,1984,78.11677
bel,1985,79.85286
bel,1986,81.50274
bel,1987,82.9252
bel,1988,84.04273
bel,1989,84.95687
bel,1990,85.74108
bel,1991,86.3153
bel,1992,86.62021
bel,1993,86.68725
bel,1994,86.58068
bel,1995,86.30271
bel,1996,85.96618
bel,1997,85.77138
bel,1998,85.80087
bel,1999,86.07227
bel,2000,86.37008
bel,2001,86.71031
bel,2002,86.95112
bel,2003,87.1563
bel,2004,87.42408
bel,2005,87.82852
bel,2006,88.17952
bel,2007,88.60294
bel,2008,88.95908
bel,2009,89.28539
bel,2010,89.60441
bel,2011,89.88182
bel,2012,90.13389
bel,2013,90.32853
bel,2014,90.4155
bel,2015,90.4635
bel,2016,90.42324
bel,2017,90.43728
bel,2018,90.42117
bel,2019,90.45144
bel,2020,90.51567
ben,1970,0.39016
ben,1971,0.44281
ben,1972,0.50278
ben,1973,0.57366
ben,1974,0.64989
ben,1975,0.73656
ben,1976,0.83469
ben,1977,0.94866
ben,1978,1.0743
ben,1979,1.21247
ben,1980,1.37632
ben,1981,1.55503
ben,1982,1.75968
ben,1983,1.99031
ben,1984,2.25382
ben,1985,2.52993
ben,1986,2.85952
ben,1987,3.22482
ben,1988,3.63905
ben,1989,4.0903
ben,1990,4.60553
ben,1991,5.15961
ben,1992,5.80243
ben,1993,6.48135
ben,1994,7.26146
ben,1995,8.10002
ben,1996,8.98966
ben,1997,10.40125
ben,1998,11.90635
ben,1999,13.5171
ben,2000,15.21914
ben,2001,16.92062
ben,2002,17.32289
ben,2003,17.67466
ben,2004,17.94055
ben,2005,18.25182
ben,2006,18.56069
ben,2007,19.26454
ben,2008,19.94142
ben,2009,20.6427
ben,2010,21.30764
ben,2011,21.91423
ben,2012,22.64823
ben,2013,23.71587
ben,2014,24.78865
ben,2015,25.96868
ben,2016,27.10184
ben,2017,28.1562
ben,2018,29.17286
ben,2019,30.32728
ben,2020,31.50722
bfa,1970,0.64117
bfa,1971,0.75178
bfa,1972,0.87989
bfa,1973,1.03014
bfa,1974,1.20255
bfa,1975,1.40866
bfa,1976,1.63759
bfa,1977,1.89686
bfa,1978,2.20725
bfa,1979,2.55106
bfa,1980,2.97681
bfa,1981,3.43498
bfa,1982,3.97019
bfa,1983,4.55944
bfa,1984,5.21675
bfa,1985,5.95862
bfa,1986,6.74763
bfa,1987,7.61193
bfa,1988,8.57078
bfa,1989,9.64105
bfa,1990,10.73681
bfa,1991,11.95659
bfa,1992,13.15899
bfa,1993,14.2089
bfa,1994,14.61896
bfa,1995,15.01308
bfa,1996,15.45902
bfa,1997,15.95021
bfa,1998,16.43934
bfa,1999,17.46583
bfa,2000,19.35674
bfa,2001,21.34497
bfa,2002,23.29909
bfa,2003,25.30827
bfa,2004,27.70416
bfa,2005,29.99445
bfa,2006,32.22991
bfa,2007,34.25143
bfa,2008,36.1391
bfa,2009,38.00022
bfa,2010,40.02203
bfa,2011,41.09946
bfa,2012,42.25716
bfa,2013,43.68893
bfa,2014,45.19126
bfa,2015,47.18015
bfa,2016,49.25289
bfa,2017,51.75643
bfa,2018,53.63975
bfa,2019,54.69269
bfa,2020,55.4587
bgd,1970,10.35951
bgd,1971,11.18136
bgd,1972,12.04978
bgd,1973,12.93177
bgd,1974,13.87853
bgd,1975,14.92414
bgd,1976,16.32619
bgd,1977,17.84823
bgd,1978,19.5069
bgd,1979,21.30147
bgd,1980,22.99477
bgd,1981,24.73898
bgd,1982,26.81921
bgd,1983,28.97623
bgd,1984,31.13684
bgd,1985,33.3191
bgd,1986,35.56336
bgd,1987,37.83188
bgd,1988,40.16368
bgd,1989,42.70163
bgd,1990,45.42415
bgd,1991,48.15621
bgd,1992,50.69171
bgd,1993,53.1127
bgd,1994,55.20073
bgd,1995,56.90791
bgd,1996,58.51374
bgd,1997,59.6132
bgd,1998,60.16622
bgd,1999,60.64976
bgd,2000,61.18499
bgd,2001,62.08138
bgd,2002,63.21008
bgd,2003,64.29058
bgd,2004,65.19059
bgd,2005,65.28683
bgd,2006,65.28453
bgd,2007,65.36085
bgd,2008,66.43065
bgd,2009,67.65476
bgd,2010,68.95291
bgd,2011,70.25856
bgd,2012,71.4573
bgd,2013,72.41116
bgd,2014,72.73104
bgd,2015,72.86268
bgd,2016,72.81834
bgd,2017,72.28934
bgd,2018,72.23856
bgd,2019,72.73592
bgd,2020,72.9557
bgr,1970,8.61678
bgr,1971,9.10202
bgr,1972,9.53612
bgr,1973,9.99707
bgr,1974,10.45554
bgr,1975,10.91811
bgr,1976,11.41095
bgr,1977,12.34027
bgr,1978,13.33536
bgr,1979,14.4371
bgr,1980,15.59534
bgr,1981,16.83564
bgr,1982,18.16821
bgr,1983,19.64737
bgr,1984,21.11864
bgr,1985,22.72731
bgr,1986,24.53106
bgr,1987,26.4288
bgr,1988,28.44041
bgr,1989,30.60442
bgr,1990,32.83576
bgr,1991,35.10062
bgr,1992,37.47979
bgr,1993,39.9283
bgr,1994,42.40567
bgr,1995,44.77264
bgr,1996,45.01836
bgr,1997,45.23228
bgr,1998,45.51748
bgr,1999,46.22579
bgr,2000,46.94313
bgr,2001,47.70901
bgr,2002,48.39898
bgr,2003,49.10923
bgr,2004,49.73252
bgr,2005,51.28919
bgr,2006,52.68297
bgr,2007,54.20491
bgr,2008,55.56882
bgr,2009,56.91854
bgr,2010,58.27563
bgr,2011,59.54387
bgr,2012,60.77609
bgr,2013,61.9644
bgr,2014,63.02078
bgr,2015,64.20556
bgr,2016,65.29887
bgr,2017,66.39036
bgr,2018,67.50209
bgr,2019,68.3853
bgr,2020,69.37107
bhr,1970,33.22582
bhr,1971,33.75772
bhr,1972,34.33016
bhr,1973,34.77516
bhr,1974,35.32444
bhr,1975,35.96904
bhr,1976,36.53468
bhr,1977,37.00572
bhr,1978,37.54769
bhr,1979,38.14961
bhr,1980,38.65499
bhr,1981,39.20918
bhr,1982,39.75756
bhr,1983,40.30403
bhr,1984,40.77639
bhr,1985,41.27669
bhr,1986,41.7879
bhr,1987,42.25996
bhr,1988,42.78417
bhr,1989,43.26057
bhr,1990,43.71197
bhr,1991,44.0993
bhr,1992,44.40784
bhr,1993,44.6402
bhr,1994,45.12289
bhr,1995,45.20651
bhr,1996,45.86579
bhr,1997,46.37735
bhr,1998,46.83654
bhr,1999,47.31915
bhr,2000,47.74617
bhr,2001,48.31909
bhr,2002,48.8464
bhr,2003,49.37458
bhr,2004,49.86756
bhr,2005,50.3558
bhr,2006,50.93714
bhr,2007,51.39068
bhr,2008,51.8626
bhr,2009,52.35726
bhr,2010,52.88916
bhr,2011,53.3309
bhr,2012,53.86529
bhr,2013,54.36345
bhr,2014,54.74893
bhr,2015,55.46388
bhr,2016,55.7372
bhr,2017,56.23395
bhr,2018,56.71006
bhr,2019,57.11999
bhr,2020,57.41057
bhs,1970,60.80655
bhs,1971,61.40673
bhs,1972,62.04828
bhs,1973,62.67629
bhs,1974,63.30448
bhs,1975,63.95805
bhs,1976,64.34977
bhs,1977,64.95566
bhs,1978,65.57431
bhs,1979,65.99718
bhs,1980,66.61664
bhs,1981,67.33793
bhs,1982,67.86469
bhs,1983,68.41452
bhs,1984,69.10802
bhs,1985,69.55084
bhs,1986,70.03594
bhs,1987,70.54639
bhs,1988,70.8877
bhs,1989,71.26225
bhs,1990,71.60559
bhs,1991,71.89428
bhs,1992,72.14774
bhs,1993,72.5327
bhs,1994,72.88419
bhs,1995,73.19039
bhs,1996,73.49813
bhs,1997,73.70482
bhs,1998,73.9799
bhs,1999,74.33
bhs,2000,74.56794
bhs,2001,74.90046
bhs,2002,75.19881
bhs,2003,75.43397
bhs,2004,75.66296
bhs,2005,75.95884
bhs,2006,76.19058
bhs,2007,76.50561
bhs,2008,76.7317
bhs,2009,76.92164
bhs,2010,77.15416
bhs,2011,77.3631
bhs,2012,77.61728
bhs,2013,77.78896
bhs,2014,77.9486
bhs,2015,78.29091
bhs,2016,78.50499
bhs,2017,78.683
bhs,2018,78.84543
bhs,2019,79.13831
bhs,2020,79.31687
bih,1970,5.59939
bih,1971,5.94998
bih,1972,6.3283
bih,1973,6.71043
bih,1974,7.13529
bih,1975,7.55291
bih,1976,7.99958
bih,1977,8.43999
bih,1978,8.91658
bih,1979,9.4757
bih,1980,9.99945
bih,1981,10.53451
bih,1982,11.14032
bih,1983,11.72612
bih,1984,12.37838
bih,1985,13.01201
bih,1986,13.61007
bih,1987,14.3436
bih,1988,15.0252
bih,1989,15.75661
bih,1990,16.49564
bih,1991,17.13295
bih,1992,17.76681
bih,1993,18.4608
bih,1994,19.02761
bih,1995,19.71408
bih,1996,20.36605
bih,1997,21.02354
bih,1998,21.72386
bih,1999,22.39303
bih,2000,23.1135
bih,2001,23.15584
bih,2002,23.19614
bih,2003,23.18789
bih,2004,23.25413
bih,2005,23.33831
bih,2006,23.39174
bih,2007,24.17087
bih,2008,25.08895
bih,2009,25.95761
bih,2010,26.80493
bih,2011,27.65054
bih,2012,28.64579
bih,2013,29.74181
bih,2014,30.92498
bih,2015,32.07757
bih,2016,33.0958
bih,2017,34.12253
bih,2018,35.18935
bih,2019,36.21535
bih,2020,37.33877
blr,1970,31.0199
blr,1971,32.316
blr,1972,33.42831
blr,1973,34.49989
blr,1974,35.80638
blr,1975,36.97853
blr,1976,38.26871
blr,1977,39.4892
blr,1978,40.7514
blr,1979,41.99563
blr,1980,43.27531
blr,1981,44.6682
blr,1982,45.7821
blr,1983,47.17861
blr,1984,48.48559
blr,1985,49.95596
blr,1986,51.28282
blr,1987,52.57458
blr,1988,53.65425
blr,1989,54.89
blr,1990,55.97696
blr,1991,56.78219
blr,1992,57.47733
blr,1993,58.22293
blr,1994,58.86346
blr,1995,59.81811
blr,1996,60.8098
blr,1997,61.89399
blr,1998,63.16851
blr,1999,64.32548
blr,2000,65.60232
blr,2001,66.75779
blr,2002,67.97774
blr,2003,69.0667
blr,2004,70.1196
blr,2005,71.13666
blr,2006,71.7855
blr,2007,72.39189
blr,2008,72.98252
blr,2009,73.50991
blr,2010,74.04717
blr,2011,74.6644
blr,2012,75.27496
blr,2013,75.56664
blr,2014,75.86301
blr,2015,76.12257
blr,2016,76.37325
blr,2017,76.69677
blr,2018,77.17679
blr,2019,77.60316
blr,2020,77.97538
blz,1970,33.97025
blz,1971,35.26536
blz,1972,36.48617
blz,1973,37.71104
blz,1974,39.04374
blz,1975,40.43499
blz,1976,41.61499
blz,1977,42.92753
blz,1978,44.07292
blz,1979,45.36669
blz,1980,46.45786
blz,1981,47.71874
blz,1982,48.81425
blz,1983,49.86822
blz,1984,51.07107
blz,1985,52.29485
blz,1986,53.38162
blz,1987,54.47342
blz,1988,55.50468
blz,1989,56.57237
blz,1990,57.55768
blz,1991,58.6291
blz,1992,59.45181
blz,1993,60.27829
blz,1994,61.11269
blz,1995,61.9526
blz,1996,62.66857
blz,1997,63.33485
blz,1998,63.92129
blz,1999,64.25244
blz,2000,64.44575
blz,2001,64.44249
blz,2002,64.24841
blz,2003,64.12925
blz,2004,63.92837
blz,2005,63.81323
blz,2006,63.90254
blz,2007,64.50293
blz,2008,65.1824
blz,2009,65.944
blz,2010,66.62837
blz,2011,67.23747
blz,2012,67.54745
blz,2013,67.73445
blz,2014,67.87549
blz,2015,68.1068
blz,2016,68.42939
blz,2017,68.77424
blz,2018,69.18814
blz,2019,69.72861
blz,2020,70.15673
bol,1970,7.25704
bol,1971,7.72635
bol,1972,8.28601
bol,1973,8.81216
bol,1974,9.38101
bol,1975,9.99045
bol,1976,10.58492
bol,1977,11.17943
bol,1978,11.81366
bol,1979,12.49982
bol,1980,13.17277
bol,1981,13.79193
bol,1982,14.48092
bol,1983,15.14757
bol,1984,15.72054
bol,1985,16.29736
bol,1986,16.8679
bol,1987,17.43059
bol,1988,18.07021
bol,1989,18.69642
bol,1990,20.09348
bol,1991,21.55106
bol,1992,23.01362
bol,1993,24.49411
bol,1994,26.03401
bol,1995,27.89851
bol,1996,29.75208
bol,1997,31.62093
bol,1998,33.50588
bol,1999,35.54144
bol,2000,37.5484
bol,2001,39.30437
bol,2002,41.04527
bol,2003,42.60779
bol,2004,43.28846
bol,2005,43.71244
bol,2006,44.00375
bol,2007,44.33443
bol,2008,44.63659
bol,2009,45.95733
bol,2010,47.31412
bol,2011,48.61386
bol,2012,49.90693
bol,2013,51.17026
bol,2014,52.4371
bol,2015,53.67543
bol,2016,54.78137
bol,2017,55.74478
bol,2018,56.73075
bol,2019,57.51887
bol,2020,58.32898
bra,1970,57.11572
bra,1971,58.35815
bra,1972,59.47623
bra,1973,60.43617
bra,1974,61.64294
bra,1975,62.70268
bra,1976,63.74618
bra,1977,64.86937
bra,1978,65.79267
bra,1979,66.80353
bra,1980,67.7937
bra,1981,68.65582
bra,1982,69.53837
bra,1983,70.39578
bra,1984,71.37244
bra,1985,72.26858
bra,1986,73.09926
bra,1987,73.75489
bra,1988,74.45068
bra,1989,75.07348
bra,1990,75.72801
bra,1991,76.39004
bra,1992,77.19214
bra,1993,77.96922
bra,1994,78.70347
bra,1995,79.3655
bra,1996,80.00884
bra,1997,80.75847
bra,1998,81.48885
bra,1999,82.18414
bra,2000,82.87524
bra,2001,83.51042
bra,2002,84.16826
bra,2003,84.78683
bra,2004,85.37752
bra,2005,85.90402
bra,2006,86.44015
bra,2007,86.86564
bra,2008,87.0599
bra,2009,87.23939
bra,2010,87.40747
bra,2011,87.54937
bra,2012,87.69953
bra,2013,87.90067
bra,2014,87.96059
bra,2015,88.08158
bra,2016,88.14184
bra,2017,88.26383
bra,2018,88.40998
bra,2019,88.52342
bra,2020,88.6082
brb,1970,55.10618
brb,1971,56.0221
brb,1972,56.87894
brb,1973,57.68667
brb,1974,58.643
brb,1975,59.46701
brb,1976,60.27765
brb,1977,61.08809
brb,1978,62.00939
brb,1979,62.81848
brb,1980,63.64836
brb,1981,64.30656
brb,1982,64.91523
brb,1983,65.49017
brb,1984,66.10688
brb,1985,66.66628
brb,1986,67.1649
brb,1987,67.73598
brb,1988,68.26524
brb,1989,68.64972
brb,1990,69.01249
brb,1991,69.34511
brb,1992,69.64399
brb,1993,69.8887
brb,1994,70.22096
brb,1995,70.47656
brb,1996,70.71707
brb,1997,70.88227
brb,1998,71.07979
brb,1999,71.33391
brb,2000,71.53291
brb,2001,71.68439
brb,2002,71.79192
brb,2003,71.94391
brb,2004,72.01953
brb,2005,72.15902
brb,2006,72.22485
brb,2007,72.37097
brb,2008,72.31196
brb,2009,72.34964
brb,2010,72.44921
brb,2011,72.47868
brb,2012,72.53593
brb,2013,72.91157
brb,2014,73.24029
brb,2015,73.54648
brb,2016,73.94452
brb,2017,74.31829
brb,2018,74.59842
brb,2019,74.94154
brb,2020,75.3373
btn,1970,13.27403
btn,1971,14.1334
btn,1972,15.02057
btn,1973,15.93758
btn,1974,16.87293
btn,1975,17.90331
btn,1976,18.95301
btn,1977,19.98142
btn,1978,21.01363
btn,1979,22.23251
btn,1980,23.43601
btn,1981,24.62631
btn,1982,25.90005
btn,1983,27.16933
btn,1984,28.55612
btn,1985,29.9596
btn,1986,31.41238
btn,1987,32.75211
btn,1988,34.14942
btn,1989,35.56537
btn,1990,36.97624
btn,1991,38.37977
btn,1992,39.65938
btn,1993,40.99011
btn,1994,42.50181
btn,1995,44.13032
btn,1996,45.82243
btn,1997,47.62616
btn,1998,49.4145
btn,1999,51.12025
btn,2000,52.76058
btn,2001,54.15008
btn,2002,55.61112
btn,2003,56.94945
btn,2004,58.27389
btn,2005,59.66294
btn,2006,61.11048
btn,2007,62.97464
btn,2008,65.9247
btn,2009,68.97443
btn,2010,71.64858
btn,2011,73.32825
btn,2012,74.50747
btn,2013,75.41758
btn,2014,76.11286
btn,2015,76.79239
btn,2016,77.45224
btn,2017,77.89018
btn,2018,78.40193
btn,2019,78.84235
btn,2020,79.2722
bwa,1970,16.01487
bwa,1971,17.6807
bwa,1972,19.59195
bwa,1973,21.59498
bwa,1974,23.75936
bwa,1975,25.96661
bwa,1976,28.41002
bwa,1977,30.83186
bwa,1978,33.37794
bwa,1979,35.91643
bwa,1980,38.65987
bwa,1981,41.37128
bwa,1982,44.14455
bwa,1983,46.97936
bwa,1984,49.79821
bwa,1985,53.08524
bwa,1986,56.31627
bwa,1987,59.43761
bwa,1988,62.23545
bwa,1989,64.30936
bwa,1990,66.0392
bwa,1991,67.68275
bwa,1992,69.26809
bwa,1993,70.66417
bwa,1994,71.99117
bwa,1995,73.20605
bwa,1996,74.29542
bwa,1997,75.26675
bwa,1998,76.147
bwa,1999,77.05609
bwa,2000,77.9493
bwa,2001,79.01177
bwa,2002,80.05267
bwa,2003,81.04134
bwa,2004,82.15531
bwa,2005,83.00092
bwa,2006,83.83
bwa,2007,84.46851
bwa,2008,84.89068
bwa,2009,85.12271
bwa,2010,85.41317
bwa,2011,85.51421
bwa,2012,85.65369
bwa,2013,85.71445
bwa,2014,85.86478
bwa,2015,85.9054
bwa,2016,86.0338
bwa,2017,86.15865
bwa,2018,86.22112
bwa,2019,86.34172
bwa,2020,86.53397
caf,1970,1.37462
caf,1971,1.50871
caf,1972,1.65993
caf,1973,1.82163
caf,1974,1.9981
caf,1975,2.20165
caf,1976,2.41046
caf,1977,2.64622
caf,1978,2.90514
caf,1979,3.18544
caf,1980,3.48888
caf,1981,3.80367
caf,1982,4.13895
caf,1983,4.52684
caf,1984,4.96166
caf,1985,5.39306
caf,1986,5.85627
caf,1987,6.32663
caf,1988,6.90734
caf,1989,7.49466
caf,1990,8.11426
caf,1991,8.80502
caf,1992,9.51539
caf,1993,10.27583
caf,1994,11.10903
caf,1995,12.20722
caf,1996,13.63938
caf,1997,15.23502
caf,1998,16.90107
caf,1999,18.70976
caf,2000,20.53147
caf,2001,21.5473
caf,2002,22.38268
caf,2003,23.08572
caf,2004,23.77498
caf,2005,24.3975
caf,2006,25.00434
caf,2007,25.63554
caf,2008,26.35239
caf,2009,26.99889
caf,2010,27.69691
caf,2011,28.33765
caf,2012,29.05873
caf,2013,29.79757
caf,2014,30.60167
caf,2015,31.29989
caf,2016,31.91675
caf,2017,32.62075
caf,2018,33.31687
caf,2019,34.02784
caf,2020,35.03157
can,1970,82.54932
can,1971,83.0504
can,1972,83.64051
can,1973,84.29452
can,1974,84.76708
can,1975,85.1838
can,1976,85.60256
can,1977,86.01513
can,1978,86.40212
can,1979,86.70456
can,1980,87.06421
can,1981,87.30432
can,1982,87.64995
can,1983,87.93334
can,1984,88.17823
can,1985,88.35731
can,1986,88.45226
can,1987,88.57119
can,1988,88.68685
can,1989,88.82442
can,1990,88.9673
can,1991,89.24242
can,1992,89.45677
can,1993,89.72831
can,1994,89.96516
can,1995,90.22792
can,1996,90.42155
can,1997,90.5774
can,1998,90.70497
can,1999,90.76154
can,2000,90.78519
can,2001,90.83485
can,2002,90.92203
can,2003,91.28908
can,2004,91.63011
can,2005,91.93884
can,2006,92.25726
can,2007,92.33303
can,2008,92.4225
can,2009,92.48565
can,2010,92.54918
can,2011,92.41727
can,2012,92.59569
can,2013,92.57267
can,2014,92.68046
can,2015,92.68907
can,2016,92.65859
can,2017,92.65516
can,2018,92.65208
can,2019,92.63056
can,2020,92.6965
che,1970,66.63896
che,1971,68.29564
che,1972,69.76572
che,1973,71.2014
che,1974,72.59098
che,1975,73.82094
che,1976,74.91132
che,1977,76.08319
che,1978,77.05787
che,1979,78.04057
che,1980,78.84476
che,1981,79.59358
che,1982,80.16131
che,1983,80.7651
che,1984,81.29122
che,1985,81.88276
che,1986,82.35118
che,1987,82.81905
che,1988,83.27464
che,1989,83.80111
che,1990,84.25995
che,1991,84.66352
che,1992,85.11327
che,1993,85.66882
che,1994,86.1529
che,1995,86.4171
che,1996,86.62317
che,1997,86.82009
che,1998,86.99913
che,1999,87.12844
che,2000,87.2091
che,2001,87.34306
che,2002,87.46513
che,2003,87.59968
che,2004,87.7333
che,2005,87.83256
che,2006,87.9928
che,2007,88.10335
che,2008,88.28183
che,2009,88.39787
che,2010,88.51543
che,2011,88.61686
che,2012,88.78437
che,2013,88.74825
che,2014,88.6992
che,2015,88.70502
che,2016,88.63241
che,2017,88.58729
che,2018,88.68395
che,2019,88.77729
che,2020,88.78429
chl,1970,33.65429
chl,1971,35.26767
chl,1972,36.66013
chl,1973,37.98099
chl,1974,39.45158
chl,1975,40.70591
chl,1976,42.32571
chl,1977,43.83964
chl,1978,45.23971
chl,1979,46.84587
chl,1980,48.09106
chl,1981,49.49945
chl,1982,50.92884
chl,1983,52.46269
chl,1984,53.95824
chl,1985,55.40559
chl,1986,56.70843
chl,1987,57.97579
chl,1988,59.27028
chl,1989,60.6587
chl,1990,61.90684
chl,1991,63.03886
chl,1992,64.33319
chl,1993,65.34728
chl,1994,66.44213
chl,1995,67.41319
chl,1996,68.48212
chl,1997,69.48047
chl,1998,70.54673
chl,1999,71.5033
chl,2000,72.37619
chl,2001,73.28517
chl,2002,73.97068
chl,2003,74.71116
chl,2004,75.44122
chl,2005,76.1852
chl,2006,76.98695
chl,2007,77.77612
chl,2008,78.68059
chl,2009,79.42606
chl,2010,80.18067
chl,2011,80.99353
chl,2012,81.71435
chl,2013,82.40406
chl,2014,83.06727
chl,2015,83.64111
chl,2016,84.0781
chl,2017,84.2928
chl,2018,84.53384
chl,2019,84.75492
chl,2020,84.87404
chn,1970,32.71624
chn,1971,37.69505
chn,1972,43.5658
chn,1973,49.82792
chn,1974,55.86729
chn,1975,61.14229
chn,1976,65.29683
chn,1977,68.44026
chn,1978,70.77951
chn,1979,72.68262
chn,1980,74.25164
chn,1981,75.8313
chn,1982,77.84014
chn,1983,79.68748
chn,1984,80.89904
chn,1985,81.67854
chn,1986,82.46895
chn,1987,83.61591
chn,1988,84.84066
chn,1989,86.08112
chn,1990,87.37702
chn,1991,88.56698
chn,1992,89.51981
chn,1993,90.15103
chn,1994,90.66828
chn,1995,91.05311
chn,1996,91.44206
chn,1997,91.78325
chn,1998,92.08029
chn,1999,92.31078
chn,2000,92.45702
chn,2001,92.51365
chn,2002,92.428
chn,2003,92.2454
chn,2004,92.1122
chn,2005,91.93249
chn,2006,91.89494
chn,2007,91.88275
chn,2008,91.8619
chn,2009,91.92274
chn,2010,91.95728
chn,2011,91.95278
chn,2012,92.02276
chn,2013,91.98397
chn,2014,91.95873
chn,2015,91.89097
chn,2016,91.80354
chn,2017,91.67154
chn,2018,91.73849
chn,2019,91.79171
chn,2020,91.81985
civ,1970,1.0365
civ,1971,1.16471
civ,1972,1.3062
civ,1973,1.45382
civ,1974,1.62844
civ,1975,1.82284
civ,1976,2.03183
civ,1977,2.27926
civ,1978,2.53567
civ,1979,2.85511
civ,1980,3.22581
civ,1981,3.62741
civ,1982,4.09373
civ,1983,4.58754
civ,1984,5.14152
civ,1985,5.75577
civ,1986,6.41839
civ,1987,7.12603
civ,1988,7.9321
civ,1989,8.79528
civ,1990,9.7151
civ,1991,10.78365
civ,1992,11.87948
civ,1993,13.0666
civ,1994,14.29611
civ,1995,15.99423
civ,1996,17.71269
civ,1997,19.52678
civ,1998,21.35895
civ,1999,22.94688
civ,2000,24.3453
civ,2001,25.68517
civ,2002,27.00612
civ,2003,28.25858
civ,2004,29.47676
civ,2005,30.62601
civ,2006,31.78039
civ,2007,32.28137
civ,2008,32.75723
civ,2009,33.26082
civ,2010,33.72335
civ,2011,34.19289
civ,2012,34.87934
civ,2013,36.53514
civ,2014,38.27055
civ,2015,39.90035
civ,2016,41.74019
civ,2017,43.511
civ,2018,44.65363
civ,2019,45.79711
civ,2020,46.89048
cmr,1970,0.8219
cmr,1971,0.91256
cmr,1972,1.01824
cmr,1973,1.13481
cmr,1974,1.26945
cmr,1975,1.41663
cmr,1976,1.58891
cmr,1977,1.77673
cmr,1978,2.01029
cmr,1979,2.31047
cmr,1980,2.65391
cmr,1981,3.0723
cmr,1982,3.55991
cmr,1983,4.10606
cmr,1984,4.72839
cmr,1985,5.44461
cmr,1986,6.2414
cmr,1987,7.13374
cmr,1988,8.11815
cmr,1989,9.15417
cmr,1990,10.28405
cmr,1991,11.42349
cmr,1992,12.53534
cmr,1993,13.66834
cmr,1994,14.86325
cmr,1995,16.10909
cmr,1996,17.37268
cmr,1997,18.73001
cmr,1998,20.16931
cmr,1999,22.50998
cmr,2000,24.87266
cmr,2001,27.16807
cmr,2002,29.42206
cmr,2003,31.63885
cmr,2004,33.73981
cmr,2005,35.45518
cmr,2006,37.02793
cmr,2007,37.65867
cmr,2008,38.26748
cmr,2009,38.78334
cmr,2010,39.29104
cmr,2011,39.76403
cmr,2012,40.954
cmr,2013,42.08927
cmr,2014,43.08483
cmr,2015,44.03577
cmr,2016,44.7452
cmr,2017,45.3103
cmr,2018,45.96323
cmr,2019,46.49215
cmr,2020,47.22549
cod,1970,4.24887
cod,1971,4.53011
cod,1972,4.82006
cod,1973,5.11691
cod,1974,5.41928
cod,1975,5.74447
cod,1976,6.10376
cod,1977,6.46879
cod,1978,6.86609
cod,1979,7.23823
cod,1980,7.65323
cod,1981,8.07376
cod,1982,8.47265
cod,1983,8.66457
cod,1984,8.64447
cod,1985,8.59827
cod,1986,8.53069
cod,1987,8.48776
cod,1988,8.44354
cod,1989,8.45814
cod,1990,8.49755
cod,1991,8.58292
cod,1992,9.03652
cod,1993,9.59939
cod,1994,10.1912
cod,1995,10.82264
cod,1996,11.44569
cod,1997,12.20139
cod,1998,12.93929
cod,1999,13.66725
cod,2000,14.43011
cod,2001,15.14288
cod,2002,15.39144
cod,2003,15.58488
cod,2004,15.75226
cod,2005,15.8958
cod,2006,16.04401
cod,2007,16.19155
cod,2008,16.34466
cod,2009,16.49645
cod,2010,16.65958
cod,2011,17.47067
cod,2012,18.33389
cod,2013,19.21158
cod,2014,20.68513
cod,2015,22.49448
cod,2016,24.39091
cod,2017,26.31486
cod,2018,28.20553
cod,2019,29.48189
cod,2020,30.7539
cog,1970,1.77691
cog,1971,1.92861
cog,1972,2.09878
cog,1973,2.28705
cog,1974,2.47716
cog,1975,2.68984
cog,1976,2.93216
cog,1977,3.16728
cog,1978,3.44246
cog,1979,3.70819
cog,1980,4.01303
cog,1981,4.33118
cog,1982,4.6747
cog,1983,5.06408
cog,1984,5.48959
cog,1985,5.92456
cog,1986,6.41099
cog,1987,6.91632
cog,1988,7.52
cog,1989,8.08254
cog,1990,8.70254
cog,1991,9.42364
cog,1992,10.13963
cog,1993,10.95813
cog,1994,11.83792
cog,1995,12.74817
cog,1996,13.7591
cog,1997,14.73723
cog,1998,15.80703
cog,1999,16.90913
cog,2000,18.09375
cog,2001,19.23907
cog,2002,20.46485
cog,2003,21.75954
cog,2004,22.93558
cog,2005,24.24495
cog,2006,26.41769
cog,2007,28.58547
cog,2008,30.76971
cog,2009,32.91474
cog,2010,35.09967
cog,2011,37.25479
cog,2012,38.61067
cog,2013,39.50214
cog,2014,40.38604
cog,2015,41.44559
cog,2016,42.89811
cog,2017,44.21244
cog,2018,45.63359
cog,2019,46.91049
cog,2020,48.21083
cok,1970,51.39996
cok,1971,52.05674
cok,1972,52.46227
cok,1973,53.09373
cok,1974,53.82225
cok,1975,54.52629
cok,1976,55.17593
cok,1977,55.9428
cok,1978,56.50711
cok,1979,57.03732
cok,1980,57.6725
cok,1981,58.22667
cok,1982,58.86849
cok,1983,59.40432
cok,1984,60.01584
cok,1985,60.57957
cok,1986,61.3269
cok,1987,61.97977
cok,1988,62.70544
cok,1989,63.33213
cok,1990,63.93114
cok,1991,64.72968
cok,1992,65.59206
cok,1993,66.33675
cok,1994,67.20358
cok,1995,68.00072
cok,1996,68.57491
cok,1997,68.52771
cok,1998,68.40712
cok,1999,68.01563
cok,2000,67.87603
cok,2001,67.90955
cok,2002,67.91894
cok,2003,68.01962
cok,2004,68.11745
cok,2005,68.25046
cok,2006,68.23044
cok,2007,68.40546
cok,2008,68.41005
cok,2009,68.38489
cok,2010,68.46958
cok,2011,68.66991
cok,2012,68.89266
cok,2013,68.91732
cok,2014,69.07464
cok,2015,69.35042
cok,2016,69.466
cok,2017,69.62242
cok,2018,70.03202
cok,2019,70.19527
cok,2020,70.27301
col,1970,21.48169
col,1971,24.34197
col,1972,27.39567
col,1973,30.74301
col,1974,34.20951
col,1975,37.7419
col,1976,41.32185
col,1977,44.62003
col,1978,47.8498
col,1979,51.40937
col,1980,54.91813
col,1981,57.56589
col,1982,59.94663
col,1983,62.17986
col,1984,64.19392
col,1985,65.9898
col,1986,67.58737
col,1987,68.07208
col,1988,68.27807
col,1989,68.46652
col,1990,68.7364
col,1991,69.21748
col,1992,69.80355
col,1993,70.32951
col,1994,70.88336
col,1995,71.29322
col,1996,71.98761
col,1997,72.60724
col,1998,73.26006
col,1999,73.83344
col,2000,74.39059
col,2001,75.44816
col,2002,76.41672
col,2003,77.3493
col,2004,78.25522
col,2005,79.13904
col,2006,80.07956
col,2007,80.99188
col,2008,81.86464
col,2009,82.70769
col,2010,83.47863
col,2011,83.95334
col,2012,84.47213
col,2013,84.96467
col,2014,85.46122
col,2015,85.99082
col,2016,86.21785
col,2017,86.37355
col,2018,86.51314
col,2019,86.624
col,2020,86.77693
com,1970,3.07493
com,1971,3.37957
com,1972,3.72384
com,1973,4.08683
com,1974,4.47078
com,1975,4.92092
com,1976,5.35698
com,1977,5.84202
com,1978,6.41856
com,1979,6.96286
com,1980,7.50659
com,1981,8.15086
com,1982,8.88283
com,1983,9.61261
com,1984,10.37211
com,1985,11.21727
com,1986,12.02008
com,1987,12.9141
com,1988,13.87996
com,1989,14.85129
com,1990,15.85611
com,1991,16.87318
com,1992,17.96802
com,1993,19.0941
com,1994,20.22431
com,1995,21.4019
com,1996,22.60843
com,1997,24.30255
com,1998,25.94301
com,1999,27.51931
com,2000,28.95562
com,2001,29.28347
com,2002,29.52816
com,2003,29.56752
com,2004,29.71532
com,2005,29.71471
com,2006,29.65978
com,2007,29.61871
com,2008,29.61263
com,2009,29.61557
com,2010,29.58526
com,2011,29.63976
com,2012,29.85441
com,2013,30.79026
com,2014,31.829
com,2015,32.99456
com,2016,34.2465
com,2017,35.50361
com,2018,36.74389
com,2019,37.93847
com,2020,39.143
cpv,1970,9.54931
cpv,1971,10.74983
cpv,1972,12.08981
cpv,1973,13.44217
cpv,1974,14.9547
cpv,1975,16.61613
cpv,1976,18.36144
cpv,1977,20.24724
cpv,1978,22.27523
cpv,1979,24.35196
cpv,1980,26.5743
cpv,1981,28.63017
cpv,1982,30.87394
cpv,1983,32.91247
cpv,1984,35.11048
cpv,1985,37.23331
cpv,1986,39.29687
cpv,1987,41.30909
cpv,1988,43.42936
cpv,1989,45.56911
cpv,1990,47.90617
cpv,1991,50.47137
cpv,1992,52.98507
cpv,1993,55.55274
cpv,1994,58.04688
cpv,1995,60.55214
cpv,1996,63.02701
cpv,1997,65.21537
cpv,1998,67.20299
cpv,1999,68.30188
cpv,2000,69.25393
cpv,2001,70.00552
cpv,2002,70.67147
cpv,2003,71.34476
cpv,2004,71.92511
cpv,2005,72.40127
cpv,2006,72.92542
cpv,2007,73.34358
cpv,2008,73.5485
cpv,2009,73.79869
cpv,2010,74.0666
cpv,2011,74.25378
cpv,2012,74.39188
cpv,2013,74.45697
cpv,2014,74.60001
cpv,2015,74.68404
cpv,2016,74.75462
cpv,2017,74.77626
cpv,2018,74.89949
cpv,2019,75.11306
cpv,2020,75.41523
cri,1970,61.23523
cri,1971,62.18593
cri,1972,62.8506
cri,1973,63.58761
cri,1974,64.3966
cri,1975,65.14511
cri,1976,65.85337
cri,1977,66.5233
cri,1978,67.21637
cri,1979,67.97419
cri,1980,68.64952
cri,1981,69.2914
cri,1982,70.00723
cri,1983,70.66693
cri,1984,71.26891
cri,1985,71.91195
cri,1986,72.48755
cri,1987,73.21461
cri,1988,73.97037
cri,1989,74.75078
cri,1990,75.48004
cri,1991,76.25311
cri,1992,76.93265
cri,1993,77.53299
cri,1994,78.1914
cri,1995,78.77693
cri,1996,79.22147
cri,1997,79.70651
cri,1998,80.1557
cri,1999,80.59249
cri,2000,81.0036
cri,2001,81.43617
cri,2002,81.82266
cri,2003,82.18162
cri,2004,82.47618
cri,2005,82.82737
cri,2006,83.0738
cri,2007,83.40602
cri,2008,83.62943
cri,2009,83.83011
cri,2010,83.97101
cri,2011,84.10259
cri,2012,83.98443
cri,2013,83.86882
cri,2014,83.7147
cri,2015,83.56423
cri,2016,83.41169
cri,2017,83.21736
cri,2018,83.04788
cri,2019,83.07671
cri,2020,83.20111
cub,1970,76.15542
cub,1971,76.67226
cub,1972,76.94631
cub,1973,77.41708
cub,1974,77.74888
cub,1975,78.0024
cub,1976,78.25627
cub,1977,78.54212
cub,1978,78.58327
cub,1979,78.75901
cub,1980,78.98889
cub,1981,79.26827
cub,1982,79.47535
cub,1983,79.65714
cub,1984,79.86524
cub,1985,80.04909
cub,1986,80.19352
cub,1987,80.29278
cub,1988,80.40013
cub,1989,80.57713
cub,1990,80.72292
cub,1991,80.96319
cub,1992,81.25565
cub,1993,81.6985
cub,1994,82.02112
cub,1995,82.38522
cub,1996,82.71343
cub,1997,83.01038
cub,1998,83.35016
cub,1999,83.69464
cub,2000,84.04782
cub,2001,84.348
cub,2002,84.70905
cub,2003,85.07275
cub,2004,85.34588
cub,2005,85.7515
cub,2006,86.10104
cub,2007,86.47424
cub,2008,86.85138
cub,2009,87.21282
cub,2010,87.52173
cub,2011,87.77652
cub,2012,87.91655
cub,2013,88.05387
cub,2014,88.14721
cub,2015,88.07399
cub,2016,87.90552
cub,2017,87.77889
cub,2018,87.60508
cub,2019,87.49144
cub,2020,87.51708
cze,1970,37.47552
cze,1971,38.68504
cze,1972,39.68319
cze,1973,40.82754
cze,1974,42.07977
cze,1975,43.29609
cze,1976,44.23933
cze,1977,45.51136
cze,1978,46.71204
cze,1979,47.86819
cze,1980,49.03248
cze,1981,50.24258
cze,1982,51.34708
cze,1983,52.45371
cze,1984,53.76312
cze,1985,54.82033
cze,1986,55.94456
cze,1987,57.10028
cze,1988,58.27086
cze,1989,59.38469
cze,1990,60.46964
cze,1991,61.56585
cze,1992,62.24893
cze,1993,63.1304
cze,1994,64.86261
cze,1995,66.57263
cze,1996,68.35057
cze,1997,69.92619
cze,1998,70.8945
cze,1999,71.92163
cze,2000,72.8545
cze,2001,73.83831
cze,2002,74.70544
cze,2003,75.65598
cze,2004,76.53529
cze,2005,77.48846
cze,2006,78.4621
cze,2007,79.4184
cze,2008,80.26521
cze,2009,80.51094
cze,2010,80.94208
cze,2011,81.21628
cze,2012,81.482
cze,2013,81.90296
cze,2014,82.23571
cze,2015,82.44236
cze,2016,82.81102
cze,2017,82.99434
cze,2018,83.22509
cze,2019,83.47014
cze,2020,83.76075
deu,1970,60.98942
deu,1971,63.96022
deu,1972,67.1061
deu,1973,68.75392
deu,1974,70.32549
deu,1975,71.72531
deu,1976,73.10968
deu,1977,74.40031
deu,1978,75.60369
deu,1979,76.70087
deu,1980,77.81089
deu,1981,78.89778
deu,1982,79.81059
deu,1983,80.7022
deu,1984,81.46564
deu,1985,82.10111
deu,1986,82.64311
deu,1987,83.02491
deu,1988,83.35442
deu,1989,83.63643
deu,1990,83.89791
deu,1991,84.11023
deu,1992,84.39475
deu,1993,84.59218
deu,1994,84.84649
deu,1995,85.07119
deu,1996,85.23832
deu,1997,85.40691
deu,1998,85.55466
deu,1999,85.73777
deu,2000,85.84716
deu,2001,85.97729
deu,2002,86.05302
deu,2003,86.12027
deu,2004,86.21377
deu,2005,86.4636
deu,2006,86.85946
deu,2007,87.36753
deu,2008,87.97415
deu,2009,88.81241
deu,2010,89.63652
deu,2011,90.22407
deu,2012,90.16497
deu,2013,89.92805
deu,2014,89.52947
deu,2015,89.15827
deu,2016,88.66059
deu,2017,88.22576
deu,2018,87.95299
deu,2019,87.71185
deu,2020,87.67285
dji,1970,2.90902
dji,1971,3.05036
dji,1972,3.23245
dji,1973,3.41468
dji,1974,3.61405
dji,1975,3.87851
dji,1976,4.17626
dji,1977,4.47959
dji,1978,4.82917
dji,1979,5.21321
dji,1980,5.63653
dji,1981,6.08761
dji,1982,6.55208
dji,1983,7.06157
dji,1984,7.60739
dji,1985,8.14935
dji,1986,8.75577
dji,1987,9.41056
dji,1988,10.11705
dji,1989,10.85323
dji,1990,11.62831
dji,1991,12.40116
dji,1992,13.16832
dji,1993,13.89776
dji,1994,14.62751
dji,1995,15.4468
dji,1996,16.27698
dji,1997,17.09947
dji,1998,17.92361
dji,1999,18.78213
dji,2000,19.71288
dji,2001,20.76269
dji,2002,21.96502
dji,2003,23.77232
dji,2004,25.84882
dji,2005,27.98471
dji,2006,30.03559
dji,2007,31.65153
dji,2008,33.09782
dji,2009,34.37941
dji,2010,35.65909
dji,2011,37.0189
dji,2012,38.34819
dji,2013,39.61539
dji,2014,40.88467
dji,2015,42.21601
dji,2016,43.48715
dji,2017,44.87129
dji,2018,46.18842
dji,2019,47.45778
dji,2020,48.88462
dma,1970,59.28067
dma,1971,59.94755
dma,1972,60.69697
dma,1973,61.45772
dma,1974,62.1266
dma,1975,62.62466
dma,1976,63.29211
dma,1977,63.70082
dma,1978,64.28247
dma,1979,64.645
dma,1980,64.98014
dma,1981,65.42089
dma,1982,65.64344
dma,1983,65.7473
dma,1984,65.91825
dma,1985,66.1017
dma,1986,66.27376
dma,1987,66.63913
dma,1988,67.01395
dma,1989,67.43333
dma,1990,67.90281
dma,1991,68.3122
dma,1992,68.72288
dma,1993,69.28725
dma,1994,69.84931
dma,1995,70.36909
dma,1996,70.87912
dma,1997,71.17677
dma,1998,71.69785
dma,1999,72.14106
dma,2000,72.5471
dma,2001,72.94246
dma,2002,73.25494
dma,2003,73.52995
dma,2004,73.89369
dma,2005,74.16163
dma,2006,74.43042
dma,2007,74.74241
dma,2008,74.98108
dma,2009,75.17596
dma,2010,75.49858
dma,2011,75.80072
dma,2012,76.07898
dma,2013,76.23123
dma,2014,76.51352
dma,2015,76.89901
dma,2016,77.15973
dma,2017,77.41518
dma,2018,77.6789
dma,2019,78.03906
dma,2020,78.26425
dnk,1970,70.29823
dnk,1971,71.53531
dnk,1972,72.56737
dnk,1973,73.70584
dnk,1974,74.74827
dnk,1975,75.8622
dnk,1976,76.42919
dnk,1977,76.98006
dnk,1978,77.68055
dnk,1979,78.41831
dnk,1980,79.10151
dnk,1981,79.79115
dnk,1982,80.44851
dnk,1983,81.00223
dnk,1984,81.5598
dnk,1985,82.13509
dnk,1986,82.6795
dnk,1987,83.23574
dnk,1988,83.60678
dnk,1989,83.8448
dnk,1990,84.05457
dnk,1991,84.3558
dnk,1992,84.46953
dnk,1993,84.60378
dnk,1994,84.72868
dnk,1995,84.83084
dnk,1996,85.11064
dnk,1997,85.2134
dnk,1998,85.38205
dnk,1999,85.4766
dnk,2000,85.55545
dnk,2001,85.72898
dnk,2002,85.80893
dnk,2003,85.99612
dnk,2004,86.05668
dnk,2005,86.28546
dnk,2006,86.35732
dnk,2007,86.50867
dnk,2008,86.42723
dnk,2009,86.51522
dnk,2010,86.68199
dnk,2011,86.7323
dnk,2012,86.82075
dnk,2013,86.89602
dnk,2014,87.026
dnk,2015,87.17367
dnk,2016,87.10316
dnk,2017,87.072
dnk,2018,87.21347
dnk,2019,87.37426
dnk,2020,87.49063
dom,1970,40.63727
dom,1971,41.75449
dom,1972,42.97201
dom,1973,44.22166
dom,1974,45.35325
dom,1975,46.64906
dom,1976,48.25084
dom,1977,49.93397
dom,1978,51.61326
dom,1979,53.32974
dom,1980,54.96201
dom,1981,56.77256
dom,1982,58.57255
dom,1983,60.41951
dom,1984,62.29214
dom,1985,64.20841
dom,1986,66.04354
dom,1987,67.01411
dom,1988,67.81782
dom,1989,68.58694
dom,1990,69.35987
dom,1991,70.19748
dom,1992,71.50298
dom,1993,72.862
dom,1994,74.08013
dom,1995,75.20816
dom,1996,76.30653
dom,1997,77.19024
dom,1998,77.96381
dom,1999,78.66885
dom,2000,79.29641
dom,2001,79.78719
dom,2002,80.16516
dom,2003,80.39825
dom,2004,80.62994
dom,2005,80.93954
dom,2006,81.42822
dom,2007,82.37798
dom,2008,82.77987
dom,2009,82.99466
dom,2010,83.09796
dom,2011,82.98045
dom,2012,82.87388
dom,2013,82.82696
dom,2014,82.59315
dom,2015,82.70143
dom,2016,82.88928
dom,2017,83.02513
dom,2018,83.19391
dom,2019,83.39407
dom,2020,83.50428
dza,1970,36.70586
dza,1971,37.78216
dza,1972,39.0493
dza,1973,40.11066
dza,1974,41.27851
dza,1975,42.56738
dza,1976,43.75458
dza,1977,44.89282
dza,1978,46.0998
dza,1979,47.29519
dza,1980,48.43613
dza,1981,49.83038
dza,1982,50.8818
dza,1983,52.14854
dza,1984,53.42783
dza,1985,54.63489
dza,1986,55.9311
dza,1987,57.13984
dza,1988,58.48017
dza,1989,59.80488
dza,1990,61.13791
dza,1991,62.49742
dza,1992,63.88079
dza,1993,65.22834
dza,1994,66.42752
dza,1995,67.49773
dza,1996,68.40074
dza,1997,69.26923
dza,1998,70.11013
dza,1999,70.76739
dza,2000,71.29126
dza,2001,71.80383
dza,2002,72.22889
dza,2003,72.28206
dza,2004,72.51952
dza,2005,72.70196
dza,2006,72.78243
dza,2007,72.94688
dza,2008,73.0526
dza,2009,73.2176
dza,2010,73.39571
dza,2011,73.38165
dza,2012,73.59956
dza,2013,73.74662
dza,2014,74.10687
dza,2015,74.46452
dza,2016,74.65557
dza,2017,74.96516
dza,2018,75.21194
dza,2019,75.50871
dza,2020,75.7817
ecu,1970,25.97242
ecu,1971,27.40623
ecu,1972,28.8792
ecu,1973,30.38071
ecu,1974,31.95876
ecu,1975,33.44914
ecu,1976,34.97679
ecu,1977,36.58262
ecu,1978,38.13553
ecu,1979,39.73264
ecu,1980,41.24073
ecu,1981,42.66969
ecu,1982,44.14637
ecu,1983,45.50516
ecu,1984,46.96335
ecu,1985,48.39146
ecu,1986,49.91359
ecu,1987,51.56286
ecu,1988,53.14233
ecu,1989,54.80087
ecu,1990,56.3646
ecu,1991,57.8712
ecu,1992,59.25141
ecu,1993,60.62933
ecu,1994,61.92478
ecu,1995,63.27931
ecu,1996,64.45279
ecu,1997,65.58852
ecu,1998,66.6167
ecu,1999,67.70951
ecu,2000,68.91482
ecu,2001,70.09822
ecu,2002,71.19504
ecu,2003,72.24922
ecu,2004,73.35879
ecu,2005,74.56391
ecu,2006,75.58909
ecu,2007,76.63603
ecu,2008,77.61211
ecu,2009,78.37117
ecu,2010,79.05612
ecu,2011,79.55962
ecu,2012,79.89714
ecu,2013,80.15772
ecu,2014,80.39446
ecu,2015,80.69216
ecu,2016,80.87752
ecu,2017,81.11881
ecu,2018,81.36282
ecu,2019,81.61414
ecu,2020,81.95462
egy,1970,36.44417
egy,1971,37.51949
egy,1972,38.64145
egy,1973,39.73699
egy,1974,40.73725
egy,1975,41.68211
egy,1976,42.6077
egy,1977,43.54563
egy,1978,44.5112
egy,1979,45.44634
egy,1980,46.3915
egy,1981,47.13298
egy,1982,47.88017
egy,1983,48.73092
egy,1984,49.72072
egy,1985,50.79519
egy,1986,51.91431
egy,1987,53.16529
egy,1988,54.5995
egy,1989,56.40084
egy,1990,58.40343
egy,1991,60.38567
egy,1992,62.04538
egy,1993,63.39777
egy,1994,64.70745
egy,1995,66.03104
egy,1996,67.60293
egy,1997,69.31734
egy,1998,71.33865
egy,1999,73.62999
egy,2000,75.70475
egy,2001,76.48536
egy,2002,77.11141
egy,2003,77.57088
egy,2004,77.87017
egy,2005,78.13796
egy,2006,78.52406
egy,2007,78.92531
egy,2008,79.24215
egy,2009,79.25681
egy,2010,79.24906
egy,2011,79.18078
egy,2012,79.10898
egy,2013,79.01377
egy,2014,79.04418
egy,2015,79.14598
egy,2016,79.30976
egy,2017,79.50369
egy,2018,79.7182
egy,2019,79.93559
egy,2020,80.21942
eri,1970,0.57049
eri,1971,0.6622
eri,1972,0.76422
eri,1973,0.89067
eri,1974,1.03873
eri,1975,1.1968
eri,1976,1.38979
eri,1977,1.60038
eri,1978,1.83685
eri,1979,2.11764
eri,1980,2.41073
eri,1981,2.75847
eri,1982,3.14925
eri,1983,3.58541
eri,1984,4.04909
eri,1985,4.57078
eri,1986,5.1471
eri,1987,5.78627
eri,1988,6.44903
eri,1989,7.17467
eri,1990,7.93241
eri,1991,8.69935
eri,1992,9.49832
eri,1993,10.30598
eri,1994,11.14797
eri,1995,12.03874
eri,1996,13.27686
eri,1997,14.65915
eri,1998,15.97678
eri,1999,17.29977
eri,2000,18.55479
eri,2001,19.72987
eri,2002,20.7439
eri,2003,21.06492
eri,2004,21.25947
eri,2005,21.36933
eri,2006,21.41229
eri,2007,21.44217
eri,2008,21.51001
eri,2009,21.62198
eri,2010,21.88665
eri,2011,22.39474
eri,2012,23.13217
eri,2013,23.96321
eri,2014,24.85202
eri,2015,25.73653
eri,2016,26.69922
eri,2017,27.67424
eri,2018,28.64498
eri,2019,29.65128
eri,2020,30.63723
esp,1970,19.37447
esp,1971,20.78274
esp,1972,22.28596
esp,1973,23.84354
esp,1974,25.50504
esp,1975,27.27719
esp,1976,29.07985
esp,1977,31.00114
esp,1978,33.715
esp,1979,36.54526
esp,1980,39.39949
esp,1981,42.34005
esp,1982,45.36916
esp,1983,48.43676
esp,1984,51.38843
esp,1985,54.36939
esp,1986,56.81078
esp,1987,59.40026
esp,1988,61.78923
esp,1989,64.23583
esp,1990,66.42476
esp,1991,68.51844
esp,1992,70.52903
esp,1993,72.39431
esp,1994,74.1084
esp,1995,75.7085
esp,1996,77.193
esp,1997,78.4698
esp,1998,79.57475
esp,1999,80.63076
esp,2000,81.04587
esp,2001,81.32823
esp,2002,81.57892
esp,2003,81.81216
esp,2004,82.06314
esp,2005,82.22283
esp,2006,82.51666
esp,2007,82.73426
esp,2008,83.0817
esp,2009,83.40665
esp,2010,83.63793
esp,2011,83.93013
esp,2012,84.19337
esp,2013,84.42792
esp,2014,84.65345
esp,2015,84.6832
esp,2016,84.65076
esp,2017,84.65536
esp,2018,84.68009
esp,2019,84.81718
esp,2020,84.96744
est,1970,52.47726
est,1971,53.3444
est,1972,54.2402
est,1973,55.11125
est,1974,55.90407
est,1975,56.67591
est,1976,57.40507
est,1977,58.04141
est,1978,58.85532
est,1979,59.35785
est,1980,60.09455
est,1981,60.72894
est,1982,61.43496
est,1983,62.0796
est,1984,62.6533
est,1985,63.23177
est,1986,63.72226
est,1987,64.39859
est,1988,65.00425
est,1989,65.39463
est,1990,65.96872
est,1991,66.44129
est,1992,66.83715
est,1993,67.15409
est,1994,67.5218
est,1995,68.51711
est,1996,69.34643
est,1997,70.18109
est,1998,70.9942
est,1999,71.8737
est,2000,72.61913
est,2001,73.35975
est,2002,74.01158
est,2003,74.81088
est,2004,75.47278
est,2005,76.02086
est,2006,76.24322
est,2007,76.63445
est,2008,76.8578
est,2009,77.11423
est,2010,77.42374
est,2011,77.6149
est,2012,77.87635
est,2013,78.09848
est,2014,78.39375
est,2015,78.62094
est,2016,78.87599
est,2017,79.03204
est,2018,79.27994
est,2019,79.58951
est,2020,79.85073
eth,1970,0.54996
eth,1971,0.6446
eth,1972,0.75471
eth,1973,0.88283
eth,1974,1.02587
eth,1975,1.19683
eth,1976,1.38934
eth,1977,1.61206
eth,1978,1.85961
eth,1979,2.12898
eth,1980,2.43224
eth,1981,2.7765
eth,1982,3.14211
eth,1983,3.55763
eth,1984,4.00846
eth,1985,4.50836
eth,1986,5.04678
eth,1987,5.63402
eth,1988,6.25533
eth,1989,6.901
eth,1990,7.52872
eth,1991,8.06429
eth,1992,8.59091
eth,1993,9.05589
eth,1994,9.58188
eth,1995,10.10731
eth,1996,10.69577
eth,1997,11.44209
eth,1998,12.53987
eth,1999,13.85463
eth,2000,15.4745
eth,2001,17.63569
eth,2002,20.09907
eth,2003,22.77242
eth,2004,25.70515
eth,2005,28.71611
eth,2006,32.34272
eth,2007,36.06624
eth,2008,39.87437
eth,2009,43.72914
eth,2010,47.61451
eth,2011,51.46288
eth,2012,54.66617
eth,2013,57.58438
eth,2014,59.91741
eth,2015,61.26182
eth,2016,62.00235
eth,2017,62.11736
eth,2018,62.7607
eth,2019,63.55447
eth,2020,64.54081
fin,1970,76.82178
fin,1971,77.52556
fin,1972,78.79844
fin,1973,79.97769
fin,1974,80.93848
fin,1975,81.95119
fin,1976,82.86777
fin,1977,83.68328
fin,1978,84.02495
fin,1979,84.2931
fin,1980,84.57356
fin,1981,84.86532
fin,1982,85.11677
fin,1983,85.45793
fin,1984,85.63889
fin,1985,85.90536
fin,1986,86.15352
fin,1987,86.3795
fin,1988,86.60476
fin,1989,86.88076
fin,1990,87.11534
fin,1991,87.33257
fin,1992,87.5926
fin,1993,87.4
fin,1994,87.2466
fin,1995,87.08912
fin,1996,86.8981
fin,1997,86.75577
fin,1998,86.59378
fin,1999,86.42031
fin,2000,86.27906
fin,2001,86.12429
fin,2002,85.95814
fin,2003,85.82454
fin,2004,85.61255
fin,2005,85.54442
fin,2006,85.5667
fin,2007,85.62304
fin,2008,86.04027
fin,2009,86.56557
fin,2010,87.15261
fin,2011,87.74134
fin,2012,88.26901
fin,2013,88.79224
fin,2014,89.2161
fin,2015,89.63267
fin,2016,89.8035
fin,2017,89.87748
fin,2018,89.97432
fin,2019,90.02696
fin,2020,90.10258
fji,1970,50.33161
fji,1971,50.94221
fji,1972,51.40444
fji,1973,51.87386
fji,1974,52.33597
fji,1975,52.51074
fji,1976,52.74654
fji,1977,52.83851
fji,1978,53.08766
fji,1979,53.16332
fji,1980,53.30724
fji,1981,53.42354
fji,1982,53.58623
fji,1983,53.7765
fji,1984,53.99124
fji,1985,54.11411
fji,1986,54.37855
fji,1987,54.62862
fji,1988,54.83595
fji,1989,54.9602
fji,1990,55.14845
fji,1991,55.48816
fji,1992,55.94593
fji,1993,56.19641
fji,1994,56.39401
fji,1995,56.66465
fji,1996,56.97069
fji,1997,57.47523
fji,1998,57.92992
fji,1999,58.25448
fji,2000,58.54966
fji,2001,58.73619
fji,2002,59.19191
fji,2003,59.59347
fji,2004,59.78702
fji,2005,60.16765
fji,2006,60.45686
fji,2007,60.76088
fji,2008,60.86427
fji,2009,61.2726
fji,2010,61.63744
fji,2011,61.94706
fji,2012,62.36403
fji,2013,62.61663
fji,2014,62.75084
fji,2015,62.99057
fji,2016,63.29791
fji,2017,63.82243
fji,2018,64.10109
fji,2019,64.49846
fji,2020,64.56426
fra,1970,39.30845
fra,1971,41.38943
fra,1972,44.236
fra,1973,47.18915
fra,1974,50.08454
fra,1975,52.98988
fra,1976,55.78156
fra,1977,58.6811
fra,1978,61.46092
fra,1979,63.95164
fra,1980,66.23436
fra,1981,68.46246
fra,1982,70.59558
fra,1983,72.55945
fra,1984,74.4094
fra,1985,76.1502
fra,1986,77.82477
fra,1987,79.31713
fra,1988,80.60143
fra,1989,81.61824
fra,1990,82.57171
fra,1991,83.45942
fra,1992,84.2792
fra,1993,85.07671
fra,1994,85.79025
fra,1995,86.47017
fra,1996,87.12674
fra,1997,87.74563
fra,1998,88.29161
fra,1999,88.76272
fra,2000,89.22245
fra,2001,89.53693
fra,2002,89.82948
fra,2003,90.15561
fra,2004,90.43858
fra,2005,90.61458
fra,2006,90.49937
fra,2007,90.47605
fra,2008,90.42739
fra,2009,90.51595
fra,2010,90.62585
fra,2011,90.81541
fra,2012,90.90812
fra,2013,91.01215
fra,2014,91.08102
fra,2015,91.17693
fra,2016,91.25691
fra,2017,91.32108
fra,2018,91.40214
fra,2019,91.43114
fra,2020,91.51465
gab,1970,3.48012
gab,1971,3.74414
gab,1972,4.0183
gab,1973,4.31073
gab,1974,4.65073
gab,1975,4.97542
gab,1976,5.33854
gab,1977,5.68366
gab,1978,6.09915
gab,1979,6.54739
gab,1980,7.02559
gab,1981,7.56546
gab,1982,8.0737
gab,1983,8.64523
gab,1984,9.2555
gab,1985,9.86556
gab,1986,10.58992
gab,1987,11.34771
gab,1988,12.14736
gab,1989,13.01483
gab,1990,13.97805
gab,1991,14.95019
gab,1992,16.10902
gab,1993,17.2537
gab,1994,18.49049
gab,1995,19.69675
gab,1996,20.98761
gab,1997,22.41155
gab,1998,23.84036
gab,1999,25.25172
gab,2000,26.65302
gab,2001,28.24534
gab,2002,29.77911
gab,2003,31.32726
gab,2004,32.81327
gab,2005,34.34485
gab,2006,35.81919
gab,2007,37.14054
gab,2008,38.54643
gab,2009,39.89494
gab,2010,41.20735
gab,2011,42.50664
gab,2012,43.7292
gab,2013,44.77182
gab,2014,45.74504
gab,2015,46.75949
gab,2016,47.8036
gab,2017,48.78791
gab,2018,49.61911
gab,2019,50.68671
gab,2020,51.68345
gbr,1970,70.35534
gbr,1971,71.05258
gbr,1972,71.84129
gbr,1973,72.68836
gbr,1974,73.49937
gbr,1975,74.26554
gbr,1976,74.8584
gbr,1977,75.57283
gbr,1978,76.19399
gbr,1979,76.95014
gbr,1980,77.51928
gbr,1981,78.14088
gbr,1982,78.72451
gbr,1983,79.31981
gbr,1984,79.84493
gbr,1985,80.35073
gbr,1986,80.76232
gbr,1987,81.0302
gbr,1988,81.17108
gbr,1989,81.37327
gbr,1990,81.73171
gbr,1991,82.29738
gbr,1992,82.95632
gbr,1993,83.63092
gbr,1994,84.08877
gbr,1995,84.51259
gbr,1996,84.5024
gbr,1997,84.39048
gbr,1998,84.26015
gbr,1999,84.01034
gbr,2000,84.44131
gbr,2001,84.84573
gbr,2002,85.10029
gbr,2003,85.3578
gbr,2004,84.96661
gbr,2005,84.68386
gbr,2006,84.61868
gbr,2007,84.52803
gbr,2008,84.47087
gbr,2009,84.49013
gbr,2010,84.42548
gbr,2011,84.39679
gbr,2012,84.36053
gbr,2013,84.52659
gbr,2014,84.67584
gbr,2015,84.83849
gbr,2016,84.91759
gbr,2017,85.06923
gbr,2018,85.22506
gbr,2019,85.2597
gbr,2020,85.42872
geo,1970,17.82754
geo,1971,18.34942
geo,1972,18.91778
geo,1973,19.5017
geo,1974,20.09244
geo,1975,20.70775
geo,1976,21.36546
geo,1977,22.03697
geo,1978,22.63947
geo,1979,23.14328
geo,1980,23.82166
geo,1981,24.3902
geo,1982,24.87835
geo,1983,25.51994
geo,1984,26.24978
geo,1985,26.86685
geo,1986,27.4219
geo,1987,27.99133
geo,1988,28.53637
geo,1989,29.02707
geo,1990,29.64386
geo,1991,30.06893
geo,1992,30.51456
geo,1993,31.04871
geo,1994,31.45507
geo,1995,31.85648
geo,1996,32.32508
geo,1997,32.7091
geo,1998,33.06909
geo,1999,33.5268
geo,2000,34.19606
geo,2001,35.23218
geo,2002,36.32028
geo,2003,37.36223
geo,2004,38.42394
geo,2005,39.52881
geo,2006,40.83639
geo,2007,41.89621
geo,2008,42.94919
geo,2009,43.93521
geo,2010,45.21138
geo,2011,46.11717
geo,2012,46.7843
geo,2013,47.32073
geo,2014,47.78295
geo,2015,48.25244
geo,2016,48.6293
geo,2017,49.16625
geo,2018,49.6242
geo,2019,50.13166
geo,2020,50.55492
gha,1970,5.16942
gha,1971,5.63126
gha,1972,6.1132
gha,1973,6.63054
gha,1974,7.20672
gha,1975,7.80956
gha,1976,8.41745
gha,1977,9.0667
gha,1978,9.77657
gha,1979,10.46079
gha,1980,10.83286
gha,1981,11.0709
gha,1982,11.30511
gha,1983,11.53451
gha,1984,11.79959
gha,1985,12.08483
gha,1986,12.37082
gha,1987,12.70634
gha,1988,13.12469
gha,1989,14.31512
gha,1990,15.69791
gha,1991,17.22129
gha,1992,18.58666
gha,1993,19.93496
gha,1994,21.17465
gha,1995,22.2306
gha,1996,23.18944
gha,1997,24.13272
gha,1998,25.08594
gha,1999,26.47764
gha,2000,28.15348
gha,2001,29.80528
gha,2002,31.38711
gha,2003,32.78001
gha,2004,32.70786
gha,2005,32.44659
gha,2006,32.26475
gha,2007,32.16387
gha,2008,32.25877
gha,2009,33.66583
gha,2010,35.09059
gha,2011,36.47614
gha,2012,37.13348
gha,2013,37.8896
gha,2014,40.19191
gha,2015,43.6412
gha,2016,45.03435
gha,2017,45.56159
gha,2018,46.57414
gha,2019,47.63663
gha,2020,48.73539
gin,1970,0.85348
gin,1971,0.95259
gin,1972,1.07221
gin,1973,1.19534
gin,1974,1.3344
gin,1975,1.48381
gin,1976,1.65601
gin,1977,1.83504
gin,1978,2.04155
gin,1979,2.27002
gin,1980,2.51216
gin,1981,2.78717
gin,1982,3.08092
gin,1983,3.38588
gin,1984,3.73097
gin,1985,4.10879
gin,1986,4.4974
gin,1987,4.93067
gin,1988,5.38525
gin,1989,5.89942
gin,1990,6.43816
gin,1991,7.04085
gin,1992,7.75044
gin,1993,8.47922
gin,1994,9.41722
gin,1995,10.52769
gin,1996,11.79526
gin,1997,13.21215
gin,1998,14.74855
gin,1999,16.21569
gin,2000,17.649
gin,2001,18.92566
gin,2002,20.13967
gin,2003,21.37791
gin,2004,22.48836
gin,2005,23.50184
gin,2006,24.03439
gin,2007,24.42596
gin,2008,24.7265
gin,2009,25.07325
gin,2010,25.39975
gin,2011,25.73533
gin,2012,26.25256
gin,2013,27.57941
gin,2014,29.12105
gin,2015,30.83199
gin,2016,32.71182
gin,2017,35.08886
gin,2018,37.44265
gin,2019,38.59651
gin,2020,39.5934
gmb,1970,3.11843
gmb,1971,3.49511
gmb,1972,3.87042
gmb,1973,4.32835
gmb,1974,4.83704
gmb,1975,5.36036
gmb,1976,5.92884
gmb,1977,6.55472
gmb,1978,7.229
gmb,1979,7.95532
gmb,1980,8.7584
gmb,1981,9.59315
gmb,1982,10.46694
gmb,1983,11.36684
gmb,1984,12.39945
gmb,1985,13.49928
gmb,1986,14.6312
gmb,1987,15.82835
gmb,1988,17.02205
gmb,1989,18.27373
gmb,1990,19.49065
gmb,1991,20.65236
gmb,1992,21.82196
gmb,1993,22.96927
gmb,1994,24.1573
gmb,1995,25.28798
gmb,1996,26.41509
gmb,1997,27.56095
gmb,1998,28.68423
gmb,1999,29.80608
gmb,2000,30.90004
gmb,2001,31.83075
gmb,2002,32.10385
gmb,2003,32.06953
gmb,2004,31.9004
gmb,2005,31.64571
gmb,2006,31.32641
gmb,2007,30.97752
gmb,2008,30.57405
gmb,2009,30.24474
gmb,2010,29.80738
gmb,2011,29.35831
gmb,2012,29.01295
gmb,2013,29.19366
gmb,2014,30.2726
gmb,2015,31.93543
gmb,2016,33.86924
gmb,2017,35.93071
gmb,2018,38.00899
gmb,2019,39.89104
gmb,2020,41.47464
gnb,1970,1.40717
gnb,1971,1.60527
gnb,1972,1.82678
gnb,1973,2.06818
gnb,1974,2.34052
gnb,1975,2.63033
gnb,1976,2.96938
gnb,1977,3.36698
gnb,1978,3.77671
gnb,1979,4.22742
gnb,1980,4.74086
gnb,1981,5.29483
gnb,1982,5.891
gnb,1983,6.57861
gnb,1984,7.28597
gnb,1985,8.06378
gnb,1986,8.92565
gnb,1987,9.86042
gnb,1988,10.81219
gnb,1989,11.77595
gnb,1990,12.9144
gnb,1991,13.98547
gnb,1992,15.2181
gnb,1993,16.51654
gnb,1994,17.84726
gnb,1995,19.23729
gnb,1996,20.71884
gnb,1997,22.19405
gnb,1998,23.76012
gnb,1999,25.3203
gnb,2000,27.08756
gnb,2001,29.60232
gnb,2002,32.22704
gnb,2003,34.91471
gnb,2004,37.60682
gnb,2005,40.21471
gnb,2006,42.84111
gnb,2007,45.02598
gnb,2008,47.11992
gnb,2009,49.19351
gnb,2010,51.1347
gnb,2011,52.48312
gnb,2012,53.88553
gnb,2013,55.22192
gnb,2014,56.48798
gnb,2015,57.73182
gnb,2016,58.87518
gnb,2017,59.93837
gnb,2018,60.95765
gnb,2019,61.71562
gnb,2020,62.4082
gnq,1970,1.97304
gnq,1971,2.16928
gnq,1972,2.35589
gnq,1973,2.58673
gnq,1974,2.85357
gnq,1975,3.12569
gnq,1976,3.42322
gnq,1977,3.73449
gnq,1978,4.0933
gnq,1979,4.47268
gnq,1980,4.88678
gnq,1981,5.34581
gnq,1982,5.82345
gnq,1983,6.31469
gnq,1984,6.87585
gnq,1985,7.44536
gnq,1986,8.05664
gnq,1987,8.68597
gnq,1988,9.36494
gnq,1989,10.07097
gnq,1990,10.84585
gnq,1991,11.59512
gnq,1992,12.40762
gnq,1993,13.2186
gnq,1994,14.08479
gnq,1995,14.92787
gnq,1996,15.78294
gnq,1997,16.72803
gnq,1998,17.66909
gnq,1999,18.59208
gnq,2000,19.50957
gnq,2001,20.47847
gnq,2002,21.31686
gnq,2003,22.2163
gnq,2004,23.08744
gnq,2005,23.89793
gnq,2006,24.76748
gnq,2007,25.61438
gnq,2008,26.43539
gnq,2009,27.16762
gnq,2010,27.9086
gnq,2011,28.79228
gnq,2012,29.58502
gnq,2013,30.38445
gnq,2014,31.13288
gnq,2015,31.91316
gnq,2016,32.8229
gnq,2017,33.75484
gnq,2018,34.58629
gnq,2019,35.44545
gnq,2020,36.20391
grc,1970,21.38218
grc,1971,22.08816
grc,1972,22.85339
grc,1973,23.56619
grc,1974,24.43984
grc,1975,25.31364
grc,1976,26.04717
grc,1977,26.96822
grc,1978,27.87744
grc,1979,28.85035
grc,1980,29.7508
grc,1981,30.74224
grc,1982,31.76936
grc,1983,32.72471
grc,1984,33.42343
grc,1985,34.12081
grc,1986,34.74058
grc,1987,35.52209
grc,1988,36.14114
grc,1989,36.97149
grc,1990,37.5985
grc,1991,38.30148
grc,1992,39.17993
grc,1993,39.98556
grc,1994,40.69884
grc,1995,41.43703
grc,1996,42.2845
grc,1997,42.92568
grc,1998,43.71514
grc,1999,44.47002
grc,2000,46.40906
grc,2001,48.30787
grc,2002,49.38346
grc,2003,50.42013
grc,2004,51.30247
grc,2005,52.31172
grc,2006,53.2121
grc,2007,54.05696
grc,2008,55.06924
grc,2009,55.92956
grc,2010,56.87998
grc,2011,57.65445
grc,2012,58.46205
grc,2013,59.37197
grc,2014,60.13232
grc,2015,60.95598
grc,2016,61.66048
grc,2017,62.38253
grc,2018,63.23289
grc,2019,63.98151
grc,2020,64.67982
grd,1970,36.18261
grd,1971,37.15872
grd,1972,38.07589
grd,1973,39.20158
grd,1974,40.31263
grd,1975,41.38168
grd,1976,42.46208
grd,1977,43.54973
grd,1978,44.681
grd,1979,45.82077
grd,1980,46.99128
grd,1981,48.1468
grd,1982,49.38274
grd,1983,50.72395
grd,1984,51.91599
grd,1985,53.39144
grd,1986,55.04839
grd,1987,56.97889
grd,1988,58.86423
grd,1989,60.67237
grd,1990,62.20466
grd,1991,63.38535
grd,1992,64.22233
grd,1993,65.04844
grd,1994,65.67312
grd,1995,66.30287
grd,1996,67.04948
grd,1997,67.61733
grd,1998,68.24263
grd,1999,68.733
grd,2000,69.13881
grd,2001,69.76749
grd,2002,70.15429
grd,2003,70.61294
grd,2004,71.12682
grd,2005,71.50981
grd,2006,71.9149
grd,2007,72.34061
grd,2008,72.79441
grd,2009,73.18686
grd,2010,73.42124
grd,2011,73.81348
grd,2012,74.11432
grd,2013,74.42271
grd,2014,74.7926
grd,2015,75.06736
grd,2016,75.42879
grd,2017,75.76699
grd,2018,76.1358
grd,2019,76.41544
grd,2020,76.68156
gtm,1970,21.16026
gtm,1971,22.28717
gtm,1972,23.40279
gtm,1973,24.64037
gtm,1974,25.88351
gtm,1975,27.1388
gtm,1976,28.45897
gtm,1977,29.6842
gtm,1978,30.74139
gtm,1979,31.80101
gtm,1980,32.9393
gtm,1981,33.89829
gtm,1982,35.00536
gtm,1983,35.91083
gtm,1984,36.54199
gtm,1985,37.1576
gtm,1986,37.77993
gtm,1987,38.50914
gtm,1988,39.40167
gtm,1989,40.37659
gtm,1990,41.42537
gtm,1991,42.34562
gtm,1992,43.15063
gtm,1993,43.94722
gtm,1994,44.81606
gtm,1995,45.76895
gtm,1996,46.74024
gtm,1997,47.79909
gtm,1998,48.86617
gtm,1999,50.02755
gtm,2000,51.14488
gtm,2001,52.23961
gtm,2002,53.35154
gtm,2003,54.66083
gtm,2004,55.98471
gtm,2005,57.17508
gtm,2006,58.346
gtm,2007,59.50071
gtm,2008,60.53948
gtm,2009,61.65095
gtm,2010,62.79937
gtm,2011,63.75859
gtm,2012,64.70817
gtm,2013,65.61065
gtm,2014,66.40659
gtm,2015,67.15869
gtm,2016,67.76833
gtm,2017,68.27012
gtm,2018,68.77281
gtm,2019,69.34192
gtm,2020,69.85056
guy,1970,30.04007
guy,1971,31.20521
guy,1972,32.51255
guy,1973,33.7286
guy,1974,34.83023
guy,1975,36.04717
guy,1976,37.24708
guy,1977,38.35667
guy,1978,39.48158
guy,1979,40.67843
guy,1980,41.69914
guy,1981,42.83129
guy,1982,43.75588
guy,1983,44.78759
guy,1984,45.80824
guy,1985,46.70872
guy,1986,47.63121
guy,1987,48.58642
guy,1988,49.37311
guy,1989,50.2764
guy,1990,50.95859
guy,1991,51.56778
guy,1992,51.89087
guy,1993,52.12766
guy,1994,52.39229
guy,1995,52.65047
guy,1996,52.7789
guy,1997,52.95238
guy,1998,53.06569
guy,1999,53.19834
guy,2000,53.21636
guy,2001,53.23588
guy,2002,53.23078
guy,2003,53.24649
guy,2004,53.39414
guy,2005,53.6843
guy,2006,54.51869
guy,2007,55.75271
guy,2008,57.04081
guy,2009,58.05198
guy,2010,58.20613
guy,2011,58.15812
guy,2012,57.9107
guy,2013,57.70149
guy,2014,57.63285
guy,2015,58.19633
guy,2016,58.87039
guy,2017,59.67762
guy,2018,60.53181
guy,2019,61.30084
guy,2020,62.07653
hnd,1970,27.50061
hnd,1971,28.98855
hnd,1972,30.46588
hnd,1973,32.01308
hnd,1974,33.59221
hnd,1975,35.19239
hnd,1976,36.80888
hnd,1977,38.51205
hnd,1978,40.24447
hnd,1979,41.98058
hnd,1980,43.71297
hnd,1981,45.54922
hnd,1982,47.37474
hnd,1983,49.17701
hnd,1984,51.03624
hnd,1985,52.347
hnd,1986,53.45946
hnd,1987,54.58867
hnd,1988,55.46935
hnd,1989,56.20275
hnd,1990,56.97947
hnd,1991,57.6087
hnd,1992,58.41169
hnd,1993,59.25082
hnd,1994,60.10242
hnd,1995,60.90055
hnd,1996,61.62229
hnd,1997,62.60063
hnd,1998,63.60995
hnd,1999,64.52322
hnd,2000,65.42692
hnd,2001,66.19895
hnd,2002,66.90284
hnd,2003,67.48948
hnd,2004,67.99045
hnd,2005,68.60231
hnd,2006,69.49348
hnd,2007,70.74455
hnd,2008,72.02942
hnd,2009,73.25752
hnd,2010,74.41742
hnd,2011,75.48331
hnd,2012,76.2665
hnd,2013,76.7386
hnd,2014,77.06063
hnd,2015,77.35788
hnd,2016,77.63745
hnd,2017,77.91005
hnd,2018,78.17393
hnd,2019,78.41926
hnd,2020,78.58211
hrv,1970,10.62008
hrv,1971,11.23352
hrv,1972,11.85657
hrv,1973,12.52318
hrv,1974,13.22158
hrv,1975,13.97689
hrv,1976,14.71425
hrv,1977,15.54199
hrv,1978,16.40924
hrv,1979,17.17365
hrv,1980,18.04686
hrv,1981,18.8922
hrv,1982,19.942
hrv,1983,20.93283
hrv,1984,21.81099
hrv,1985,22.83581
hrv,1986,23.85577
hrv,1987,25.00494
hrv,1988,26.132
hrv,1989,27.09638
hrv,1990,28.25738
hrv,1991,29.26646
hrv,1992,30.31894
hrv,1993,31.39583
hrv,1994,32.5021
hrv,1995,33.69287
hrv,1996,34.80967
hrv,1997,35.92511
hrv,1998,37.12716
hrv,1999,38.31952
hrv,2000,39.49165
hrv,2001,40.7051
hrv,2002,41.82772
hrv,2003,43.05919
hrv,2004,44.37998
hrv,2005,45.60235
hrv,2006,46.6637
hrv,2007,47.98049
hrv,2008,49.07415
hrv,2009,50.26893
hrv,2010,51.39018
hrv,2011,52.54937
hrv,2012,53.72359
hrv,2013,54.78281
hrv,2014,55.90706
hrv,2015,57.04993
hrv,2016,58.12722
hrv,2017,59.05413
hrv,2018,60.02998
hrv,2019,60.87663
hrv,2020,61.66298
hti,1970,7.28641
hti,1971,7.61187
hti,1972,7.90893
hti,1973,8.21402
hti,1974,8.51794
hti,1975,8.82084
hti,1976,9.06569
hti,1977,9.24829
hti,1978,9.53643
hti,1979,9.74661
hti,1980,9.90258
hti,1981,10.06737
hti,1982,10.25947
hti,1983,10.49308
hti,1984,10.95287
hti,1985,11.50523
hti,1986,12.18827
hti,1987,13.04878
hti,1988,14.61048
hti,1989,16.48707
hti,1990,17.79067
hti,1991,18.95421
hti,1992,20.11773
hti,1993,21.31197
hti,1994,22.48826
hti,1995,24.34216
hti,1996,26.31952
hti,1997,28.37975
hti,1998,30.47097
hti,1999,32.4631
hti,2000,34.26033
hti,2001,35.23555
hti,2002,36.00299
hti,2003,36.65246
hti,2004,37.20704
hti,2005,37.75855
hti,2006,38.54453
hti,2007,39.83714
hti,2008,41.10966
hti,2009,42.32863
hti,2010,43.44052
hti,2011,44.43828
hti,2012,45.2714
hti,2013,45.42865
hti,2014,45.4473
hti,2015,45.45862
hti,2016,45.51226
hti,2017,45.86098
hti,2018,46.70843
hti,2019,47.57465
hti,2020,48.4485
hun,1970,40.86555
hun,1971,44.14242
hun,1972,47.4845
hun,1973,50.39821
hun,1974,53.09267
hun,1975,56.50971
hun,1976,58.2003
hun,1977,59.77878
hun,1978,61.09195
hun,1979,62.44228
hun,1980,63.5144
hun,1981,64.72969
hun,1982,65.94698
hun,1983,67.07278
hun,1984,68.19408
hun,1985,69.29233
hun,1986,70.37044
hun,1987,70.98761
hun,1988,71.75442
hun,1989,72.43221
hun,1990,73.09211
hun,1991,73.84342
hun,1992,74.53261
hun,1993,75.22395
hun,1994,75.3057
hun,1995,75.31484
hun,1996,75.34988
hun,1997,75.46196
hun,1998,75.44484
hun,1999,75.55646
hun,2000,75.57461
hun,2001,75.63593
hun,2002,75.65458
hun,2003,75.62864
hun,2004,75.74236
hun,2005,75.8018
hun,2006,75.80672
hun,2007,75.9146
hun,2008,76.03613
hun,2009,76.34983
hun,2010,76.70003
hun,2011,77.00166
hun,2012,77.26583
hun,2013,77.52903
hun,2014,77.83114
hun,2015,78.08576
hun,2016,78.44475
hun,2017,78.71426
hun,2018,78.9695
hun,2019,79.19081
hun,2020,79.48995
idn,1970,16.23074
idn,1971,18.09775
idn,1972,20.25876
idn,1973,22.89064
idn,1974,26.5892
idn,1975,30.94352
idn,1976,35.42649
idn,1977,39.71699
idn,1978,43.71724
idn,1979,47.47011
idn,1980,50.72592
idn,1981,53.69634
idn,1982,56.31675
idn,1983,58.82198
idn,1984,61.27237
idn,1985,63.68844
idn,1986,66.20916
idn,1987,68.45016
idn,1988,69.28566
idn,1989,69.8032
idn,1990,70.23059
idn,1991,70.8012
idn,1992,72.02336
idn,1993,73.34786
idn,1994,74.37707
idn,1995,75.39492
idn,1996,76.27934
idn,1997,77.10801
idn,1998,77.17656
idn,1999,77.01335
idn,2000,76.81199
idn,2001,76.90111
idn,2002,77.51511
idn,2003,78.05978
idn,2004,78.39762
idn,2005,78.72036
idn,2006,78.51818
idn,2007,78.3805
idn,2008,78.60697
idn,2009,79.32105
idn,2010,79.96162
idn,2011,80.39105
idn,2012,80.74156
idn,2013,81.1442
idn,2014,81.23969
idn,2015,81.10599
idn,2016,80.71556
idn,2017,80.60991
idn,2018,80.67453
idn,2019,80.76062
idn,2020,80.92813
ind,1970,23.50749
ind,1971,25.27513
ind,1972,27.40598
ind,1973,29.80183
ind,1974,32.29519
ind,1975,34.97174
ind,1976,37.62173
ind,1977,40.31914
ind,1978,42.96639
ind,1979,45.5694
ind,1980,47.93321
ind,1981,49.62934
ind,1982,51.15849
ind,1983,52.40851
ind,1984,53.62377
ind,1985,54.75012
ind,1986,55.80708
ind,1987,56.82844
ind,1988,57.61438
ind,1989,57.96123
ind,1990,58.31059
ind,1991,58.71798
ind,1992,59.21131
ind,1993,60.03808
ind,1994,61.18349
ind,1995,62.3445
ind,1996,63.47481
ind,1997,64.69613
ind,1998,65.82671
ind,1999,66.88307
ind,2000,67.28913
ind,2001,67.59438
ind,2002,67.96289
ind,2003,68.65666
ind,2004,69.45667
ind,2005,70.13438
ind,2006,70.46428
ind,2007,70.48079
ind,2008,70.48995
ind,2009,70.65995
ind,2010,70.9073
ind,2011,71.11664
ind,2012,71.36951
ind,2013,71.61513
ind,2014,71.91561
ind,2015,72.31481
ind,2016,72.6006
ind,2017,72.7793
ind,2018,73.06797
ind,2019,73.38155
ind,2020,73.67646
irl,1970,66.95475
irl,1971,67.84357
irl,1972,68.77534
irl,1973,69.65216
irl,1974,70.53494
irl,1975,71.31607
irl,1976,72.01257
irl,1977,72.80059
irl,1978,73.45882
irl,1979,74.18331
irl,1980,74.90303
irl,1981,75.46066
irl,1982,76.0012
irl,1983,76.47068
irl,1984,77.13622
irl,1985,77.6924
irl,1986,78.16444
irl,1987,78.70931
irl,1988,79.3145
irl,1989,79.81618
irl,1990,80.2641
irl,1991,80.79385
irl,1992,81.32198
irl,1993,81.80122
irl,1994,82.36364
irl,1995,82.85133
irl,1996,83.33039
irl,1997,83.77118
irl,1998,84.13715
irl,1999,84.37639
irl,2000,84.60263
irl,2001,84.8387
irl,2002,84.93858
irl,2003,85.19987
irl,2004,85.24742
irl,2005,85.48271
irl,2006,85.74659
irl,2007,86.00772
irl,2008,86.38397
irl,2009,86.69747
irl,2010,86.95153
irl,2011,86.97214
irl,2012,86.98551
irl,2013,86.99855
irl,2014,87.01681
irl,2015,87.05085
irl,2016,87.14038
irl,2017,87.23132
irl,2018,87.27357
irl,2019,87.39873
irl,2020,87.52515
irn,1970,36.07761
irn,1971,37.23602
irn,1972,38.43895
irn,1973,39.65839
irn,1974,40.87769
irn,1975,42.03544
irn,1976,43.13117
irn,1977,43.84971
irn,1978,44.4275
irn,1979,44.89786
irn,1980,45.4647
irn,1981,45.88835
irn,1982,46.40229
irn,1983,46.85683
irn,1984,47.16008
irn,1985,47.64183
irn,1986,48.13029
irn,1987,48.6872
irn,1988,49.41685
irn,1989,50.29859
irn,1990,53.59337
irn,1991,57.04096
irn,1992,60.32991
irn,1993,63.25876
irn,1994,65.44535
irn,1995,67.1894
irn,1996,68.3139
irn,1997,68.82676
irn,1998,69.03348
irn,1999,69.32497
irn,2000,69.59903
irn,2001,69.78913
irn,2002,70.09104
irn,2003,70.39879
irn,2004,70.8536
irn,2005,71.17755
irn,2006,71.47817
irn,2007,71.92066
irn,2008,72.33889
irn,2009,72.64663
irn,2010,72.93455
irn,2011,73.39273
irn,2012,73.69353
irn,2013,74.04323
irn,2014,74.28333
irn,2015,74.55122
irn,2016,74.7897
irn,2017,75.14133
irn,2018,75.4135
irn,2019,75.7531
irn,2020,76.01298
irq,1970,27.00323
irq,1971,27.99965
irq,1972,29.0295
irq,1973,30.07825
irq,1974,31.06843
irq,1975,31.38012
irq,1976,31.63201
irq,1977,31.76547
irq,1978,31.98105
irq,1979,32.08206
irq,1980,32.22441
irq,1981,32.35512
irq,1982,32.49377
irq,1983,32.58047
irq,1984,32.65006
irq,1985,32.79933
irq,1986,32.82521
irq,1987,33.05393
irq,1988,33.38654
irq,1989,33.84704
irq,1990,34.87062
irq,1991,36.01033
irq,1992,37.22512
irq,1993,38.44412
irq,1994,39.73628
irq,1995,40.99854
irq,1996,42.09573
irq,1997,43.04343
irq,1998,44.19231
irq,1999,45.21814
irq,2000,46.09094
irq,2001,47.21297
irq,2002,48.25343
irq,2003,49.21573
irq,2004,50.10327
irq,2005,50.87149
irq,2006,51.56899
irq,2007,52.30833
irq,2008,52.95023
irq,2009,53.49052
irq,2010,53.99345
irq,2011,54.35452
irq,2012,54.70036
irq,2013,54.92641
irq,2014,55.21896
irq,2015,55.3996
irq,2016,55.7222
irq,2017,55.97105
irq,2018,56.20086
irq,2019,56.69809
irq,2020,57.2081
isr,1970,51.45531
isr,1971,52.17374
isr,1972,52.85693
isr,1973,53.57349
isr,1974,54.07236
isr,1975,54.69628
isr,1976,55.32186
isr,1977,55.91306
isr,1978,56.60413
isr,1979,57.15491
isr,1980,57.80789
isr,1981,58.34674
isr,1982,59.07387
isr,1983,59.6849
isr,1984,60.17358
isr,1985,60.81165
isr,1986,61.46066
isr,1987,61.98534
isr,1988,62.22343
isr,1989,62.51425
isr,1990,62.84059
isr,1991,62.96798
isr,1992,63.15507
isr,1993,63.29916
isr,1994,63.45279
isr,1995,63.60407
isr,1996,63.78172
isr,1997,63.88399
isr,1998,64.15065
isr,1999,64.22468
isr,2000,64.49278
isr,2001,64.64855
isr,2002,64.65845
isr,2003,64.88252
isr,2004,65.12425
isr,2005,65.2302
isr,2006,65.35739
isr,2007,65.72084
isr,2008,65.82408
isr,2009,66.09508
isr,2010,66.23651
isr,2011,66.43579
isr,2012,66.54366
isr,2013,66.76368
isr,2014,66.86402
isr,2015,67.10933
isr,2016,67.23006
isr,2017,67.48272
isr,2018,67.72553
isr,2019,67.84141
isr,2020,68.08623
ita,1970,21.99606
ita,1971,22.78713
ita,1972,23.69863
ita,1973,24.69493
ita,1974,25.59366
ita,1975,26.54676
ita,1976,27.60128
ita,1977,28.67514
ita,1978,29.74439
ita,1979,30.84989
ita,1980,32.03234
ita,1981,33.13936
ita,1982,34.31532
ita,1983,35.63552
ita,1984,36.84193
ita,1985,38.10698
ita,1986,39.49345
ita,1987,40.81563
ita,1988,42.2143
ita,1989,43.58197
ita,1990,44.87609
ita,1991,46.23608
ita,1992,47.50755
ita,1993,48.79125
ita,1994,50.05111
ita,1995,51.31132
ita,1996,52.52093
ita,1997,53.6235
ita,1998,54.73154
ita,1999,55.66892
ita,2000,56.76582
ita,2001,57.74362
ita,2002,58.77636
ita,2003,59.64572
ita,2004,60.68622
ita,2005,61.75176
ita,2006,62.78655
ita,2007,63.86028
ita,2008,64.87168
ita,2009,66.00612
ita,2010,67.009
ita,2011,68.14825
ita,2012,69.15251
ita,2013,70.12418
ita,2014,70.61804
ita,2015,71.00383
ita,2016,71.56971
ita,2017,71.94017
ita,2018,72.51659
ita,2019,73.06176
ita,2020,73.57796
jam,1970,54.15917
jam,1971,55.16959
jam,1972,56.14024
jam,1973,57.27212
jam,1974,58.26108
jam,1975,59.3698
jam,1976,60.83523
jam,1977,62.29083
jam,1978,63.75825
jam,1979,65.06924
jam,1980,65.79233
jam,1981,66.27713
jam,1982,66.81832
jam,1983,67.13026
jam,1984,67.62693
jam,1985,68.0654
jam,1986,68.54715
jam,1987,69.06473
jam,1988,69.45434
jam,1989,69.89547
jam,1990,70.4945
jam,1991,71.16549
jam,1992,71.80392
jam,1993,72.48847
jam,1994,73.17971
jam,1995,73.96578
jam,1996,74.65115
jam,1997,75.32736
jam,1998,75.72121
jam,1999,76.13617
jam,2000,76.49792
jam,2001,76.82066
jam,2002,77.14747
jam,2003,77.36098
jam,2004,77.49704
jam,2005,77.76236
jam,2006,77.83103
jam,2007,77.98974
jam,2008,77.94384
jam,2009,78.1705
jam,2010,78.27403
jam,2011,78.4422
jam,2012,78.48828
jam,2013,78.57656
jam,2014,78.77709
jam,2015,78.87325
jam,2016,78.979
jam,2017,79.12735
jam,2018,79.3326
jam,2019,79.46939
jam,2020,79.73103
jor,1970,29.63501
jor,1971,30.31562
jor,1972,30.9958
jor,1973,31.41545
jor,1974,31.65426
jor,1975,32.05184
jor,1976,32.41911
jor,1977,32.96154
jor,1978,33.45566
jor,1979,34.12458
jor,1980,34.61647
jor,1981,35.1651
jor,1982,35.92643
jor,1983,36.63978
jor,1984,37.17169
jor,1985,37.76764
jor,1986,38.3681
jor,1987,39.04237
jor,1988,39.75349
jor,1989,40.52206
jor,1990,41.27613
jor,1991,42.87324
jor,1992,44.36988
jor,1993,45.94406
jor,1994,47.52792
jor,1995,49.19719
jor,1996,50.66619
jor,1997,52.01211
jor,1998,53.31594
jor,1999,54.42728
jor,2000,55.45274
jor,2001,56.46011
jor,2002,57.33542
jor,2003,57.60603
jor,2004,57.77588
jor,2005,57.94025
jor,2006,58.19337
jor,2007,58.48802
jor,2008,58.71673
jor,2009,58.90264
jor,2010,59.23194
jor,2011,59.37754
jor,2012,59.40409
jor,2013,58.79682
jor,2014,58.00102
jor,2015,57.19645
jor,2016,56.41879
jor,2017,55.7844
jor,2018,55.70074
jor,2019,55.78011
jor,2020,56.09777
jpn,1970,48.81343
jpn,1971,49.76428
jpn,1972,50.92622
jpn,1973,52.1055
jpn,1974,53.07144
jpn,1975,53.78544
jpn,1976,54.42258
jpn,1977,54.96406
jpn,1978,55.36639
jpn,1979,55.82931
jpn,1980,56.06106
jpn,1981,56.27692
jpn,1982,56.50282
jpn,1983,56.83585
jpn,1984,57.19455
jpn,1985,57.5881
jpn,1986,58.12173
jpn,1987,58.40579
jpn,1988,58.62008
jpn,1989,59.08246
jpn,1990,59.65128
jpn,1991,60.03262
jpn,1992,60.4391
jpn,1993,60.62649
jpn,1994,60.65933
jpn,1995,60.85665
jpn,1996,61.014
jpn,1997,61.11212
jpn,1998,61.19784
jpn,1999,61.49289
jpn,2000,61.85484
jpn,2001,62.14048
jpn,2002,62.53348
jpn,2003,62.88578
jpn,2004,63.39506
jpn,2005,63.95797
jpn,2006,64.20908
jpn,2007,64.43458
jpn,2008,64.51111
jpn,2009,64.53777
jpn,2010,64.59327
jpn,2011,64.62478
jpn,2012,64.70234
jpn,2013,64.60829
jpn,2014,64.49734
jpn,2015,63.88084
jpn,2016,64.12275
jpn,2017,64.5896
jpn,2018,65.22288
jpn,2019,65.80442
jpn,2020,66.51427
kaz,1970,46.4119
kaz,1971,47.1054
kaz,1972,47.94965
kaz,1973,48.56574
kaz,1974,49.39022
kaz,1975,49.95105
kaz,1976,50.73231
kaz,1977,51.41285
kaz,1978,52.28439
kaz,1979,52.88397
kaz,1980,53.6195
kaz,1981,54.26135
kaz,1982,54.98731
kaz,1983,55.72211
kaz,1984,56.36218
kaz,1985,57.08409
kaz,1986,57.49045
kaz,1987,58.25134
kaz,1988,58.81583
kaz,1989,59.43651
kaz,1990,60.00042
kaz,1991,60.73353
kaz,1992,61.41558
kaz,1993,62.09594
kaz,1994,62.81333
kaz,1995,63.63984
kaz,1996,65.7569
kaz,1997,67.82434
kaz,1998,69.81278
kaz,1999,71.33413
kaz,2000,72.37591
kaz,2001,73.06302
kaz,2002,73.52383
kaz,2003,73.75159
kaz,2004,73.83204
kaz,2005,73.93345
kaz,2006,74.00754
kaz,2007,74.01432
kaz,2008,74.15488
kaz,2009,74.38872
kaz,2010,74.67348
kaz,2011,74.85944
kaz,2012,75.00149
kaz,2013,75.1497
kaz,2014,75.34054
kaz,2015,75.47743
kaz,2016,75.24691
kaz,2017,75.06486
kaz,2018,74.97062
kaz,2019,75.14296
kaz,2020,75.32976
ken,1970,5.13125
ken,1971,5.73939
ken,1972,6.40841
ken,1973,7.15211
ken,1974,7.95927
ken,1975,8.81728
ken,1976,9.76579
ken,1977,10.75754
ken,1978,11.81021
ken,1979,12.96803
ken,1980,14.18619
ken,1981,15.4785
ken,1982,16.83743
ken,1983,18.27476
ken,1984,19.85756
ken,1985,21.7703
ken,1986,23.82723
ken,1987,25.94243
ken,1988,28.14774
ken,1989,30.42535
ken,1990,32.83745
ken,1991,35.33953
ken,1992,37.81481
ken,1993,40.26639
ken,1994,41.83606
ken,1995,43.25213
ken,1996,44.44492
ken,1997,45.59013
ken,1998,46.4889
ken,1999,47.19062
ken,2000,47.68796
ken,2001,48.13479
ken,2002,48.57856
ken,2003,49.19229
ken,2004,50.51196
ken,2005,51.95596
ken,2006,53.44201
ken,2007,54.97383
ken,2008,56.64354
ken,2009,59.035
ken,2010,61.96332
ken,2011,64.84659
ken,2012,67.65511
ken,2013,70.31292
ken,2014,72.77817
ken,2015,74.5028
ken,2016,75.16598
ken,2017,75.36899
ken,2018,75.39909
ken,2019,74.73348
ken,2020,74.71781
kgz,1970,53.93615
kgz,1971,54.68178
kgz,1972,55.36317
kgz,1973,55.96383
kgz,1974,56.72825
kgz,1975,57.40326
kgz,1976,58.13908
kgz,1977,58.79329
kgz,1978,59.4412
kgz,1979,60.03364
kgz,1980,60.7589
kgz,1981,61.32916
kgz,1982,61.93334
kgz,1983,62.46189
kgz,1984,63.24097
kgz,1985,63.69923
kgz,1986,64.39264
kgz,1987,64.9242
kgz,1988,65.56801
kgz,1989,66.13728
kgz,1990,66.76439
kgz,1991,67.34985
kgz,1992,67.9112
kgz,1993,68.51262
kgz,1994,69.0981
kgz,1995,69.59863
kgz,1996,69.99898
kgz,1997,70.21938
kgz,1998,70.50431
kgz,1999,70.54898
kgz,2000,70.4113
kgz,2001,70.18267
kgz,2002,69.9307
kgz,2003,69.56768
kgz,2004,69.13322
kgz,2005,68.67576
kgz,2006,67.99354
kgz,2007,67.01878
kgz,2008,66.00506
kgz,2009,65.00459
kgz,2010,64.07028
kgz,2011,63.25848
kgz,2012,62.82857
kgz,2013,63.01567
kgz,2014,63.42039
kgz,2015,63.8374
kgz,2016,64.23661
kgz,2017,64.6362
kgz,2018,65.08016
kgz,2019,65.4955
kgz,2020,65.95662
khm,1970,3.3414
khm,1971,3.63835
khm,1972,3.96573
khm,1973,4.32131
khm,1974,4.71797
khm,1975,5.1184
khm,1976,5.57329
khm,1977,6.03584
khm,1978,6.5652
khm,1979,7.15851
khm,1980,7.77548
khm,1981,8.42202
khm,1982,9.15531
khm,1983,9.93795
khm,1984,10.80929
khm,1985,11.70364
khm,1986,12.61395
khm,1987,13.59918
khm,1988,14.63442
khm,1989,15.65082
khm,1990,16.6438
khm,1991,17.56294
khm,1992,18.44092
khm,1993,19.34307
khm,1994,20.31898
khm,1995,21.54283
khm,1996,23.6746
khm,1997,26.15835
khm,1998,28.65941
khm,1999,30.71429
khm,2000,32.77252
khm,2001,34.66419
khm,2002,36.5447
khm,2003,38.38446
khm,2004,40.19984
khm,2005,41.86401
khm,2006,43.93084
khm,2007,46.14909
khm,2008,48.26692
khm,2009,50.27851
khm,2010,52.0824
khm,2011,53.62795
khm,2012,54.97086
khm,2013,56.19842
khm,2014,57.25923
khm,2015,58.25035
khm,2016,59.14312
khm,2017,59.99995
khm,2018,60.79533
khm,2019,61.52508
khm,2020,62.14254
kir,1970,39.30008
kir,1971,39.72661
kir,1972,40.26895
kir,1973,40.91605
kir,1974,41.5421
kir,1975,42.09944
kir,1976,42.61524
kir,1977,43.06513
kir,1978,43.5258
kir,1979,44.02043
kir,1980,44.40978
kir,1981,44.77222
kir,1982,45.21923
kir,1983,45.63186
kir,1984,46.12419
kir,1985,46.44497
kir,1986,46.83187
kir,1987,47.2552
kir,1988,47.55172
kir,1989,47.87014
kir,1990,48.19637
kir,1991,48.66296
kir,1992,49.01354
kir,1993,49.34386
kir,1994,49.71915
kir,1995,50.14125
kir,1996,50.41608
kir,1997,50.88765
kir,1998,51.19505
kir,1999,51.37304
kir,2000,51.15482
kir,2001,49.96927
kir,2002,48.43697
kir,2003,46.75987
kir,2004,45.00263
kir,2005,43.20249
kir,2006,41.55138
kir,2007,40.00176
kir,2008,38.76712
kir,2009,38.22068
kir,2010,38.61526
kir,2011,39.29713
kir,2012,40.18593
kir,2013,41.13747
kir,2014,42.11168
kir,2015,43.1566
kir,2016,44.20712
kir,2017,45.18435
kir,2018,46.2617
kir,2019,46.91387
kir,2020,47.46266
kna,1970,41.03786
kna,1971,41.95267
kna,1972,42.91936
kna,1973,43.92461
kna,1974,44.96067
kna,1975,45.98426
kna,1976,47.00088
kna,1977,47.95468
kna,1978,48.85805
kna,1979,49.92091
kna,1980,50.8889
kna,1981,51.9453
kna,1982,53.01376
kna,1983,54.01319
kna,1984,54.96085
kna,1985,55.87551
kna,1986,56.89946
kna,1987,57.87589
kna,1988,58.6359
kna,1989,59.52829
kna,1990,60.51132
kna,1991,61.26783
kna,1992,62.03982
kna,1993,62.76547
kna,1994,63.45106
kna,1995,64.11948
kna,1996,64.72664
kna,1997,65.42147
kna,1998,66.17134
kna,1999,66.7219
kna,2000,67.16503
kna,2001,67.65826
kna,2002,68.35106
kna,2003,68.93972
kna,2004,69.35193
kna,2005,69.66326
kna,2006,70.24912
kna,2007,70.79467
kna,2008,71.13341
kna,2009,71.56537
kna,2010,71.83415
kna,2011,72.28862
kna,2012,72.74193
kna,2013,73.07686
kna,2014,73.40271
kna,2015,73.73991
kna,2016,74.06273
kna,2017,74.41602
kna,2018,74.86174
kna,2019,75.04099
kna,2020,75.37241
kor,1970,32.93818
kor,1971,34.66364
kor,1972,37.04342
kor,1973,39.61709
kor,1974,42.30578
kor,1975,44.89601
kor,1976,47.43265
kor,1977,49.77208
kor,1978,52.00109
kor,1979,53.97058
kor,1980,55.79196
kor,1981,57.53949
kor,1982,59.2548
kor,1983,61.52247
kor,1984,63.73634
kor,1985,65.83502
kor,1986,67.6467
kor,1987,69.25492
kor,1988,70.62096
kor,1989,71.73564
kor,1990,72.59146
kor,1991,73.3716
kor,1992,73.75049
kor,1993,74.1758
kor,1994,74.54146
kor,1995,74.90397
kor,1996,75.33292
kor,1997,75.79966
kor,1998,76.24051
kor,1999,76.61001
kor,2000,77.04871
kor,2001,77.47584
kor,2002,78.05927
kor,2003,78.44099
kor,2004,78.72238
kor,2005,78.88132
kor,2006,78.89202
kor,2007,79.04004
kor,2008,79.14382
kor,2009,79.17588
kor,2010,79.36368
kor,2011,79.50151
kor,2012,79.69224
kor,2013,79.97014
kor,2014,80.26245
kor,2015,80.54888
kor,2016,80.97868
kor,2017,81.40452
kor,2018,81.66164
kor,2019,81.85904
kor,2020,82.03718
kwt,1970,40.0965
kwt,1971,41.18083
kwt,1972,42.21335
kwt,1973,43.44913
kwt,1974,44.62114
kwt,1975,45.67012
kwt,1976,46.85839
kwt,1977,48.05457
kwt,1978,49.16702
kwt,1979,50.43386
kwt,1980,51.48138
kwt,1981,52.5688
kwt,1982,53.57943
kwt,1983,54.70042
kwt,1984,55.7348
kwt,1985,56.02038
kwt,1986,56.25531
kwt,1987,56.51658
kwt,1988,56.91997
kwt,1989,57.41659
kwt,1990,57.95448
kwt,1991,58.36558
kwt,1992,58.89378
kwt,1993,59.51509
kwt,1994,60.08534
kwt,1995,60.05385
kwt,1996,59.94524
kwt,1997,59.83551
kwt,1998,59.64576
kwt,1999,59.47776
kwt,2000,59.83567
kwt,2001,60.28522
kwt,2002,60.73479
kwt,2003,61.09944
kwt,2004,61.44655
kwt,2005,61.80374
kwt,2006,62.1616
kwt,2007,62.64448
kwt,2008,62.97512
kwt,2009,63.33318
kwt,2010,63.57876
kwt,2011,63.94809
kwt,2012,64.17764
kwt,2013,64.51233
kwt,2014,64.822
kwt,2015,64.96134
kwt,2016,65.36968
kwt,2017,65.61097
kwt,2018,65.95402
kwt,2019,66.21463
kwt,2020,66.49034
lao,1970,6.39475
lao,1971,6.88674
lao,1972,7.45519
lao,1973,8.06974
lao,1974,8.6874
lao,1975,9.42236
lao,1976,10.16044
lao,1977,10.95162
lao,1978,11.84123
lao,1979,12.78574
lao,1980,13.76877
lao,1981,14.79926
lao,1982,15.93965
lao,1983,17.13233
lao,1984,18.33837
lao,1985,19.66498
lao,1986,20.94268
lao,1987,22.32347
lao,1988,23.74485
lao,1989,25.17874
lao,1990,26.62798
lao,1991,28.01408
lao,1992,29.33664
lao,1993,30.70252
lao,1994,32.44198
lao,1995,34.35125
lao,1996,36.55708
lao,1997,38.8255
lao,1998,41.08716
lao,1999,43.3306
lao,2000,45.46418
lao,2001,47.25693
lao,2002,48.94407
lao,2003,50.48048
lao,2004,51.86961
lao,2005,53.34752
lao,2006,54.69838
lao,2007,56.04648
lao,2008,57.4311
lao,2009,58.68465
lao,2010,59.8757
lao,2011,60.98527
lao,2012,62.26285
lao,2013,63.52282
lao,2014,64.6757
lao,2015,65.95273
lao,2016,66.95385
lao,2017,67.91564
lao,2018,68.64861
lao,2019,69.32603
lao,2020,70.02257
lbn,1970,44.7225
lbn,1971,45.11831
lbn,1972,45.69008
lbn,1973,46.17005
lbn,1974,46.7544
lbn,1975,47.22013
lbn,1976,47.65738
lbn,1977,48.17528
lbn,1978,48.69497
lbn,1979,49.18762
lbn,1980,49.76114
lbn,1981,50.24996
lbn,1982,50.73987
lbn,1983,51.0643
lbn,1984,51.27197
lbn,1985,51.31088
lbn,1986,51.46817
lbn,1987,51.29329
lbn,1988,51.29264
lbn,1989,51.33278
lbn,1990,51.33976
lbn,1991,51.52638
lbn,1992,51.63644
lbn,1993,51.87966
lbn,1994,51.97784
lbn,1995,52.09768
lbn,1996,52.26075
lbn,1997,52.65313
lbn,1998,53.04832
lbn,1999,53.3779
lbn,2000,53.68644
lbn,2001,53.76488
lbn,2002,53.79613
lbn,2003,53.84954
lbn,2004,53.85413
lbn,2005,54.80146
lbn,2006,55.77899
lbn,2007,56.72648
lbn,2008,57.6835
lbn,2009,58.70238
lbn,2010,58.87439
lbn,2011,59.07902
lbn,2012,59.49007
lbn,2013,59.75147
lbn,2014,60.06838
lbn,2015,60.38186
lbn,2016,60.68242
lbn,2017,60.89096
lbn,2018,61.16696
lbn,2019,61.5079
lbn,2020,61.7797
lbr,1970,6.01277
lbr,1971,6.60184
lbr,1972,7.22639
lbr,1973,7.88492
lbr,1974,8.60556
lbr,1975,9.37545
lbr,1976,10.18467
lbr,1977,11.00254
lbr,1978,11.90245
lbr,1979,12.80448
lbr,1980,13.71664
lbr,1981,14.60336
lbr,1982,15.51959
lbr,1983,16.4609
lbr,1984,17.37261
lbr,1985,18.26547
lbr,1986,19.19309
lbr,1987,19.71745
lbr,1988,20.21749
lbr,1989,20.72603
lbr,1990,21.22105
lbr,1991,21.74128
lbr,1992,22.20805
lbr,1993,22.61688
lbr,1994,23.07277
lbr,1995,23.58283
lbr,1996,24.01156
lbr,1997,24.4403
lbr,1998,24.86181
lbr,1999,25.19707
lbr,2000,25.5571
lbr,2001,26.00591
lbr,2002,26.36035
lbr,2003,26.70957
lbr,2004,27.11012
lbr,2005,27.47122
lbr,2006,27.92182
lbr,2007,28.6874
lbr,2008,30.3856
lbr,2009,32.21756
lbr,2010,34.20701
lbr,2011,36.2142
lbr,2012,38.29114
lbr,2013,40.28612
lbr,2014,41.48588
lbr,2015,42.55639
lbr,2016,43.47505
lbr,2017,43.95823
lbr,2018,44.33311
lbr,2019,44.66207
lbr,2020,45.16831
lby,1970,21.26161
lby,1971,21.75551
lby,1972,22.36732
lby,1973,23.01126
lby,1974,23.51805
lby,1975,24.21807
lby,1976,24.78638
lby,1977,25.30951
lby,1978,25.89635
lby,1979,26.39725
lby,1980,27.04735
lby,1981,27.70676
lby,1982,28.25513
lby,1983,28.88802
lby,1984,29.48688
lby,1985,30.17225
lby,1986,30.81361
lby,1987,31.40128
lby,1988,32.04922
lby,1989,32.68036
lby,1990,33.2016
lby,1991,33.81059
lby,1992,34.45568
lby,1993,35.03964
lby,1994,35.58546
lby,1995,36.07475
lby,1996,36.14211
lby,1997,36.13468
lby,1998,36.02905
lby,1999,35.93801
lby,2000,35.71347
lby,2001,35.48847
lby,2002,35.33334
lby,2003,34.99975
lby,2004,34.63319
lby,2005,34.09805
lby,2006,33.56145
lby,2007,33.03005
lby,2008,32.84845
lby,2009,32.64212
lby,2010,32.47815
lby,2011,32.30425
lby,2012,32.06827
lby,2013,31.87555
lby,2014,31.81331
lby,2015,32.60678
lby,2016,33.51921
lby,2017,34.43104
lby,2018,35.36101
lby,2019,36.43824
lby,2020,37.34095
lca,1970,51.20892
lca,1971,52.04987
lca,1972,52.80337
lca,1973,53.60877
lca,1974,54.29498
lca,1975,55.21946
lca,1976,55.82436
lca,1977,56.51622
lca,1978,57.11834
lca,1979,57.86388
lca,1980,58.53103
lca,1981,59.0817
lca,1982,59.58498
lca,1983,59.98547
lca,1984,60.4521
lca,1985,60.72377
lca,1986,60.99367
lca,1987,61.47824
lca,1988,61.77795
lca,1989,62.32651
lca,1990,62.88651
lca,1991,63.58068
lca,1992,64.19118
lca,1993,64.76719
lca,1994,65.26463
lca,1995,65.75571
lca,1996,66.21318
lca,1997,66.82803
lca,1998,67.39502
lca,1999,67.85958
lca,2000,68.2721
lca,2001,68.73587
lca,2002,69.19544
lca,2003,69.61619
lca,2004,70.01126
lca,2005,70.42058
lca,2006,70.67787
lca,2007,71.13958
lca,2008,71.41561
lca,2009,71.84648
lca,2010,72.15702
lca,2011,72.56076
lca,2012,72.78505
lca,2013,73.24096
lca,2014,73.524
lca,2015,73.83775
lca,2016,74.1205
lca,2017,74.37019
lca,2018,74.6291
lca,2019,74.88871
lca,2020,75.26163
lka,1970,34.9925
lka,1971,35.98281
lka,1972,36.91739
lka,1973,37.90301
lka,1974,38.85753
lka,1975,39.72407
lka,1976,41.40383
lka,1977,43.03992
lka,1978,44.51001
lka,1979,45.92038
lka,1980,47.31124
lka,1981,48.68688
lka,1982,49.69559
lka,1983,51.17291
lka,1984,52.62318
lka,1985,53.97733
lka,1986,55.29666
lka,1987,56.43951
lka,1988,57.13473
lka,1989,57.7031
lka,1990,58.36389
lka,1991,58.99644
lka,1992,59.65349
lka,1993,60.21451
lka,1994,60.91571
lka,1995,61.7437
lka,1996,62.26459
lka,1997,62.93146
lka,1998,63.6712
lka,1999,64.23249
lka,2000,64.73618
lka,2001,65.52375
lka,2002,66.30552
lka,2003,67.03
lka,2004,67.66813
lka,2005,68.41173
lka,2006,69.04191
lka,2007,69.61748
lka,2008,70.02063
lka,2009,70.36585
lka,2010,70.61786
lka,2011,70.96543
lka,2012,71.29686
lka,2013,71.74481
lka,2014,72.02977
lka,2015,72.4455
lka,2016,72.92039
lka,2017,73.02968
lka,2018,73.16376
lka,2019,73.29666
lka,2020,73.44511
lso,1970,3.91489
lso,1971,4.57839
lso,1972,5.33359
lso,1973,6.19789
lso,1974,7.13038
lso,1975,8.18522
lso,1976,9.31072
lso,1977,10.68292
lso,1978,12.19835
lso,1979,13.80722
lso,1980,15.56347
lso,1981,17.44633
lso,1982,19.49933
lso,1983,21.5809
lso,1984,23.76787
lso,1985,26.02095
lso,1986,28.29606
lso,1987,30.66927
lso,1988,32.98201
lso,1989,35.2491
lso,1990,37.55079
lso,1991,39.66593
lso,1992,41.63365
lso,1993,43.4383
lso,1994,45.10666
lso,1995,46.67785
lso,1996,47.82453
lso,1997,48.81079
lso,1998,49.74924
lso,1999,50.62962
lso,2000,51.52254
lso,2001,52.35482
lso,2002,53.31203
lso,2003,54.62484
lso,2004,55.94315
lso,2005,58.06364
lso,2006,60.42308
lso,2007,62.8146
lso,2008,65.31862
lso,2009,67.95929
lso,2010,70.79269
lso,2011,73.49629
lso,2012,75.48835
lso,2013,77.07262
lso,2014,78.36244
lso,2015,79.40786
lso,2016,80.2526
lso,2017,80.98881
lso,2018,81.5955
lso,2019,81.99686
lso,2020,82.36973
ltu,1970,41.76589
ltu,1971,42.42157
ltu,1972,43.10227
ltu,1973,43.67231
ltu,1974,44.29508
ltu,1975,44.88433
ltu,1976,45.52351
ltu,1977,46.11936
ltu,1978,46.7368
ltu,1979,47.39406
ltu,1980,47.96733
ltu,1981,48.37298
ltu,1982,48.77195
ltu,1983,49.38878
ltu,1984,49.81322
ltu,1985,50.2506
ltu,1986,50.73208
ltu,1987,51.20106
ltu,1988,51.67362
ltu,1989,52.03776
ltu,1990,52.32358
ltu,1991,52.50267
ltu,1992,52.60201
ltu,1993,52.65902
ltu,1994,52.73216
ltu,1995,53.11061
ltu,1996,54.12774
ltu,1997,55.02108
ltu,1998,56.03604
ltu,1999,57.02834
ltu,2000,58.08372
ltu,2001,59.09237
ltu,2002,60.03452
ltu,2003,61.05293
ltu,2004,62.00004
ltu,2005,62.93553
ltu,2006,63.84881
ltu,2007,64.67136
ltu,2008,65.41079
ltu,2009,66.08702
ltu,2010,66.69733
ltu,2011,67.2339
ltu,2012,67.76367
ltu,2013,68.23227
ltu,2014,68.64145
ltu,2015,69.06818
ltu,2016,69.58995
ltu,2017,69.8799
ltu,2018,70.27232
ltu,2019,70.63369
ltu,2020,71.03831
lva,1970,55.15177
lva,1971,56.0362
lva,1972,57.00419
lva,1973,57.74255
lva,1974,58.62421
lva,1975,59.35201
lva,1976,60.12148
lva,1977,60.9309
lva,1978,61.6067
lva,1979,62.31534
lva,1980,62.92034
lva,1981,63.61686
lva,1982,64.20046
lva,1983,64.7636
lva,1984,65.30512
lva,1985,65.88902
lva,1986,66.48691
lva,1987,66.97061
lva,1988,67.63043
lva,1989,68.19871
lva,1990,68.75464
lva,1991,69.26682
lva,1992,69.74402
lva,1993,70.18451
lva,1994,70.73643
lva,1995,71.10568
lva,1996,71.69114
lva,1997,72.32152
lva,1998,72.82672
lva,1999,73.30116
lva,2000,73.82018
lva,2001,74.20727
lva,2002,74.71256
lva,2003,75.17862
lva,2004,75.60211
lva,2005,76.0197
lva,2006,76.24724
lva,2007,76.57939
lva,2008,76.95194
lva,2009,77.27565
lva,2010,77.72525
lva,2011,78.02287
lva,2012,78.27293
lva,2013,78.56563
lva,2014,78.85477
lva,2015,78.98838
lva,2016,79.1996
lva,2017,79.37076
lva,2018,79.56703
lva,2019,79.93788
lva,2020,80.02637
mar,1970,24.92117
mar,1971,26.01921
mar,1972,27.25249
mar,1973,28.40971
mar,1974,29.64754
mar,1975,30.87503
mar,1976,32.11749
mar,1977,33.45027
mar,1978,34.78689
mar,1979,36.26862
mar,1980,37.67838
mar,1981,39.15294
mar,1982,40.74467
mar,1983,42.42409
mar,1984,44.1941
mar,1985,45.94852
mar,1986,47.69461
mar,1987,49.34789
mar,1988,50.28622
mar,1989,51.12087
mar,1990,52.04756
mar,1991,53.07075
mar,1992,54.22137
mar,1993,56.3908
mar,1994,58.52608
mar,1995,60.66139
mar,1996,62.43277
mar,1997,64.06971
mar,1998,65.49731
mar,1999,66.76791
mar,2000,67.91227
mar,2001,69.04122
mar,2002,70.07403
mar,2003,71.06551
mar,2004,71.61421
mar,2005,71.91584
mar,2006,72.2178
mar,2007,72.50334
mar,2008,72.74572
mar,2009,73.00153
mar,2010,73.13888
mar,2011,73.25594
mar,2012,73.16349
mar,2013,73.01651
mar,2014,72.93117
mar,2015,72.7938
mar,2016,72.71118
mar,2017,72.60137
mar,2018,72.51729
mar,2019,72.98605
mar,2020,73.4109
mda,1970,28.43771
mda,1971,29.46892
mda,1972,30.35822
mda,1973,31.30174
mda,1974,32.26175
mda,1975,33.16819
mda,1976,34.09941
mda,1977,35.15972
mda,1978,36.21435
mda,1979,37.29855
mda,1980,38.43817
mda,1981,39.48452
mda,1982,40.56406
mda,1983,41.59644
mda,1984,42.71492
mda,1985,43.87579
mda,1986,45.023
mda,1987,46.12759
mda,1988,47.22215
mda,1989,48.34498
mda,1990,49.39625
mda,1991,50.46361
mda,1992,51.51761
mda,1993,52.51674
mda,1994,53.40313
mda,1995,54.39461
mda,1996,55.37638
mda,1997,56.19365
mda,1998,56.47037
mda,1999,56.6274
mda,2000,56.79682
mda,2001,56.97726
mda,2002,57.26496
mda,2003,57.52317
mda,2004,57.82561
mda,2005,58.06528
mda,2006,58.64719
mda,2007,59.1354
mda,2008,59.53042
mda,2009,59.93797
mda,2010,60.39799
mda,2011,60.84228
mda,2012,61.31788
mda,2013,61.80101
mda,2014,62.31372
mda,2015,62.89155
mda,2016,63.38876
mda,2017,63.90067
mda,2018,64.40262
mda,2019,64.93576
mda,2020,65.4787
mdg,1970,0.78505
mdg,1971,0.90295
mdg,1972,1.03658
mdg,1973,1.19099
mdg,1974,1.35365
mdg,1975,1.53678
mdg,1976,1.75128
mdg,1977,1.98472
mdg,1978,2.24043
mdg,1979,2.53329
mdg,1980,2.85295
mdg,1981,3.22019
mdg,1982,3.63832
mdg,1983,4.07116
mdg,1984,4.55366
mdg,1985,5.11372
mdg,1986,5.67019
mdg,1987,6.32365
mdg,1988,7.0363
mdg,1989,7.77931
mdg,1990,8.56551
mdg,1991,9.41551
mdg,1992,10.3178
mdg,1993,11.88992
mdg,1994,13.62677
mdg,1995,15.457
mdg,1996,17.45787
mdg,1997,19.66446
mdg,1998,21.82231
mdg,1999,24.00306
mdg,2000,25.87872
mdg,2001,28.10976
mdg,2002,30.53649
mdg,2003,33.13669
mdg,2004,35.85935
mdg,2005,38.65521
mdg,2006,41.56592
mdg,2007,44.44607
mdg,2008,47.23116
mdg,2009,49.70325
mdg,2010,51.49579
mdg,2011,53.07912
mdg,2012,54.6644
mdg,2013,56.06982
mdg,2014,57.37065
mdg,2015,58.73643
mdg,2016,60.05205
mdg,2017,61.33171
mdg,2018,62.74327
mdg,2019,63.81457
mdg,2020,64.80869
mdv,1970,18.64844
mdv,1971,19.30455
mdv,1972,19.99846
mdv,1973,20.74804
mdv,1974,21.45792
mdv,1975,22.1232
mdv,1976,22.87514
mdv,1977,23.60477
mdv,1978,24.35085
mdv,1979,25.01423
mdv,1980,25.77289
mdv,1981,26.52731
mdv,1982,27.31891
mdv,1983,28.05632
mdv,1984,28.83318
mdv,1985,29.63738
mdv,1986,30.38401
mdv,1987,31.16549
mdv,1988,31.98961
mdv,1989,32.81932
mdv,1990,33.68752
mdv,1991,34.67722
mdv,1992,36.32229
mdv,1993,38.03112
mdv,1994,39.79382
mdv,1995,41.51229
mdv,1996,43.32488
mdv,1997,45.02721
mdv,1998,46.62123
mdv,1999,47.95029
mdv,2000,48.56351
mdv,2001,48.77776
mdv,2002,48.95063
mdv,2003,48.9518
mdv,2004,48.77885
mdv,2005,47.72344
mdv,2006,46.54379
mdv,2007,45.26797
mdv,2008,43.87304
mdv,2009,42.29829
mdv,2010,40.58578
mdv,2011,38.73794
mdv,2012,36.91994
mdv,2013,35.0742
mdv,2014,33.42884
mdv,2015,31.86132
mdv,2016,30.62758
mdv,2017,30.02253
mdv,2018,30.28093
mdv,2019,30.8651
mdv,2020,31.68632
mex,1970,31.17205
mex,1971,32.61004
mex,1972,33.95837
mex,1973,35.47243
mex,1974,37.00725
mex,1975,38.60064
mex,1976,40.34251
mex,1977,42.45342
mex,1978,44.83425
mex,1979,47.16124
mex,1980,49.40726
mex,1981,51.54858
mex,1982,53.45737
mex,1983,54.63144
mex,1984,55.67056
mex,1985,56.50789
mex,1986,57.41285
mex,1987,58.37806
mex,1988,60.12797
mex,1989,61.96561
mex,1990,63.8435
mex,1991,65.56983
mex,1992,67.18755
mex,1993,68.46984
mex,1994,69.6283
mex,1995,70.6355
mex,1996,71.73614
mex,1997,72.79287
mex,1998,73.91532
mex,1999,74.99052
mex,2000,76.02487
mex,2001,76.93725
mex,2002,77.78492
mex,2003,78.44545
mex,2004,78.61324
mex,2005,78.63603
mex,2006,78.65744
mex,2007,78.79569
mex,2008,79.00717
mex,2009,79.22403
mex,2010,79.4413
mex,2011,79.55631
mex,2012,79.70122
mex,2013,79.86417
mex,2014,80.03712
mex,2015,80.23003
mex,2016,80.46956
mex,2017,80.75256
mex,2018,81.06575
mex,2019,81.26602
mex,2020,81.45224
mhl,1970,44.10841
mhl,1971,44.71009
mhl,1972,45.17723
mhl,1973,45.64368
mhl,1974,46.10776
mhl,1975,46.59062
mhl,1976,46.98702
mhl,1977,47.31712
mhl,1978,47.66865
mhl,1979,47.88429
mhl,1980,48.28397
mhl,1981,48.56388
mhl,1982,48.90358
mhl,1983,49.27412
mhl,1984,49.71064
mhl,1985,50.2647
mhl,1986,51.11597
mhl,1987,52.18952
mhl,1988,53.30458
mhl,1989,54.31961
mhl,1990,55.4621
mhl,1991,56.4951
mhl,1992,57.43631
mhl,1993,58.38258
mhl,1994,59.32929
mhl,1995,60.34148
mhl,1996,61.35751
mhl,1997,62.30426
mhl,1998,63.30823
mhl,1999,64.36334
mhl,2000,65.26787
mhl,2001,66.13239
mhl,2002,67.01699
mhl,2003,67.91075
mhl,2004,68.8017
mhl,2005,69.57516
mhl,2006,70.35307
mhl,2007,71.19278
mhl,2008,71.27513
mhl,2009,71.40156
mhl,2010,71.47346
mhl,2011,71.53269
mhl,2012,71.6091
mhl,2013,71.69726
mhl,2014,71.74101
mhl,2015,71.80001
mhl,2016,71.91999
mhl,2017,72.08238
mhl,2018,72.14044
mhl,2019,72.21367
mhl,2020,72.31368
mkd,1970,5.67504
mkd,1971,6.00132
mkd,1972,6.31716
mkd,1973,6.66691
mkd,1974,7.01021
mkd,1975,7.37461
mkd,1976,7.79147
mkd,1977,8.16427
mkd,1978,8.5533
mkd,1979,8.96949
mkd,1980,9.43709
mkd,1981,9.91132
mkd,1982,10.41088
mkd,1983,10.91039
mkd,1984,11.3998
mkd,1985,11.90781
mkd,1986,12.4316
mkd,1987,12.99099
mkd,1988,13.51894
mkd,1989,14.04738
mkd,1990,14.53656
mkd,1991,15.13661
mkd,1992,15.62846
mkd,1993,16.18775
mkd,1994,16.77372
mkd,1995,17.30647
mkd,1996,17.89675
mkd,1997,18.49849
mkd,1998,19.18196
mkd,1999,19.79431
mkd,2000,20.52983
mkd,2001,21.14011
mkd,2002,21.75617
mkd,2003,22.44351
mkd,2004,23.08117
mkd,2005,23.81898
mkd,2006,24.49098
mkd,2007,25.18363
mkd,2008,25.78438
mkd,2009,26.49751
mkd,2010,27.06006
mkd,2011,27.61258
mkd,2012,28.39121
mkd,2013,29.16126
mkd,2014,30.0118
mkd,2015,30.71522
mkd,2016,31.53045
mkd,2017,32.32919
mkd,2018,33.11917
mkd,2019,34.06592
mkd,2020,35.09294
mli,1970,0.27095
mli,1971,0.32613
mli,1972,0.39079
mli,1973,0.46815
mli,1974,0.56327
mli,1975,0.67015
mli,1976,0.8016
mli,1977,0.95674
mli,1978,1.14038
mli,1979,1.3512
mli,1980,1.60275
mli,1981,1.88377
mli,1982,2.22491
mli,1983,2.62486
mli,1984,3.08118
mli,1985,3.60388
mli,1986,4.20269
mli,1987,4.87147
mli,1988,5.71483
mli,1989,6.68294
mli,1990,7.76158
mli,1991,8.9411
mli,1992,10.19682
mli,1993,11.52633
mli,1994,12.93955
mli,1995,14.36738
mli,1996,15.68768
mli,1997,16.71223
mli,1998,17.65647
mli,1999,18.51903
mli,2000,19.27377
mli,2001,19.82322
mli,2002,20.2483
mli,2003,20.51827
mli,2004,20.70013
mli,2005,20.90017
mli,2006,21.28942
mli,2007,22.41722
mli,2008,23.76977
mli,2009,25.20395
mli,2010,26.6802
mli,2011,28.25406
mli,2012,29.93408
mli,2013,31.77207
mli,2014,33.77837
mli,2015,35.7966
mli,2016,37.7994
mli,2017,39.69227
mli,2018,41.48605
mli,2019,42.62422
mli,2020,43.65026
mlt,1970,44.86273
mlt,1971,46.06134
mlt,1972,46.82481
mlt,1973,47.55677
mlt,1974,48.29896
mlt,1975,49.00406
mlt,1976,49.66736
mlt,1977,50.33113
mlt,1978,50.96669
mlt,1979,51.62871
mlt,1980,52.35987
mlt,1981,53.0479
mlt,1982,53.86794
mlt,1983,54.64242
mlt,1984,55.40113
mlt,1985,56.09061
mlt,1986,56.83872
mlt,1987,57.59791
mlt,1988,58.3493
mlt,1989,59.184
mlt,1990,59.97501
mlt,1991,60.64112
mlt,1992,61.43879
mlt,1993,62.05392
mlt,1994,62.55598
mlt,1995,62.95507
mlt,1996,63.43323
mlt,1997,63.91597
mlt,1998,64.35789
mlt,1999,64.81628
mlt,2000,65.46846
mlt,2001,65.90781
mlt,2002,66.39566
mlt,2003,66.82309
mlt,2004,67.28119
mlt,2005,67.77328
mlt,2006,68.35867
mlt,2007,68.82051
mlt,2008,69.13396
mlt,2009,69.83176
mlt,2010,70.35616
mlt,2011,70.78368
mlt,2012,71.27054
mlt,2013,71.65214
mlt,2014,72.10103
mlt,2015,72.49789
mlt,2016,72.88738
mlt,2017,73.37469
mlt,2018,73.7058
mlt,2019,74.06996
mlt,2020,74.45376
mmr,1970,7.65769
mmr,1971,8.34542
mmr,1972,9.07942
mmr,1973,9.86189
mmr,1974,10.7206
mmr,1975,11.63859
mmr,1976,12.63616
mmr,1977,13.67255
mmr,1978,14.79692
mmr,1979,15.93771
mmr,1980,17.22994
mmr,1981,18.57006
mmr,1982,19.99739
mmr,1983,21.44348
mmr,1984,22.9928
mmr,1985,24.63239
mmr,1986,26.25086
mmr,1987,28.00798
mmr,1988,29.82809
mmr,1989,31.65955
mmr,1990,33.56781
mmr,1991,35.61151
mmr,1992,38.21866
mmr,1993,40.95035
mmr,1994,43.79422
mmr,1995,46.60701
mmr,1996,49.32423
mmr,1997,51.63084
mmr,1998,52.97408
mmr,1999,53.95729
mmr,2000,54.78675
mmr,2001,55.71224
mmr,2002,56.96269
mmr,2003,58.48003
mmr,2004,59.89714
mmr,2005,61.31563
mmr,2006,62.77694
mmr,2007,64.08831
mmr,2008,65.47721
mmr,2009,66.81748
mmr,2010,68.1405
mmr,2011,69.36337
mmr,2012,70.57737
mmr,2013,71.74144
mmr,2014,72.81616
mmr,2015,73.86668
mmr,2016,74.79941
mmr,2017,75.58645
mmr,2018,76.32612
mmr,2019,76.96207
mmr,2020,77.52776
mne,1970,11.53903
mne,1971,12.17883
mne,1972,12.82454
mne,1973,13.54319
mne,1974,14.25772
mne,1975,14.99633
mne,1976,15.71548
mne,1977,16.50674
mne,1978,17.33579
mne,1979,18.20286
mne,1980,19.11009
mne,1981,20.07492
mne,1982,21.00311
mne,1983,22.02142
mne,1984,23.05077
mne,1985,24.09886
mne,1986,25.09937
mne,1987,26.27555
mne,1988,27.38677
mne,1989,28.45334
mne,1990,29.5408
mne,1991,30.51172
mne,1992,31.42344
mne,1993,32.35419
mne,1994,33.2734
mne,1995,34.15049
mne,1996,34.96988
mne,1997,35.94877
mne,1998,36.85142
mne,1999,37.63444
mne,2000,38.38388
mne,2001,38.17414
mne,2002,37.89624
mne,2003,37.53546
mne,2004,37.13847
mne,2005,36.73184
mne,2006,36.91208
mne,2007,37.14776
mne,2008,37.50707
mne,2009,37.73609
mne,2010,38.06289
mne,2011,38.30492
mne,2012,38.51005
mne,2013,38.69951
mne,2014,38.68945
mne,2015,38.60317
mne,2016,38.37404
mne,2017,38.28455
mne,2018,38.25523
mne,2019,38.84467
mne,2020,39.5618
mng,1970,28.97276
mng,1971,30.59001
mng,1972,32.28872
mng,1973,33.83801
mng,1974,35.47855
mng,1975,36.86016
mng,1976,38.15919
mng,1977,39.83503
mng,1978,41.26062
mng,1979,42.44809
mng,1980,43.78159
mng,1981,45.26121
mng,1982,46.60371
mng,1983,47.80045
mng,1984,49.2088
mng,1985,50.34919
mng,1986,51.48194
mng,1987,52.71216
mng,1988,53.6898
mng,1989,54.65201
mng,1990,55.56866
mng,1991,56.54303
mng,1992,57.26751
mng,1993,58.1036
mng,1994,58.92803
mng,1995,59.65398
mng,1996,60.47193
mng,1997,62.06594
mng,1998,63.76734
mng,1999,66.01216
mng,2000,68.02859
mng,2001,69.51586
mng,2002,70.76235
mng,2003,71.71768
mng,2004,71.74657
mng,2005,71.48947
mng,2006,70.60236
mng,2007,69.66732
mng,2008,68.80257
mng,2009,68.21639
mng,2010,67.84364
mng,2011,67.58899
mng,2012,67.48077
mng,2013,67.34526
mng,2014,67.47692
mng,2015,67.62871
mng,2016,67.73475
mng,2017,67.92839
mng,2018,68.14032
mng,2019,68.52139
mng,2020,68.93624
moz,1970,1.73095
moz,1971,1.96763
moz,1972,2.24821
moz,1973,2.54592
moz,1974,2.89219
moz,1975,3.26613
moz,1976,3.6968
moz,1977,4.17417
moz,1978,4.67578
moz,1979,5.2236
moz,1980,5.83423
moz,1981,6.51306
moz,1982,7.22227
moz,1983,7.98891
moz,1984,8.82684
moz,1985,9.76074
moz,1986,10.68636
moz,1987,11.6826
moz,1988,12.73532
moz,1989,13.79571
moz,1990,14.90428
moz,1991,15.95384
moz,1992,17.02534
moz,1993,18.14332
moz,1994,19.2237
moz,1995,20.36259
moz,1996,21.68845
moz,1997,23.23026
moz,1998,25.69706
moz,1999,28.47913
moz,2000,31.4877
moz,2001,34.49196
moz,2002,37.48485
moz,2003,40.13178
moz,2004,41.17413
moz,2005,41.48582
moz,2006,41.48057
moz,2007,41.28721
moz,2008,40.89644
moz,2009,40.42921
moz,2010,40.03363
moz,2011,40.13891
moz,2012,41.87266
moz,2013,44.15492
moz,2014,46.67525
moz,2015,49.03534
moz,2016,50.70043
moz,2017,52.02169
moz,2018,53.18534
moz,2019,54.29877
moz,2020,55.36034
mrt,1970,1.49322
mrt,1971,1.56194
mrt,1972,1.6326
mrt,1973,1.72399
mrt,1974,1.82372
mrt,1975,1.92524
mrt,1976,2.02321
mrt,1977,2.14033
mrt,1978,2.27702
mrt,1979,2.43121
mrt,1980,2.5813
mrt,1981,2.74505
mrt,1982,2.94348
mrt,1983,3.14569
mrt,1984,3.39923
mrt,1985,3.68194
mrt,1986,3.9912
mrt,1987,4.34564
mrt,1988,4.73402
mrt,1989,5.15302
mrt,1990,5.63063
mrt,1991,6.18296
mrt,1992,6.80714
mrt,1993,7.49397
mrt,1994,8.26829
mrt,1995,9.13238
mrt,1996,10.05412
mrt,1997,11.07806
mrt,1998,12.11955
mrt,1999,13.23487
mrt,2000,14.33584
mrt,2001,15.447
mrt,2002,16.47157
mrt,2003,17.5156
mrt,2004,18.53873
mrt,2005,19.58051
mrt,2006,20.68662
mrt,2007,21.79902
mrt,2008,22.78054
mrt,2009,23.83021
mrt,2010,24.98104
mrt,2011,26.19216
mrt,2012,27.53632
mrt,2013,28.89892
mrt,2014,30.26253
mrt,2015,31.67395
mrt,2016,33.06029
mrt,2017,34.42697
mrt,2018,35.71318
mrt,2019,36.88834
mrt,2020,38.16672
mus,1970,26.0227
mus,1971,27.39766
mus,1972,28.77207
mus,1973,30.1513
mus,1974,31.8137
mus,1975,33.39669
mus,1976,35.03421
mus,1977,36.63647
mus,1978,38.41036
mus,1979,40.12599
mus,1980,41.80562
mus,1981,43.53424
mus,1982,45.10268
mus,1983,46.73562
mus,1984,48.27302
mus,1985,49.65045
mus,1986,50.08036
mus,1987,50.34932
mus,1988,50.59169
mus,1989,50.82607
mus,1990,51.10561
mus,1991,51.52288
mus,1992,51.42824
mus,1993,51.43154
mus,1994,51.38156
mus,1995,51.42077
mus,1996,51.46422
mus,1997,51.39917
mus,1998,51.4022
mus,1999,51.41807
mus,2000,51.35353
mus,2001,51.3302
mus,2002,51.17542
mus,2003,51.03608
mus,2004,50.93922
mus,2005,50.69121
mus,2006,50.60087
mus,2007,50.41436
mus,2008,50.09983
mus,2009,49.84427
mus,2010,49.52703
mus,2011,49.24689
mus,2012,48.91869
mus,2013,48.65763
mus,2014,48.35472
mus,2015,49.4759
mus,2016,50.6141
mus,2017,51.75586
mus,2018,52.95544
mus,2019,53.94963
mus,2020,54.99529
mwi,1970,1.15704
mwi,1971,1.35233
mwi,1972,1.58232
mwi,1973,1.8445
mwi,1974,2.15308
mwi,1975,2.49805
mwi,1976,2.89113
mwi,1977,3.34093
mwi,1978,3.83234
mwi,1979,4.41365
mwi,1980,5.05075
mwi,1981,5.7495
mwi,1982,6.53794
mwi,1983,7.39155
mwi,1984,8.33806
mwi,1985,9.17827
mwi,1986,10.06846
mwi,1987,11.00423
mwi,1988,12.03937
mwi,1989,13.12069
mwi,1990,14.31499
mwi,1991,15.64197
mwi,1992,17.14131
mwi,1993,19.525
mwi,1994,22.2412
mwi,1995,25.17273
mwi,1996,28.3321
mwi,1997,31.86593
mwi,1998,35.4829
mwi,1999,38.98731
mwi,2000,42.11088
mwi,2001,43.24431
mwi,2002,44.05169
mwi,2003,44.7997
mwi,2004,45.62957
mwi,2005,47.60963
mwi,2006,50.09659
mwi,2007,52.4262
mwi,2008,54.74011
mwi,2009,57.12519
mwi,2010,59.55258
mwi,2011,62.5208
mwi,2012,65.37182
mwi,2013,68.05187
mwi,2014,70.44556
mwi,2015,72.49562
mwi,2016,73.93513
mwi,2017,74.87981
mwi,2018,75.71751
mwi,2019,76.4143
mwi,2020,77.04169
mys,1970,27.19287
mys,1971,29.54602
mys,1972,31.9983
mys,1973,34.30338
mys,1974,36.64235
mys,1975,38.21427
mys,1976,39.63193
mys,1977,40.76726
mys,1978,42.04633
mys,1979,43.02875
mys,1980,43.97241
mys,1981,44.7582
mys,1982,45.52234
mys,1983,46.16353
mys,1984,46.63833
mys,1985,46.88851
mys,1986,47.04727
mys,1987,47.09213
mys,1988,46.97915
mys,1989,47.09028
mys,1990,47.15016
mys,1991,47.22835
mys,1992,47.27665
mys,1993,47.23909
mys,1994,47.10242
mys,1995,47.40238
mys,1996,47.58192
mys,1997,47.75835
mys,1998,47.83191
mys,1999,47.90724
mys,2000,48.03901
mys,2001,48.10736
mys,2002,48.15535
mys,2003,48.20108
mys,2004,48.1936
mys,2005,48.35381
mys,2006,48.71037
mys,2007,49.08769
mys,2008,49.32827
mys,2009,49.77576
mys,2010,49.95694
mys,2011,50.32577
mys,2012,50.62449
mys,2013,50.85722
mys,2014,51.22515
mys,2015,51.94838
mys,2016,52.81777
mys,2017,53.63879
mys,2018,54.39104
mys,2019,55.11558
mys,2020,55.98212
nam,1970,9.25802
nam,1971,10.5984
nam,1972,11.96913
nam,1973,13.56037
nam,1974,15.28159
nam,1975,17.12255
nam,1976,19.21574
nam,1977,21.41705
nam,1978,23.79447
nam,1979,26.28607
nam,1980,29.06114
nam,1981,31.82312
nam,1982,34.65843
nam,1983,37.59328
nam,1984,40.57854
nam,1985,43.62189
nam,1986,46.49303
nam,1987,49.33689
nam,1988,51.9316
nam,1989,54.31437
nam,1990,55.99216
nam,1991,57.56017
nam,1992,59.15688
nam,1993,60.45369
nam,1994,61.96046
nam,1995,63.36253
nam,1996,64.74942
nam,1997,66.06574
nam,1998,67.27184
nam,1999,68.35242
nam,2000,69.31931
nam,2001,70.76319
nam,2002,72.1214
nam,2003,73.39986
nam,2004,74.55445
nam,2005,75.60998
nam,2006,76.58639
nam,2007,77.36454
nam,2008,77.97244
nam,2009,78.55542
nam,2010,79.0154
nam,2011,79.4677
nam,2012,79.85921
nam,2013,80.27779
nam,2014,80.64255
nam,2015,81.02946
nam,2016,81.40459
nam,2017,81.73155
nam,2018,82.05268
nam,2019,82.3835
nam,2020,82.68634
ner,1970,1.33068
ner,1971,1.43385
ner,1972,1.55614
ner,1973,1.68226
ner,1974,1.84001
ner,1975,2.00521
ner,1976,2.20232
ner,1977,2.40555
ner,1978,2.6723
ner,1979,2.96439
ner,1980,3.27428
ner,1981,3.60569
ner,1982,4.003
ner,1983,4.43618
ner,1984,4.91291
ner,1985,5.44526
ner,1986,6.0314
ner,1987,6.67629
ner,1988,7.37753
ner,1989,8.15918
ner,1990,9.00702
ner,1991,9.94978
ner,1992,10.98845
ner,1993,12.17352
ner,1994,13.50204
ner,1995,14.95582
ner,1996,16.55705
ner,1997,18.2781
ner,1998,20.1223
ner,1999,22.73268
ner,2000,25.30834
ner,2001,27.2264
ner,2002,28.99806
ner,2003,30.67239
ner,2004,32.30475
ner,2005,33.90994
ner,2006,35.48323
ner,2007,36.4018
ner,2008,37.31232
ner,2009,38.28683
ner,2010,39.24858
ner,2011,40.19259
ner,2012,41.187
ner,2013,41.82489
ner,2014,42.49348
ner,2015,43.30538
ner,2016,44.22989
ner,2017,45.58526
ner,2018,46.26294
ner,2019,47.00124
ner,2020,47.82351
nga,1970,1.86217
nga,1971,2.04265
nga,1972,2.2656
nga,1973,2.49646
nga,1974,2.73637
nga,1975,3.0051
nga,1976,3.31022
nga,1977,3.64118
nga,1978,4.01237
nga,1979,4.39274
nga,1980,4.80933
nga,1981,5.27664
nga,1982,5.81536
nga,1983,6.59625
nga,1984,7.4625
nga,1985,8.42791
nga,1986,9.54354
nga,1987,10.70766
nga,1988,11.99956
nga,1989,13.44054
nga,1990,15.0461
nga,1991,16.59653
nga,1992,18.30547
nga,1993,20.07726
nga,1994,21.90022
nga,1995,23.12171
nga,1996,24.35048
nga,1997,25.47809
nga,1998,26.5746
nga,1999,27.49723
nga,2000,28.57687
nga,2001,29.62713
nga,2002,30.63365
nga,2003,31.72124
nga,2004,32.18255
nga,2005,32.7072
nga,2006,33.22958
nga,2007,33.78017
nga,2008,33.73887
nga,2009,34.82988
nga,2010,35.87693
nga,2011,36.84113
nga,2012,37.84674
nga,2013,38.1877
nga,2014,37.44796
nga,2015,36.88565
nga,2016,36.40855
nga,2017,36.33761
nga,2018,37.54676
nga,2019,38.65646
nga,2020,39.71162
nic,1970,24.67911
nic,1971,26.07389
nic,1972,27.63085
nic,1973,29.12817
nic,1974,30.76371
nic,1975,32.32383
nic,1976,33.90013
nic,1977,35.49254
nic,1978,37.10739
nic,1979,38.87409
nic,1980,40.54666
nic,1981,42.38974
nic,1982,44.2719
nic,1983,46.29911
nic,1984,48.33419
nic,1985,50.33179
nic,1986,52.40397
nic,1987,54.41866
nic,1988,56.3909
nic,1989,58.40482
nic,1990,60.33361
nic,1991,62.17234
nic,1992,63.97752
nic,1993,65.68851
nic,1994,67.43304
nic,1995,69.11113
nic,1996,70.81323
nic,1997,72.47169
nic,1998,74.14983
nic,1999,75.72262
nic,2000,77.22437
nic,2001,78.51058
nic,2002,79.77841
nic,2003,80.8781
nic,2004,81.84321
nic,2005,82.71404
nic,2006,83.60651
nic,2007,84.35186
nic,2008,84.99132
nic,2009,85.62305
nic,2010,86.19777
nic,2011,86.7025
nic,2012,87.07423
nic,2013,87.25644
nic,2014,87.38235
nic,2015,87.45999
nic,2016,87.59337
nic,2017,87.64575
nic,2018,87.73434
nic,2019,87.7741
nic,2020,87.7886
nld,1970,67.19591
nld,1971,69.92097
nld,1972,72.56743
nld,1973,75.03747
nld,1974,77.31444
nld,1975,79.2345
nld,1976,80.51602
nld,1977,81.548
nld,1978,82.58237
nld,1979,83.4409
nld,1980,84.28422
nld,1981,85.03909
nld,1982,85.71328
nld,1983,85.99627
nld,1984,86.18041
nld,1985,86.4227
nld,1986,86.57846
nld,1987,86.78876
nld,1988,86.89293
nld,1989,86.97662
nld,1990,87.09967
nld,1991,87.26417
nld,1992,87.40504
nld,1993,87.56677
nld,1994,87.67506
nld,1995,87.62424
nld,1996,87.64052
nld,1997,87.67024
nld,1998,87.7136
nld,1999,87.73164
nld,2000,87.77394
nld,2001,87.84619
nld,2002,87.99035
nld,2003,88.07057
nld,2004,88.10919
nld,2005,88.19203
nld,2006,88.32314
nld,2007,88.37071
nld,2008,88.49622
nld,2009,88.54634
nld,2010,88.55011
nld,2011,88.51339
nld,2012,88.59222
nld,2013,88.60595
nld,2014,88.56551
nld,2015,88.63573
nld,2016,88.66342
nld,2017,88.68473
nld,2018,88.7799
nld,2019,88.79234
nld,2020,88.85569
nor,1970,70.16872
nor,1971,70.93073
nor,1972,71.66938
nor,1973,72.47994
nor,1974,73.27825
nor,1975,74.09384
nor,1976,74.81073
nor,1977,75.55332
nor,1978,76.11567
nor,1979,76.60717
nor,1980,77.05217
nor,1981,77.56533
nor,1982,77.98907
nor,1983,78.42563
nor,1984,78.80362
nor,1985,79.40582
nor,1986,79.82539
nor,1987,80.30542
nor,1988,80.84738
nor,1989,81.28535
nor,1990,81.61277
nor,1991,81.92129
nor,1992,82.54035
nor,1993,82.99738
nor,1994,83.44616
nor,1995,83.90824
nor,1996,84.26343
nor,1997,84.67266
nor,1998,85.00484
nor,1999,85.37538
nor,2000,85.55047
nor,2001,85.79156
nor,2002,86.07541
nor,2003,86.36683
nor,2004,86.62896
nor,2005,86.91854
nor,2006,87.05009
nor,2007,87.17729
nor,2008,87.31209
nor,2009,87.49559
nor,2010,87.54447
nor,2011,87.6161
nor,2012,87.72514
nor,2013,87.79475
nor,2014,87.83516
nor,2015,87.95219
nor,2016,88.02357
nor,2017,88.08037
nor,2018,88.1805
nor,2019,88.36804
nor,2020,88.45307
npl,1970,7.27261
npl,1971,7.83379
npl,1972,8.44507
npl,1973,9.10629
npl,1974,9.82202
npl,1975,10.55787
npl,1976,11.33805
npl,1977,12.18676
npl,1978,13.08169
npl,1979,14.05439
npl,1980,15.15336
npl,1981,16.39898
npl,1982,18.00526
npl,1983,19.78939
npl,1984,21.73453
npl,1985,23.71942
npl,1986,25.63503
npl,1987,27.51471
npl,1988,29.37568
npl,1989,31.27969
npl,1990,33.13382
npl,1991,34.98857
npl,1992,36.71002
npl,1993,38.39577
npl,1994,40.07495
npl,1995,41.69817
npl,1996,43.38998
npl,1997,45.41341
npl,1998,47.47545
npl,1999,49.5311
npl,2000,51.69278
npl,2001,53.62176
npl,2002,55.54295
npl,2003,57.40981
npl,2004,58.75083
npl,2005,59.80547
npl,2006,60.48883
npl,2007,60.2572
npl,2008,59.73005
npl,2009,59.02171
npl,2010,58.19194
npl,2011,57.32545
npl,2012,57.78977
npl,2013,58.19022
npl,2014,58.60318
npl,2015,58.66054
npl,2016,58.61959
npl,2017,59.31345
npl,2018,60.13341
npl,2019,60.98453
npl,2020,61.65308
nru,1970,35.44424
nru,1971,35.91694
nru,1972,36.36488
nru,1973,36.78775
nru,1974,37.34376
nru,1975,37.82188
nru,1976,38.23972
nru,1977,38.85897
nru,1978,39.38459
nru,1979,39.71144
nru,1980,40.16146
nru,1981,40.73821
nru,1982,41.16384
nru,1983,41.62987
nru,1984,42.00507
nru,1985,42.44961
nru,1986,42.93138
nru,1987,43.31502
nru,1988,43.62802
nru,1989,44.0824
nru,1990,44.45721
nru,1991,44.84443
nru,1992,45.07486
nru,1993,45.36544
nru,1994,45.75982
nru,1995,46.16166
nru,1996,46.54586
nru,1997,46.74408
nru,1998,47.12561
nru,1999,47.42157
nru,2000,47.76926
nru,2001,48.03423
nru,2002,48.19692
nru,2003,48.36458
nru,2004,48.73212
nru,2005,48.92356
nru,2006,49.06716
nru,2007,49.34852
nru,2008,49.86351
nru,2009,50.44675
nru,2010,50.91537
nru,2011,51.5367
nru,2012,52.11439
nru,2013,52.60612
nru,2014,53.02489
nru,2015,53.54504
nru,2016,54.06041
nru,2017,54.46391
nru,2018,55.02317
nru,2019,55.5049
nru,2020,56.04177
nzl,1970,78.87565
nzl,1971,79.23087
nzl,1972,79.51776
nzl,1973,79.82257
nzl,1974,80.04833
nzl,1975,80.37689
nzl,1976,80.68635
nzl,1977,80.87955
nzl,1978,81.15223
nzl,1979,81.42226
nzl,1980,81.64486
nzl,1981,81.76466
nzl,1982,82.03784
nzl,1983,82.2532
nzl,1984,82.50858
nzl,1985,82.70755
nzl,1986,82.91994
nzl,1987,83.17182
nzl,1988,83.40734
nzl,1989,83.70382
nzl,1990,83.89047
nzl,1991,84.21146
nzl,1992,84.47502
nzl,1993,84.75671
nzl,1994,85.07846
nzl,1995,85.44597
nzl,1996,85.49584
nzl,1997,85.61781
nzl,1998,85.78589
nzl,1999,85.87323
nzl,2000,85.98861
nzl,2001,86.00555
nzl,2002,86.11668
nzl,2003,86.27668
nzl,2004,86.39833
nzl,2005,86.50123
nzl,2006,86.67621
nzl,2007,86.79044
nzl,2008,86.87137
nzl,2009,86.97666
nzl,2010,87.14855
nzl,2011,87.23429
nzl,2012,87.44419
nzl,2013,87.55061
nzl,2014,87.56198
nzl,2015,87.75091
nzl,2016,87.78125
nzl,2017,87.8488
nzl,2018,87.85131
nzl,2019,87.88388
nzl,2020,87.93985
omn,1970,10.52627
omn,1971,11.05562
omn,1972,11.5567
omn,1973,12.11925
omn,1974,12.65683
omn,1975,13.21065
omn,1976,13.79336
omn,1977,14.36555
omn,1978,14.90005
omn,1979,15.52484
omn,1980,16.13711
omn,1981,16.79841
omn,1982,17.51425
omn,1983,18.22171
omn,1984,18.96334
omn,1985,19.70953
omn,1986,20.57504
omn,1987,21.49988
omn,1988,22.62048
omn,1989,23.79957
omn,1990,25.29056
omn,1991,26.64354
omn,1992,28.04877
omn,1993,29.54689
omn,1994,30.93386
omn,1995,32.37969
omn,1996,33.68538
omn,1997,34.97697
omn,1998,36.16059
omn,1999,37.10694
omn,2000,37.62444
omn,2001,36.93978
omn,2002,35.92065
omn,2003,34.65096
omn,2004,33.35953
omn,2005,32.03657
omn,2006,30.84149
omn,2007,29.77236
omn,2008,29.63913
omn,2009,30.23237
omn,2010,31.02808
omn,2011,31.82814
omn,2012,32.68321
omn,2013,33.49521
omn,2014,34.37999
omn,2015,35.19255
omn,2016,36.12555
omn,2017,36.97114
omn,2018,37.92591
omn,2019,38.76464
omn,2020,39.63122
pak,1970,11.13431
pak,1971,11.07778
pak,1972,11.06245
pak,1973,10.97229
pak,1974,10.88412
pak,1975,10.81892
pak,1976,10.71769
pak,1977,10.6067
pak,1978,10.58192
pak,1979,10.75198
pak,1980,11.32402
pak,1981,12.10573
pak,1982,13.05301
pak,1983,14.07168
pak,1984,15.15362
pak,1985,16.1629
pak,1986,17.08814
pak,1987,17.94483
pak,1988,18.74615
pak,1989,19.66271
pak,1990,20.67979
pak,1991,21.75794
pak,1992,23.50069
pak,1993,25.325
pak,1994,26.56578
pak,1995,27.90401
pak,1996,29.79292
pak,1997,31.27706
pak,1998,32.86488
pak,1999,34.86455
pak,2000,36.93938
pak,2001,38.74917
pak,2002,40.28082
pak,2003,41.34704
pak,2004,41.10352
pak,2005,40.56725
pak,2006,40.58167
pak,2007,40.95547
pak,2008,41.847
pak,2009,43.07179
pak,2010,44.37654
pak,2011,45.72115
pak,2012,46.97168
pak,2013,47.98278
pak,2014,48.33923
pak,2015,48.63548
pak,2016,48.97725
pak,2017,49.31269
pak,2018,49.83872
pak,2019,50.43232
pak,2020,51.01967
pan,1970,58.29695
pan,1971,59.17889
pan,1972,59.93847
pan,1973,60.67032
pan,1974,61.50831
pan,1975,62.28501
pan,1976,63.08201
pan,1977,63.9301
pan,1978,64.66832
pan,1979,65.37723
pan,1980,66.04209
pan,1981,66.55001
pan,1982,66.99617
pan,1983,67.43734
pan,1984,67.8422
pan,1985,68.10961
pan,1986,68.2519
pan,1987,68.43823
pan,1988,68.66487
pan,1989,68.81369
pan,1990,69.02613
pan,1991,69.16838
pan,1992,69.47403
pan,1993,69.73301
pan,1994,69.9774
pan,1995,70.23831
pan,1996,70.40438
pan,1997,70.68917
pan,1998,70.88018
pan,1999,71.03622
pan,2000,71.21404
pan,2001,71.4039
pan,2002,71.54328
pan,2003,71.732
pan,2004,71.85019
pan,2005,72.03374
pan,2006,72.15872
pan,2007,72.30128
pan,2008,72.30445
pan,2009,72.41767
pan,2010,72.20364
pan,2011,71.97035
pan,2012,71.68066
pan,2013,71.36649
pan,2014,71.04802
pan,2015,70.93508
pan,2016,71.07839
pan,2017,71.36168
pan,2018,71.66331
pan,2019,72.02238
pan,2020,72.39121
per,1970,16.84421
per,1971,17.2835
per,1972,17.65653
per,1973,18.0452
per,1974,18.41496
per,1975,18.79145
per,1976,19.17099
per,1977,19.64549
per,1978,20.50882
per,1979,21.85897
per,1980,23.24003
per,1981,24.67402
per,1982,25.94359
per,1983,27.28827
per,1984,28.64773
per,1985,30.00438
per,1986,31.48538
per,1987,33.27834
per,1988,35.18274
per,1989,37.15856
per,1990,39.09992
per,1991,41.07855
per,1992,43.022
per,1993,44.98869
per,1994,46.82082
per,1995,48.67297
per,1996,50.48124
per,1997,52.47096
per,1998,54.31867
per,1999,56.13897
per,2000,57.87079
per,2001,58.02909
per,2002,58.06863
per,2003,58.05109
per,2004,58.07468
per,2005,58.13899
per,2006,58.18356
per,2007,58.67448
per,2008,59.49121
per,2009,60.4233
per,2010,61.33492
per,2011,62.35595
per,2012,62.87387
per,2013,62.89914
per,2014,63.79076
per,2015,65.64444
per,2016,66.76471
per,2017,67.06109
per,2018,68.01588
per,2019,68.58333
per,2020,69.12478
phl,1970,19.73457
phl,1971,20.62825
phl,1972,21.45268
phl,1973,22.32608
phl,1974,23.13669
phl,1975,23.92552
phl,1976,24.70268
phl,1977,25.43501
phl,1978,26.13367
phl,1979,26.97954
phl,1980,27.60247
phl,1981,28.3302
phl,1982,28.98477
phl,1983,29.51159
phl,1984,30.09643
phl,1985,30.6476
phl,1986,31.1838
phl,1987,31.75167
phl,1988,32.21271
phl,1989,32.62939
phl,1990,33.12678
phl,1991,33.62517
phl,1992,34.29262
phl,1993,35.02664
phl,1994,36.92339
phl,1995,38.72786
phl,1996,40.70667
phl,1997,41.18565
phl,1998,40.36978
phl,1999,43.0155
phl,2000,44.2785
phl,2001,45.4795
phl,2002,46.25867
phl,2003,46.07474
phl,2004,47.4081
phl,2005,48.2226
phl,2006,48.40414
phl,2007,47.80826
phl,2008,47.1848
phl,2009,48.05911
phl,2010,49.06542
phl,2011,50.22724
phl,2012,51.32428
phl,2013,52.37575
phl,2014,53.22646
phl,2015,53.99232
phl,2016,54.76556
phl,2017,55.53115
phl,2018,56.15996
phl,2019,56.78579
phl,2020,57.37013
plw,1970,40.2205
plw,1971,40.97406
plw,1972,41.40534
plw,1973,42.09042
plw,1974,42.76733
plw,1975,43.35016
plw,1976,44.00415
plw,1977,44.64126
plw,1978,45.55661
plw,1979,46.37613
plw,1980,46.99791
plw,1981,47.38775
plw,1982,48.0876
plw,1983,48.50568
plw,1984,49.02277
plw,1985,49.47645
plw,1986,50.06654
plw,1987,50.76363
plw,1988,51.21069
plw,1989,51.66671
plw,1990,52.13329
plw,1991,52.51236
plw,1992,52.97592
plw,1993,53.27165
plw,1994,53.64952
plw,1995,54.0905
plw,1996,54.48264
plw,1997,54.86521
plw,1998,55.07881
plw,1999,55.35295
plw,2000,55.70636
plw,2001,56.00441
plw,2002,56.54219
plw,2003,57.05882
plw,2004,57.53648
plw,2005,58.01079
plw,2006,58.41927
plw,2007,58.91288
plw,2008,59.2756
plw,2009,59.73742
plw,2010,60.26202
plw,2011,60.52847
plw,2012,60.79887
plw,2013,60.95944
plw,2014,61.21922
plw,2015,61.50728
plw,2016,61.83728
plw,2017,62.39533
plw,2018,62.6508
plw,2019,63.0536
plw,2020,63.21563
png,1970,26.4718
png,1971,26.95291
png,1972,27.27074
png,1973,27.62263
png,1974,28.01625
png,1975,28.32667
png,1976,28.82791
png,1977,29.1497
png,1978,29.55675
png,1979,29.82429
png,1980,30.29997
png,1981,30.5505
png,1982,31.02071
png,1983,31.3621
png,1984,31.75362
png,1985,32.15862
png,1986,32.5406
png,1987,32.80871
png,1988,33.29254
png,1989,33.68529
png,1990,33.99762
png,1991,34.30548
png,1992,34.58956
png,1993,34.84326
png,1994,35.14855
png,1995,35.38477
png,1996,35.71647
png,1997,36.17246
png,1998,36.69575
png,1999,37.29414
png,2000,37.87961
png,2001,38.44434
png,2002,39.06752
png,2003,39.6358
png,2004,40.28014
png,2005,40.88175
png,2006,41.39855
png,2007,42.06109
png,2008,42.76371
png,2009,43.47478
png,2010,44.17786
png,2011,44.7949
png,2012,45.44539
png,2013,46.07014
png,2014,46.72739
png,2015,47.38929
png,2016,48.04262
png,2017,48.62734
png,2018,49.21632
png,2019,49.67359
png,2020,50.18148
pol,1970,16.90164
pol,1971,17.69227
pol,1972,18.46053
pol,1973,20.34408
pol,1974,22.31182
pol,1975,24.43779
pol,1976,26.73915
pol,1977,28.98003
pol,1978,29.89757
pol,1979,30.76723
pol,1980,31.57172
pol,1981,32.45591
pol,1982,33.34394
pol,1983,34.16454
pol,1984,35.03986
pol,1985,35.90807
pol,1986,36.86018
pol,1987,37.7868
pol,1988,38.78842
pol,1989,39.80259
pol,1990,40.75872
pol,1991,41.60487
pol,1992,42.92287
pol,1993,44.24305
pol,1994,45.59147
pol,1995,46.9544
pol,1996,48.10068
pol,1997,49.37953
pol,1998,50.62844
pol,1999,51.86441
pol,2000,53.04276
pol,2001,54.24019
pol,2002,55.36799
pol,2003,56.49446
pol,2004,57.5867
pol,2005,58.59849
pol,2006,59.70692
pol,2007,60.7278
pol,2008,61.80749
pol,2009,62.7583
pol,2010,63.8934
pol,2011,64.95695
pol,2012,66.00675
pol,2013,67.00894
pol,2014,67.81373
pol,2015,68.64771
pol,2016,69.39824
pol,2017,70.02453
pol,2018,70.65917
pol,2019,71.26344
pol,2020,71.8508
prk,1970,39.70112
prk,1971,41.27797
prk,1972,42.95999
prk,1973,44.43493
prk,1974,46.05939
prk,1975,47.49603
prk,1976,49.11958
prk,1977,50.5151
prk,1978,51.86645
prk,1979,53.20348
prk,1980,54.60151
prk,1981,55.76949
prk,1982,56.96282
prk,1983,58.02347
prk,1984,59.15122
prk,1985,60.1433
prk,1986,61.12458
prk,1987,62.11677
prk,1988,62.90994
prk,1989,63.78608
prk,1990,64.49565
prk,1991,65.23959
prk,1992,65.70101
prk,1993,66.23517
prk,1994,66.68063
prk,1995,67.18331
prk,1996,67.57728
prk,1997,67.90504
prk,1998,68.24935
prk,1999,68.59214
prk,2000,68.87322
prk,2001,69.20661
prk,2002,69.49403
prk,2003,69.74228
prk,2004,70.04715
prk,2005,70.81043
prk,2006,71.59494
prk,2007,72.89961
prk,2008,74.2095
prk,2009,75.59433
prk,2010,77.02136
prk,2011,78.6488
prk,2012,80.36768
prk,2013,81.7876
prk,2014,82.91834
prk,2015,83.31819
prk,2016,83.55966
prk,2017,83.68088
prk,2018,83.67643
prk,2019,83.74204
prk,2020,83.78385
prt,1970,31.50326
prt,1971,32.68734
prt,1972,33.96347
prt,1973,35.25935
prt,1974,36.64381
prt,1975,37.84193
prt,1976,39.1292
prt,1977,40.49133
prt,1978,41.80712
prt,1979,43.25314
prt,1980,44.72456
prt,1981,46.07046
prt,1982,47.3988
prt,1983,48.81295
prt,1984,50.20487
prt,1985,51.617
prt,1986,53.03421
prt,1987,54.38438
prt,1988,55.77438
prt,1989,57.13506
prt,1990,58.49259
prt,1991,59.93451
prt,1992,61.27983
prt,1993,62.66843
prt,1994,64.01135
prt,1995,65.36064
prt,1996,66.74784
prt,1997,68.09518
prt,1998,68.75768
prt,1999,69.37288
prt,2000,70.10436
prt,2001,70.8834
prt,2002,71.5161
prt,2003,72.19332
prt,2004,72.85136
prt,2005,73.37889
prt,2006,73.81277
prt,2007,74.299
prt,2008,74.6891
prt,2009,75.08537
prt,2010,75.41427
prt,2011,75.71319
prt,2012,76.07574
prt,2013,76.42536
prt,2014,76.76001
prt,2015,77.1115
prt,2016,77.40773
prt,2017,77.67239
prt,2018,78.04561
prt,2019,78.1743
prt,2020,78.53566
pry,1970,25.90587
pry,1971,27.18941
pry,1972,28.62102
pry,1973,30.04015
pry,1974,31.51913
pry,1975,32.98058
pry,1976,34.50253
pry,1977,35.98094
pry,1978,36.8818
pry,1979,37.79563
pry,1980,38.76102
pry,1981,39.65946
pry,1982,40.49183
pry,1983,41.33143
pry,1984,42.15585
pry,1985,42.91475
pry,1986,43.75336
pry,1987,44.53833
pry,1988,46.92758
pry,1989,49.54129
pry,1990,52.06821
pry,1991,53.49059
pry,1992,54.67562
pry,1993,56.04133
pry,1994,57.26742
pry,1995,58.49635
pry,1996,60.10412
pry,1997,61.99872
pry,1998,63.79712
pry,1999,65.67319
pry,2000,67.45207
pry,2001,69.09803
pry,2002,70.6376
pry,2003,72.15637
pry,2004,73.49527
pry,2005,74.78781
pry,2006,75.95221
pry,2007,76.98857
pry,2008,77.87737
pry,2009,78.51095
pry,2010,78.96227
pry,2011,79.40974
pry,2012,79.65269
pry,2013,79.90722
pry,2014,80.12907
pry,2015,80.27409
pry,2016,80.47474
pry,2017,80.65066
pry,2018,80.98346
pry,2019,81.20565
pry,2020,81.47478
qat,1970,33.48961
qat,1971,34.5312
qat,1972,35.45111
qat,1973,36.47149
qat,1974,37.43669
qat,1975,38.40579
qat,1976,39.39413
qat,1977,40.45731
qat,1978,41.54865
qat,1979,42.53042
qat,1980,43.4389
qat,1981,44.52077
qat,1982,45.47776
qat,1983,46.5857
qat,1984,47.57499
qat,1985,48.64038
qat,1986,49.56558
qat,1987,50.71655
qat,1988,51.17228
qat,1989,51.64957
qat,1990,52.1273
qat,1991,52.58872
qat,1992,52.93549
qat,1993,53.46754
qat,1994,53.90335
qat,1995,54.38752
qat,1996,54.74354
qat,1997,55.07705
qat,1998,55.44708
qat,1999,56.03338
qat,2000,56.53085
qat,2001,56.94761
qat,2002,57.33401
qat,2003,57.71765
qat,2004,58.04496
qat,2005,58.38114
qat,2006,58.82515
qat,2007,59.31078
qat,2008,59.65572
qat,2009,60.04426
qat,2010,60.38529
qat,2011,60.72768
qat,2012,61.32686
qat,2013,61.43606
qat,2014,61.77044
qat,2015,62.03353
qat,2016,62.49334
qat,2017,62.87063
qat,2018,63.2438
qat,2019,63.44014
qat,2020,63.70985
rou,1970,6.92185
rou,1971,7.35177
rou,1972,7.79382
rou,1973,8.26257
rou,1974,8.76842
rou,1975,9.2484
rou,1976,9.79149
rou,1977,10.30661
rou,1978,10.87384
rou,1979,11.72347
rou,1980,12.62751
rou,1981,13.6568
rou,1982,14.77895
rou,1983,16.04887
rou,1984,17.36673
rou,1985,18.73008
rou,1986,20.11619
rou,1987,21.45938
rou,1988,22.96258
rou,1989,24.42587
rou,1990,25.98876
rou,1991,27.51595
rou,1992,29.02725
rou,1993,30.63212
rou,1994,33.09034
rou,1995,35.66844
rou,1996,38.34031
rou,1997,41.06005
rou,1998,43.91905
rou,1999,46.70425
rou,2000,48.78543
rou,2001,50.7256
rou,2002,52.77406
rou,2003,54.84457
rou,2004,56.87713
rou,2005,58.88653
rou,2006,60.15815
rou,2007,61.38556
rou,2008,62.60637
rou,2009,63.70859
rou,2010,64.68769
rou,2011,65.83648
rou,2012,66.89741
rou,2013,67.88534
rou,2014,68.95093
rou,2015,69.84761
rou,2016,70.72958
rou,2017,71.56927
rou,2018,72.38217
rou,2019,73.22982
rou,2020,73.83285
rus,1970,30.91053
rus,1971,31.97537
rus,1972,33.10891
rus,1973,34.24046
rus,1974,35.38612
rus,1975,36.58941
rus,1976,37.99122
rus,1977,39.11891
rus,1978,40.37947
rus,1979,41.6636
rus,1980,42.90735
rus,1981,44.09857
rus,1982,45.41086
rus,1983,46.69064
rus,1984,47.97097
rus,1985,49.18622
rus,1986,50.32314
rus,1987,51.62887
rus,1988,52.88817
rus,1989,54.05079
rus,1990,55.14802
rus,1991,56.13713
rus,1992,57.15204
rus,1993,58.40158
rus,1994,59.82222
rus,1995,60.44078
rus,1996,61.05043
rus,1997,61.65526
rus,1998,62.30133
rus,1999,63.04361
rus,2000,63.66967
rus,2001,64.37502
rus,2002,65.18279
rus,2003,65.87313
rus,2004,66.53576
rus,2005,67.1435
rus,2006,67.76938
rus,2007,68.40931
rus,2008,68.99651
rus,2009,69.64357
rus,2010,70.27233
rus,2011,70.80515
rus,2012,71.27974
rus,2013,71.77987
rus,2014,72.16823
rus,2015,72.59573
rus,2016,73.05395
rus,2017,73.43643
rus,2018,73.76153
rus,2019,74.17449
rus,2020,74.66671
rwa,1970,0.60307
rwa,1971,0.70224
rwa,1972,0.80721
rwa,1973,0.93569
rwa,1974,1.08422
rwa,1975,1.24552
rwa,1976,1.42904
rwa,1977,1.63461
rwa,1978,1.86276
rwa,1979,2.13079
rwa,1980,2.4123
rwa,1981,2.75981
rwa,1982,3.14363
rwa,1983,3.58769
rwa,1984,4.44006
rwa,1985,5.52816
rwa,1986,6.84937
rwa,1987,8.45455
rwa,1988,10.36816
rwa,1989,12.58733
rwa,1990,15.06007
rwa,1991,17.62851
rwa,1992,20.02735
rwa,1993,19.29632
rwa,1994,18.23489
rwa,1995,17.0734
rwa,1996,15.98118
rwa,1997,15.19783
rwa,1998,14.58457
rwa,1999,14.06862
rwa,2000,13.80117
rwa,2001,14.40501
rwa,2002,15.24215
rwa,2003,16.332
rwa,2004,17.72567
rwa,2005,19.64727
rwa,2006,25.57391
rwa,2007,32.74743
rwa,2008,40.65859
rwa,2009,48.41238
rwa,2010,55.41665
rwa,2011,59.30136
rwa,2012,60.88837
rwa,2013,61.81272
rwa,2014,62.43931
rwa,2015,63.15323
rwa,2016,64.14638
rwa,2017,65.17528
rwa,2018,66.11805
rwa,2019,67.0988
rwa,2020,68.05789
sau,1970,21.57336
sau,1971,22.40973
sau,1972,23.0511
sau,1973,23.83099
sau,1974,24.63791
sau,1975,25.32935
sau,1976,26.11737
sau,1977,26.91014
sau,1978,27.56169
sau,1979,28.47399
sau,1980,29.34491
sau,1981,30.17454
sau,1982,30.97016
sau,1983,31.99501
sau,1984,32.88128
sau,1985,33.82691
sau,1986,34.66894
sau,1987,35.68061
sau,1988,36.48749
sau,1989,37.46962
sau,1990,38.274
sau,1991,38.95388
sau,1992,39.55725
sau,1993,40.15036
sau,1994,40.8185
sau,1995,41.1756
sau,1996,41.49978
sau,1997,41.01143
sau,1998,40.30854
sau,1999,39.6699
sau,2000,39.25856
sau,2001,39.30415
sau,2002,39.31813
sau,2003,39.36449
sau,2004,39.44705
sau,2005,39.5344
sau,2006,39.67366
sau,2007,39.72488
sau,2008,39.90817
sau,2009,40.13001
sau,2010,40.17964
sau,2011,40.40497
sau,2012,40.49277
sau,2013,40.67044
sau,2014,40.90421
sau,2015,41.1542
sau,2016,41.41376
sau,2017,41.97189
sau,2018,42.63431
sau,2019,43.31662
sau,2020,44.04422
sdn,1970,8.40514
sdn,1971,8.82327
sdn,1972,9.24852
sdn,1973,9.66554
sdn,1974,10.12744
sdn,1975,10.62324
sdn,1976,11.09782
sdn,1977,11.61538
sdn,1978,12.13749
sdn,1979,12.49304
sdn,1980,12.86028
sdn,1981,13.20358
sdn,1982,13.54907
sdn,1983,13.89298
sdn,1984,14.2735
sdn,1985,14.63739
sdn,1986,15.05855
sdn,1987,15.44312
sdn,1988,15.78538
sdn,1989,16.10616
sdn,1990,16.41868
sdn,1991,16.77839
sdn,1992,17.02369
sdn,1993,17.10516
sdn,1994,17.12619
sdn,1995,17.08186
sdn,1996,17.03384
sdn,1997,16.98824
sdn,1998,17.02809
sdn,1999,17.18531
sdn,2000,17.74565
sdn,2001,18.42859
sdn,2002,19.20125
sdn,2003,19.96725
sdn,2004,20.85869
sdn,2005,21.69013
sdn,2006,22.48663
sdn,2007,23.16918
sdn,2008,23.83443
sdn,2009,24.53862
sdn,2010,25.31415
sdn,2011,26.17607
sdn,2012,27.10296
sdn,2013,28.06964
sdn,2014,29.03226
sdn,2015,29.80144
sdn,2016,30.68342
sdn,2017,31.51889
sdn,2018,32.30333
sdn,2019,33.04527
sdn,2020,33.87028
sen,1970,1.41324
sen,1971,1.58968
sen,1972,1.79098
sen,1973,2.00686
sen,1974,2.25175
sen,1975,2.51846
sen,1976,2.82245
sen,1977,3.16306
sen,1978,3.54857
sen,1979,3.97605
sen,1980,4.46679
sen,1981,4.99796
sen,1982,5.59335
sen,1983,6.233
sen,1984,6.92917
sen,1985,7.66075
sen,1986,8.45258
sen,1987,9.34486
sen,1988,10.31675
sen,1989,11.34795
sen,1990,12.50746
sen,1991,13.70714
sen,1992,15.01708
sen,1993,16.28581
sen,1994,17.09287
sen,1995,17.8846
sen,1996,18.68762
sen,1997,19.31252
sen,1998,20.50072
sen,1999,21.43316
sen,2000,22.07259
sen,2001,22.68014
sen,2002,23.32042
sen,2003,23.92697
sen,2004,24.55513
sen,2005,25.22697
sen,2006,25.8458
sen,2007,26.51859
sen,2008,27.30831
sen,2009,28.23203
sen,2010,29.50499
sen,2011,31.44362
sen,2012,34.12831
sen,2013,37.71996
sen,2014,42.12644
sen,2015,45.30326
sen,2016,48.77957
sen,2017,51.94179
sen,2018,53.50404
sen,2019,53.73528
sen,2020,54.35542
sgp,1970,65.93105
sgp,1971,66.72672
sgp,1972,67.60553
sgp,1973,68.76418
sgp,1974,70.01582
sgp,1975,71.34575
sgp,1976,72.61592
sgp,1977,73.66089
sgp,1978,74.01312
sgp,1979,74.03607
sgp,1980,73.96453
sgp,1981,73.96666
sgp,1982,73.68974
sgp,1983,73.23645
sgp,1984,72.68733
sgp,1985,72.00279
sgp,1986,71.27766
sgp,1987,70.60678
sgp,1988,70.3441
sgp,1989,70.14173
sgp,1990,70.04485
sgp,1991,69.99671
sgp,1992,69.94797
sgp,1993,70.11221
sgp,1994,70.33434
sgp,1995,70.54282
sgp,1996,70.79551
sgp,1997,71.06646
sgp,1998,71.28046
sgp,1999,71.55864
sgp,2000,71.8601
sgp,2001,72.10408
sgp,2002,72.37027
sgp,2003,72.68962
sgp,2004,72.95222
sgp,2005,73.32624
sgp,2006,73.63654
sgp,2007,73.82232
sgp,2008,74.03275
sgp,2009,74.31271
sgp,2010,74.46733
sgp,2011,74.71152
sgp,2012,75.00606
sgp,2013,75.34859
sgp,2014,75.48099
sgp,2015,75.91584
sgp,2016,76.05373
sgp,2017,76.33625
sgp,2018,76.63437
sgp,2019,76.8984
sgp,2020,77.10957
slb,1970,36.44013
slb,1971,36.91276
slb,1972,37.41477
slb,1973,38.12165
slb,1974,38.57162
slb,1975,39.18198
slb,1976,39.58873
slb,1977,40.12261
slb,1978,40.75425
slb,1979,41.3368
slb,1980,41.74615
slb,1981,42.55002
slb,1982,43.11496
slb,1983,43.57303
slb,1984,44.22418
slb,1985,44.62009
slb,1986,45.14456
slb,1987,45.67573
slb,1988,46.29339
slb,1989,46.91386
slb,1990,47.4581
slb,1991,47.93271
slb,1992,48.61696
slb,1993,49.33962
slb,1994,50.02248
slb,1995,50.54456
slb,1996,51.1902
slb,1997,51.8518
slb,1998,52.52814
slb,1999,53.19237
slb,2000,53.93579
slb,2001,54.58263
slb,2002,55.20875
slb,2003,55.89777
slb,2004,56.59078
slb,2005,57.24915
slb,2006,57.78001
slb,2007,57.92871
slb,2008,57.22717
slb,2009,56.57909
slb,2010,55.80864
slb,2011,55.05482
slb,2012,54.21509
slb,2013,53.39942
slb,2014,52.53903
slb,2015,51.94509
slb,2016,52.06176
slb,2017,52.23672
slb,2018,52.47342
slb,2019,52.83642
slb,2020,53.07722
sle,1970,1.32503
sle,1971,1.52576
sle,1972,1.73025
sle,1973,1.97393
sle,1974,2.24476
sle,1975,2.54832
sle,1976,2.87028
sle,1977,3.25313
sle,1978,3.65224
sle,1979,4.09984
sle,1980,4.54752
sle,1981,5.06022
sle,1982,5.59181
sle,1983,6.16146
sle,1984,6.76703
sle,1985,7.41088
sle,1986,8.14363
sle,1987,8.94825
sle,1988,9.75643
sle,1989,10.61452
sle,1990,11.46872
sle,1991,12.3437
sle,1992,13.17993
sle,1993,14.02684
sle,1994,14.92134
sle,1995,15.82247
sle,1996,16.6968
sle,1997,17.64473
sle,1998,18.55069
sle,1999,19.47641
sle,2000,20.45999
sle,2001,21.40888
sle,2002,22.42073
sle,2003,23.37791
sle,2004,24.41165
sle,2005,25.47975
sle,2006,26.30391
sle,2007,27.25803
sle,2008,28.39551
sle,2009,32.04391
sle,2010,35.95659
sle,2011,39.63627
sle,2012,43.27615
sle,2013,46.77266
sle,2014,48.48243
sle,2015,49.8995
sle,2016,51.15627
sle,2017,52.2385
sle,2018,53.08383
sle,2019,53.84095
sle,2020,54.63833
slv,1970,35.56584
slv,1971,37.29916
slv,1972,39.11336
slv,1973,40.87577
slv,1974,42.8059
slv,1975,44.88509
slv,1976,47.10592
slv,1977,49.53709
slv,1978,51.92887
slv,1979,54.10017
slv,1980,56.20802
slv,1981,58.27207
slv,1982,60.20112
slv,1983,62.0438
slv,1984,63.72528
slv,1985,65.22984
slv,1986,66.34594
slv,1987,67.23661
slv,1988,68.12495
slv,1989,68.74264
slv,1990,69.38778
slv,1991,70.01388
slv,1992,70.6
slv,1993,71.15097
slv,1994,71.84903
slv,1995,72.51255
slv,1996,73.1168
slv,1997,73.76474
slv,1998,74.41335
slv,1999,75.04309
slv,2000,75.68427
slv,2001,76.19179
slv,2002,76.74308
slv,2003,77.1273
slv,2004,77.41295
slv,2005,77.53217
slv,2006,77.6903
slv,2007,77.86997
slv,2008,77.97673
slv,2009,78.36913
slv,2010,78.6572
slv,2011,78.98851
slv,2012,79.24425
slv,2013,79.52326
slv,2014,79.83532
slv,2015,80.0218
slv,2016,80.27329
slv,2017,80.46887
slv,2018,80.68464
slv,2019,80.84331
slv,2020,81.03018
som,1970,1.13371
som,1971,1.16954
som,1972,1.20689
som,1973,1.23249
som,1974,1.2646
som,1975,1.30079
som,1976,1.33443
som,1977,1.36891
som,1978,1.40185
som,1979,1.43953
som,1980,1.48059
som,1981,1.52045
som,1982,1.56645
som,1983,1.61445
som,1984,1.67056
som,1985,1.73214
som,1986,1.79332
som,1987,1.86241
som,1988,1.93083
som,1989,1.99563
som,1990,2.06226
som,1991,2.12767
som,1992,2.18485
som,1993,2.24368
som,1994,2.3132
som,1995,2.38437
som,1996,2.46791
som,1997,2.56529
som,1998,2.66823
som,1999,2.78248
som,2000,2.8955
som,2001,3.01934
som,2002,3.16111
som,2003,3.32928
som,2004,3.47244
som,2005,3.68665
som,2006,3.85863
som,2007,4.07194
som,2008,4.30867
som,2009,4.57556
som,2010,4.85192
som,2011,5.13413
som,2012,5.32436
som,2013,5.55393
som,2014,5.76868
som,2015,5.99349
som,2016,6.20467
som,2017,6.47056
som,2018,6.76912
som,2019,7.17427
som,2020,7.61336
srb,1970,8.40613
srb,1971,9.00511
srb,1972,9.64016
srb,1973,10.2453
srb,1974,10.90629
srb,1975,11.58987
srb,1976,12.3497
srb,1977,13.0715
srb,1978,13.91951
srb,1979,14.71972
srb,1980,15.65569
srb,1981,16.59283
srb,1982,17.55265
srb,1983,18.6361
srb,1984,19.84268
srb,1985,21.01878
srb,1986,22.29272
srb,1987,23.61016
srb,1988,24.88143
srb,1989,26.18924
srb,1990,27.67298
srb,1991,29.04183
srb,1992,30.59251
srb,1993,32.01234
srb,1994,33.54082
srb,1995,35.04676
srb,1996,36.64949
srb,1997,38.17666
srb,1998,39.79919
srb,1999,41.33956
srb,2000,42.87025
srb,2001,43.17882
srb,2002,43.68766
srb,2003,44.16999
srb,2004,44.64043
srb,2005,45.16319
srb,2006,46.01504
srb,2007,47.03237
srb,2008,48.02899
srb,2009,48.93835
srb,2010,49.86808
srb,2011,49.4842
srb,2012,48.97956
srb,2013,48.53703
srb,2014,48.02592
srb,2015,48.20997
srb,2016,48.50332
srb,2017,48.92145
srb,2018,49.14544
srb,2019,49.3843
srb,2020,50.4738
ssd,1970,1.54125
ssd,1971,1.66004
ssd,1972,1.80392
ssd,1973,1.95494
ssd,1974,2.12601
ssd,1975,2.32091
ssd,1976,2.51082
ssd,1977,2.73179
ssd,1978,2.9704
ssd,1979,3.21416
ssd,1980,3.48918
ssd,1981,3.7618
ssd,1982,4.08317
ssd,1983,4.42239
ssd,1984,4.77983
ssd,1985,5.1712
ssd,1986,5.56996
ssd,1987,5.99816
ssd,1988,6.45027
ssd,1989,6.90895
ssd,1990,7.34224
ssd,1991,7.75694
ssd,1992,8.1321
ssd,1993,8.52985
ssd,1994,8.85502
ssd,1995,9.19542
ssd,1996,9.54115
ssd,1997,9.90678
ssd,1998,10.26762
ssd,1999,10.57862
ssd,2000,10.92861
ssd,2001,11.24249
ssd,2002,11.62414
ssd,2003,11.9888
ssd,2004,12.32516
ssd,2005,12.70513
ssd,2006,13.14517
ssd,2007,13.61459
ssd,2008,14.16802
ssd,2009,14.78592
ssd,2010,15.53475
ssd,2011,16.75244
ssd,2012,17.0671
ssd,2013,17.06762
ssd,2014,17.00874
ssd,2015,16.97732
ssd,2016,17.35738
ssd,2017,17.90849
ssd,2018,18.54909
ssd,2019,19.20673
ssd,2020,19.87997
stp,1970,7.05848
stp,1971,7.66795
stp,1972,8.3192
stp,1973,8.97411
stp,1974,9.69102
stp,1975,10.42852
stp,1976,11.27463
stp,1977,12.14831
stp,1978,13.0667
stp,1979,14.01326
stp,1980,14.99131
stp,1981,16.13333
stp,1982,17.20341
stp,1983,18.25715
stp,1984,19.49053
stp,1985,20.8151
stp,1986,21.97002
stp,1987,23.27805
stp,1988,24.52326
stp,1989,25.78452
stp,1990,27.1095
stp,1991,28.46644
stp,1992,29.91498
stp,1993,31.25154
stp,1994,32.70537
stp,1995,34.1202
stp,1996,35.46294
stp,1997,36.70768
stp,1998,38.00997
stp,1999,39.20346
stp,2000,40.41706
stp,2001,41.38321
stp,2002,42.32537
stp,2003,43.22404
stp,2004,44.1957
stp,2005,45.04429
stp,2006,45.9634
stp,2007,46.90895
stp,2008,47.90693
stp,2009,48.94264
stp,2010,49.9134
stp,2011,50.84086
stp,2012,51.72113
stp,2013,52.54884
stp,2014,53.34303
stp,2015,54.36714
stp,2016,55.36885
stp,2017,56.22615
stp,2018,57.1165
stp,2019,57.82241
stp,2020,58.74615
sur,1970,35.73874
sur,1971,36.98959
sur,1972,38.47158
sur,1973,39.85713
sur,1974,41.14996
sur,1975,42.49387
sur,1976,43.8047
sur,1977,45.21957
sur,1978,46.36381
sur,1979,47.67432
sur,1980,48.99589
sur,1981,50.31401
sur,1982,51.63252
sur,1983,52.72152
sur,1984,54.08738
sur,1985,55.26466
sur,1986,56.42936
sur,1987,57.55295
sur,1988,58.68975
sur,1989,59.72693
sur,1990,60.76222
sur,1991,61.61815
sur,1992,62.19982
sur,1993,62.70267
sur,1994,63.12082
sur,1995,63.4161
sur,1996,63.81313
sur,1997,64.10775
sur,1998,64.32376
sur,1999,64.64936
sur,2000,65.00844
sur,2001,65.46318
sur,2002,65.98745
sur,2003,66.46258
sur,2004,66.9504
sur,2005,67.36845
sur,2006,67.78756
sur,2007,68.02413
sur,2008,68.31294
sur,2009,68.53599
sur,2010,68.66618
sur,2011,68.48531
sur,2012,68.2366
sur,2013,67.92753
sur,2014,67.58388
sur,2015,67.2088
sur,2016,66.89907
sur,2017,66.57525
sur,2018,66.37823
sur,2019,66.85346
sur,2020,67.36331
svk,1970,25.45373
svk,1971,26.4999
svk,1972,27.59535
svk,1973,28.57838
svk,1974,29.65285
svk,1975,30.89989
svk,1976,32.06611
svk,1977,33.16147
svk,1978,34.46229
svk,1979,35.73739
svk,1980,37.00291
svk,1981,38.28637
svk,1982,39.45084
svk,1983,40.86119
svk,1984,42.1868
svk,1985,43.53344
svk,1986,44.84262
svk,1987,46.14973
svk,1988,47.45969
svk,1989,48.75264
svk,1990,50.09644
svk,1991,51.5333
svk,1992,53.60114
svk,1993,55.68699
svk,1994,57.75059
svk,1995,59.70342
svk,1996,61.65871
svk,1997,63.61516
svk,1998,64.51462
svk,1999,65.45146
svk,2000,66.23842
svk,2001,67.02046
svk,2002,67.76877
svk,2003,68.41561
svk,2004,69.28552
svk,2005,69.84526
svk,2006,70.61872
svk,2007,71.22012
svk,2008,71.82995
svk,2009,72.50018
svk,2010,73.138
svk,2011,73.88182
svk,2012,74.37063
svk,2013,74.93352
svk,2014,75.48955
svk,2015,75.91734
svk,2016,76.39939
svk,2017,76.91347
svk,2018,77.42837
svk,2019,77.74498
svk,2020,78.17264
svn,1970,18.66993
svn,1971,19.98381
svn,1972,21.30989
svn,1973,22.76974
svn,1974,24.17359
svn,1975,25.78299
svn,1976,27.38704
svn,1977,29.03683
svn,1978,30.74801
svn,1979,32.50821
svn,1980,34.24201
svn,1981,36.11251
svn,1982,38.07124
svn,1983,40.00041
svn,1984,41.88052
svn,1985,43.94566
svn,1986,45.76758
svn,1987,47.89487
svn,1988,49.97732
svn,1989,51.93875
svn,1990,54.01913
svn,1991,55.96459
svn,1992,57.76724
svn,1993,59.73414
svn,1994,61.57984
svn,1995,63.30253
svn,1996,64.05464
svn,1997,64.73293
svn,1998,65.39491
svn,1999,66.1493
svn,2000,66.93061
svn,2001,67.61802
svn,2002,68.31085
svn,2003,68.96636
svn,2004,69.44642
svn,2005,70.04353
svn,2006,70.56617
svn,2007,71.16679
svn,2008,71.73812
svn,2009,72.43949
svn,2010,72.94766
svn,2011,73.48403
svn,2012,73.9777
svn,2013,74.69403
svn,2014,75.25147
svn,2015,75.76877
svn,2016,76.22796
svn,2017,76.62021
svn,2018,77.16765
svn,2019,77.66464
svn,2020,77.93752
swe,1970,71.49842
swe,1971,72.41231
swe,1972,73.25296
swe,1973,74.1308
swe,1974,74.80531
swe,1975,75.54602
swe,1976,76.32668
swe,1977,76.98898
swe,1978,77.62779
swe,1979,78.23608
swe,1980,78.93703
swe,1981,79.4965
swe,1982,79.59328
swe,1983,79.79669
swe,1984,79.82336
swe,1985,79.86236
swe,1986,79.97337
swe,1987,80.0288
swe,1988,80.10251
swe,1989,80.30509
swe,1990,80.34045
swe,1991,80.40324
swe,1992,80.56122
swe,1993,80.74759
swe,1994,80.88891
swe,1995,81.01065
swe,1996,81.16325
swe,1997,81.6198
swe,1998,81.90899
swe,1999,82.26951
swe,2000,82.56641
swe,2001,82.87076
swe,2002,83.11546
swe,2003,83.52592
swe,2004,83.7597
swe,2005,84.09865
swe,2006,84.32128
swe,2007,84.66614
swe,2008,84.93988
swe,2009,85.17551
swe,2010,85.41802
swe,2011,85.64251
swe,2012,85.71962
swe,2013,85.98648
swe,2014,86.12853
swe,2015,86.12622
swe,2016,86.21965
swe,2017,86.32054
swe,2018,86.39225
swe,2019,86.41256
swe,2020,86.46066
swz,1970,4.80601
swz,1971,5.43671
swz,1972,6.1235
swz,1973,6.9313
swz,1974,7.81795
swz,1975,8.81378
swz,1976,9.86993
swz,1977,10.99375
swz,1978,12.24979
swz,1979,13.62454
swz,1980,15.13983
swz,1981,16.78772
swz,1982,18.48068
swz,1983,20.34719
swz,1984,22.39501
swz,1985,24.53073
swz,1986,26.70087
swz,1987,29.01398
swz,1988,31.48587
swz,1989,34.12393
swz,1990,36.76924
swz,1991,39.27566
swz,1992,41.72124
swz,1993,43.91631
swz,1994,46.12953
swz,1995,48.19273
swz,1996,50.02042
swz,1997,51.85898
swz,1998,53.54012
swz,1999,55.18819
swz,2000,56.91043
swz,2001,58.76817
swz,2002,60.60696
swz,2003,62.43055
swz,2004,64.17701
swz,2005,65.81182
swz,2006,67.41908
swz,2007,69.59319
swz,2008,71.83747
swz,2009,73.88582
swz,2010,75.738
swz,2011,77.16293
swz,2012,78.39628
swz,2013,79.43438
swz,2014,80.39173
swz,2015,80.87491
swz,2016,81.3083
swz,2017,81.68156
swz,2018,82.02355
swz,2019,82.38477
swz,2020,82.70033
syr,1970,28.60441
syr,1971,29.48484
syr,1972,30.40326
syr,1973,31.4173
syr,1974,32.40852
syr,1975,33.32415
syr,1976,34.30041
syr,1977,35.25389
syr,1978,36.20936
syr,1979,36.87163
syr,1980,37.59895
syr,1981,38.22252
syr,1982,38.82454
syr,1983,39.60802
syr,1984,40.29315
syr,1985,41.04057
syr,1986,41.75106
syr,1987,42.30024
syr,1988,43.0739
syr,1989,43.76336
syr,1990,44.46386
syr,1991,45.1177
syr,1992,45.89528
syr,1993,46.5502
syr,1994,47.3798
syr,1995,48.20521
syr,1996,48.97137
syr,1997,49.80713
syr,1998,50.5842
syr,1999,51.33082
syr,2000,52.13255
syr,2001,52.97818
syr,2002,53.86404
syr,2003,54.7069
syr,2004,55.56539
syr,2005,56.4583
syr,2006,57.08995
syr,2007,57.03835
syr,2008,56.9556
syr,2009,56.78122
syr,2010,57.20008
syr,2011,57.52715
syr,2012,57.94469
syr,2013,58.33381
syr,2014,58.74795
syr,2015,59.175
syr,2016,59.62575
syr,2017,59.92188
syr,2018,60.39543
syr,2019,60.80941
syr,2020,61.15742
tcd,1970,0.28071
tcd,1971,0.32152
tcd,1972,0.36597
tcd,1973,0.41955
tcd,1974,0.48308
tcd,1975,0.55279
tcd,1976,0.63172
tcd,1977,0.72002
tcd,1978,0.82625
tcd,1979,0.94567
tcd,1980,1.08313
tcd,1981,1.23183
tcd,1982,1.40688
tcd,1983,1.59633
tcd,1984,1.81542
tcd,1985,2.05985
tcd,1986,2.33457
tcd,1987,2.64538
tcd,1988,2.99808
tcd,1989,3.38321
tcd,1990,3.79985
tcd,1991,4.18427
tcd,1992,4.59799
tcd,1993,5.04118
tcd,1994,5.49913
tcd,1995,6.00687
tcd,1996,6.57172
tcd,1997,7.24355
tcd,1998,8.36952
tcd,1999,9.5484
tcd,2000,10.67584
tcd,2001,10.77156
tcd,2002,10.72742
tcd,2003,10.65426
tcd,2004,10.6858
tcd,2005,11.3558
tcd,2006,12.20363
tcd,2007,13.18473
tcd,2008,14.21686
tcd,2009,15.3038
tcd,2010,16.34355
tcd,2011,17.35555
tcd,2012,18.30557
tcd,2013,19.22435
tcd,2014,20.12688
tcd,2015,20.90734
tcd,2016,21.52653
tcd,2017,22.1043
tcd,2018,22.71824
tcd,2019,23.34887
tcd,2020,23.98864
tgo,1970,0.96266
tgo,1971,1.09114
tgo,1972,1.2324
tgo,1973,1.39217
tgo,1974,1.57234
tgo,1975,1.78032
tgo,1976,2.01645
tgo,1977,2.27652
tgo,1978,2.5575
tgo,1979,2.88273
tgo,1980,3.23358
tgo,1981,3.61346
tgo,1982,4.04167
tgo,1983,4.50346
tgo,1984,5.01252
tgo,1985,5.57151
tgo,1986,6.16621
tgo,1987,6.78767
tgo,1988,7.44098
tgo,1989,8.26505
tgo,1990,9.11923
tgo,1991,10.08061
tgo,1992,11.05688
tgo,1993,12.14546
tgo,1994,13.26911
tgo,1995,14.45938
tgo,1996,15.67445
tgo,1997,16.96192
tgo,1998,18.28683
tgo,1999,20.51038
tgo,2000,22.72987
tgo,2001,24.61501
tgo,2002,26.26479
tgo,2003,27.86127
tgo,2004,29.33974
tgo,2005,30.7434
tgo,2006,32.00089
tgo,2007,32.91343
tgo,2008,33.70118
tgo,2009,34.48751
tgo,2010,35.38232
tgo,2011,36.03927
tgo,2012,36.87188
tgo,2013,37.73503
tgo,2014,38.66949
tgo,2015,39.62864
tgo,2016,40.70551
tgo,2017,41.7866
tgo,2018,43.03427
tgo,2019,44.19695
tgo,2020,45.3014
tha,1970,36.5913
tha,1971,40.60578
tha,1972,44.86563
tha,1973,48.91014
tha,1974,52.67179
tha,1975,56.23505
tha,1976,60.03418
tha,1977,63.7049
tha,1978,67.07521
tha,1979,70.05097
tha,1980,72.66063
tha,1981,74.83004
tha,1982,76.72673
tha,1983,78.31885
tha,1984,79.63141
tha,1985,80.76354
tha,1986,81.77584
tha,1987,82.6231
tha,1988,83.19891
tha,1989,83.75378
tha,1990,84.67153
tha,1991,85.68466
tha,1992,86.66324
tha,1993,87.46558
tha,1994,87.99387
tha,1995,88.40622
tha,1996,88.6709
tha,1997,89.06064
tha,1998,89.46277
tha,1999,89.83984
tha,2000,90.17441
tha,2001,90.40315
tha,2002,90.38998
tha,2003,90.36831
tha,2004,90.34637
tha,2005,90.4479
tha,2006,90.78545
tha,2007,90.83856
tha,2008,90.90013
tha,2009,90.89079
tha,2010,90.85175
tha,2011,90.81216
tha,2012,90.69742
tha,2013,90.62526
tha,2014,90.56958
tha,2015,90.45389
tha,2016,90.29095
tha,2017,90.18254
tha,2018,90.0378
tha,2019,89.91598
tha,2020,89.92924
tjk,1970,33.08089
tjk,1971,33.80581
tjk,1972,34.56168
tjk,1973,35.31576
tjk,1974,36.20009
tjk,1975,36.8411
tjk,1976,37.6792
tjk,1977,38.47265
tjk,1978,39.2925
tjk,1979,39.98548
tjk,1980,40.90482
tjk,1981,41.56529
tjk,1982,42.36548
tjk,1983,43.25838
tjk,1984,44.09262
tjk,1985,44.74254
tjk,1986,45.53932
tjk,1987,46.43312
tjk,1988,47.05722
tjk,1989,47.74899
tjk,1990,48.30042
tjk,1991,48.91144
tjk,1992,49.45905
tjk,1993,50.06785
tjk,1994,50.50182
tjk,1995,50.91769
tjk,1996,51.31441
tjk,1997,51.83976
tjk,1998,52.32933
tjk,1999,52.69336
tjk,2000,53.0976
tjk,2001,53.63586
tjk,2002,53.99897
tjk,2003,54.34492
tjk,2004,54.65566
tjk,2005,54.89247
tjk,2006,54.51412
tjk,2007,53.98032
tjk,2008,53.44498
tjk,2009,52.76905
tjk,2010,52.13412
tjk,2011,51.53954
tjk,2012,51.11251
tjk,2013,51.0299
tjk,2014,51.14781
tjk,2015,51.43474
tjk,2016,51.77962
tjk,2017,52.22668
tjk,2018,52.76019
tjk,2019,53.36722
tjk,2020,54.0302
tkm,1970,48.2859
tkm,1971,49.32246
tkm,1972,50.0906
tkm,1973,50.89375
tkm,1974,51.78128
tkm,1975,52.63246
tkm,1976,53.30905
tkm,1977,54.18779
tkm,1978,54.82313
tkm,1979,55.55099
tkm,1980,56.30484
tkm,1981,57.41746
tkm,1982,58.08641
tkm,1983,58.79713
tkm,1984,59.37205
tkm,1985,60.14725
tkm,1986,60.87624
tkm,1987,61.53076
tkm,1988,62.14494
tkm,1989,62.93805
tkm,1990,63.5729
tkm,1991,64.3727
tkm,1992,65.01252
tkm,1993,65.7465
tkm,1994,66.34954
tkm,1995,67.03316
tkm,1996,67.6187
tkm,1997,68.2647
tkm,1998,68.90441
tkm,1999,69.39723
tkm,2000,69.86836
tkm,2001,70.4574
tkm,2002,70.89754
tkm,2003,71.344
tkm,2004,71.69565
tkm,2005,71.99324
tkm,2006,72.35751
tkm,2007,72.58805
tkm,2008,72.78561
tkm,2009,73.10124
tkm,2010,73.28034
tkm,2011,73.50752
tkm,2012,73.84992
tkm,2013,74.08717
tkm,2014,74.35994
tkm,2015,74.60505
tkm,2016,74.92064
tkm,2017,75.15392
tkm,2018,75.49417
tkm,2019,75.74168
tkm,2020,75.94045
tls,1970,20.31576
tls,1971,21.49533
tls,1972,22.71961
tls,1973,23.99377
tls,1974,25.30038
tls,1975,26.6126
tls,1976,27.97191
tls,1977,29.36457
tls,1978,30.81079
tls,1979,32.25382
tls,1980,33.80476
tls,1981,35.27066
tls,1982,36.90735
tls,1983,38.52933
tls,1984,40.13089
tls,1985,41.70076
tls,1986,43.26456
tls,1987,44.8656
tls,1988,46.46349
tls,1989,47.90239
tls,1990,49.23809
tls,1991,50.38899
tls,1992,52.38808
tls,1993,54.36593
tls,1994,56.58124
tls,1995,56.05276
tls,1996,55.43044
tls,1997,54.00147
tls,1998,49.83871
tls,1999,44.74494
tls,2000,39.61289
tls,2001,35.08638
tls,2002,32.19047
tls,2003,30.43115
tls,2004,30.52706
tls,2005,31.51894
tls,2006,32.79202
tls,2007,34.30306
tls,2008,36.16853
tls,2009,37.84564
tls,2010,39.52843
tls,2011,41.02465
tls,2012,42.2059
tls,2013,43.25429
tls,2014,44.22012
tls,2015,45.25862
tls,2016,46.40346
tls,2017,47.35717
tls,2018,48.40942
tls,2019,49.62154
tls,2020,50.76695
ton,1970,31.95715
ton,1971,32.50309
ton,1972,32.97263
ton,1973,33.42335
ton,1974,33.74738
ton,1975,34.21324
ton,1976,34.62142
ton,1977,35.10556
ton,1978,35.62414
ton,1979,35.94893
ton,1980,36.58185
ton,1981,37.01626
ton,1982,37.31451
ton,1983,37.81247
ton,1984,38.35811
ton,1985,39.04293
ton,1986,39.40704
ton,1987,39.77631
ton,1988,40.10693
ton,1989,40.58969
ton,1990,40.89786
ton,1991,41.27365
ton,1992,41.60841
ton,1993,41.90207
ton,1994,42.29122
ton,1995,42.70191
ton,1996,43.02071
ton,1997,43.32981
ton,1998,43.67037
ton,1999,44.02636
ton,2000,44.51255
ton,2001,44.77835
ton,2002,45.05086
ton,2003,45.45315
ton,2004,45.72546
ton,2005,46.02236
ton,2006,46.39396
ton,2007,46.76173
ton,2008,47.07088
ton,2009,47.37296
ton,2010,47.72434
ton,2011,48.00559
ton,2012,48.25356
ton,2013,48.2956
ton,2014,48.26877
ton,2015,48.25931
ton,2016,48.18484
ton,2017,48.19083
ton,2018,48.24821
ton,2019,48.40436
ton,2020,48.59369
tto,1970,54.49781
tto,1971,55.32225
tto,1972,56.23805
tto,1973,57.13635
tto,1974,58.00801
tto,1975,58.89557
tto,1976,59.76161
tto,1977,60.47864
tto,1978,60.81669
tto,1979,61.15539
tto,1980,61.3271
tto,1981,61.65862
tto,1982,61.96616
tto,1983,62.21839
tto,1984,62.40397
tto,1985,62.68365
tto,1986,62.75499
tto,1987,62.77245
tto,1988,62.51751
tto,1989,62.17378
tto,1990,61.82631
tto,1991,61.34817
tto,1992,60.9153
tto,1993,60.3607
tto,1994,59.84505
tto,1995,59.46193
tto,1996,58.87642
tto,1997,58.4088
tto,1998,57.9034
tto,1999,57.54532
tto,2000,57.24876
tto,2001,57.35458
tto,2002,57.50686
tto,2003,57.7507
tto,2004,57.98359
tto,2005,58.26239
tto,2006,58.4877
tto,2007,58.90595
tto,2008,59.43048
tto,2009,59.92368
tto,2010,60.43047
tto,2011,60.96112
tto,2012,61.54184
tto,2013,61.90597
tto,2014,62.55514
tto,2015,63.05725
tto,2016,63.58634
tto,2017,64.16207
tto,2018,64.5181
tto,2019,65.08824
tto,2020,65.58538
tun,1970,36.58861
tun,1971,37.71394
tun,1972,38.80624
tun,1973,39.99019
tun,1974,41.20277
tun,1975,42.31904
tun,1976,43.51766
tun,1977,44.76798
tun,1978,46.02046
tun,1979,47.467
tun,1980,48.95209
tun,1981,50.59261
tun,1982,52.04371
tun,1983,53.60743
tun,1984,54.96487
tun,1985,56.29556
tun,1986,57.44857
tun,1987,58.6668
tun,1988,59.81416
tun,1989,60.8552
tun,1990,61.85543
tun,1991,62.90902
tun,1992,63.82355
tun,1993,64.87765
tun,1994,65.80715
tun,1995,66.66174
tun,1996,67.37908
tun,1997,68.07347
tun,1998,68.76454
tun,1999,69.38755
tun,2000,69.96559
tun,2001,70.09031
tun,2002,70.03413
tun,2003,70.05623
tun,2004,69.99683
tun,2005,70.03902
tun,2006,70.07406
tun,2007,70.17038
tun,2008,70.225
tun,2009,70.25591
tun,2010,70.29836
tun,2011,70.28785
tun,2012,70.20506
tun,2013,69.93698
tun,2014,69.68522
tun,2015,69.28653
tun,2016,68.93669
tun,2017,68.64993
tun,2018,68.47203
tun,2019,68.6554
tun,2020,68.88749
tur,1970,19.25102
tur,1971,19.48642
tur,1972,19.75727
tur,1973,19.94475
tur,1974,21.1196
tur,1975,22.31421
tur,1976,23.54877
tur,1977,24.88866
tur,1978,26.13115
tur,1979,27.49589
tur,1980,28.83525
tur,1981,30.23585
tur,1982,31.68449
tur,1983,33.10618
tur,1984,34.87969
tur,1985,36.55942
tur,1986,38.37258
tur,1987,40.04907
tur,1988,41.63718
tur,1989,42.48311
tur,1990,43.16093
tur,1991,43.84888
tur,1992,44.52112
tur,1993,45.21906
tur,1994,45.77432
tur,1995,46.27101
tur,1996,46.75775
tur,1997,47.41662
tur,1998,48.06249
tur,1999,49.27393
tur,2000,50.51701
tur,2001,51.74266
tur,2002,52.92338
tur,2003,54.12682
tur,2004,55.09672
tur,2005,55.68569
tur,2006,56.1967
tur,2007,56.75971
tur,2008,57.15824
tur,2009,57.56432
tur,2010,58.08344
tur,2011,58.53888
tur,2012,58.96257
tur,2013,59.35529
tur,2014,59.60828
tur,2015,59.82767
tur,2016,59.86762
tur,2017,60.07045
tur,2018,60.2384
tur,2019,60.51398
tur,2020,60.77598
tuv,1970,29.0603
tuv,1971,29.57567
tuv,1972,30.08564
tuv,1973,30.57086
tuv,1974,31.0794
tuv,1975,31.54302
tuv,1976,31.92089
tuv,1977,32.45591
tuv,1978,32.84507
tuv,1979,33.31901
tuv,1980,33.65582
tuv,1981,33.9813
tuv,1982,34.15553
tuv,1983,34.45373
tuv,1984,34.84539
tuv,1985,35.21526
tuv,1986,35.53102
tuv,1987,35.77305
tuv,1988,36.12529
tuv,1989,36.44555
tuv,1990,36.73267
tuv,1991,37.11136
tuv,1992,37.33874
tuv,1993,37.59785
tuv,1994,37.84714
tuv,1995,38.23712
tuv,1996,38.59459
tuv,1997,38.88565
tuv,1998,39.19266
tuv,1999,39.52184
tuv,2000,39.7939
tuv,2001,40.06698
tuv,2002,40.26362
tuv,2003,40.58887
tuv,2004,40.83999
tuv,2005,41.03237
tuv,2006,41.23303
tuv,2007,41.50748
tuv,2008,41.81935
tuv,2009,42.1987
tuv,2010,42.48498
tuv,2011,43.00479
tuv,2012,43.40993
tuv,2013,43.85371
tuv,2014,44.24476
tuv,2015,44.53966
tuv,2016,45.00508
tuv,2017,45.29363
tuv,2018,45.62975
tuv,2019,46.0846
tuv,2020,46.58612
tza,1970,2.63038
tza,1971,2.95745
tza,1972,3.29622
tza,1973,3.68479
tza,1974,4.12047
tza,1975,4.5831
tza,1976,5.09789
tza,1977,5.64829
tza,1978,6.25618
tza,1979,6.88645
tza,1980,7.59181
tza,1981,8.33161
tza,1982,9.15378
tza,1983,10.01866
tza,1984,10.94142
tza,1985,11.91425
tza,1986,12.94629
tza,1987,14.03639
tza,1988,15.17576
tza,1989,16.4598
tza,1990,17.81815
tza,1991,19.37516
tza,1992,21.49455
tza,1993,24.27918
tza,1994,27.18641
tza,1995,29.4292
tza,1996,31.5324
tza,1997,34.00915
tza,1998,36.47988
tza,1999,38.82711
tza,2000,39.95861
tza,2001,40.9859
tza,2002,41.8658
tza,2003,42.70285
tza,2004,43.41347
tza,2005,44.23173
tza,2006,45.50356
tza,2007,46.85149
tza,2008,48.20162
tza,2009,49.58552
tza,2010,50.90986
tza,2011,51.79927
tza,2012,52.5677
tza,2013,53.36364
tza,2014,54.12797
tza,2015,54.8903
tza,2016,55.91306
tza,2017,57.02832
tza,2018,58.11689
tza,2019,59.15726
tza,2020,60.29932
uga,1970,0.99873
uga,1971,1.14773
uga,1972,1.3196
uga,1973,1.5055
uga,1974,1.72538
uga,1975,1.96831
uga,1976,2.2308
uga,1977,2.53849
uga,1978,2.8796
uga,1979,3.26385
uga,1980,3.68665
uga,1981,4.15556
uga,1982,4.64271
uga,1983,5.19714
uga,1984,5.8058
uga,1985,6.47125
uga,1986,7.198
uga,1987,8.00014
uga,1988,8.89741
uga,1989,10.13015
uga,1990,11.58106
uga,1991,13.19259
uga,1992,14.97948
uga,1993,16.8695
uga,1994,18.98009
uga,1995,21.1686
uga,1996,23.6425
uga,1997,26.11495
uga,1998,28.62876
uga,1999,31.00151
uga,2000,33.13391
uga,2001,34.35494
uga,2002,34.83546
uga,2003,35.02979
uga,2004,35.19988
uga,2005,34.9521
uga,2006,34.74371
uga,2007,36.12626
uga,2008,37.73673
uga,2009,39.41836
uga,2010,41.1179
uga,2011,42.72589
uga,2012,44.05553
uga,2013,45.42776
uga,2014,47.14797
uga,2015,49.96751
uga,2016,52.6169
uga,2017,54.01475
uga,2018,55.28319
uga,2019,56.75739
uga,2020,58.13116
ukr,1970,26.70777
ukr,1971,27.63766
ukr,1972,28.58005
ukr,1973,29.67941
ukr,1974,30.62338
ukr,1975,31.71669
ukr,1976,32.73068
ukr,1977,33.77945
ukr,1978,34.95335
ukr,1979,36.06947
ukr,1980,37.20085
ukr,1981,38.35528
ukr,1982,39.4697
ukr,1983,40.73191
ukr,1984,41.87312
ukr,1985,42.88131
ukr,1986,44.06628
ukr,1987,45.32881
ukr,1988,46.4418
ukr,1989,47.67741
ukr,1990,48.82329
ukr,1991,49.89495
ukr,1992,51.06667
ukr,1993,52.30883
ukr,1994,53.50321
ukr,1995,54.66414
ukr,1996,55.75745
ukr,1997,56.82548
ukr,1998,57.88601
ukr,1999,58.95648
ukr,2000,61.00609
ukr,2001,62.25579
ukr,2002,63.46794
ukr,2003,64.48409
ukr,2004,65.50105
ukr,2005,66.50064
ukr,2006,66.49256
ukr,2007,66.47167
ukr,2008,67.02617
ukr,2009,67.54598
ukr,2010,68.22449
ukr,2011,68.81357
ukr,2012,69.39481
ukr,2013,69.95045
ukr,2014,70.50154
ukr,2015,70.99163
ukr,2016,71.48027
ukr,2017,71.96331
ukr,2018,72.48242
ukr,2019,72.94092
ukr,2020,73.54096
ury,1970,71.07695
ury,1971,71.9446
ury,1972,72.75565
ury,1973,73.55226
ury,1974,74.32796
ury,1975,75.05872
ury,1976,75.73409
ury,1977,76.28938
ury,1978,76.92278
ury,1979,77.50563
ury,1980,78.15849
ury,1981,78.70394
ury,1982,79.19679
ury,1983,79.6851
ury,1984,80.20697
ury,1985,80.60468
ury,1986,80.95401
ury,1987,81.25004
ury,1988,81.40561
ury,1989,81.59235
ury,1990,81.70007
ury,1991,81.88716
ury,1992,82.05448
ury,1993,82.16532
ury,1994,82.44189
ury,1995,82.63214
ury,1996,82.81759
ury,1997,83.07332
ury,1998,83.19857
ury,1999,83.39441
ury,2000,83.55024
ury,2001,83.68651
ury,2002,83.88026
ury,2003,83.99177
ury,2004,84.23647
ury,2005,84.33698
ury,2006,84.50642
ury,2007,84.63695
ury,2008,84.82835
ury,2009,84.99192
ury,2010,85.15692
ury,2011,85.34688
ury,2012,85.45333
ury,2013,85.66372
ury,2014,85.75668
ury,2015,85.93946
ury,2016,86.08716
ury,2017,86.13335
ury,2018,86.32287
ury,2019,86.37225
ury,2020,86.37076
usa,1970,70.41317
usa,1971,71.87398
usa,1972,73.28779
usa,1973,74.66908
usa,1974,75.73637
usa,1975,76.64694
usa,1976,76.13826
usa,1977,76.25966
usa,1978,76.44403
usa,1979,76.63089
usa,1980,76.87828
usa,1981,77.05211
usa,1982,77.43561
usa,1983,77.73462
usa,1984,78.06698
usa,1985,78.48297
usa,1986,78.77391
usa,1987,79.19926
usa,1988,79.56532
usa,1989,79.60021
usa,1990,79.59791
usa,1991,79.69925
usa,1992,79.82103
usa,1993,80.02924
usa,1994,80.27901
usa,1995,80.39088
usa,1996,80.31057
usa,1997,80.06451
usa,1998,79.93232
usa,1999,79.74271
usa,2000,79.54453
usa,2001,79.32658
usa,2002,79.21974
usa,2003,79.39123
usa,2004,79.55068
usa,2005,79.72122
usa,2006,79.88165
usa,2007,79.92444
usa,2008,80.01761
usa,2009,80.05742
usa,2010,80.04306
usa,2011,80.01822
usa,2012,79.89149
usa,2013,79.63444
usa,2014,79.62843
usa,2015,79.82029
usa,2016,79.82384
usa,2017,79.70505
usa,2018,79.68711
usa,2019,79.90731
usa,2020,80.13132
uzb,1970,51.45355
uzb,1971,52.28086
uzb,1972,53.13538
uzb,1973,54.18344
uzb,1974,55.0813
uzb,1975,55.76516
uzb,1976,56.86634
uzb,1977,57.90718
uzb,1978,58.67958
uzb,1979,59.62746
uzb,1980,60.3964
uzb,1981,61.24329
uzb,1982,62.02203
uzb,1983,62.93107
uzb,1984,63.85013
uzb,1985,64.68281
uzb,1986,65.36678
uzb,1987,66.21205
uzb,1988,67.08261
uzb,1989,67.85616
uzb,1990,68.65748
uzb,1991,69.53706
uzb,1992,70.25257
uzb,1993,71.06635
uzb,1994,71.95282
uzb,1995,72.95358
uzb,1996,74.05456
uzb,1997,75.41374
uzb,1998,76.79661
uzb,1999,78.18801
uzb,2000,79.41492
uzb,2001,80.27768
uzb,2002,81.02622
uzb,2003,81.33773
uzb,2004,81.54032
uzb,2005,81.70561
uzb,2006,81.77934
uzb,2007,81.92333
uzb,2008,82.02519
uzb,2009,82.23175
uzb,2010,82.39089
uzb,2011,82.58138
uzb,2012,82.7629
uzb,2013,82.91893
uzb,2014,82.98443
uzb,2015,83.01425
uzb,2016,83.1511
uzb,2017,83.30992
uzb,2018,83.51947
uzb,2019,83.61154
uzb,2020,83.69951
vct,1970,57.6945
vct,1971,58.50215
vct,1972,59.48507
vct,1973,60.09802
vct,1974,60.98512
vct,1975,61.82993
vct,1976,62.5725
vct,1977,63.29395
vct,1978,64.05037
vct,1979,64.77798
vct,1980,65.44511
vct,1981,66.16389
vct,1982,66.83769
vct,1983,67.51255
vct,1984,68.36372
vct,1985,68.92617
vct,1986,69.44199
vct,1987,70.15246
vct,1988,70.71982
vct,1989,71.09963
vct,1990,71.5613
vct,1991,71.96897
vct,1992,72.27112
vct,1993,72.68658
vct,1994,72.99693
vct,1995,73.37741
vct,1996,73.68364
vct,1997,73.98127
vct,1998,74.29919
vct,1999,74.62125
vct,2000,74.93221
vct,2001,75.21422
vct,2002,75.5017
vct,2003,75.79541
vct,2004,76.08108
vct,2005,76.26481
vct,2006,76.61718
vct,2007,76.89255
vct,2008,77.16963
vct,2009,77.43307
vct,2010,77.59679
vct,2011,77.8724
vct,2012,78.02304
vct,2013,78.27712
vct,2014,78.52829
vct,2015,78.69752
vct,2016,78.77891
vct,2017,78.85628
vct,2018,79.18266
vct,2019,79.47425
vct,2020,79.65143
ven,1970,41.05985
ven,1971,42.36924
ven,1972,43.85256
ven,1973,45.17577
ven,1974,46.6114
ven,1975,47.84206
ven,1976,49.1343
ven,1977,50.37076
ven,1978,51.56726
ven,1979,52.85739
ven,1980,54.10674
ven,1981,55.2338
ven,1982,56.25328
ven,1983,57.36095
ven,1984,58.45119
ven,1985,59.45691
ven,1986,60.414
ven,1987,61.38819
ven,1988,62.3856
ven,1989,63.28884
ven,1990,64.23892
ven,1991,65.2418
ven,1992,66.2153
ven,1993,67.38244
ven,1994,68.49363
ven,1995,69.69193
ven,1996,70.95373
ven,1997,72.06296
ven,1998,72.99034
ven,1999,73.7819
ven,2000,74.47289
ven,2001,75.07947
ven,2002,75.66379
ven,2003,76.26237
ven,2004,76.7026
ven,2005,77.23371
ven,2006,77.72193
ven,2007,78.28027
ven,2008,78.7877
ven,2009,79.30065
ven,2010,79.69304
ven,2011,79.99556
ven,2012,80.21842
ven,2013,80.52343
ven,2014,80.81884
ven,2015,81.02184
ven,2016,81.26189
ven,2017,81.46564
ven,2018,81.66311
ven,2019,81.84114
ven,2020,82.03567
vnm,1970,25.85289
vnm,1971,27.30036
vnm,1972,28.70935
vnm,1973,30.29958
vnm,1974,31.9291
vnm,1975,33.38677
vnm,1976,34.95031
vnm,1977,36.58297
vnm,1978,38.23557
vnm,1979,39.80758
vnm,1980,41.3079
vnm,1981,42.87293
vnm,1982,44.28205
vnm,1983,45.94321
vnm,1984,47.52271
vnm,1985,49.00363
vnm,1986,50.4335
vnm,1987,51.86397
vnm,1988,53.23789
vnm,1989,54.6543
vnm,1990,55.98266
vnm,1991,57.38634
vnm,1992,58.6607
vnm,1993,60.06226
vnm,1994,61.43173
vnm,1995,63.83859
vnm,1996,66.05233
vnm,1997,67.98649
vnm,1998,69.0052
vnm,1999,69.82416
vnm,2000,70.64708
vnm,2001,71.34002
vnm,2002,71.74911
vnm,2003,73.41938
vnm,2004,74.70194
vnm,2005,75.90482
vnm,2006,76.82819
vnm,2007,77.65421
vnm,2008,78.22816
vnm,2009,78.35105
vnm,2010,78.38788
vnm,2011,78.45808
vnm,2012,78.16311
vnm,2013,77.93688
vnm,2014,77.6692
vnm,2015,77.74878
vnm,2016,78.01642
vnm,2017,78.14191
vnm,2018,78.35849
vnm,2019,78.59932
vnm,2020,78.81825
vut,1970,31.72009
vut,1971,32.12012
vut,1972,32.64221
vut,1973,33.21492
vut,1974,33.68262
vut,1975,34.1948
vut,1976,34.77244
vut,1977,35.22042
vut,1978,35.78889
vut,1979,36.33771
vut,1980,36.91873
vut,1981,37.44283
vut,1982,38.06512
vut,1983,38.65424
vut,1984,39.12596
vut,1985,39.49743
vut,1986,39.98968
vut,1987,40.48964
vut,1988,40.99916
vut,1989,41.391
vut,1990,41.82338
vut,1991,42.26177
vut,1992,42.76765
vut,1993,43.18955
vut,1994,43.5403
vut,1995,43.99686
vut,1996,44.86287
vut,1997,45.79526
vut,1998,46.72118
vut,1999,47.63113
vut,2000,48.5351
vut,2001,49.4517
vut,2002,50.29906
vut,2003,51.28263
vut,2004,52.10943
vut,2005,53.09597
vut,2006,54.00673
vut,2007,54.96416
vut,2008,55.4172
vut,2009,55.94632
vut,2010,56.4767
vut,2011,56.88394
vut,2012,57.28425
vut,2013,57.55138
vut,2014,58.14516
vut,2015,58.69848
vut,2016,59.17873
vut,2017,59.46789
vut,2018,59.95786
vut,2019,60.37515
vut,2020,60.60033
wsm,1970,26.18667
wsm,1971,26.54256
wsm,1972,26.9642
wsm,1973,27.33633
wsm,1974,27.72846
wsm,1975,28.01434
wsm,1976,28.39288
wsm,1977,28.69436
wsm,1978,29.06874
wsm,1979,29.45546
wsm,1980,29.71947
wsm,1981,30.13052
wsm,1982,30.41919
wsm,1983,30.79892
wsm,1984,31.17151
wsm,1985,31.4799
wsm,1986,31.81225
wsm,1987,32.17102
wsm,1988,32.44802
wsm,1989,32.61956
wsm,1990,32.8527
wsm,1991,33.07962
wsm,1992,33.12826
wsm,1993,33.21537
wsm,1994,33.26818
wsm,1995,33.33541
wsm,1996,33.3335
wsm,1997,33.43603
wsm,1998,33.55733
wsm,1999,33.72094
wsm,2000,33.94322
wsm,2001,34.14723
wsm,2002,34.39292
wsm,2003,34.64054
wsm,2004,34.86827
wsm,2005,35.04766
wsm,2006,35.21486
wsm,2007,35.26571
wsm,2008,35.26297
wsm,2009,35.08377
wsm,2010,35.03363
wsm,2011,34.83508
wsm,2012,34.50055
wsm,2013,34.00078
wsm,2014,33.36182
wsm,2015,32.30352
wsm,2016,31.12241
wsm,2017,29.98686
wsm,2018,28.99428
wsm,2019,28.25194
wsm,2020,28.15099
yem,1970,4.12406
yem,1971,4.3462
yem,1972,4.58623
yem,1973,4.84105
yem,1974,5.13085
yem,1975,5.45057
yem,1976,5.75114
yem,1977,6.08857
yem,1978,6.47732
yem,1979,6.90396
yem,1980,7.32557
yem,1981,7.77108
yem,1982,8.23376
yem,1983,8.78553
yem,1984,9.34412
yem,1985,9.91812
yem,1986,10.5408
yem,1987,11.17923
yem,1988,11.84246
yem,1989,12.50814
yem,1990,13.18485
yem,1991,13.74534
yem,1992,14.38879
yem,1993,15.08502
yem,1994,15.92054
yem,1995,16.68976
yem,1996,17.47562
yem,1997,18.17311
yem,1998,19.58045
yem,1999,20.89054
yem,2000,22.19546
yem,2001,23.55479
yem,2002,24.93138
yem,2003,26.52492
yem,2004,28.20103
yem,2005,29.87943
yem,2006,31.56793
yem,2007,32.89117
yem,2008,34.21594
yem,2009,35.48837
yem,2010,36.80129
yem,2011,38.00597
yem,2012,39.31486
yem,2013,40.62171
yem,2014,41.61808
yem,2015,42.54301
yem,2016,43.52877
yem,2017,44.49524
yem,2018,45.40234
yem,2019,46.28011
yem,2020,47.24999
zaf,1970,35.96624
zaf,1971,38.02313
zaf,1972,40.09134
zaf,1973,42.45922
zaf,1974,44.45494
zaf,1975,46.69507
zaf,1976,48.94675
zaf,1977,51.10525
zaf,1978,53.2201
zaf,1979,55.44401
zaf,1980,57.45566
zaf,1981,59.70549
zaf,1982,61.83213
zaf,1983,63.67042
zaf,1984,65.6018
zaf,1985,67.22204
zaf,1986,68.65971
zaf,1987,69.9336
zaf,1988,71.0508
zaf,1989,72.07513
zaf,1990,72.98312
zaf,1991,73.79161
zaf,1992,74.751
zaf,1993,75.69138
zaf,1994,76.50314
zaf,1995,77.33112
zaf,1996,78.09316
zaf,1997,78.90578
zaf,1998,79.58559
zaf,1999,80.26472
zaf,2000,80.87124
zaf,2001,81.40165
zaf,2002,81.87469
zaf,2003,82.24815
zaf,2004,82.44998
zaf,2005,82.4756
zaf,2006,82.38687
zaf,2007,82.26696
zaf,2008,82.08039
zaf,2009,81.90302
zaf,2010,81.69138
zaf,2011,81.47346
zaf,2012,81.21192
zaf,2013,80.94598
zaf,2014,80.70724
zaf,2015,80.50691
zaf,2016,80.35146
zaf,2017,80.52346
zaf,2018,80.78678
zaf,2019,81.0294
zaf,2020,81.28368
zmb,1970,1.64977
zmb,1971,1.90219
zmb,1972,2.18356
zmb,1973,2.50662
zmb,1974,2.87497
zmb,1975,3.29319
zmb,1976,3.75285
zmb,1977,4.29183
zmb,1978,4.87599
zmb,1979,5.5238
zmb,1980,6.25742
zmb,1981,7.01385
zmb,1982,7.85404
zmb,1983,8.76342
zmb,1984,9.7905
zmb,1985,10.91908
zmb,1986,12.1326
zmb,1987,13.3791
zmb,1988,14.73501
zmb,1989,16.21721
zmb,1990,17.71078
zmb,1991,19.38223
zmb,1992,21.2174
zmb,1993,23.14328
zmb,1994,25.19386
zmb,1995,27.27934
zmb,1996,29.30444
zmb,1997,31.23026
zmb,1998,33.0668
zmb,1999,35.01444
zmb,2000,37.30786
zmb,2001,39.73628
zmb,2002,41.93231
zmb,2003,43.67553
zmb,2004,45.22045
zmb,2005,46.74046
zmb,2006,48.12477
zmb,2007,49.53677
zmb,2008,51.7558
zmb,2009,53.90437
zmb,2010,55.97328
zmb,2011,57.96024
zmb,2012,59.83604
zmb,2013,61.49574
zmb,2014,62.7259
zmb,2015,63.61394
zmb,2016,64.3946
zmb,2017,65.02101
zmb,2018,65.67399
zmb,2019,66.30502
zmb,2020,66.99383
zwe,1970,14.71715
zwe,1971,16.43937
zwe,1972,18.28915
zwe,1973,20.29132
zwe,1974,22.44963
zwe,1975,24.64713
zwe,1976,27.0873
zwe,1977,29.4283
zwe,1978,31.8888
zwe,1979,34.39271
zwe,1980,36.90207
zwe,1981,39.46753
zwe,1982,41.98699
zwe,1983,44.61046
zwe,1984,47.17784
zwe,1985,49.65654
zwe,1986,52.02848
zwe,1987,54.21337
zwe,1988,56.29375
zwe,1989,57.63186
zwe,1990,58.75652
zwe,1991,59.91585
zwe,1992,61.10101
zwe,1993,62.33506
zwe,1994,63.52905
zwe,1995,65.15166
zwe,1996,66.79564
zwe,1997,68.34547
zwe,1998,69.86833
zwe,1999,71.29776
zwe,2000,72.47711
zwe,2001,73.59013
zwe,2002,74.57918
zwe,2003,75.48176
zwe,2004,76.28613
zwe,2005,76.90061
zwe,2006,77.38474
zwe,2007,77.68881
zwe,2008,77.90696
zwe,2009,78.03926
zwe,2010,78.17365
zwe,2011,78.9951
zwe,2012,80.30854
zwe,2013,81.7331
zwe,2014,83.07337
zwe,2015,84.3335
zwe,2016,84.76789
zwe,2017,85.04859
zwe,2018,85.28556
zwe,2019,85.43574
zwe,2020,85.54189
