country,year,agegroup,sex,sdgsuicide
afg,2000,agegroup_yearsall,sex_btsx,4.35615
afg,2000,agegroup_yearsall,sex_fmle,2.91039
afg,2000,agegroup_yearsall,sex_mle,5.79346
afg,2001,agegroup_yearsall,sex_btsx,4.38303
afg,2001,agegroup_yearsall,sex_fmle,2.92394
afg,2001,agegroup_yearsall,sex_mle,5.83133
afg,2002,agegroup_yearsall,sex_btsx,4.255
afg,2002,agegroup_yearsall,sex_fmle,2.71427
afg,2002,agegroup_yearsall,sex_mle,5.78193
afg,2003,agegroup_yearsall,sex_btsx,4.23829
afg,2003,agegroup_yearsall,sex_fmle,2.72015
afg,2003,agegroup_yearsall,sex_mle,5.74044
afg,2004,agegroup_yearsall,sex_btsx,4.23198
afg,2004,agegroup_yearsall,sex_fmle,2.81148
afg,2004,agegroup_yearsall,sex_mle,5.63541
afg,2005,agegroup_yearsall,sex_btsx,4.15528
afg,2005,agegroup_yearsall,sex_fmle,2.77602
afg,2005,agegroup_yearsall,sex_mle,5.51605
afg,2006,agegroup_yearsall,sex_btsx,4.01697
afg,2006,agegroup_yearsall,sex_fmle,2.55271
afg,2006,agegroup_yearsall,sex_mle,5.45986
afg,2007,agegroup_yearsall,sex_btsx,3.95192
afg,2007,agegroup_yearsall,sex_fmle,2.51154
afg,2007,agegroup_yearsall,sex_mle,5.36991
afg,2008,agegroup_yearsall,sex_btsx,3.86412
afg,2008,agegroup_yearsall,sex_fmle,2.48332
afg,2008,agegroup_yearsall,sex_mle,5.22225
afg,2009,agegroup_yearsall,sex_btsx,3.66025
afg,2009,agegroup_yearsall,sex_fmle,2.1967
afg,2009,agegroup_yearsall,sex_mle,5.09841
afg,2010,agegroup_yearsall,sex_btsx,3.58878
afg,2010,agegroup_yearsall,sex_fmle,2.14655
afg,2010,agegroup_yearsall,sex_mle,5.00469
afg,2011,agegroup_yearsall,sex_btsx,3.68337
afg,2011,agegroup_yearsall,sex_fmle,2.45641
afg,2011,agegroup_yearsall,sex_mle,4.88693
afg,2012,agegroup_yearsall,sex_btsx,3.63912
afg,2012,agegroup_yearsall,sex_fmle,2.45037
afg,2012,agegroup_yearsall,sex_mle,4.80431
afg,2013,agegroup_yearsall,sex_btsx,3.61291
afg,2013,agegroup_yearsall,sex_fmle,2.44334
afg,2013,agegroup_yearsall,sex_mle,4.75852
afg,2014,agegroup_yearsall,sex_btsx,3.54102
afg,2014,agegroup_yearsall,sex_fmle,2.40395
afg,2014,agegroup_yearsall,sex_mle,4.65415
afg,2015,agegroup_yearsall,sex_btsx,3.46069
afg,2015,agegroup_yearsall,sex_fmle,2.1367
afg,2015,agegroup_yearsall,sex_mle,4.75624
afg,2016,agegroup_yearsall,sex_btsx,3.46679
afg,2016,agegroup_yearsall,sex_fmle,2.20046
afg,2016,agegroup_yearsall,sex_mle,4.70554
afg,2017,agegroup_yearsall,sex_btsx,3.55563
afg,2017,agegroup_yearsall,sex_fmle,2.27726
afg,2017,agegroup_yearsall,sex_mle,4.80644
afg,2018,agegroup_yearsall,sex_btsx,3.55774
afg,2018,agegroup_yearsall,sex_fmle,2.29565
afg,2018,agegroup_yearsall,sex_mle,4.79358
afg,2019,agegroup_years15_19,sex_btsx,3.28
afg,2019,agegroup_years15_19,sex_fmle,2.02
afg,2019,agegroup_years15_19,sex_mle,4.48
afg,2019,agegroup_years15_24,sex_btsx,4.71
afg,2019,agegroup_years15_24,sex_fmle,3.26
afg,2019,agegroup_years15_24,sex_mle,6.09
afg,2019,agegroup_years15_29,sex_btsx,5.41
afg,2019,agegroup_years15_29,sex_fmle,3.93
afg,2019,agegroup_years15_29,sex_mle,6.8
afg,2019,agegroup_years25_34,sex_btsx,7.6
afg,2019,agegroup_years25_34,sex_fmle,5.84
afg,2019,agegroup_years25_34,sex_mle,9.21
afg,2019,agegroup_years30_49,sex_btsx,8.5
afg,2019,agegroup_years30_49,sex_fmle,6.96
afg,2019,agegroup_years30_49,sex_mle,9.91
afg,2019,agegroup_years35_44,sex_btsx,8.65
afg,2019,agegroup_years35_44,sex_fmle,6.66
afg,2019,agegroup_years35_44,sex_mle,10.48
afg,2019,agegroup_years45_54,sex_btsx,9.56
afg,2019,agegroup_years45_54,sex_fmle,11.07
afg,2019,agegroup_years45_54,sex_mle,8.14
afg,2019,agegroup_years55_64,sex_btsx,9.82
afg,2019,agegroup_years55_64,sex_fmle,12.6
afg,2019,agegroup_years55_64,sex_mle,7.07
afg,2019,agegroup_years65_74,sex_btsx,10.73
afg,2019,agegroup_years65_74,sex_fmle,13.4
afg,2019,agegroup_years65_74,sex_mle,7.7
afg,2019,agegroup_years75_84,sex_btsx,8.47
afg,2019,agegroup_years75_84,sex_fmle,7.74
afg,2019,agegroup_years75_84,sex_mle,9.34
afg,2019,agegroup_years85plus,sex_btsx,24.46
afg,2019,agegroup_years85plus,sex_fmle,21.49
afg,2019,agegroup_years85plus,sex_mle,28.6
afg,2019,agegroup_yearsall,sex_btsx,3.52831
afg,2019,agegroup_yearsall,sex_fmle,2.3702
afg,2019,agegroup_yearsall,sex_mle,4.66322
afg,2020,agegroup_yearsall,sex_btsx,3.49391
afg,2020,agegroup_yearsall,sex_fmle,2.39448
afg,2020,agegroup_yearsall,sex_mle,4.57206
afg,2021,agegroup_yearsall,sex_btsx,3.59542
afg,2021,agegroup_yearsall,sex_fmle,2.36204
afg,2021,agegroup_yearsall,sex_mle,4.80604
ago,2000,agegroup_yearsall,sex_btsx,9.11515
ago,2000,agegroup_yearsall,sex_fmle,3.6052
ago,2000,agegroup_yearsall,sex_mle,14.82233
ago,2001,agegroup_yearsall,sex_btsx,8.47953
ago,2001,agegroup_yearsall,sex_fmle,3.14295
ago,2001,agegroup_yearsall,sex_mle,14.00868
ago,2002,agegroup_yearsall,sex_btsx,8.23169
ago,2002,agegroup_yearsall,sex_fmle,3.23427
ago,2002,agegroup_yearsall,sex_mle,13.40997
ago,2003,agegroup_yearsall,sex_btsx,8.8836
ago,2003,agegroup_yearsall,sex_fmle,3.81757
ago,2003,agegroup_yearsall,sex_mle,14.13001
ago,2004,agegroup_yearsall,sex_btsx,8.91894
ago,2004,agegroup_yearsall,sex_fmle,3.84279
ago,2004,agegroup_yearsall,sex_mle,14.17089
ago,2005,agegroup_yearsall,sex_btsx,8.32302
ago,2005,agegroup_yearsall,sex_fmle,3.60185
ago,2005,agegroup_yearsall,sex_mle,13.20289
ago,2006,agegroup_yearsall,sex_btsx,8.58974
ago,2006,agegroup_yearsall,sex_fmle,3.67396
ago,2006,agegroup_yearsall,sex_mle,13.6655
ago,2007,agegroup_yearsall,sex_btsx,7.99588
ago,2007,agegroup_yearsall,sex_fmle,3.36979
ago,2007,agegroup_yearsall,sex_mle,12.76742
ago,2008,agegroup_yearsall,sex_btsx,7.50081
ago,2008,agegroup_yearsall,sex_fmle,3.18522
ago,2008,agegroup_yearsall,sex_mle,11.94744
ago,2009,agegroup_yearsall,sex_btsx,7.24214
ago,2009,agegroup_yearsall,sex_fmle,3.01864
ago,2009,agegroup_yearsall,sex_mle,11.58951
ago,2010,agegroup_yearsall,sex_btsx,6.89468
ago,2010,agegroup_yearsall,sex_fmle,2.88547
ago,2010,agegroup_yearsall,sex_mle,11.01755
ago,2011,agegroup_yearsall,sex_btsx,6.95112
ago,2011,agegroup_yearsall,sex_fmle,2.88856
ago,2011,agegroup_yearsall,sex_mle,11.12532
ago,2012,agegroup_yearsall,sex_btsx,6.79033
ago,2012,agegroup_yearsall,sex_fmle,2.77042
ago,2012,agegroup_yearsall,sex_mle,10.91777
ago,2013,agegroup_yearsall,sex_btsx,6.87989
ago,2013,agegroup_yearsall,sex_fmle,2.81302
ago,2013,agegroup_yearsall,sex_mle,11.05293
ago,2014,agegroup_yearsall,sex_btsx,6.36027
ago,2014,agegroup_yearsall,sex_fmle,2.59924
ago,2014,agegroup_yearsall,sex_mle,10.21729
ago,2015,agegroup_yearsall,sex_btsx,6.55582
ago,2015,agegroup_yearsall,sex_fmle,2.75225
ago,2015,agegroup_yearsall,sex_mle,10.4544
ago,2016,agegroup_yearsall,sex_btsx,6.48586
ago,2016,agegroup_yearsall,sex_fmle,2.7861
ago,2016,agegroup_yearsall,sex_mle,10.27604
ago,2017,agegroup_yearsall,sex_btsx,6.4693
ago,2017,agegroup_yearsall,sex_fmle,2.8049
ago,2017,agegroup_yearsall,sex_mle,10.22127
ago,2018,agegroup_yearsall,sex_btsx,7.15116
ago,2018,agegroup_yearsall,sex_fmle,3.16138
ago,2018,agegroup_yearsall,sex_mle,11.2342
ago,2019,agegroup_years15_19,sex_btsx,2.78
ago,2019,agegroup_years15_19,sex_fmle,1.19
ago,2019,agegroup_years15_19,sex_mle,4.4
ago,2019,agegroup_years15_24,sex_btsx,3.7
ago,2019,agegroup_years15_24,sex_fmle,1.31
ago,2019,agegroup_years15_24,sex_mle,6.14
ago,2019,agegroup_years15_29,sex_btsx,4.23
ago,2019,agegroup_years15_29,sex_fmle,1.39
ago,2019,agegroup_years15_29,sex_mle,7.14
ago,2019,agegroup_years25_34,sex_btsx,5.82
ago,2019,agegroup_years25_34,sex_fmle,1.78
ago,2019,agegroup_years25_34,sex_mle,10.01
ago,2019,agegroup_years30_49,sex_btsx,9.32
ago,2019,agegroup_years30_49,sex_fmle,3.1
ago,2019,agegroup_years30_49,sex_mle,15.89
ago,2019,agegroup_years35_44,sex_btsx,8.4
ago,2019,agegroup_years35_44,sex_fmle,2.68
ago,2019,agegroup_years35_44,sex_mle,14.44
ago,2019,agegroup_years45_54,sex_btsx,20.49
ago,2019,agegroup_years45_54,sex_fmle,7.74
ago,2019,agegroup_years45_54,sex_mle,34.24
ago,2019,agegroup_years55_64,sex_btsx,32.1
ago,2019,agegroup_years55_64,sex_fmle,12.84
ago,2019,agegroup_years55_64,sex_mle,52.44
ago,2019,agegroup_years65_74,sex_btsx,47.41
ago,2019,agegroup_years65_74,sex_fmle,18.65
ago,2019,agegroup_years65_74,sex_mle,80.35
ago,2019,agegroup_years75_84,sex_btsx,63.54
ago,2019,agegroup_years75_84,sex_fmle,23.49
ago,2019,agegroup_years75_84,sex_mle,123.4
ago,2019,agegroup_years85plus,sex_btsx,165.09
ago,2019,agegroup_years85plus,sex_fmle,60.07
ago,2019,agegroup_years85plus,sex_mle,341.3
ago,2019,agegroup_yearsall,sex_btsx,7.52046
ago,2019,agegroup_yearsall,sex_fmle,3.40062
ago,2019,agegroup_yearsall,sex_mle,11.73454
ago,2020,agegroup_yearsall,sex_btsx,7.40921
ago,2020,agegroup_yearsall,sex_fmle,3.41595
ago,2020,agegroup_yearsall,sex_mle,11.49224
ago,2021,agegroup_yearsall,sex_btsx,8.11378
ago,2021,agegroup_yearsall,sex_fmle,3.85043
ago,2021,agegroup_yearsall,sex_mle,12.47142
alb,2000,agegroup_yearsall,sex_btsx,4.7805
alb,2000,agegroup_yearsall,sex_fmle,3.30026
alb,2000,agegroup_yearsall,sex_mle,6.33217
alb,2001,agegroup_yearsall,sex_btsx,4.19208
alb,2001,agegroup_yearsall,sex_fmle,3.14823
alb,2001,agegroup_yearsall,sex_mle,5.28933
alb,2002,agegroup_yearsall,sex_btsx,4.28382
alb,2002,agegroup_yearsall,sex_fmle,3.21529
alb,2002,agegroup_yearsall,sex_mle,5.40409
alb,2003,agegroup_yearsall,sex_btsx,4.46889
alb,2003,agegroup_yearsall,sex_fmle,3.40289
alb,2003,agegroup_yearsall,sex_mle,5.58218
alb,2004,agegroup_yearsall,sex_btsx,4.44481
alb,2004,agegroup_yearsall,sex_fmle,3.25582
alb,2004,agegroup_yearsall,sex_mle,5.68197
alb,2005,agegroup_yearsall,sex_btsx,6.79668
alb,2005,agegroup_yearsall,sex_fmle,5.27531
alb,2005,agegroup_yearsall,sex_mle,8.37419
alb,2006,agegroup_yearsall,sex_btsx,6.88227
alb,2006,agegroup_yearsall,sex_fmle,5.59681
alb,2006,agegroup_yearsall,sex_mle,8.21087
alb,2007,agegroup_yearsall,sex_btsx,7.02967
alb,2007,agegroup_yearsall,sex_fmle,5.53493
alb,2007,agegroup_yearsall,sex_mle,8.56994
alb,2008,agegroup_yearsall,sex_btsx,7.09477
alb,2008,agegroup_yearsall,sex_fmle,5.67879
alb,2008,agegroup_yearsall,sex_mle,8.54969
alb,2009,agegroup_yearsall,sex_btsx,7.01951
alb,2009,agegroup_yearsall,sex_fmle,5.77835
alb,2009,agegroup_yearsall,sex_mle,8.29123
alb,2010,agegroup_yearsall,sex_btsx,6.76582
alb,2010,agegroup_yearsall,sex_fmle,5.84122
alb,2010,agegroup_yearsall,sex_mle,7.71064
alb,2011,agegroup_yearsall,sex_btsx,6.91202
alb,2011,agegroup_yearsall,sex_fmle,7.68225
alb,2011,agegroup_yearsall,sex_mle,6.12591
alb,2012,agegroup_yearsall,sex_btsx,4.49102
alb,2012,agegroup_yearsall,sex_fmle,3.38814
alb,2012,agegroup_yearsall,sex_mle,5.61684
alb,2013,agegroup_yearsall,sex_btsx,4.4986
alb,2013,agegroup_yearsall,sex_fmle,3.44212
alb,2013,agegroup_yearsall,sex_mle,5.57715
alb,2014,agegroup_yearsall,sex_btsx,4.25204
alb,2014,agegroup_yearsall,sex_fmle,3.2176
alb,2014,agegroup_yearsall,sex_mle,5.30808
alb,2015,agegroup_yearsall,sex_btsx,4.13076
alb,2015,agegroup_yearsall,sex_fmle,3.20741
alb,2015,agegroup_yearsall,sex_mle,5.07331
alb,2016,agegroup_yearsall,sex_btsx,4.02533
alb,2016,agegroup_yearsall,sex_fmle,2.99257
alb,2016,agegroup_yearsall,sex_mle,5.0794
alb,2017,agegroup_yearsall,sex_btsx,3.91351
alb,2017,agegroup_yearsall,sex_fmle,2.83894
alb,2017,agegroup_yearsall,sex_mle,5.01006
alb,2018,agegroup_yearsall,sex_btsx,3.82535
alb,2018,agegroup_yearsall,sex_fmle,2.74764
alb,2018,agegroup_yearsall,sex_mle,4.92494
alb,2019,agegroup_years15_19,sex_btsx,5.97
alb,2019,agegroup_years15_19,sex_fmle,8.59
alb,2019,agegroup_years15_19,sex_mle,3.63
alb,2019,agegroup_years15_24,sex_btsx,4.67
alb,2019,agegroup_years15_24,sex_fmle,4.79
alb,2019,agegroup_years15_24,sex_mle,4.57
alb,2019,agegroup_years15_29,sex_btsx,4.25
alb,2019,agegroup_years15_29,sex_fmle,3.93
alb,2019,agegroup_years15_29,sex_mle,4.55
alb,2019,agegroup_years25_34,sex_btsx,2.73
alb,2019,agegroup_years25_34,sex_fmle,1.55
alb,2019,agegroup_years25_34,sex_mle,3.73
alb,2019,agegroup_years30_49,sex_btsx,4.15
alb,2019,agegroup_years30_49,sex_fmle,1.17
alb,2019,agegroup_years30_49,sex_mle,6.97
alb,2019,agegroup_years35_44,sex_btsx,4.89
alb,2019,agegroup_years35_44,sex_fmle,1.19
alb,2019,agegroup_years35_44,sex_mle,8.39
alb,2019,agegroup_years45_54,sex_btsx,6.16
alb,2019,agegroup_years45_54,sex_fmle,1.89
alb,2019,agegroup_years45_54,sex_mle,10.84
alb,2019,agegroup_years55_64,sex_btsx,4.71
alb,2019,agegroup_years55_64,sex_fmle,1.65
alb,2019,agegroup_years55_64,sex_mle,7.89
alb,2019,agegroup_years65_74,sex_btsx,3.53
alb,2019,agegroup_years65_74,sex_fmle,1.89
alb,2019,agegroup_years65_74,sex_mle,5.25
alb,2019,agegroup_years75_84,sex_btsx,9.89
alb,2019,agegroup_years75_84,sex_fmle,8.76
alb,2019,agegroup_years75_84,sex_mle,11.12
alb,2019,agegroup_years85plus,sex_btsx,22.84
alb,2019,agegroup_years85plus,sex_fmle,20.48
alb,2019,agegroup_years85plus,sex_mle,26.04
alb,2019,agegroup_yearsall,sex_btsx,3.78342
alb,2019,agegroup_yearsall,sex_fmle,2.70188
alb,2019,agegroup_yearsall,sex_mle,4.88667
alb,2020,agegroup_yearsall,sex_btsx,3.35507
alb,2020,agegroup_yearsall,sex_fmle,2.2918
alb,2020,agegroup_yearsall,sex_mle,4.44014
alb,2021,agegroup_yearsall,sex_btsx,2.7547
alb,2021,agegroup_yearsall,sex_fmle,2.32558
alb,2021,agegroup_yearsall,sex_mle,3.19304
are,2000,agegroup_yearsall,sex_btsx,2.44955
are,2000,agegroup_yearsall,sex_fmle,1.21786
are,2000,agegroup_yearsall,sex_mle,3.00372
are,2001,agegroup_yearsall,sex_btsx,2.40854
are,2001,agegroup_yearsall,sex_fmle,1.26948
are,2001,agegroup_yearsall,sex_mle,2.92069
are,2002,agegroup_yearsall,sex_btsx,2.27181
are,2002,agegroup_yearsall,sex_fmle,1.20371
are,2002,agegroup_yearsall,sex_mle,2.75201
are,2003,agegroup_yearsall,sex_btsx,2.17363
are,2003,agegroup_yearsall,sex_fmle,1.1349
are,2003,agegroup_yearsall,sex_mle,2.64073
are,2004,agegroup_yearsall,sex_btsx,2.16884
are,2004,agegroup_yearsall,sex_fmle,1.09023
are,2004,agegroup_yearsall,sex_mle,2.65397
are,2005,agegroup_yearsall,sex_btsx,2.20869
are,2005,agegroup_yearsall,sex_fmle,0.94786
are,2005,agegroup_yearsall,sex_mle,2.77574
are,2006,agegroup_yearsall,sex_btsx,2.20056
are,2006,agegroup_yearsall,sex_fmle,0.9034
are,2006,agegroup_yearsall,sex_mle,2.78737
are,2007,agegroup_yearsall,sex_btsx,1.96796
are,2007,agegroup_yearsall,sex_fmle,0.69383
are,2007,agegroup_yearsall,sex_mle,2.55412
are,2008,agegroup_yearsall,sex_btsx,2.13211
are,2008,agegroup_yearsall,sex_fmle,0.60086
are,2008,agegroup_yearsall,sex_mle,2.85302
are,2009,agegroup_yearsall,sex_btsx,2.35056
are,2009,agegroup_yearsall,sex_fmle,0.58636
are,2009,agegroup_yearsall,sex_mle,3.20496
are,2010,agegroup_yearsall,sex_btsx,2.54456
are,2010,agegroup_yearsall,sex_fmle,0.71278
are,2010,agegroup_yearsall,sex_mle,3.45906
are,2011,agegroup_yearsall,sex_btsx,2.62402
are,2011,agegroup_yearsall,sex_fmle,0.75713
are,2011,agegroup_yearsall,sex_mle,3.58423
are,2012,agegroup_yearsall,sex_btsx,2.67193
are,2012,agegroup_yearsall,sex_fmle,0.78694
are,2012,agegroup_yearsall,sex_mle,3.66516
are,2013,agegroup_yearsall,sex_btsx,2.59969
are,2013,agegroup_yearsall,sex_fmle,0.73971
are,2013,agegroup_yearsall,sex_mle,3.59133
are,2014,agegroup_yearsall,sex_btsx,2.46072
are,2014,agegroup_yearsall,sex_fmle,0.64656
are,2014,agegroup_yearsall,sex_mle,3.43303
are,2015,agegroup_yearsall,sex_btsx,2.4676
are,2015,agegroup_yearsall,sex_fmle,0.63493
are,2015,agegroup_yearsall,sex_mle,3.45505
are,2016,agegroup_yearsall,sex_btsx,2.37987
are,2016,agegroup_yearsall,sex_fmle,0.61409
are,2016,agegroup_yearsall,sex_mle,3.33717
are,2017,agegroup_yearsall,sex_btsx,2.48125
are,2017,agegroup_yearsall,sex_fmle,0.61883
are,2017,agegroup_yearsall,sex_mle,3.49613
are,2018,agegroup_yearsall,sex_btsx,2.51452
are,2018,agegroup_yearsall,sex_fmle,0.6069
are,2018,agegroup_yearsall,sex_mle,3.55866
are,2019,agegroup_years15_19,sex_btsx,2.57
are,2019,agegroup_years15_19,sex_fmle,1.13
are,2019,agegroup_years15_19,sex_mle,3.82
are,2019,agegroup_years15_24,sex_btsx,5.67
are,2019,agegroup_years15_24,sex_fmle,1.78
are,2019,agegroup_years15_24,sex_mle,7.9
are,2019,agegroup_years15_29,sex_btsx,7.21
are,2019,agegroup_years15_29,sex_fmle,2.53
are,2019,agegroup_years15_29,sex_mle,9.26
are,2019,agegroup_years25_34,sex_btsx,8.11
are,2019,agegroup_years25_34,sex_fmle,3.82
are,2019,agegroup_years25_34,sex_mle,9.63
are,2019,agegroup_years30_49,sex_btsx,7.8
are,2019,agegroup_years30_49,sex_fmle,4.89
are,2019,agegroup_years30_49,sex_mle,8.84
are,2019,agegroup_years35_44,sex_btsx,7.88
are,2019,agegroup_years35_44,sex_fmle,5.89
are,2019,agegroup_years35_44,sex_mle,8.62
are,2019,agegroup_years45_54,sex_btsx,7.36
are,2019,agegroup_years45_54,sex_fmle,2.91
are,2019,agegroup_years45_54,sex_mle,8.79
are,2019,agegroup_years55_64,sex_btsx,7.05
are,2019,agegroup_years55_64,sex_fmle,3.7
are,2019,agegroup_years55_64,sex_mle,8.11
are,2019,agegroup_years65_74,sex_btsx,6.12
are,2019,agegroup_years65_74,sex_fmle,1.67
are,2019,agegroup_years65_74,sex_mle,8.5
are,2019,agegroup_years75_84,sex_btsx,9.21
are,2019,agegroup_years75_84,sex_fmle,7.81
are,2019,agegroup_years75_84,sex_mle,9.81
are,2019,agegroup_years85plus,sex_btsx,17.06
are,2019,agegroup_years85plus,sex_fmle,20.73
are,2019,agegroup_years85plus,sex_mle,14.47
are,2019,agegroup_yearsall,sex_btsx,2.46284
are,2019,agegroup_yearsall,sex_fmle,0.58695
are,2019,agegroup_yearsall,sex_mle,3.49449
are,2020,agegroup_yearsall,sex_btsx,2.37788
are,2020,agegroup_yearsall,sex_fmle,0.40071
are,2020,agegroup_yearsall,sex_mle,3.47165
are,2021,agegroup_yearsall,sex_btsx,1.70659
are,2021,agegroup_yearsall,sex_fmle,0.36249
are,2021,agegroup_yearsall,sex_mle,2.45538
arg,2000,agegroup_yearsall,sex_btsx,9.16712
arg,2000,agegroup_yearsall,sex_fmle,3.4554
arg,2000,agegroup_yearsall,sex_mle,15.04275
arg,2001,agegroup_yearsall,sex_btsx,10.33128
arg,2001,agegroup_yearsall,sex_fmle,4.08986
arg,2001,agegroup_yearsall,sex_mle,16.75075
arg,2002,agegroup_yearsall,sex_btsx,10.31487
arg,2002,agegroup_yearsall,sex_fmle,4.29776
arg,2002,agegroup_yearsall,sex_mle,16.50319
arg,2003,agegroup_yearsall,sex_btsx,9.73933
arg,2003,agegroup_yearsall,sex_fmle,3.88812
arg,2003,agegroup_yearsall,sex_mle,15.75631
arg,2004,agegroup_yearsall,sex_btsx,8.74717
arg,2004,agegroup_yearsall,sex_fmle,3.60727
arg,2004,agegroup_yearsall,sex_mle,14.03104
arg,2005,agegroup_yearsall,sex_btsx,8.64306
arg,2005,agegroup_yearsall,sex_fmle,3.68678
arg,2005,agegroup_yearsall,sex_mle,13.73587
arg,2006,agegroup_yearsall,sex_btsx,8.61028
arg,2006,agegroup_yearsall,sex_fmle,3.3267
arg,2006,agegroup_yearsall,sex_mle,14.03616
arg,2007,agegroup_yearsall,sex_btsx,8.30691
arg,2007,agegroup_yearsall,sex_fmle,3.31844
arg,2007,agegroup_yearsall,sex_mle,13.42576
arg,2008,agegroup_yearsall,sex_btsx,8.66866
arg,2008,agegroup_yearsall,sex_fmle,3.38165
arg,2008,agegroup_yearsall,sex_mle,14.08934
arg,2009,agegroup_yearsall,sex_btsx,8.43997
arg,2009,agegroup_yearsall,sex_fmle,3.26571
arg,2009,agegroup_yearsall,sex_mle,13.74042
arg,2010,agegroup_yearsall,sex_btsx,8.54167
arg,2010,agegroup_yearsall,sex_fmle,3.19746
arg,2010,agegroup_yearsall,sex_mle,14.01126
arg,2011,agegroup_yearsall,sex_btsx,8.62889
arg,2011,agegroup_yearsall,sex_fmle,3.36841
arg,2011,agegroup_yearsall,sex_mle,14.00853
arg,2012,agegroup_yearsall,sex_btsx,9.28402
arg,2012,agegroup_yearsall,sex_fmle,3.52522
arg,2012,agegroup_yearsall,sex_mle,15.16788
arg,2013,agegroup_yearsall,sex_btsx,8.80696
arg,2013,agegroup_yearsall,sex_fmle,3.25764
arg,2013,agegroup_yearsall,sex_mle,14.46995
arg,2014,agegroup_yearsall,sex_btsx,9.52593
arg,2014,agegroup_yearsall,sex_fmle,3.80583
arg,2014,agegroup_yearsall,sex_mle,15.35681
arg,2015,agegroup_yearsall,sex_btsx,8.77289
arg,2015,agegroup_yearsall,sex_fmle,3.39973
arg,2015,agegroup_yearsall,sex_mle,14.24624
arg,2016,agegroup_yearsall,sex_btsx,8.40539
arg,2016,agegroup_yearsall,sex_fmle,3.18496
arg,2016,agegroup_yearsall,sex_mle,13.72049
arg,2017,agegroup_yearsall,sex_btsx,9.02866
arg,2017,agegroup_yearsall,sex_fmle,3.61349
arg,2017,agegroup_yearsall,sex_mle,14.53821
arg,2018,agegroup_yearsall,sex_btsx,9.32674
arg,2018,agegroup_yearsall,sex_fmle,3.64069
arg,2018,agegroup_yearsall,sex_mle,15.10762
arg,2019,agegroup_years15_19,sex_btsx,9.9
arg,2019,agegroup_years15_19,sex_fmle,6.64
arg,2019,agegroup_years15_19,sex_mle,13.06
arg,2019,agegroup_years15_24,sex_btsx,11.77
arg,2019,agegroup_years15_24,sex_fmle,6.16
arg,2019,agegroup_years15_24,sex_mle,17.21
arg,2019,agegroup_years15_29,sex_btsx,11.89
arg,2019,agegroup_years15_29,sex_fmle,5.64
arg,2019,agegroup_years15_29,sex_mle,17.98
arg,2019,agegroup_years25_34,sex_btsx,11.14
arg,2019,agegroup_years25_34,sex_fmle,4.06
arg,2019,agegroup_years25_34,sex_mle,18.17
arg,2019,agegroup_years30_49,sex_btsx,9.65
arg,2019,agegroup_years30_49,sex_fmle,3.64
arg,2019,agegroup_years30_49,sex_mle,15.84
arg,2019,agegroup_years35_44,sex_btsx,9.6
arg,2019,agegroup_years35_44,sex_fmle,3.58
arg,2019,agegroup_years35_44,sex_mle,15.78
arg,2019,agegroup_years45_54,sex_btsx,9.63
arg,2019,agegroup_years45_54,sex_fmle,3.9
arg,2019,agegroup_years45_54,sex_mle,15.8
arg,2019,agegroup_years55_64,sex_btsx,10.48
arg,2019,agegroup_years55_64,sex_fmle,3.79
arg,2019,agegroup_years55_64,sex_mle,18.05
arg,2019,agegroup_years65_74,sex_btsx,11.03
arg,2019,agegroup_years65_74,sex_fmle,2.91
arg,2019,agegroup_years65_74,sex_mle,21.2
arg,2019,agegroup_years75_84,sex_btsx,13.91
arg,2019,agegroup_years75_84,sex_fmle,3.22
arg,2019,agegroup_years75_84,sex_mle,31.04
arg,2019,agegroup_years85plus,sex_btsx,15.83
arg,2019,agegroup_years85plus,sex_fmle,3.75
arg,2019,agegroup_years85plus,sex_mle,45.21
arg,2019,agegroup_yearsall,sex_btsx,9.27967
arg,2019,agegroup_yearsall,sex_fmle,3.4695
arg,2019,agegroup_yearsall,sex_mle,15.1831
arg,2020,agegroup_yearsall,sex_btsx,8.1218
arg,2020,agegroup_yearsall,sex_fmle,3.11562
arg,2020,agegroup_yearsall,sex_mle,13.2068
arg,2021,agegroup_yearsall,sex_btsx,7.93811
arg,2021,agegroup_yearsall,sex_fmle,3.37344
arg,2021,agegroup_yearsall,sex_mle,12.57508
arm,2000,agegroup_yearsall,sex_btsx,3.54505
arm,2000,agegroup_yearsall,sex_fmle,2.00981
arm,2000,agegroup_yearsall,sex_mle,5.29416
arm,2001,agegroup_yearsall,sex_btsx,3.20517
arm,2001,agegroup_yearsall,sex_fmle,1.37274
arm,2001,agegroup_yearsall,sex_mle,5.31286
arm,2002,agegroup_yearsall,sex_btsx,3.60602
arm,2002,agegroup_yearsall,sex_fmle,1.35333
arm,2002,agegroup_yearsall,sex_mle,6.20254
arm,2003,agegroup_yearsall,sex_btsx,2.81176
arm,2003,agegroup_yearsall,sex_fmle,1.18968
arm,2003,agegroup_yearsall,sex_mle,4.68328
arm,2004,agegroup_yearsall,sex_btsx,3.92253
arm,2004,agegroup_yearsall,sex_fmle,1.91037
arm,2004,agegroup_yearsall,sex_mle,6.24656
arm,2005,agegroup_yearsall,sex_btsx,4.24662
arm,2005,agegroup_yearsall,sex_fmle,2.09097
arm,2005,agegroup_yearsall,sex_mle,6.73919
arm,2006,agegroup_yearsall,sex_btsx,6.03607
arm,2006,agegroup_yearsall,sex_fmle,3.32305
arm,2006,agegroup_yearsall,sex_mle,9.17704
arm,2007,agegroup_yearsall,sex_btsx,5.98469
arm,2007,agegroup_yearsall,sex_fmle,3.16557
arm,2007,agegroup_yearsall,sex_mle,9.2528
arm,2008,agegroup_yearsall,sex_btsx,4.83262
arm,2008,agegroup_yearsall,sex_fmle,2.64414
arm,2008,agegroup_yearsall,sex_mle,7.37838
arm,2009,agegroup_yearsall,sex_btsx,4.74026
arm,2009,agegroup_yearsall,sex_fmle,1.89845
arm,2009,agegroup_yearsall,sex_mle,8.06521
arm,2010,agegroup_yearsall,sex_btsx,6.8827
arm,2010,agegroup_yearsall,sex_fmle,3.42136
arm,2010,agegroup_yearsall,sex_mle,10.95782
arm,2011,agegroup_yearsall,sex_btsx,6.72146
arm,2011,agegroup_yearsall,sex_fmle,4.19291
arm,2011,agegroup_yearsall,sex_mle,9.70603
arm,2012,agegroup_yearsall,sex_btsx,7.56367
arm,2012,agegroup_yearsall,sex_fmle,4.35602
arm,2012,agegroup_yearsall,sex_mle,11.34466
arm,2013,agegroup_yearsall,sex_btsx,6.46843
arm,2013,agegroup_yearsall,sex_fmle,5.09221
arm,2013,agegroup_yearsall,sex_mle,8.08828
arm,2014,agegroup_yearsall,sex_btsx,6.3587
arm,2014,agegroup_yearsall,sex_fmle,4.37287
arm,2014,agegroup_yearsall,sex_mle,8.6927
arm,2015,agegroup_yearsall,sex_btsx,6.11294
arm,2015,agegroup_yearsall,sex_fmle,3.56887
arm,2015,agegroup_yearsall,sex_mle,9.09905
arm,2016,agegroup_yearsall,sex_btsx,6.00463
arm,2016,agegroup_yearsall,sex_fmle,2.44834
arm,2016,agegroup_yearsall,sex_mle,10.1737
arm,2017,agegroup_yearsall,sex_btsx,3.20991
arm,2017,agegroup_yearsall,sex_fmle,0.70435
arm,2017,agegroup_yearsall,sex_mle,6.14406
arm,2018,agegroup_yearsall,sex_btsx,2.32262
arm,2018,agegroup_yearsall,sex_fmle,0.92889
arm,2018,agegroup_yearsall,sex_mle,3.95146
arm,2019,agegroup_years15_19,sex_btsx,1.01
arm,2019,agegroup_years15_19,sex_fmle,1.66
arm,2019,agegroup_years15_19,sex_mle,0.46
arm,2019,agegroup_years15_24,sex_btsx,1.29
arm,2019,agegroup_years15_24,sex_fmle,0.97
arm,2019,agegroup_years15_24,sex_mle,1.58
arm,2019,agegroup_years15_29,sex_btsx,1.26
arm,2019,agegroup_years15_29,sex_fmle,1.24
arm,2019,agegroup_years15_29,sex_mle,1.29
arm,2019,agegroup_years25_34,sex_btsx,1.44
arm,2019,agegroup_years25_34,sex_fmle,1.22
arm,2019,agegroup_years25_34,sex_mle,1.69
arm,2019,agegroup_years30_49,sex_btsx,2.71
arm,2019,agegroup_years30_49,sex_fmle,0.89
arm,2019,agegroup_years30_49,sex_mle,4.84
arm,2019,agegroup_years35_44,sex_btsx,3.23
arm,2019,agegroup_years35_44,sex_fmle,0.56
arm,2019,agegroup_years35_44,sex_mle,6.41
arm,2019,agegroup_years45_54,sex_btsx,4.48
arm,2019,agegroup_years45_54,sex_fmle,1.31
arm,2019,agegroup_years45_54,sex_mle,8.52
arm,2019,agegroup_years55_64,sex_btsx,4.85
arm,2019,agegroup_years55_64,sex_fmle,1.49
arm,2019,agegroup_years55_64,sex_mle,9.33
arm,2019,agegroup_years65_74,sex_btsx,6.61
arm,2019,agegroup_years65_74,sex_fmle,1.76
arm,2019,agegroup_years65_74,sex_mle,13.55
arm,2019,agegroup_years75_84,sex_btsx,13.74
arm,2019,agegroup_years75_84,sex_fmle,2.12
arm,2019,agegroup_years75_84,sex_mle,33.56
arm,2019,agegroup_years85plus,sex_btsx,27.89
arm,2019,agegroup_years85plus,sex_fmle,5.38
arm,2019,agegroup_years85plus,sex_mle,69.61
arm,2019,agegroup_yearsall,sex_btsx,2.69734
arm,2019,agegroup_yearsall,sex_fmle,0.4778
arm,2019,agegroup_yearsall,sex_mle,5.28396
arm,2020,agegroup_yearsall,sex_btsx,2.17875
arm,2020,agegroup_yearsall,sex_fmle,0.59534
arm,2020,agegroup_yearsall,sex_mle,4.02047
arm,2021,agegroup_yearsall,sex_btsx,2.45847
arm,2021,agegroup_yearsall,sex_fmle,0.98251
arm,2021,agegroup_yearsall,sex_mle,4.17308
atg,2000,agegroup_yearsall,sex_btsx,2.04436
atg,2000,agegroup_yearsall,sex_fmle,0
atg,2000,agegroup_yearsall,sex_mle,4.33735
atg,2001,agegroup_yearsall,sex_btsx,2.01303
atg,2001,agegroup_yearsall,sex_fmle,0
atg,2001,agegroup_yearsall,sex_mle,4.27641
atg,2002,agegroup_yearsall,sex_btsx,1.38015
atg,2002,agegroup_yearsall,sex_fmle,0
atg,2002,agegroup_yearsall,sex_mle,2.93206
atg,2003,agegroup_yearsall,sex_btsx,1.33483
atg,2003,agegroup_yearsall,sex_fmle,0
atg,2003,agegroup_yearsall,sex_mle,2.83399
atg,2004,agegroup_yearsall,sex_btsx,1.81229
atg,2004,agegroup_yearsall,sex_fmle,0
atg,2004,agegroup_yearsall,sex_mle,3.84472
atg,2005,agegroup_yearsall,sex_btsx,1.33919
atg,2005,agegroup_yearsall,sex_fmle,0
atg,2005,agegroup_yearsall,sex_mle,2.83926
atg,2006,agegroup_yearsall,sex_btsx,0.46941
atg,2006,agegroup_yearsall,sex_fmle,0
atg,2006,agegroup_yearsall,sex_mle,0.99432
atg,2007,agegroup_yearsall,sex_btsx,0.37551
atg,2007,agegroup_yearsall,sex_fmle,0
atg,2007,agegroup_yearsall,sex_mle,0.79473
atg,2008,agegroup_yearsall,sex_btsx,0.28539
atg,2008,agegroup_yearsall,sex_fmle,0
atg,2008,agegroup_yearsall,sex_mle,0.60348
atg,2009,agegroup_yearsall,sex_btsx,0
atg,2009,agegroup_yearsall,sex_fmle,0
atg,2009,agegroup_yearsall,sex_mle,0
atg,2010,agegroup_yearsall,sex_btsx,0
atg,2010,agegroup_yearsall,sex_fmle,0
atg,2010,agegroup_yearsall,sex_mle,0
atg,2011,agegroup_yearsall,sex_btsx,0
atg,2011,agegroup_yearsall,sex_fmle,0
atg,2011,agegroup_yearsall,sex_mle,0
atg,2012,agegroup_yearsall,sex_btsx,0
atg,2012,agegroup_yearsall,sex_fmle,0
atg,2012,agegroup_yearsall,sex_mle,0
atg,2013,agegroup_yearsall,sex_btsx,0
atg,2013,agegroup_yearsall,sex_fmle,0
atg,2013,agegroup_yearsall,sex_mle,0
atg,2014,agegroup_yearsall,sex_btsx,0.46742
atg,2014,agegroup_yearsall,sex_fmle,0.88951
atg,2014,agegroup_yearsall,sex_mle,0
atg,2015,agegroup_yearsall,sex_btsx,0.46916
atg,2015,agegroup_yearsall,sex_fmle,0.89313
atg,2015,agegroup_yearsall,sex_mle,0
atg,2016,agegroup_yearsall,sex_btsx,0.58012
atg,2016,agegroup_yearsall,sex_fmle,1.10467
atg,2016,agegroup_yearsall,sex_mle,0
atg,2017,agegroup_yearsall,sex_btsx,0
atg,2017,agegroup_yearsall,sex_fmle,0
atg,2017,agegroup_yearsall,sex_mle,0
atg,2018,agegroup_yearsall,sex_btsx,0
atg,2018,agegroup_yearsall,sex_fmle,0
atg,2018,agegroup_yearsall,sex_mle,0
atg,2019,agegroup_years15_19,sex_btsx,0
atg,2019,agegroup_years15_19,sex_fmle,0
atg,2019,agegroup_years15_19,sex_mle,0
atg,2019,agegroup_years15_24,sex_btsx,0
atg,2019,agegroup_years15_24,sex_fmle,0
atg,2019,agegroup_years15_24,sex_mle,0
atg,2019,agegroup_years15_29,sex_btsx,0
atg,2019,agegroup_years15_29,sex_fmle,0
atg,2019,agegroup_years15_29,sex_mle,0
atg,2019,agegroup_years25_34,sex_btsx,0
atg,2019,agegroup_years25_34,sex_fmle,0
atg,2019,agegroup_years25_34,sex_mle,0
atg,2019,agegroup_years30_49,sex_btsx,0
atg,2019,agegroup_years30_49,sex_fmle,0
atg,2019,agegroup_years30_49,sex_mle,0
atg,2019,agegroup_years35_44,sex_btsx,0
atg,2019,agegroup_years35_44,sex_fmle,0
atg,2019,agegroup_years35_44,sex_mle,0
atg,2019,agegroup_years45_54,sex_btsx,0
atg,2019,agegroup_years45_54,sex_fmle,0
atg,2019,agegroup_years45_54,sex_mle,0
atg,2019,agegroup_years55_64,sex_btsx,3.71
atg,2019,agegroup_years55_64,sex_fmle,6.93
atg,2019,agegroup_years55_64,sex_mle,0
atg,2019,agegroup_years65_74,sex_btsx,0
atg,2019,agegroup_years65_74,sex_fmle,0
atg,2019,agegroup_years65_74,sex_mle,0
atg,2019,agegroup_years75_84,sex_btsx,0
atg,2019,agegroup_years75_84,sex_fmle,0
atg,2019,agegroup_years75_84,sex_mle,0
atg,2019,agegroup_years85plus,sex_btsx,0
atg,2019,agegroup_years85plus,sex_fmle,0
atg,2019,agegroup_years85plus,sex_mle,0
atg,2019,agegroup_yearsall,sex_btsx,0
atg,2019,agegroup_yearsall,sex_fmle,0
atg,2019,agegroup_yearsall,sex_mle,0
atg,2020,agegroup_yearsall,sex_btsx,0.77336
atg,2020,agegroup_yearsall,sex_fmle,0.81106
atg,2020,agegroup_yearsall,sex_mle,0.73176
atg,2021,agegroup_yearsall,sex_btsx,1.45599
atg,2021,agegroup_yearsall,sex_fmle,1.28167
atg,2021,agegroup_yearsall,sex_mle,1.64821
aus,2000,agegroup_yearsall,sex_btsx,12.82553
aus,2000,agegroup_yearsall,sex_fmle,5.66377
aus,2000,agegroup_yearsall,sex_mle,20.09276
aus,2001,agegroup_yearsall,sex_btsx,13.03573
aus,2001,agegroup_yearsall,sex_fmle,5.76327
aus,2001,agegroup_yearsall,sex_mle,20.41777
aus,2002,agegroup_yearsall,sex_btsx,12.15223
aus,2002,agegroup_yearsall,sex_fmle,5.60383
aus,2002,agegroup_yearsall,sex_mle,18.79788
aus,2003,agegroup_yearsall,sex_btsx,11.07803
aus,2003,agegroup_yearsall,sex_fmle,5.04173
aus,2003,agegroup_yearsall,sex_mle,17.20204
aus,2004,agegroup_yearsall,sex_btsx,10.78504
aus,2004,agegroup_yearsall,sex_fmle,4.81602
aus,2004,agegroup_yearsall,sex_mle,16.83861
aus,2005,agegroup_yearsall,sex_btsx,11.66995
aus,2005,agegroup_yearsall,sex_fmle,5.3138
aus,2005,agegroup_yearsall,sex_mle,18.113
aus,2006,agegroup_yearsall,sex_btsx,11.21219
aus,2006,agegroup_yearsall,sex_fmle,5.45361
aus,2006,agegroup_yearsall,sex_mle,17.04505
aus,2007,agegroup_yearsall,sex_btsx,11.49788
aus,2007,agegroup_yearsall,sex_fmle,5.7573
aus,2007,agegroup_yearsall,sex_mle,17.30499
aus,2008,agegroup_yearsall,sex_btsx,12.1038
aus,2008,agegroup_yearsall,sex_fmle,5.44203
aus,2008,agegroup_yearsall,sex_mle,18.83166
aus,2009,agegroup_yearsall,sex_btsx,11.64501
aus,2009,agegroup_yearsall,sex_fmle,5.77505
aus,2009,agegroup_yearsall,sex_mle,17.56635
aus,2010,agegroup_yearsall,sex_btsx,12.13409
aus,2010,agegroup_yearsall,sex_fmle,5.86617
aus,2010,agegroup_yearsall,sex_mle,18.45626
aus,2011,agegroup_yearsall,sex_btsx,11.56907
aus,2011,agegroup_yearsall,sex_fmle,5.92928
aus,2011,agegroup_yearsall,sex_mle,17.25991
aus,2012,agegroup_yearsall,sex_btsx,12.15989
aus,2012,agegroup_yearsall,sex_fmle,6.45059
aus,2012,agegroup_yearsall,sex_mle,17.9231
aus,2013,agegroup_yearsall,sex_btsx,11.92302
aus,2013,agegroup_yearsall,sex_fmle,6.22819
aus,2013,agegroup_yearsall,sex_mle,17.67666
aus,2014,agegroup_yearsall,sex_btsx,13.093
aus,2014,agegroup_yearsall,sex_fmle,6.63939
aus,2014,agegroup_yearsall,sex_mle,19.62354
aus,2015,agegroup_yearsall,sex_btsx,13.64481
aus,2015,agegroup_yearsall,sex_fmle,6.97744
aus,2015,agegroup_yearsall,sex_mle,20.40358
aus,2016,agegroup_yearsall,sex_btsx,12.5032
aus,2016,agegroup_yearsall,sex_fmle,6.56176
aus,2016,agegroup_yearsall,sex_mle,18.53415
aus,2017,agegroup_yearsall,sex_btsx,13.89943
aus,2017,agegroup_yearsall,sex_fmle,7.35084
aus,2017,agegroup_yearsall,sex_mle,20.54893
aus,2018,agegroup_yearsall,sex_btsx,13.40378
aus,2018,agegroup_yearsall,sex_fmle,6.69909
aus,2018,agegroup_yearsall,sex_mle,20.2099
aus,2019,agegroup_years15_19,sex_btsx,10.22
aus,2019,agegroup_years15_19,sex_fmle,5.94
aus,2019,agegroup_years15_19,sex_mle,14.31
aus,2019,agegroup_years15_24,sex_btsx,11.8
aus,2019,agegroup_years15_24,sex_fmle,5.71
aus,2019,agegroup_years15_24,sex_mle,17.65
aus,2019,agegroup_years15_29,sex_btsx,12.29
aus,2019,agegroup_years15_29,sex_fmle,5.76
aus,2019,agegroup_years15_29,sex_mle,18.55
aus,2019,agegroup_years25_34,sex_btsx,14.36
aus,2019,agegroup_years25_34,sex_fmle,6.37
aus,2019,agegroup_years25_34,sex_mle,22.18
aus,2019,agegroup_years30_49,sex_btsx,17.41
aus,2019,agegroup_years30_49,sex_fmle,8.11
aus,2019,agegroup_years30_49,sex_mle,26.76
aus,2019,agegroup_years35_44,sex_btsx,17.17
aus,2019,agegroup_years35_44,sex_fmle,8.08
aus,2019,agegroup_years35_44,sex_mle,26.32
aus,2019,agegroup_years45_54,sex_btsx,18.83
aus,2019,agegroup_years45_54,sex_fmle,10.15
aus,2019,agegroup_years45_54,sex_mle,27.7
aus,2019,agegroup_years55_64,sex_btsx,16.15
aus,2019,agegroup_years55_64,sex_fmle,7.78
aus,2019,agegroup_years55_64,sex_mle,24.8
aus,2019,agegroup_years65_74,sex_btsx,11.39
aus,2019,agegroup_years65_74,sex_fmle,5.93
aus,2019,agegroup_years65_74,sex_mle,17.12
aus,2019,agegroup_years75_84,sex_btsx,14.51
aus,2019,agegroup_years75_84,sex_fmle,8.77
aus,2019,agegroup_years75_84,sex_mle,20.93
aus,2019,agegroup_years85plus,sex_btsx,16.05
aus,2019,agegroup_years85plus,sex_fmle,9.05
aus,2019,agegroup_years85plus,sex_mle,27.16
aus,2019,agegroup_yearsall,sex_btsx,13.98477
aus,2019,agegroup_yearsall,sex_fmle,7.06955
aus,2019,agegroup_yearsall,sex_mle,21.00437
aus,2020,agegroup_yearsall,sex_btsx,13.03076
aus,2020,agegroup_yearsall,sex_fmle,6.53383
aus,2020,agegroup_yearsall,sex_mle,19.62753
aus,2021,agegroup_yearsall,sex_btsx,13.0757
aus,2021,agegroup_yearsall,sex_fmle,6.73083
aus,2021,agegroup_yearsall,sex_mle,19.51796
aut,2000,agegroup_yearsall,sex_btsx,19.75339
aut,2000,agegroup_yearsall,sex_fmle,10.47886
aut,2000,agegroup_yearsall,sex_mle,29.65588
aut,2001,agegroup_yearsall,sex_btsx,18.50805
aut,2001,agegroup_yearsall,sex_fmle,10.00021
aut,2001,agegroup_yearsall,sex_mle,27.57128
aut,2002,agegroup_yearsall,sex_btsx,19.41328
aut,2002,agegroup_yearsall,sex_fmle,8.89288
aut,2002,agegroup_yearsall,sex_mle,30.59237
aut,2003,agegroup_yearsall,sex_btsx,17.98956
aut,2003,agegroup_yearsall,sex_fmle,9.4083
aut,2003,agegroup_yearsall,sex_mle,27.0923
aut,2004,agegroup_yearsall,sex_btsx,17.38307
aut,2004,agegroup_yearsall,sex_fmle,8.36651
aut,2004,agegroup_yearsall,sex_mle,26.9333
aut,2005,agegroup_yearsall,sex_btsx,17.22405
aut,2005,agegroup_yearsall,sex_fmle,8.537
aut,2005,agegroup_yearsall,sex_mle,26.40848
aut,2006,agegroup_yearsall,sex_btsx,16.27586
aut,2006,agegroup_yearsall,sex_fmle,7.43246
aut,2006,agegroup_yearsall,sex_mle,25.61313
aut,2007,agegroup_yearsall,sex_btsx,15.97507
aut,2007,agegroup_yearsall,sex_fmle,7.90099
aut,2007,agegroup_yearsall,sex_mle,24.49602
aut,2008,agegroup_yearsall,sex_btsx,15.72352
aut,2008,agegroup_yearsall,sex_fmle,7.52413
aut,2008,agegroup_yearsall,sex_mle,24.37353
aut,2009,agegroup_yearsall,sex_btsx,15.8401
aut,2009,agegroup_yearsall,sex_fmle,7.50621
aut,2009,agegroup_yearsall,sex_mle,24.62656
aut,2010,agegroup_yearsall,sex_btsx,16.05188
aut,2010,agegroup_yearsall,sex_fmle,7.52391
aut,2010,agegroup_yearsall,sex_mle,25.03778
aut,2011,agegroup_yearsall,sex_btsx,16.26019
aut,2011,agegroup_yearsall,sex_fmle,7.86892
aut,2011,agegroup_yearsall,sex_mle,25.09276
aut,2012,agegroup_yearsall,sex_btsx,16.16859
aut,2012,agegroup_yearsall,sex_fmle,7.31206
aut,2012,agegroup_yearsall,sex_mle,25.47447
aut,2013,agegroup_yearsall,sex_btsx,16.09023
aut,2013,agegroup_yearsall,sex_fmle,7.89642
aut,2013,agegroup_yearsall,sex_mle,24.68225
aut,2014,agegroup_yearsall,sex_btsx,16.58685
aut,2014,agegroup_yearsall,sex_fmle,8.13787
aut,2014,agegroup_yearsall,sex_mle,25.42184
aut,2015,agegroup_yearsall,sex_btsx,16.06662
aut,2015,agegroup_yearsall,sex_fmle,7.55575
aut,2015,agegroup_yearsall,sex_mle,24.91885
aut,2016,agegroup_yearsall,sex_btsx,15.63208
aut,2016,agegroup_yearsall,sex_fmle,7.76027
aut,2016,agegroup_yearsall,sex_mle,23.78209
aut,2017,agegroup_yearsall,sex_btsx,15.49871
aut,2017,agegroup_yearsall,sex_fmle,6.59014
aut,2017,agegroup_yearsall,sex_mle,24.70915
aut,2018,agegroup_yearsall,sex_btsx,15.70386
aut,2018,agegroup_yearsall,sex_fmle,6.84596
aut,2018,agegroup_yearsall,sex_mle,24.85686
aut,2019,agegroup_years15_19,sex_btsx,6.44
aut,2019,agegroup_years15_19,sex_fmle,2.43
aut,2019,agegroup_years15_19,sex_mle,10.21
aut,2019,agegroup_years15_24,sex_btsx,7.77
aut,2019,agegroup_years15_24,sex_fmle,2.7
aut,2019,agegroup_years15_24,sex_mle,12.51
aut,2019,agegroup_years15_29,sex_btsx,7.9
aut,2019,agegroup_years15_29,sex_fmle,2.6
aut,2019,agegroup_years15_29,sex_mle,12.89
aut,2019,agegroup_years25_34,sex_btsx,9.58
aut,2019,agegroup_years25_34,sex_fmle,2.68
aut,2019,agegroup_years25_34,sex_mle,16.2
aut,2019,agegroup_years30_49,sex_btsx,14.43
aut,2019,agegroup_years30_49,sex_fmle,6.33
aut,2019,agegroup_years30_49,sex_mle,22.43
aut,2019,agegroup_years35_44,sex_btsx,14.11
aut,2019,agegroup_years35_44,sex_fmle,7.61
aut,2019,agegroup_years35_44,sex_mle,20.53
aut,2019,agegroup_years45_54,sex_btsx,19.65
aut,2019,agegroup_years45_54,sex_fmle,11.71
aut,2019,agegroup_years45_54,sex_mle,27.58
aut,2019,agegroup_years55_64,sex_btsx,17.24
aut,2019,agegroup_years55_64,sex_fmle,9.04
aut,2019,agegroup_years55_64,sex_mle,25.64
aut,2019,agegroup_years65_74,sex_btsx,18.1
aut,2019,agegroup_years65_74,sex_fmle,7.04
aut,2019,agegroup_years65_74,sex_mle,30.75
aut,2019,agegroup_years75_84,sex_btsx,33
aut,2019,agegroup_years75_84,sex_fmle,11.39
aut,2019,agegroup_years75_84,sex_mle,61.86
aut,2019,agegroup_years85plus,sex_btsx,34.32
aut,2019,agegroup_years85plus,sex_fmle,9.82
aut,2019,agegroup_years85plus,sex_mle,84.43
aut,2019,agegroup_yearsall,sex_btsx,14.58398
aut,2019,agegroup_yearsall,sex_fmle,6.66345
aut,2019,agegroup_yearsall,sex_mle,22.76543
aut,2020,agegroup_yearsall,sex_btsx,13.99738
aut,2020,agegroup_yearsall,sex_fmle,6.26633
aut,2020,agegroup_yearsall,sex_mle,21.98073
aut,2021,agegroup_yearsall,sex_btsx,14.51307
aut,2021,agegroup_yearsall,sex_fmle,5.74753
aut,2021,agegroup_yearsall,sex_mle,23.56288
aze,2000,agegroup_yearsall,sex_btsx,2.47562
aze,2000,agegroup_yearsall,sex_fmle,1.32502
aze,2000,agegroup_yearsall,sex_mle,3.76621
aze,2001,agegroup_yearsall,sex_btsx,2.4963
aze,2001,agegroup_yearsall,sex_fmle,1.30215
aze,2001,agegroup_yearsall,sex_mle,3.83084
aze,2002,agegroup_yearsall,sex_btsx,2.58371
aze,2002,agegroup_yearsall,sex_fmle,1.32089
aze,2002,agegroup_yearsall,sex_mle,3.98986
aze,2003,agegroup_yearsall,sex_btsx,2.79872
aze,2003,agegroup_yearsall,sex_fmle,1.36943
aze,2003,agegroup_yearsall,sex_mle,4.3847
aze,2004,agegroup_yearsall,sex_btsx,2.82595
aze,2004,agegroup_yearsall,sex_fmle,1.30236
aze,2004,agegroup_yearsall,sex_mle,4.51022
aze,2005,agegroup_yearsall,sex_btsx,3.19253
aze,2005,agegroup_yearsall,sex_fmle,1.46227
aze,2005,agegroup_yearsall,sex_mle,5.09719
aze,2006,agegroup_yearsall,sex_btsx,3.15153
aze,2006,agegroup_yearsall,sex_fmle,1.43088
aze,2006,agegroup_yearsall,sex_mle,5.03752
aze,2007,agegroup_yearsall,sex_btsx,2.97173
aze,2007,agegroup_yearsall,sex_fmle,1.40568
aze,2007,agegroup_yearsall,sex_mle,4.6811
aze,2008,agegroup_yearsall,sex_btsx,3.01757
aze,2008,agegroup_yearsall,sex_fmle,1.39191
aze,2008,agegroup_yearsall,sex_mle,4.7849
aze,2009,agegroup_yearsall,sex_btsx,2.79799
aze,2009,agegroup_yearsall,sex_fmle,1.32511
aze,2009,agegroup_yearsall,sex_mle,4.3938
aze,2010,agegroup_yearsall,sex_btsx,2.7629
aze,2010,agegroup_yearsall,sex_fmle,1.30735
aze,2010,agegroup_yearsall,sex_mle,4.33532
aze,2011,agegroup_yearsall,sex_btsx,2.72642
aze,2011,agegroup_yearsall,sex_fmle,1.26664
aze,2011,agegroup_yearsall,sex_mle,4.29871
aze,2012,agegroup_yearsall,sex_btsx,2.49316
aze,2012,agegroup_yearsall,sex_fmle,1.19594
aze,2012,agegroup_yearsall,sex_mle,3.88603
aze,2013,agegroup_yearsall,sex_btsx,2.25876
aze,2013,agegroup_yearsall,sex_fmle,1.13592
aze,2013,agegroup_yearsall,sex_mle,3.46063
aze,2014,agegroup_yearsall,sex_btsx,2.12818
aze,2014,agegroup_yearsall,sex_fmle,1.09282
aze,2014,agegroup_yearsall,sex_mle,3.23319
aze,2015,agegroup_yearsall,sex_btsx,1.99577
aze,2015,agegroup_yearsall,sex_fmle,1.01201
aze,2015,agegroup_yearsall,sex_mle,3.04293
aze,2016,agegroup_yearsall,sex_btsx,1.90638
aze,2016,agegroup_yearsall,sex_fmle,0.96015
aze,2016,agegroup_yearsall,sex_mle,2.90916
aze,2017,agegroup_yearsall,sex_btsx,1.88532
aze,2017,agegroup_yearsall,sex_fmle,0.89595
aze,2017,agegroup_yearsall,sex_mle,2.92774
aze,2018,agegroup_yearsall,sex_btsx,1.79525
aze,2018,agegroup_yearsall,sex_fmle,0.84911
aze,2018,agegroup_yearsall,sex_mle,2.7873
aze,2019,agegroup_years15_19,sex_btsx,2.94
aze,2019,agegroup_years15_19,sex_fmle,1.25
aze,2019,agegroup_years15_19,sex_mle,4.41
aze,2019,agegroup_years15_24,sex_btsx,4
aze,2019,agegroup_years15_24,sex_fmle,1.34
aze,2019,agegroup_years15_24,sex_mle,6.38
aze,2019,agegroup_years15_29,sex_btsx,4.37
aze,2019,agegroup_years15_29,sex_fmle,1.36
aze,2019,agegroup_years15_29,sex_mle,7.16
aze,2019,agegroup_years25_34,sex_btsx,4.89
aze,2019,agegroup_years25_34,sex_fmle,1.36
aze,2019,agegroup_years25_34,sex_mle,8.43
aze,2019,agegroup_years30_49,sex_btsx,5.19
aze,2019,agegroup_years30_49,sex_fmle,1.49
aze,2019,agegroup_years30_49,sex_mle,9.01
aze,2019,agegroup_years35_44,sex_btsx,5.42
aze,2019,agegroup_years35_44,sex_fmle,1.5
aze,2019,agegroup_years35_44,sex_mle,9.42
aze,2019,agegroup_years45_54,sex_btsx,5.25
aze,2019,agegroup_years45_54,sex_fmle,1.73
aze,2019,agegroup_years45_54,sex_mle,9.14
aze,2019,agegroup_years55_64,sex_btsx,5.7
aze,2019,agegroup_years55_64,sex_fmle,2.35
aze,2019,agegroup_years55_64,sex_mle,9.5
aze,2019,agegroup_years65_74,sex_btsx,6.82
aze,2019,agegroup_years65_74,sex_fmle,3.57
aze,2019,agegroup_years65_74,sex_mle,10.93
aze,2019,agegroup_years75_84,sex_btsx,10.4
aze,2019,agegroup_years75_84,sex_fmle,7.36
aze,2019,agegroup_years75_84,sex_mle,15.22
aze,2019,agegroup_years85plus,sex_btsx,23.97
aze,2019,agegroup_years85plus,sex_fmle,16.87
aze,2019,agegroup_years85plus,sex_mle,38.35
aze,2019,agegroup_yearsall,sex_btsx,1.83292
aze,2019,agegroup_yearsall,sex_fmle,0.87533
aze,2019,agegroup_yearsall,sex_mle,2.8341
aze,2020,agegroup_yearsall,sex_btsx,3.23114
aze,2020,agegroup_yearsall,sex_fmle,0.92651
aze,2020,agegroup_yearsall,sex_mle,5.63813
aze,2021,agegroup_yearsall,sex_btsx,1.55886
aze,2021,agegroup_yearsall,sex_fmle,0.81744
aze,2021,agegroup_yearsall,sex_mle,2.33247
bdi,2000,agegroup_yearsall,sex_btsx,10.9303
bdi,2000,agegroup_yearsall,sex_fmle,7.15064
bdi,2000,agegroup_yearsall,sex_mle,14.82451
bdi,2001,agegroup_yearsall,sex_btsx,10.31957
bdi,2001,agegroup_yearsall,sex_fmle,6.87491
bdi,2001,agegroup_yearsall,sex_mle,13.86801
bdi,2002,agegroup_yearsall,sex_btsx,9.82127
bdi,2002,agegroup_yearsall,sex_fmle,6.44636
bdi,2002,agegroup_yearsall,sex_mle,13.2963
bdi,2003,agegroup_yearsall,sex_btsx,9.36143
bdi,2003,agegroup_yearsall,sex_fmle,5.96803
bdi,2003,agegroup_yearsall,sex_mle,12.85262
bdi,2004,agegroup_yearsall,sex_btsx,9.02145
bdi,2004,agegroup_yearsall,sex_fmle,5.7032
bdi,2004,agegroup_yearsall,sex_mle,12.43151
bdi,2005,agegroup_yearsall,sex_btsx,8.41991
bdi,2005,agegroup_yearsall,sex_fmle,5.26051
bdi,2005,agegroup_yearsall,sex_mle,11.66305
bdi,2006,agegroup_yearsall,sex_btsx,8.14947
bdi,2006,agegroup_yearsall,sex_fmle,5.04451
bdi,2006,agegroup_yearsall,sex_mle,11.33322
bdi,2007,agegroup_yearsall,sex_btsx,7.66903
bdi,2007,agegroup_yearsall,sex_fmle,4.64929
bdi,2007,agegroup_yearsall,sex_mle,10.76188
bdi,2008,agegroup_yearsall,sex_btsx,7.23824
bdi,2008,agegroup_yearsall,sex_fmle,4.33455
bdi,2008,agegroup_yearsall,sex_mle,10.2087
bdi,2009,agegroup_yearsall,sex_btsx,7.28705
bdi,2009,agegroup_yearsall,sex_fmle,4.296
bdi,2009,agegroup_yearsall,sex_mle,10.34271
bdi,2010,agegroup_yearsall,sex_btsx,7.31448
bdi,2010,agegroup_yearsall,sex_fmle,4.24763
bdi,2010,agegroup_yearsall,sex_mle,10.44369
bdi,2011,agegroup_yearsall,sex_btsx,7.20615
bdi,2011,agegroup_yearsall,sex_fmle,4.15833
bdi,2011,agegroup_yearsall,sex_mle,10.31297
bdi,2012,agegroup_yearsall,sex_btsx,7.07416
bdi,2012,agegroup_yearsall,sex_fmle,4.03294
bdi,2012,agegroup_yearsall,sex_mle,10.17137
bdi,2013,agegroup_yearsall,sex_btsx,7.04441
bdi,2013,agegroup_yearsall,sex_fmle,3.96667
bdi,2013,agegroup_yearsall,sex_mle,10.17603
bdi,2014,agegroup_yearsall,sex_btsx,7.07799
bdi,2014,agegroup_yearsall,sex_fmle,3.90029
bdi,2014,agegroup_yearsall,sex_mle,10.30877
bdi,2015,agegroup_yearsall,sex_btsx,6.88431
bdi,2015,agegroup_yearsall,sex_fmle,3.74184
bdi,2015,agegroup_yearsall,sex_mle,10.07774
bdi,2016,agegroup_yearsall,sex_btsx,6.98255
bdi,2016,agegroup_yearsall,sex_fmle,3.75645
bdi,2016,agegroup_yearsall,sex_mle,10.25985
bdi,2017,agegroup_yearsall,sex_btsx,6.97722
bdi,2017,agegroup_yearsall,sex_fmle,3.71794
bdi,2017,agegroup_yearsall,sex_mle,10.28667
bdi,2018,agegroup_yearsall,sex_btsx,6.93862
bdi,2018,agegroup_yearsall,sex_fmle,3.65194
bdi,2018,agegroup_yearsall,sex_mle,10.27406
bdi,2019,agegroup_years15_19,sex_btsx,3.64
bdi,2019,agegroup_years15_19,sex_fmle,2.41
bdi,2019,agegroup_years15_19,sex_mle,4.87
bdi,2019,agegroup_years15_24,sex_btsx,4.42
bdi,2019,agegroup_years15_24,sex_fmle,2.43
bdi,2019,agegroup_years15_24,sex_mle,6.42
bdi,2019,agegroup_years15_29,sex_btsx,4.82
bdi,2019,agegroup_years15_29,sex_fmle,2.53
bdi,2019,agegroup_years15_29,sex_mle,7.13
bdi,2019,agegroup_years25_34,sex_btsx,5.99
bdi,2019,agegroup_years25_34,sex_fmle,2.7
bdi,2019,agegroup_years25_34,sex_mle,9.35
bdi,2019,agegroup_years30_49,sex_btsx,9.03
bdi,2019,agegroup_years30_49,sex_fmle,3.78
bdi,2019,agegroup_years30_49,sex_mle,14.47
bdi,2019,agegroup_years35_44,sex_btsx,9.4
bdi,2019,agegroup_years35_44,sex_fmle,3.82
bdi,2019,agegroup_years35_44,sex_mle,15.16
bdi,2019,agegroup_years45_54,sex_btsx,18.63
bdi,2019,agegroup_years45_54,sex_fmle,9.28
bdi,2019,agegroup_years45_54,sex_mle,29.32
bdi,2019,agegroup_years55_64,sex_btsx,30.02
bdi,2019,agegroup_years55_64,sex_fmle,16.95
bdi,2019,agegroup_years55_64,sex_mle,44.65
bdi,2019,agegroup_years65_74,sex_btsx,42.37
bdi,2019,agegroup_years65_74,sex_fmle,23.86
bdi,2019,agegroup_years65_74,sex_mle,64.35
bdi,2019,agegroup_years75_84,sex_btsx,59.01
bdi,2019,agegroup_years75_84,sex_fmle,32.5
bdi,2019,agegroup_years75_84,sex_mle,97.84
bdi,2019,agegroup_years85plus,sex_btsx,130.95
bdi,2019,agegroup_years85plus,sex_fmle,66.38
bdi,2019,agegroup_years85plus,sex_mle,243.84
bdi,2019,agegroup_yearsall,sex_btsx,6.88138
bdi,2019,agegroup_yearsall,sex_fmle,3.63426
bdi,2019,agegroup_yearsall,sex_mle,10.17492
bdi,2020,agegroup_yearsall,sex_btsx,6.67431
bdi,2020,agegroup_yearsall,sex_fmle,3.48575
bdi,2020,agegroup_yearsall,sex_mle,9.90721
bdi,2021,agegroup_yearsall,sex_btsx,7.65168
bdi,2021,agegroup_yearsall,sex_fmle,3.88873
bdi,2021,agegroup_yearsall,sex_mle,11.46591
bel,2000,agegroup_yearsall,sex_btsx,22.06645
bel,2000,agegroup_yearsall,sex_fmle,12.93076
bel,2000,agegroup_yearsall,sex_mle,31.61649
bel,2001,agegroup_yearsall,sex_btsx,22.25492
bel,2001,agegroup_yearsall,sex_fmle,12.09036
bel,2001,agegroup_yearsall,sex_mle,32.87686
bel,2002,agegroup_yearsall,sex_btsx,20.96137
bel,2002,agegroup_yearsall,sex_fmle,11.95631
bel,2002,agegroup_yearsall,sex_mle,30.36469
bel,2003,agegroup_yearsall,sex_btsx,21.44371
bel,2003,agegroup_yearsall,sex_fmle,11.58969
bel,2003,agegroup_yearsall,sex_mle,31.72852
bel,2004,agegroup_yearsall,sex_btsx,20.31948
bel,2004,agegroup_yearsall,sex_fmle,11.17206
bel,2004,agegroup_yearsall,sex_mle,29.86605
bel,2005,agegroup_yearsall,sex_btsx,20.66397
bel,2005,agegroup_yearsall,sex_fmle,11.44428
bel,2005,agegroup_yearsall,sex_mle,30.28516
bel,2006,agegroup_yearsall,sex_btsx,20.28559
bel,2006,agegroup_yearsall,sex_fmle,11.77697
bel,2006,agegroup_yearsall,sex_mle,29.16122
bel,2007,agegroup_yearsall,sex_btsx,18.73565
bel,2007,agegroup_yearsall,sex_fmle,11.04276
bel,2007,agegroup_yearsall,sex_mle,26.75457
bel,2008,agegroup_yearsall,sex_btsx,20.23714
bel,2008,agegroup_yearsall,sex_fmle,11.49612
bel,2008,agegroup_yearsall,sex_mle,29.34042
bel,2009,agegroup_yearsall,sex_btsx,20.56384
bel,2009,agegroup_yearsall,sex_fmle,11.81542
bel,2009,agegroup_yearsall,sex_mle,29.65945
bel,2010,agegroup_yearsall,sex_btsx,20.52935
bel,2010,agegroup_yearsall,sex_fmle,12.21066
bel,2010,agegroup_yearsall,sex_mle,29.15946
bel,2011,agegroup_yearsall,sex_btsx,21.21335
bel,2011,agegroup_yearsall,sex_fmle,12.87996
bel,2011,agegroup_yearsall,sex_mle,29.84789
bel,2012,agegroup_yearsall,sex_btsx,20.89961
bel,2012,agegroup_yearsall,sex_fmle,11.81091
bel,2012,agegroup_yearsall,sex_mle,30.3106
bel,2013,agegroup_yearsall,sex_btsx,19.61949
bel,2013,agegroup_yearsall,sex_fmle,11.93263
bel,2013,agegroup_yearsall,sex_mle,27.57628
bel,2014,agegroup_yearsall,sex_btsx,19.41666
bel,2014,agegroup_yearsall,sex_fmle,12.15086
bel,2014,agegroup_yearsall,sex_mle,26.93457
bel,2015,agegroup_yearsall,sex_btsx,18.60678
bel,2015,agegroup_yearsall,sex_fmle,11.68143
bel,2015,agegroup_yearsall,sex_mle,25.75786
bel,2016,agegroup_yearsall,sex_btsx,19.21829
bel,2016,agegroup_yearsall,sex_fmle,11.65684
bel,2016,agegroup_yearsall,sex_mle,27.01396
bel,2017,agegroup_yearsall,sex_btsx,18.40323
bel,2017,agegroup_yearsall,sex_fmle,11.11474
bel,2017,agegroup_yearsall,sex_mle,25.91503
bel,2018,agegroup_yearsall,sex_btsx,18.57659
bel,2018,agegroup_yearsall,sex_fmle,11.14777
bel,2018,agegroup_yearsall,sex_mle,26.22693
bel,2019,agegroup_years15_19,sex_btsx,4.86
bel,2019,agegroup_years15_19,sex_fmle,2.99
bel,2019,agegroup_years15_19,sex_mle,6.63
bel,2019,agegroup_years15_24,sex_btsx,6.83
bel,2019,agegroup_years15_24,sex_fmle,3.31
bel,2019,agegroup_years15_24,sex_mle,10.18
bel,2019,agegroup_years15_29,sex_btsx,8.84
bel,2019,agegroup_years15_29,sex_fmle,4.36
bel,2019,agegroup_years15_29,sex_mle,13.12
bel,2019,agegroup_years25_34,sex_btsx,13.65
bel,2019,agegroup_years25_34,sex_fmle,6.39
bel,2019,agegroup_years25_34,sex_mle,20.78
bel,2019,agegroup_years30_49,sex_btsx,21.56
bel,2019,agegroup_years30_49,sex_fmle,11.77
bel,2019,agegroup_years30_49,sex_mle,31.14
bel,2019,agegroup_years35_44,sex_btsx,20.74
bel,2019,agegroup_years35_44,sex_fmle,11.08
bel,2019,agegroup_years35_44,sex_mle,30.24
bel,2019,agegroup_years45_54,sex_btsx,28.48
bel,2019,agegroup_years45_54,sex_fmle,20.46
bel,2019,agegroup_years45_54,sex_mle,36.17
bel,2019,agegroup_years55_64,sex_btsx,28.69
bel,2019,agegroup_years55_64,sex_fmle,19.95
bel,2019,agegroup_years55_64,sex_mle,37.42
bel,2019,agegroup_years65_74,sex_btsx,22.25
bel,2019,agegroup_years65_74,sex_fmle,13.23
bel,2019,agegroup_years65_74,sex_mle,32.21
bel,2019,agegroup_years75_84,sex_btsx,29.72
bel,2019,agegroup_years75_84,sex_fmle,19.78
bel,2019,agegroup_years75_84,sex_mle,42.98
bel,2019,agegroup_years85plus,sex_btsx,33.51
bel,2019,agegroup_years85plus,sex_fmle,19.82
bel,2019,agegroup_years85plus,sex_mle,60.78
bel,2019,agegroup_yearsall,sex_btsx,18.1104
bel,2019,agegroup_yearsall,sex_fmle,10.35654
bel,2019,agegroup_yearsall,sex_mle,26.08701
bel,2020,agegroup_yearsall,sex_btsx,16.88794
bel,2020,agegroup_yearsall,sex_fmle,10.20178
bel,2020,agegroup_yearsall,sex_mle,23.7581
bel,2021,agegroup_yearsall,sex_btsx,18.36102
bel,2021,agegroup_yearsall,sex_fmle,10.68759
bel,2021,agegroup_yearsall,sex_mle,26.24937
ben,2000,agegroup_yearsall,sex_btsx,6.69739
ben,2000,agegroup_yearsall,sex_fmle,3.12831
ben,2000,agegroup_yearsall,sex_mle,10.35245
ben,2001,agegroup_yearsall,sex_btsx,6.62124
ben,2001,agegroup_yearsall,sex_fmle,3.07301
ben,2001,agegroup_yearsall,sex_mle,10.24879
ben,2002,agegroup_yearsall,sex_btsx,6.84801
ben,2002,agegroup_yearsall,sex_fmle,3.19241
ben,2002,agegroup_yearsall,sex_mle,10.57903
ben,2003,agegroup_yearsall,sex_btsx,6.76671
ben,2003,agegroup_yearsall,sex_fmle,3.14398
ben,2003,agegroup_yearsall,sex_mle,10.45785
ben,2004,agegroup_yearsall,sex_btsx,6.79441
ben,2004,agegroup_yearsall,sex_fmle,3.14019
ben,2004,agegroup_yearsall,sex_mle,10.51115
ben,2005,agegroup_yearsall,sex_btsx,6.76492
ben,2005,agegroup_yearsall,sex_fmle,3.12321
ben,2005,agegroup_yearsall,sex_mle,10.46575
ben,2006,agegroup_yearsall,sex_btsx,6.74913
ben,2006,agegroup_yearsall,sex_fmle,3.08534
ben,2006,agegroup_yearsall,sex_mle,10.46886
ben,2007,agegroup_yearsall,sex_btsx,6.77424
ben,2007,agegroup_yearsall,sex_fmle,3.07084
ben,2007,agegroup_yearsall,sex_mle,10.52722
ben,2008,agegroup_yearsall,sex_btsx,7.01397
ben,2008,agegroup_yearsall,sex_fmle,3.29762
ben,2008,agegroup_yearsall,sex_mle,10.77362
ben,2009,agegroup_yearsall,sex_btsx,7.24243
ben,2009,agegroup_yearsall,sex_fmle,3.39805
ben,2009,agegroup_yearsall,sex_mle,11.12553
ben,2010,agegroup_yearsall,sex_btsx,7.36828
ben,2010,agegroup_yearsall,sex_fmle,3.39722
ben,2010,agegroup_yearsall,sex_mle,11.37332
ben,2011,agegroup_yearsall,sex_btsx,7.43514
ben,2011,agegroup_yearsall,sex_fmle,3.3646
ben,2011,agegroup_yearsall,sex_mle,11.53456
ben,2012,agegroup_yearsall,sex_btsx,7.42161
ben,2012,agegroup_yearsall,sex_fmle,3.31925
ben,2012,agegroup_yearsall,sex_mle,11.54703
ben,2013,agegroup_yearsall,sex_btsx,7.33748
ben,2013,agegroup_yearsall,sex_fmle,3.26791
ben,2013,agegroup_yearsall,sex_mle,11.42384
ben,2014,agegroup_yearsall,sex_btsx,7.29418
ben,2014,agegroup_yearsall,sex_fmle,3.19888
ben,2014,agegroup_yearsall,sex_mle,11.40056
ben,2015,agegroup_yearsall,sex_btsx,7.39121
ben,2015,agegroup_yearsall,sex_fmle,3.21926
ben,2015,agegroup_yearsall,sex_mle,11.56897
ben,2016,agegroup_yearsall,sex_btsx,7.31965
ben,2016,agegroup_yearsall,sex_fmle,3.17873
ben,2016,agegroup_yearsall,sex_mle,11.46132
ben,2017,agegroup_yearsall,sex_btsx,7.2571
ben,2017,agegroup_yearsall,sex_fmle,3.15469
ben,2017,agegroup_yearsall,sex_mle,11.35581
ben,2018,agegroup_yearsall,sex_btsx,7.20569
ben,2018,agegroup_yearsall,sex_fmle,3.11706
ben,2018,agegroup_yearsall,sex_mle,11.28655
ben,2019,agegroup_years15_19,sex_btsx,4.53
ben,2019,agegroup_years15_19,sex_fmle,2.59
ben,2019,agegroup_years15_19,sex_mle,6.42
ben,2019,agegroup_years15_24,sex_btsx,5.45
ben,2019,agegroup_years15_24,sex_fmle,2.86
ben,2019,agegroup_years15_24,sex_mle,7.98
ben,2019,agegroup_years15_29,sex_btsx,6.17
ben,2019,agegroup_years15_29,sex_fmle,3.02
ben,2019,agegroup_years15_29,sex_mle,9.26
ben,2019,agegroup_years25_34,sex_btsx,8.3
ben,2019,agegroup_years25_34,sex_fmle,3.3
ben,2019,agegroup_years25_34,sex_mle,13.29
ben,2019,agegroup_years30_49,sex_btsx,11.4
ben,2019,agegroup_years30_49,sex_fmle,4.3
ben,2019,agegroup_years30_49,sex_mle,18.66
ben,2019,agegroup_years35_44,sex_btsx,11.17
ben,2019,agegroup_years35_44,sex_fmle,4.26
ben,2019,agegroup_years35_44,sex_mle,18.27
ben,2019,agegroup_years45_54,sex_btsx,19.55
ben,2019,agegroup_years45_54,sex_fmle,7.82
ben,2019,agegroup_years45_54,sex_mle,31.93
ben,2019,agegroup_years55_64,sex_btsx,28.54
ben,2019,agegroup_years55_64,sex_fmle,14.8
ben,2019,agegroup_years55_64,sex_mle,43.8
ben,2019,agegroup_years65_74,sex_btsx,42.61
ben,2019,agegroup_years65_74,sex_fmle,23.83
ben,2019,agegroup_years65_74,sex_mle,66.53
ben,2019,agegroup_years75_84,sex_btsx,56.53
ben,2019,agegroup_years75_84,sex_fmle,31.77
ben,2019,agegroup_years75_84,sex_mle,92.87
ben,2019,agegroup_years85plus,sex_btsx,126.42
ben,2019,agegroup_years85plus,sex_fmle,64.07
ben,2019,agegroup_years85plus,sex_mle,236.45
ben,2019,agegroup_yearsall,sex_btsx,7.22707
ben,2019,agegroup_yearsall,sex_fmle,3.08712
ben,2019,agegroup_yearsall,sex_mle,11.35544
ben,2020,agegroup_yearsall,sex_btsx,6.89355
ben,2020,agegroup_yearsall,sex_fmle,2.92212
ben,2020,agegroup_yearsall,sex_mle,10.85109
ben,2021,agegroup_yearsall,sex_btsx,7.12388
ben,2021,agegroup_yearsall,sex_fmle,3.08828
ben,2021,agegroup_yearsall,sex_mle,11.1427
bfa,2000,agegroup_yearsall,sex_btsx,9.03834
bfa,2000,agegroup_yearsall,sex_fmle,4.68566
bfa,2000,agegroup_yearsall,sex_mle,13.52853
bfa,2001,agegroup_yearsall,sex_btsx,9.12591
bfa,2001,agegroup_yearsall,sex_fmle,4.73525
bfa,2001,agegroup_yearsall,sex_mle,13.64391
bfa,2002,agegroup_yearsall,sex_btsx,8.85036
bfa,2002,agegroup_yearsall,sex_fmle,4.59633
bfa,2002,agegroup_yearsall,sex_mle,13.21589
bfa,2003,agegroup_yearsall,sex_btsx,8.7698
bfa,2003,agegroup_yearsall,sex_fmle,4.55911
bfa,2003,agegroup_yearsall,sex_mle,13.07914
bfa,2004,agegroup_yearsall,sex_btsx,8.68672
bfa,2004,agegroup_yearsall,sex_fmle,4.51084
bfa,2004,agegroup_yearsall,sex_mle,12.94915
bfa,2005,agegroup_yearsall,sex_btsx,8.57446
bfa,2005,agegroup_yearsall,sex_fmle,4.39262
bfa,2005,agegroup_yearsall,sex_mle,12.83264
bfa,2006,agegroup_yearsall,sex_btsx,8.56656
bfa,2006,agegroup_yearsall,sex_fmle,4.36593
bfa,2006,agegroup_yearsall,sex_mle,12.8361
bfa,2007,agegroup_yearsall,sex_btsx,8.47183
bfa,2007,agegroup_yearsall,sex_fmle,4.25472
bfa,2007,agegroup_yearsall,sex_mle,12.75416
bfa,2008,agegroup_yearsall,sex_btsx,8.57294
bfa,2008,agegroup_yearsall,sex_fmle,4.25605
bfa,2008,agegroup_yearsall,sex_mle,12.95577
bfa,2009,agegroup_yearsall,sex_btsx,8.65043
bfa,2009,agegroup_yearsall,sex_fmle,4.24116
bfa,2009,agegroup_yearsall,sex_mle,13.12694
bfa,2010,agegroup_yearsall,sex_btsx,8.69207
bfa,2010,agegroup_yearsall,sex_fmle,4.16899
bfa,2010,agegroup_yearsall,sex_mle,13.28387
bfa,2011,agegroup_yearsall,sex_btsx,8.54921
bfa,2011,agegroup_yearsall,sex_fmle,4.13926
bfa,2011,agegroup_yearsall,sex_mle,13.02515
bfa,2012,agegroup_yearsall,sex_btsx,8.94587
bfa,2012,agegroup_yearsall,sex_fmle,4.29169
bfa,2012,agegroup_yearsall,sex_mle,13.66665
bfa,2013,agegroup_yearsall,sex_btsx,9.0009
bfa,2013,agegroup_yearsall,sex_fmle,4.30667
bfa,2013,agegroup_yearsall,sex_mle,13.75918
bfa,2014,agegroup_yearsall,sex_btsx,8.86105
bfa,2014,agegroup_yearsall,sex_fmle,4.24924
bfa,2014,agegroup_yearsall,sex_mle,13.53259
bfa,2015,agegroup_yearsall,sex_btsx,8.84057
bfa,2015,agegroup_yearsall,sex_fmle,4.24892
bfa,2015,agegroup_yearsall,sex_mle,13.4877
bfa,2016,agegroup_yearsall,sex_btsx,8.82963
bfa,2016,agegroup_yearsall,sex_fmle,4.22307
bfa,2016,agegroup_yearsall,sex_mle,13.48735
bfa,2017,agegroup_yearsall,sex_btsx,8.7624
bfa,2017,agegroup_yearsall,sex_fmle,4.18882
bfa,2017,agegroup_yearsall,sex_mle,13.38227
bfa,2018,agegroup_yearsall,sex_btsx,8.64182
bfa,2018,agegroup_yearsall,sex_fmle,4.1254
bfa,2018,agegroup_yearsall,sex_mle,13.20107
bfa,2019,agegroup_years15_19,sex_btsx,4.32
bfa,2019,agegroup_years15_19,sex_fmle,2.66
bfa,2019,agegroup_years15_19,sex_mle,5.92
bfa,2019,agegroup_years15_24,sex_btsx,5.04
bfa,2019,agegroup_years15_24,sex_fmle,2.87
bfa,2019,agegroup_years15_24,sex_mle,7.14
bfa,2019,agegroup_years15_29,sex_btsx,5.68
bfa,2019,agegroup_years15_29,sex_fmle,3.13
bfa,2019,agegroup_years15_29,sex_mle,8.15
bfa,2019,agegroup_years25_34,sex_btsx,7.85
bfa,2019,agegroup_years25_34,sex_fmle,3.75
bfa,2019,agegroup_years25_34,sex_mle,11.9
bfa,2019,agegroup_years30_49,sex_btsx,11.72
bfa,2019,agegroup_years30_49,sex_fmle,4.51
bfa,2019,agegroup_years30_49,sex_mle,19.09
bfa,2019,agegroup_years35_44,sex_btsx,11.46
bfa,2019,agegroup_years35_44,sex_fmle,4.41
bfa,2019,agegroup_years35_44,sex_mle,18.68
bfa,2019,agegroup_years45_54,sex_btsx,21.95
bfa,2019,agegroup_years45_54,sex_fmle,7.87
bfa,2019,agegroup_years45_54,sex_mle,37.55
bfa,2019,agegroup_years55_64,sex_btsx,34.37
bfa,2019,agegroup_years55_64,sex_fmle,15.91
bfa,2019,agegroup_years55_64,sex_mle,57.96
bfa,2019,agegroup_years65_74,sex_btsx,54.17
bfa,2019,agegroup_years65_74,sex_fmle,26.92
bfa,2019,agegroup_years65_74,sex_mle,94.94
bfa,2019,agegroup_years75_84,sex_btsx,70.02
bfa,2019,agegroup_years75_84,sex_fmle,33.92
bfa,2019,agegroup_years75_84,sex_mle,129.92
bfa,2019,agegroup_years85plus,sex_btsx,218.2
bfa,2019,agegroup_years85plus,sex_fmle,96.31
bfa,2019,agegroup_years85plus,sex_mle,444.7
bfa,2019,agegroup_yearsall,sex_btsx,8.44706
bfa,2019,agegroup_yearsall,sex_fmle,3.98322
bfa,2019,agegroup_yearsall,sex_mle,12.95167
bfa,2020,agegroup_yearsall,sex_btsx,8.30069
bfa,2020,agegroup_yearsall,sex_fmle,3.93896
bfa,2020,agegroup_yearsall,sex_mle,12.70017
bfa,2021,agegroup_yearsall,sex_btsx,8.49869
bfa,2021,agegroup_yearsall,sex_fmle,4.01417
bfa,2021,agegroup_yearsall,sex_mle,13.01923
bgd,2000,agegroup_yearsall,sex_btsx,4.80534
bgd,2000,agegroup_yearsall,sex_fmle,3.12328
bgd,2000,agegroup_yearsall,sex_mle,6.4282
bgd,2001,agegroup_yearsall,sex_btsx,4.66727
bgd,2001,agegroup_yearsall,sex_fmle,3.17171
bgd,2001,agegroup_yearsall,sex_mle,6.11447
bgd,2002,agegroup_yearsall,sex_btsx,4.56558
bgd,2002,agegroup_yearsall,sex_fmle,3.11688
bgd,2002,agegroup_yearsall,sex_mle,5.97321
bgd,2003,agegroup_yearsall,sex_btsx,4.39039
bgd,2003,agegroup_yearsall,sex_fmle,2.99185
bgd,2003,agegroup_yearsall,sex_mle,5.75521
bgd,2004,agegroup_yearsall,sex_btsx,4.11511
bgd,2004,agegroup_yearsall,sex_fmle,2.73883
bgd,2004,agegroup_yearsall,sex_mle,5.46439
bgd,2005,agegroup_yearsall,sex_btsx,4.23275
bgd,2005,agegroup_yearsall,sex_fmle,2.92648
bgd,2005,agegroup_yearsall,sex_mle,5.5195
bgd,2006,agegroup_yearsall,sex_btsx,4.29861
bgd,2006,agegroup_yearsall,sex_fmle,3.03407
bgd,2006,agegroup_yearsall,sex_mle,5.55039
bgd,2007,agegroup_yearsall,sex_btsx,4.10106
bgd,2007,agegroup_yearsall,sex_fmle,2.84819
bgd,2007,agegroup_yearsall,sex_mle,5.34754
bgd,2008,agegroup_yearsall,sex_btsx,3.94317
bgd,2008,agegroup_yearsall,sex_fmle,2.79014
bgd,2008,agegroup_yearsall,sex_mle,5.09619
bgd,2009,agegroup_yearsall,sex_btsx,3.91014
bgd,2009,agegroup_yearsall,sex_fmle,2.89866
bgd,2009,agegroup_yearsall,sex_mle,4.92681
bgd,2010,agegroup_yearsall,sex_btsx,3.72001
bgd,2010,agegroup_yearsall,sex_fmle,2.76622
bgd,2010,agegroup_yearsall,sex_mle,4.68355
bgd,2011,agegroup_yearsall,sex_btsx,3.28984
bgd,2011,agegroup_yearsall,sex_fmle,2.41948
bgd,2011,agegroup_yearsall,sex_mle,4.17296
bgd,2012,agegroup_yearsall,sex_btsx,3.11671
bgd,2012,agegroup_yearsall,sex_fmle,2.43468
bgd,2012,agegroup_yearsall,sex_mle,3.81132
bgd,2013,agegroup_yearsall,sex_btsx,3.02204
bgd,2013,agegroup_yearsall,sex_fmle,2.3633
bgd,2013,agegroup_yearsall,sex_mle,3.6954
bgd,2014,agegroup_yearsall,sex_btsx,3.00749
bgd,2014,agegroup_yearsall,sex_fmle,2.30761
bgd,2014,agegroup_yearsall,sex_mle,3.72551
bgd,2015,agegroup_yearsall,sex_btsx,2.96653
bgd,2015,agegroup_yearsall,sex_fmle,2.26297
bgd,2015,agegroup_yearsall,sex_mle,3.69093
bgd,2016,agegroup_yearsall,sex_btsx,2.98126
bgd,2016,agegroup_yearsall,sex_fmle,2.23257
bgd,2016,agegroup_yearsall,sex_mle,3.75483
bgd,2017,agegroup_yearsall,sex_btsx,3.08578
bgd,2017,agegroup_yearsall,sex_fmle,2.26756
bgd,2017,agegroup_yearsall,sex_mle,3.93211
bgd,2018,agegroup_yearsall,sex_btsx,3.05875
bgd,2018,agegroup_yearsall,sex_fmle,2.2038
bgd,2018,agegroup_yearsall,sex_mle,3.94198
bgd,2019,agegroup_years15_19,sex_btsx,4.2
bgd,2019,agegroup_years15_19,sex_fmle,3.55
bgd,2019,agegroup_years15_19,sex_mle,4.81
bgd,2019,agegroup_years15_24,sex_btsx,4.28
bgd,2019,agegroup_years15_24,sex_fmle,2.94
bgd,2019,agegroup_years15_24,sex_mle,5.58
bgd,2019,agegroup_years15_29,sex_btsx,4.44
bgd,2019,agegroup_years15_29,sex_fmle,2.63
bgd,2019,agegroup_years15_29,sex_mle,6.21
bgd,2019,agegroup_years25_34,sex_btsx,4.41
bgd,2019,agegroup_years25_34,sex_fmle,1.68
bgd,2019,agegroup_years25_34,sex_mle,7.18
bgd,2019,agegroup_years30_49,sex_btsx,4.4
bgd,2019,agegroup_years30_49,sex_fmle,1.71
bgd,2019,agegroup_years30_49,sex_mle,7.14
bgd,2019,agegroup_years35_44,sex_btsx,4.26
bgd,2019,agegroup_years35_44,sex_fmle,1.85
bgd,2019,agegroup_years35_44,sex_mle,6.72
bgd,2019,agegroup_years45_54,sex_btsx,5.25
bgd,2019,agegroup_years45_54,sex_fmle,2.13
bgd,2019,agegroup_years45_54,sex_mle,8.26
bgd,2019,agegroup_years55_64,sex_btsx,4.92
bgd,2019,agegroup_years55_64,sex_fmle,1.65
bgd,2019,agegroup_years55_64,sex_mle,7.88
bgd,2019,agegroup_years65_74,sex_btsx,6.36
bgd,2019,agegroup_years65_74,sex_fmle,2.16
bgd,2019,agegroup_years65_74,sex_mle,10.22
bgd,2019,agegroup_years75_84,sex_btsx,10.27
bgd,2019,agegroup_years75_84,sex_fmle,3.05
bgd,2019,agegroup_years75_84,sex_mle,17.8
bgd,2019,agegroup_years85plus,sex_btsx,19.53
bgd,2019,agegroup_years85plus,sex_fmle,5.11
bgd,2019,agegroup_years85plus,sex_mle,37.65
bgd,2019,agegroup_yearsall,sex_btsx,3.08083
bgd,2019,agegroup_yearsall,sex_fmle,2.23796
bgd,2019,agegroup_yearsall,sex_mle,3.95059
bgd,2020,agegroup_yearsall,sex_btsx,2.80967
bgd,2020,agegroup_yearsall,sex_fmle,1.98052
bgd,2020,agegroup_yearsall,sex_mle,3.66453
bgd,2021,agegroup_yearsall,sex_btsx,2.81182
bgd,2021,agegroup_yearsall,sex_fmle,1.99954
bgd,2021,agegroup_yearsall,sex_mle,3.64883
bgr,2000,agegroup_yearsall,sex_btsx,18.22021
bgr,2000,agegroup_yearsall,sex_fmle,10.04931
bgr,2000,agegroup_yearsall,sex_mle,26.81369
bgr,2001,agegroup_yearsall,sex_btsx,17.30853
bgr,2001,agegroup_yearsall,sex_fmle,8.89984
bgr,2001,agegroup_yearsall,sex_mle,26.16598
bgr,2002,agegroup_yearsall,sex_btsx,17.32648
bgr,2002,agegroup_yearsall,sex_fmle,8.44723
bgr,2002,agegroup_yearsall,sex_mle,26.68773
bgr,2003,agegroup_yearsall,sex_btsx,14.9748
bgr,2003,agegroup_yearsall,sex_fmle,7.5634
bgr,2003,agegroup_yearsall,sex_mle,22.79108
bgr,2004,agegroup_yearsall,sex_btsx,14.17071
bgr,2004,agegroup_yearsall,sex_fmle,7.16814
bgr,2004,agegroup_yearsall,sex_mle,21.55951
bgr,2005,agegroup_yearsall,sex_btsx,13.2427
bgr,2005,agegroup_yearsall,sex_fmle,6.66754
bgr,2005,agegroup_yearsall,sex_mle,20.1841
bgr,2006,agegroup_yearsall,sex_btsx,13.29684
bgr,2006,agegroup_yearsall,sex_fmle,5.90523
bgr,2006,agegroup_yearsall,sex_mle,21.10343
bgr,2007,agegroup_yearsall,sex_btsx,12.37329
bgr,2007,agegroup_yearsall,sex_fmle,6.39245
bgr,2007,agegroup_yearsall,sex_mle,18.691
bgr,2008,agegroup_yearsall,sex_btsx,13.05868
bgr,2008,agegroup_yearsall,sex_fmle,6.62647
bgr,2008,agegroup_yearsall,sex_mle,19.85285
bgr,2009,agegroup_yearsall,sex_btsx,12.30299
bgr,2009,agegroup_yearsall,sex_fmle,5.58732
bgr,2009,agegroup_yearsall,sex_mle,19.39544
bgr,2010,agegroup_yearsall,sex_btsx,12.39917
bgr,2010,agegroup_yearsall,sex_fmle,5.89317
bgr,2010,agegroup_yearsall,sex_mle,19.26853
bgr,2011,agegroup_yearsall,sex_btsx,11.06691
bgr,2011,agegroup_yearsall,sex_fmle,4.55453
bgr,2011,agegroup_yearsall,sex_mle,17.94076
bgr,2012,agegroup_yearsall,sex_btsx,12.63208
bgr,2012,agegroup_yearsall,sex_fmle,5.62787
bgr,2012,agegroup_yearsall,sex_mle,20.02187
bgr,2013,agegroup_yearsall,sex_btsx,10.57558
bgr,2013,agegroup_yearsall,sex_fmle,4.31944
bgr,2013,agegroup_yearsall,sex_mle,17.17666
bgr,2014,agegroup_yearsall,sex_btsx,10.56602
bgr,2014,agegroup_yearsall,sex_fmle,4.9434
bgr,2014,agegroup_yearsall,sex_mle,16.50365
bgr,2015,agegroup_yearsall,sex_btsx,9.95401
bgr,2015,agegroup_yearsall,sex_fmle,4.51864
bgr,2015,agegroup_yearsall,sex_mle,15.69891
bgr,2016,agegroup_yearsall,sex_btsx,9.71233
bgr,2016,agegroup_yearsall,sex_fmle,4.50633
bgr,2016,agegroup_yearsall,sex_mle,15.21991
bgr,2017,agegroup_yearsall,sex_btsx,10.3488
bgr,2017,agegroup_yearsall,sex_fmle,4.81216
bgr,2017,agegroup_yearsall,sex_mle,16.21342
bgr,2018,agegroup_yearsall,sex_btsx,9.72825
bgr,2018,agegroup_yearsall,sex_fmle,4.3133
bgr,2018,agegroup_yearsall,sex_mle,15.47186
bgr,2019,agegroup_years15_19,sex_btsx,2.69
bgr,2019,agegroup_years15_19,sex_fmle,1.75
bgr,2019,agegroup_years15_19,sex_mle,3.57
bgr,2019,agegroup_years15_24,sex_btsx,3.68
bgr,2019,agegroup_years15_24,sex_fmle,2.14
bgr,2019,agegroup_years15_24,sex_mle,5.12
bgr,2019,agegroup_years15_29,sex_btsx,4.73
bgr,2019,agegroup_years15_29,sex_fmle,2.19
bgr,2019,agegroup_years15_29,sex_mle,7.11
bgr,2019,agegroup_years25_34,sex_btsx,6.42
bgr,2019,agegroup_years25_34,sex_fmle,2.42
bgr,2019,agegroup_years25_34,sex_mle,10.18
bgr,2019,agegroup_years30_49,sex_btsx,7.73
bgr,2019,agegroup_years30_49,sex_fmle,3.63
bgr,2019,agegroup_years30_49,sex_mle,11.58
bgr,2019,agegroup_years35_44,sex_btsx,7.31
bgr,2019,agegroup_years35_44,sex_fmle,3.41
bgr,2019,agegroup_years35_44,sex_mle,10.96
bgr,2019,agegroup_years45_54,sex_btsx,10.57
bgr,2019,agegroup_years45_54,sex_fmle,4.93
bgr,2019,agegroup_years45_54,sex_mle,16.03
bgr,2019,agegroup_years55_64,sex_btsx,12.58
bgr,2019,agegroup_years55_64,sex_fmle,4.49
bgr,2019,agegroup_years55_64,sex_mle,21.36
bgr,2019,agegroup_years65_74,sex_btsx,15.16
bgr,2019,agegroup_years65_74,sex_fmle,6.06
bgr,2019,agegroup_years65_74,sex_mle,27.38
bgr,2019,agegroup_years75_84,sex_btsx,23.67
bgr,2019,agegroup_years75_84,sex_fmle,11.43
bgr,2019,agegroup_years75_84,sex_mle,44.21
bgr,2019,agegroup_years85plus,sex_btsx,35.43
bgr,2019,agegroup_years85plus,sex_fmle,14.61
bgr,2019,agegroup_years85plus,sex_mle,75.38
bgr,2019,agegroup_yearsall,sex_btsx,9.02124
bgr,2019,agegroup_yearsall,sex_fmle,3.88928
bgr,2019,agegroup_yearsall,sex_mle,14.47243
bgr,2020,agegroup_yearsall,sex_btsx,10.03017
bgr,2020,agegroup_yearsall,sex_fmle,4.11952
bgr,2020,agegroup_yearsall,sex_mle,16.31853
bgr,2021,agegroup_yearsall,sex_btsx,9.5109
bgr,2021,agegroup_yearsall,sex_fmle,4.19212
bgr,2021,agegroup_yearsall,sex_mle,15.17581
bhr,2000,agegroup_yearsall,sex_btsx,10.84957
bhr,2000,agegroup_yearsall,sex_fmle,4.61543
bhr,2000,agegroup_yearsall,sex_mle,15.16884
bhr,2001,agegroup_yearsall,sex_btsx,10.99441
bhr,2001,agegroup_yearsall,sex_fmle,5.01278
bhr,2001,agegroup_yearsall,sex_mle,15.0999
bhr,2002,agegroup_yearsall,sex_btsx,10.25483
bhr,2002,agegroup_yearsall,sex_fmle,4.67195
bhr,2002,agegroup_yearsall,sex_mle,14.00624
bhr,2003,agegroup_yearsall,sex_btsx,10.4627
bhr,2003,agegroup_yearsall,sex_fmle,4.20819
bhr,2003,agegroup_yearsall,sex_mle,14.57793
bhr,2004,agegroup_yearsall,sex_btsx,10.17487
bhr,2004,agegroup_yearsall,sex_fmle,3.89204
bhr,2004,agegroup_yearsall,sex_mle,14.23612
bhr,2005,agegroup_yearsall,sex_btsx,9.48312
bhr,2005,agegroup_yearsall,sex_fmle,3.59571
bhr,2005,agegroup_yearsall,sex_mle,13.2322
bhr,2006,agegroup_yearsall,sex_btsx,7.44923
bhr,2006,agegroup_yearsall,sex_fmle,2.94306
bhr,2006,agegroup_yearsall,sex_mle,10.28248
bhr,2007,agegroup_yearsall,sex_btsx,7.14905
bhr,2007,agegroup_yearsall,sex_fmle,2.52617
bhr,2007,agegroup_yearsall,sex_mle,10.02414
bhr,2008,agegroup_yearsall,sex_btsx,6.7899
bhr,2008,agegroup_yearsall,sex_fmle,2.30419
bhr,2008,agegroup_yearsall,sex_mle,9.55322
bhr,2009,agegroup_yearsall,sex_btsx,6.00112
bhr,2009,agegroup_yearsall,sex_fmle,2.10982
bhr,2009,agegroup_yearsall,sex_mle,8.37746
bhr,2010,agegroup_yearsall,sex_btsx,5.60263
bhr,2010,agegroup_yearsall,sex_fmle,1.90617
bhr,2010,agegroup_yearsall,sex_mle,7.85305
bhr,2011,agegroup_yearsall,sex_btsx,5.54955
bhr,2011,agegroup_yearsall,sex_fmle,1.76757
bhr,2011,agegroup_yearsall,sex_mle,7.83752
bhr,2012,agegroup_yearsall,sex_btsx,5.78617
bhr,2012,agegroup_yearsall,sex_fmle,1.80289
bhr,2012,agegroup_yearsall,sex_mle,8.15602
bhr,2013,agegroup_yearsall,sex_btsx,5.58608
bhr,2013,agegroup_yearsall,sex_fmle,1.7692
bhr,2013,agegroup_yearsall,sex_mle,7.87579
bhr,2014,agegroup_yearsall,sex_btsx,5.61656
bhr,2014,agegroup_yearsall,sex_fmle,1.72245
bhr,2014,agegroup_yearsall,sex_mle,8.02015
bhr,2015,agegroup_yearsall,sex_btsx,5.27012
bhr,2015,agegroup_yearsall,sex_fmle,1.67101
bhr,2015,agegroup_yearsall,sex_mle,7.49191
bhr,2016,agegroup_yearsall,sex_btsx,5.82355
bhr,2016,agegroup_yearsall,sex_fmle,1.6946
bhr,2016,agegroup_yearsall,sex_mle,8.30045
bhr,2017,agegroup_yearsall,sex_btsx,6.00125
bhr,2017,agegroup_yearsall,sex_fmle,1.66124
bhr,2017,agegroup_yearsall,sex_mle,8.545
bhr,2018,agegroup_yearsall,sex_btsx,5.97147
bhr,2018,agegroup_yearsall,sex_fmle,1.65578
bhr,2018,agegroup_yearsall,sex_mle,8.52168
bhr,2019,agegroup_years15_19,sex_btsx,4.77
bhr,2019,agegroup_years15_19,sex_fmle,1.81
bhr,2019,agegroup_years15_19,sex_mle,7.24
bhr,2019,agegroup_years15_24,sex_btsx,8.61
bhr,2019,agegroup_years15_24,sex_fmle,2.7
bhr,2019,agegroup_years15_24,sex_mle,13.06
bhr,2019,agegroup_years15_29,sex_btsx,10.47
bhr,2019,agegroup_years15_29,sex_fmle,2.89
bhr,2019,agegroup_years15_29,sex_mle,14.84
bhr,2019,agegroup_years25_34,sex_btsx,13.21
bhr,2019,agegroup_years25_34,sex_fmle,5.12
bhr,2019,agegroup_years25_34,sex_mle,16.32
bhr,2019,agegroup_years30_49,sex_btsx,12.51
bhr,2019,agegroup_years30_49,sex_fmle,3.97
bhr,2019,agegroup_years30_49,sex_mle,15.88
bhr,2019,agegroup_years35_44,sex_btsx,12.1
bhr,2019,agegroup_years35_44,sex_fmle,2.69
bhr,2019,agegroup_years35_44,sex_mle,16.02
bhr,2019,agegroup_years45_54,sex_btsx,8.5
bhr,2019,agegroup_years45_54,sex_fmle,1.21
bhr,2019,agegroup_years45_54,sex_mle,12.32
bhr,2019,agegroup_years55_64,sex_btsx,5.41
bhr,2019,agegroup_years55_64,sex_fmle,1.21
bhr,2019,agegroup_years55_64,sex_mle,8.19
bhr,2019,agegroup_years65_74,sex_btsx,5.32
bhr,2019,agegroup_years65_74,sex_fmle,2.15
bhr,2019,agegroup_years65_74,sex_mle,7.7
bhr,2019,agegroup_years75_84,sex_btsx,11.76
bhr,2019,agegroup_years75_84,sex_fmle,6.61
bhr,2019,agegroup_years75_84,sex_mle,17.4
bhr,2019,agegroup_years85plus,sex_btsx,30.11
bhr,2019,agegroup_years85plus,sex_fmle,18.58
bhr,2019,agegroup_years85plus,sex_mle,43.69
bhr,2019,agegroup_yearsall,sex_btsx,5.37217
bhr,2019,agegroup_yearsall,sex_fmle,1.60386
bhr,2019,agegroup_yearsall,sex_mle,7.63487
bhr,2020,agegroup_yearsall,sex_btsx,5.47822
bhr,2020,agegroup_yearsall,sex_fmle,1.17964
bhr,2020,agegroup_yearsall,sex_mle,8.07829
bhr,2021,agegroup_yearsall,sex_btsx,4.65901
bhr,2021,agegroup_yearsall,sex_fmle,1.45454
bhr,2021,agegroup_yearsall,sex_mle,6.62303
bhs,2000,agegroup_yearsall,sex_btsx,3.50048
bhs,2000,agegroup_yearsall,sex_fmle,0.9287
bhs,2000,agegroup_yearsall,sex_mle,6.13777
bhs,2001,agegroup_yearsall,sex_btsx,3.26657
bhs,2001,agegroup_yearsall,sex_fmle,0.78133
bhs,2001,agegroup_yearsall,sex_mle,5.82067
bhs,2002,agegroup_yearsall,sex_btsx,3.03577
bhs,2002,agegroup_yearsall,sex_fmle,0.71798
bhs,2002,agegroup_yearsall,sex_mle,5.42254
bhs,2003,agegroup_yearsall,sex_btsx,3.26934
bhs,2003,agegroup_yearsall,sex_fmle,0.83169
bhs,2003,agegroup_yearsall,sex_mle,5.78574
bhs,2004,agegroup_yearsall,sex_btsx,3.43084
bhs,2004,agegroup_yearsall,sex_fmle,0.91383
bhs,2004,agegroup_yearsall,sex_mle,6.0364
bhs,2005,agegroup_yearsall,sex_btsx,3.13026
bhs,2005,agegroup_yearsall,sex_fmle,0.85352
bhs,2005,agegroup_yearsall,sex_mle,5.49307
bhs,2006,agegroup_yearsall,sex_btsx,3.34811
bhs,2006,agegroup_yearsall,sex_fmle,0.85659
bhs,2006,agegroup_yearsall,sex_mle,5.94184
bhs,2007,agegroup_yearsall,sex_btsx,3.2337
bhs,2007,agegroup_yearsall,sex_fmle,0.81979
bhs,2007,agegroup_yearsall,sex_mle,5.75615
bhs,2008,agegroup_yearsall,sex_btsx,3.29789
bhs,2008,agegroup_yearsall,sex_fmle,0.84803
bhs,2008,agegroup_yearsall,sex_mle,5.86693
bhs,2009,agegroup_yearsall,sex_btsx,3.48192
bhs,2009,agegroup_yearsall,sex_fmle,0.91633
bhs,2009,agegroup_yearsall,sex_mle,6.18194
bhs,2010,agegroup_yearsall,sex_btsx,3.83368
bhs,2010,agegroup_yearsall,sex_fmle,0.98606
bhs,2010,agegroup_yearsall,sex_mle,6.84186
bhs,2011,agegroup_yearsall,sex_btsx,3.80774
bhs,2011,agegroup_yearsall,sex_fmle,0.96719
bhs,2011,agegroup_yearsall,sex_mle,6.81905
bhs,2012,agegroup_yearsall,sex_btsx,3.58825
bhs,2012,agegroup_yearsall,sex_fmle,0.89826
bhs,2012,agegroup_yearsall,sex_mle,6.44807
bhs,2013,agegroup_yearsall,sex_btsx,3.40142
bhs,2013,agegroup_yearsall,sex_fmle,0.86864
bhs,2013,agegroup_yearsall,sex_mle,6.10109
bhs,2014,agegroup_yearsall,sex_btsx,3.58804
bhs,2014,agegroup_yearsall,sex_fmle,0.83722
bhs,2014,agegroup_yearsall,sex_mle,6.52782
bhs,2015,agegroup_yearsall,sex_btsx,3.42045
bhs,2015,agegroup_yearsall,sex_fmle,0.75897
bhs,2015,agegroup_yearsall,sex_mle,6.27204
bhs,2016,agegroup_yearsall,sex_btsx,3.65062
bhs,2016,agegroup_yearsall,sex_fmle,0.76685
bhs,2016,agegroup_yearsall,sex_mle,6.74878
bhs,2017,agegroup_yearsall,sex_btsx,3.64566
bhs,2017,agegroup_yearsall,sex_fmle,0.7877
bhs,2017,agegroup_yearsall,sex_mle,6.72434
bhs,2018,agegroup_yearsall,sex_btsx,3.44933
bhs,2018,agegroup_yearsall,sex_fmle,0.81293
bhs,2018,agegroup_yearsall,sex_mle,6.29709
bhs,2019,agegroup_years15_19,sex_btsx,1.75
bhs,2019,agegroup_years15_19,sex_fmle,1.08
bhs,2019,agegroup_years15_19,sex_mle,2.42
bhs,2019,agegroup_years15_24,sex_btsx,3.35
bhs,2019,agegroup_years15_24,sex_fmle,1.54
bhs,2019,agegroup_years15_24,sex_mle,5.16
bhs,2019,agegroup_years15_29,sex_btsx,4.21
bhs,2019,agegroup_years15_29,sex_fmle,1.87
bhs,2019,agegroup_years15_29,sex_mle,6.55
bhs,2019,agegroup_years25_34,sex_btsx,5.58
bhs,2019,agegroup_years25_34,sex_fmle,2.56
bhs,2019,agegroup_years25_34,sex_mle,8.64
bhs,2019,agegroup_years30_49,sex_btsx,4.78
bhs,2019,agegroup_years30_49,sex_fmle,1.86
bhs,2019,agegroup_years30_49,sex_mle,7.95
bhs,2019,agegroup_years35_44,sex_btsx,4.95
bhs,2019,agegroup_years35_44,sex_fmle,1.75
bhs,2019,agegroup_years35_44,sex_mle,8.44
bhs,2019,agegroup_years45_54,sex_btsx,4.16
bhs,2019,agegroup_years45_54,sex_fmle,1.25
bhs,2019,agegroup_years45_54,sex_mle,7.37
bhs,2019,agegroup_years55_64,sex_btsx,4.19
bhs,2019,agegroup_years55_64,sex_fmle,1.09
bhs,2019,agegroup_years55_64,sex_mle,7.8
bhs,2019,agegroup_years65_74,sex_btsx,4.78
bhs,2019,agegroup_years65_74,sex_fmle,1.14
bhs,2019,agegroup_years65_74,sex_mle,9.26
bhs,2019,agegroup_years75_84,sex_btsx,6.05
bhs,2019,agegroup_years75_84,sex_fmle,1.26
bhs,2019,agegroup_years75_84,sex_mle,12.74
bhs,2019,agegroup_years85plus,sex_btsx,11.26
bhs,2019,agegroup_years85plus,sex_fmle,2.23
bhs,2019,agegroup_years85plus,sex_mle,24.91
bhs,2019,agegroup_yearsall,sex_btsx,3.60855
bhs,2019,agegroup_yearsall,sex_fmle,0.82756
bhs,2019,agegroup_yearsall,sex_mle,6.61981
bhs,2020,agegroup_yearsall,sex_btsx,3.10471
bhs,2020,agegroup_yearsall,sex_fmle,0.74267
bhs,2020,agegroup_yearsall,sex_mle,5.66712
bhs,2021,agegroup_yearsall,sex_btsx,3.25253
bhs,2021,agegroup_yearsall,sex_fmle,0.82718
bhs,2021,agegroup_yearsall,sex_mle,5.88905
bih,2000,agegroup_yearsall,sex_btsx,10.98351
bih,2000,agegroup_yearsall,sex_fmle,5.61056
bih,2000,agegroup_yearsall,sex_mle,16.84298
bih,2001,agegroup_yearsall,sex_btsx,10.81049
bih,2001,agegroup_yearsall,sex_fmle,5.33756
bih,2001,agegroup_yearsall,sex_mle,16.77519
bih,2002,agegroup_yearsall,sex_btsx,10.83387
bih,2002,agegroup_yearsall,sex_fmle,5.17124
bih,2002,agegroup_yearsall,sex_mle,17.00346
bih,2003,agegroup_yearsall,sex_btsx,10.57336
bih,2003,agegroup_yearsall,sex_fmle,4.93803
bih,2003,agegroup_yearsall,sex_mle,16.71365
bih,2004,agegroup_yearsall,sex_btsx,10.45641
bih,2004,agegroup_yearsall,sex_fmle,4.96349
bih,2004,agegroup_yearsall,sex_mle,16.44585
bih,2005,agegroup_yearsall,sex_btsx,10.83119
bih,2005,agegroup_yearsall,sex_fmle,4.78446
bih,2005,agegroup_yearsall,sex_mle,17.43132
bih,2006,agegroup_yearsall,sex_btsx,10.69204
bih,2006,agegroup_yearsall,sex_fmle,4.77197
bih,2006,agegroup_yearsall,sex_mle,17.16022
bih,2007,agegroup_yearsall,sex_btsx,11.47947
bih,2007,agegroup_yearsall,sex_fmle,4.92255
bih,2007,agegroup_yearsall,sex_mle,18.6535
bih,2008,agegroup_yearsall,sex_btsx,10.78334
bih,2008,agegroup_yearsall,sex_fmle,4.63771
bih,2008,agegroup_yearsall,sex_mle,17.51869
bih,2009,agegroup_yearsall,sex_btsx,10.73002
bih,2009,agegroup_yearsall,sex_fmle,4.65408
bih,2009,agegroup_yearsall,sex_mle,17.40004
bih,2010,agegroup_yearsall,sex_btsx,10.46903
bih,2010,agegroup_yearsall,sex_fmle,4.59923
bih,2010,agegroup_yearsall,sex_mle,16.92275
bih,2011,agegroup_yearsall,sex_btsx,10.52957
bih,2011,agegroup_yearsall,sex_fmle,4.58285
bih,2011,agegroup_yearsall,sex_mle,17.07746
bih,2012,agegroup_yearsall,sex_btsx,10.26167
bih,2012,agegroup_yearsall,sex_fmle,4.6073
bih,2012,agegroup_yearsall,sex_mle,16.49635
bih,2013,agegroup_yearsall,sex_btsx,10.53006
bih,2013,agegroup_yearsall,sex_fmle,4.70297
bih,2013,agegroup_yearsall,sex_mle,16.96132
bih,2014,agegroup_yearsall,sex_btsx,10.39695
bih,2014,agegroup_yearsall,sex_fmle,4.69681
bih,2014,agegroup_yearsall,sex_mle,16.69014
bih,2015,agegroup_yearsall,sex_btsx,10.62754
bih,2015,agegroup_yearsall,sex_fmle,4.83457
bih,2015,agegroup_yearsall,sex_mle,17.02402
bih,2016,agegroup_yearsall,sex_btsx,10.52472
bih,2016,agegroup_yearsall,sex_fmle,4.73218
bih,2016,agegroup_yearsall,sex_mle,16.91978
bih,2017,agegroup_yearsall,sex_btsx,10.50516
bih,2017,agegroup_yearsall,sex_fmle,4.86287
bih,2017,agegroup_yearsall,sex_mle,16.73029
bih,2018,agegroup_yearsall,sex_btsx,10.40443
bih,2018,agegroup_yearsall,sex_fmle,4.7065
bih,2018,agegroup_yearsall,sex_mle,16.69041
bih,2019,agegroup_years15_19,sex_btsx,5.43
bih,2019,agegroup_years15_19,sex_fmle,3.79
bih,2019,agegroup_years15_19,sex_mle,7.01
bih,2019,agegroup_years15_24,sex_btsx,6.86
bih,2019,agegroup_years15_24,sex_fmle,3.7
bih,2019,agegroup_years15_24,sex_mle,9.85
bih,2019,agegroup_years15_29,sex_btsx,7.16
bih,2019,agegroup_years15_29,sex_fmle,3.61
bih,2019,agegroup_years15_29,sex_mle,10.52
bih,2019,agegroup_years25_34,sex_btsx,7.64
bih,2019,agegroup_years25_34,sex_fmle,2.82
bih,2019,agegroup_years25_34,sex_mle,12.25
bih,2019,agegroup_years30_49,sex_btsx,10.5
bih,2019,agegroup_years30_49,sex_fmle,3.95
bih,2019,agegroup_years30_49,sex_mle,16.84
bih,2019,agegroup_years35_44,sex_btsx,10.72
bih,2019,agegroup_years35_44,sex_fmle,4.02
bih,2019,agegroup_years35_44,sex_mle,17.22
bih,2019,agegroup_years45_54,sex_btsx,12.86
bih,2019,agegroup_years45_54,sex_fmle,5.21
bih,2019,agegroup_years45_54,sex_mle,20.57
bih,2019,agegroup_years55_64,sex_btsx,14.2
bih,2019,agegroup_years55_64,sex_fmle,5.45
bih,2019,agegroup_years55_64,sex_mle,23.73
bih,2019,agegroup_years65_74,sex_btsx,18.31
bih,2019,agegroup_years65_74,sex_fmle,6.57
bih,2019,agegroup_years65_74,sex_mle,32.53
bih,2019,agegroup_years75_84,sex_btsx,23.79
bih,2019,agegroup_years75_84,sex_fmle,9.49
bih,2019,agegroup_years75_84,sex_mle,46.1
bih,2019,agegroup_years85plus,sex_btsx,54.59
bih,2019,agegroup_years85plus,sex_fmle,19.91
bih,2019,agegroup_years85plus,sex_mle,116.82
bih,2019,agegroup_yearsall,sex_btsx,10.90849
bih,2019,agegroup_yearsall,sex_fmle,4.97496
bih,2019,agegroup_yearsall,sex_mle,17.45593
bih,2020,agegroup_yearsall,sex_btsx,9.76505
bih,2020,agegroup_yearsall,sex_fmle,4.42809
bih,2020,agegroup_yearsall,sex_mle,15.65301
bih,2021,agegroup_yearsall,sex_btsx,8.97169
bih,2021,agegroup_yearsall,sex_fmle,4.68209
bih,2021,agegroup_yearsall,sex_mle,13.70102
blr,2000,agegroup_yearsall,sex_btsx,39.50342
blr,2000,agegroup_yearsall,sex_fmle,10.89839
blr,2000,agegroup_yearsall,sex_mle,71.97669
blr,2001,agegroup_yearsall,sex_btsx,39.31091
blr,2001,agegroup_yearsall,sex_fmle,10.68099
blr,2001,agegroup_yearsall,sex_mle,71.85007
blr,2002,agegroup_yearsall,sex_btsx,40.31967
blr,2002,agegroup_yearsall,sex_fmle,11.56162
blr,2002,agegroup_yearsall,sex_mle,73.05429
blr,2003,agegroup_yearsall,sex_btsx,40.28691
blr,2003,agegroup_yearsall,sex_fmle,11.46107
blr,2003,agegroup_yearsall,sex_mle,73.16201
blr,2004,agegroup_yearsall,sex_btsx,40.36923
blr,2004,agegroup_yearsall,sex_fmle,11.88854
blr,2004,agegroup_yearsall,sex_mle,72.91048
blr,2005,agegroup_yearsall,sex_btsx,40.51841
blr,2005,agegroup_yearsall,sex_fmle,12.24407
blr,2005,agegroup_yearsall,sex_mle,72.8898
blr,2006,agegroup_yearsall,sex_btsx,37.47523
blr,2006,agegroup_yearsall,sex_fmle,11.61546
blr,2006,agegroup_yearsall,sex_mle,67.14169
blr,2007,agegroup_yearsall,sex_btsx,34.04988
blr,2007,agegroup_yearsall,sex_fmle,10.52284
blr,2007,agegroup_yearsall,sex_mle,61.07808
blr,2008,agegroup_yearsall,sex_btsx,36.28929
blr,2008,agegroup_yearsall,sex_fmle,11.29616
blr,2008,agegroup_yearsall,sex_mle,65.02802
blr,2009,agegroup_yearsall,sex_btsx,36.37466
blr,2009,agegroup_yearsall,sex_fmle,11.67921
blr,2009,agegroup_yearsall,sex_mle,64.78394
blr,2010,agegroup_yearsall,sex_btsx,34.16435
blr,2010,agegroup_yearsall,sex_fmle,10.44807
blr,2010,agegroup_yearsall,sex_mle,61.45759
blr,2011,agegroup_yearsall,sex_btsx,34.48311
blr,2011,agegroup_yearsall,sex_fmle,10.82287
blr,2011,agegroup_yearsall,sex_mle,61.73148
blr,2012,agegroup_yearsall,sex_btsx,28.49462
blr,2012,agegroup_yearsall,sex_fmle,9.01292
blr,2012,agegroup_yearsall,sex_mle,50.9393
blr,2013,agegroup_yearsall,sex_btsx,25.51476
blr,2013,agegroup_yearsall,sex_fmle,8.13387
blr,2013,agegroup_yearsall,sex_mle,45.53178
blr,2014,agegroup_yearsall,sex_btsx,23.6081
blr,2014,agegroup_yearsall,sex_fmle,7.18882
blr,2014,agegroup_yearsall,sex_mle,42.50172
blr,2015,agegroup_yearsall,sex_btsx,21.91611
blr,2015,agegroup_yearsall,sex_fmle,6.73895
blr,2015,agegroup_yearsall,sex_mle,39.35891
blr,2016,agegroup_yearsall,sex_btsx,20.88461
blr,2016,agegroup_yearsall,sex_fmle,6.66505
blr,2016,agegroup_yearsall,sex_mle,37.20501
blr,2017,agegroup_yearsall,sex_btsx,18.95358
blr,2017,agegroup_yearsall,sex_fmle,6.30724
blr,2017,agegroup_yearsall,sex_mle,33.45614
blr,2018,agegroup_yearsall,sex_btsx,18.66783
blr,2018,agegroup_yearsall,sex_fmle,6.24664
blr,2018,agegroup_yearsall,sex_mle,32.90079
blr,2019,agegroup_years15_19,sex_btsx,6.93
blr,2019,agegroup_years15_19,sex_fmle,2.21
blr,2019,agegroup_years15_19,sex_mle,11.39
blr,2019,agegroup_years15_24,sex_btsx,7.92
blr,2019,agegroup_years15_24,sex_fmle,2.11
blr,2019,agegroup_years15_24,sex_mle,13.41
blr,2019,agegroup_years15_29,sex_btsx,10.77
blr,2019,agegroup_years15_29,sex_fmle,3.21
blr,2019,agegroup_years15_29,sex_mle,17.95
blr,2019,agegroup_years25_34,sex_btsx,17.8
blr,2019,agegroup_years25_34,sex_fmle,5.03
blr,2019,agegroup_years25_34,sex_mle,29.99
blr,2019,agegroup_years30_49,sex_btsx,25.2
blr,2019,agegroup_years30_49,sex_fmle,7.78
blr,2019,agegroup_years30_49,sex_mle,42.92
blr,2019,agegroup_years35_44,sex_btsx,25.56
blr,2019,agegroup_years35_44,sex_fmle,7.93
blr,2019,agegroup_years35_44,sex_mle,43.47
blr,2019,agegroup_years45_54,sex_btsx,31.28
blr,2019,agegroup_years45_54,sex_fmle,10.02
blr,2019,agegroup_years45_54,sex_mle,55.24
blr,2019,agegroup_years55_64,sex_btsx,30.26
blr,2019,agegroup_years55_64,sex_fmle,8.43
blr,2019,agegroup_years55_64,sex_mle,57.92
blr,2019,agegroup_years65_74,sex_btsx,30.86
blr,2019,agegroup_years65_74,sex_fmle,10.59
blr,2019,agegroup_years65_74,sex_mle,63.62
blr,2019,agegroup_years75_84,sex_btsx,36.15
blr,2019,agegroup_years75_84,sex_fmle,17.42
blr,2019,agegroup_years75_84,sex_mle,85.56
blr,2019,agegroup_years85plus,sex_btsx,59.58
blr,2019,agegroup_years85plus,sex_fmle,28.45
blr,2019,agegroup_years85plus,sex_mle,186.25
blr,2019,agegroup_yearsall,sex_btsx,17.52073
blr,2019,agegroup_yearsall,sex_fmle,5.86336
blr,2019,agegroup_yearsall,sex_mle,30.86886
blr,2020,agegroup_yearsall,sex_btsx,16.27145
blr,2020,agegroup_yearsall,sex_fmle,5.04268
blr,2020,agegroup_yearsall,sex_mle,29.1318
blr,2021,agegroup_yearsall,sex_btsx,15.61154
blr,2021,agegroup_yearsall,sex_fmle,5.06351
blr,2021,agegroup_yearsall,sex_mle,27.70021
blz,2000,agegroup_yearsall,sex_btsx,6.64297
blz,2000,agegroup_yearsall,sex_fmle,1.97046
blz,2000,agegroup_yearsall,sex_mle,11.21207
blz,2001,agegroup_yearsall,sex_btsx,5.53174
blz,2001,agegroup_yearsall,sex_fmle,1.71419
blz,2001,agegroup_yearsall,sex_mle,9.27032
blz,2002,agegroup_yearsall,sex_btsx,5.31765
blz,2002,agegroup_yearsall,sex_fmle,1.86484
blz,2002,agegroup_yearsall,sex_mle,8.70685
blz,2003,agegroup_yearsall,sex_btsx,5.53023
blz,2003,agegroup_yearsall,sex_fmle,1.76087
blz,2003,agegroup_yearsall,sex_mle,9.23906
blz,2004,agegroup_yearsall,sex_btsx,6.18588
blz,2004,agegroup_yearsall,sex_fmle,1.75728
blz,2004,agegroup_yearsall,sex_mle,10.5541
blz,2005,agegroup_yearsall,sex_btsx,4.91739
blz,2005,agegroup_yearsall,sex_fmle,1.54375
blz,2005,agegroup_yearsall,sex_mle,8.25309
blz,2006,agegroup_yearsall,sex_btsx,5.00569
blz,2006,agegroup_yearsall,sex_fmle,1.51195
blz,2006,agegroup_yearsall,sex_mle,8.46829
blz,2007,agegroup_yearsall,sex_btsx,4.58535
blz,2007,agegroup_yearsall,sex_fmle,1.45126
blz,2007,agegroup_yearsall,sex_mle,7.6983
blz,2008,agegroup_yearsall,sex_btsx,4.61415
blz,2008,agegroup_yearsall,sex_fmle,1.48381
blz,2008,agegroup_yearsall,sex_mle,7.72956
blz,2009,agegroup_yearsall,sex_btsx,5.87301
blz,2009,agegroup_yearsall,sex_fmle,1.74623
blz,2009,agegroup_yearsall,sex_mle,9.9882
blz,2010,agegroup_yearsall,sex_btsx,6.44526
blz,2010,agegroup_yearsall,sex_fmle,1.85412
blz,2010,agegroup_yearsall,sex_mle,11.02265
blz,2011,agegroup_yearsall,sex_btsx,6.74998
blz,2011,agegroup_yearsall,sex_fmle,1.90495
blz,2011,agegroup_yearsall,sex_mle,11.57008
blz,2012,agegroup_yearsall,sex_btsx,6.45533
blz,2012,agegroup_yearsall,sex_fmle,1.85278
blz,2012,agegroup_yearsall,sex_mle,11.02542
blz,2013,agegroup_yearsall,sex_btsx,6.2561
blz,2013,agegroup_yearsall,sex_fmle,1.75296
blz,2013,agegroup_yearsall,sex_mle,10.72018
blz,2014,agegroup_yearsall,sex_btsx,5.8434
blz,2014,agegroup_yearsall,sex_fmle,1.69148
blz,2014,agegroup_yearsall,sex_mle,9.95304
blz,2015,agegroup_yearsall,sex_btsx,5.71498
blz,2015,agegroup_yearsall,sex_fmle,1.47145
blz,2015,agegroup_yearsall,sex_mle,9.90952
blz,2016,agegroup_yearsall,sex_btsx,5.44839
blz,2016,agegroup_yearsall,sex_fmle,1.41714
blz,2016,agegroup_yearsall,sex_mle,9.42165
blz,2017,agegroup_yearsall,sex_btsx,6.25002
blz,2017,agegroup_yearsall,sex_fmle,1.48757
blz,2017,agegroup_yearsall,sex_mle,10.93111
blz,2018,agegroup_yearsall,sex_btsx,5.5768
blz,2018,agegroup_yearsall,sex_fmle,1.43879
blz,2018,agegroup_yearsall,sex_mle,9.64367
blz,2019,agegroup_years15_19,sex_btsx,3.62
blz,2019,agegroup_years15_19,sex_fmle,1.95
blz,2019,agegroup_years15_19,sex_mle,5.27
blz,2019,agegroup_years15_24,sex_btsx,5.36
blz,2019,agegroup_years15_24,sex_fmle,2.21
blz,2019,agegroup_years15_24,sex_mle,8.51
blz,2019,agegroup_years15_29,sex_btsx,7.96
blz,2019,agegroup_years15_29,sex_fmle,2.54
blz,2019,agegroup_years15_29,sex_mle,13.42
blz,2019,agegroup_years25_34,sex_btsx,15.16
blz,2019,agegroup_years25_34,sex_fmle,3.06
blz,2019,agegroup_years25_34,sex_mle,27.69
blz,2019,agegroup_years30_49,sex_btsx,11.5
blz,2019,agegroup_years30_49,sex_fmle,1.93
blz,2019,agegroup_years30_49,sex_mle,21.74
blz,2019,agegroup_years35_44,sex_btsx,9.68
blz,2019,agegroup_years35_44,sex_fmle,1.38
blz,2019,agegroup_years35_44,sex_mle,18.65
blz,2019,agegroup_years45_54,sex_btsx,7.84
blz,2019,agegroup_years45_54,sex_fmle,2.16
blz,2019,agegroup_years45_54,sex_mle,13.79
blz,2019,agegroup_years55_64,sex_btsx,10.53
blz,2019,agegroup_years55_64,sex_fmle,2.93
blz,2019,agegroup_years55_64,sex_mle,18.12
blz,2019,agegroup_years65_74,sex_btsx,13.62
blz,2019,agegroup_years65_74,sex_fmle,3.56
blz,2019,agegroup_years65_74,sex_mle,23.13
blz,2019,agegroup_years75_84,sex_btsx,17.19
blz,2019,agegroup_years75_84,sex_fmle,3.44
blz,2019,agegroup_years75_84,sex_mle,30.62
blz,2019,agegroup_years85plus,sex_btsx,23.05
blz,2019,agegroup_years85plus,sex_fmle,3.86
blz,2019,agegroup_years85plus,sex_mle,42.59
blz,2019,agegroup_yearsall,sex_btsx,5.02205
blz,2019,agegroup_yearsall,sex_fmle,1.4468
blz,2019,agegroup_yearsall,sex_mle,8.54173
blz,2020,agegroup_yearsall,sex_btsx,3.70021
blz,2020,agegroup_yearsall,sex_fmle,1.38316
blz,2020,agegroup_yearsall,sex_mle,5.9853
blz,2021,agegroup_yearsall,sex_btsx,4.17652
blz,2021,agegroup_yearsall,sex_fmle,1.48343
blz,2021,agegroup_yearsall,sex_mle,6.83629
bol,2000,agegroup_yearsall,sex_btsx,6.54238
bol,2000,agegroup_yearsall,sex_fmle,4.91467
bol,2000,agegroup_yearsall,sex_mle,8.13599
bol,2001,agegroup_yearsall,sex_btsx,6.47186
bol,2001,agegroup_yearsall,sex_fmle,4.86675
bol,2001,agegroup_yearsall,sex_mle,8.03962
bol,2002,agegroup_yearsall,sex_btsx,6.48055
bol,2002,agegroup_yearsall,sex_fmle,4.89438
bol,2002,agegroup_yearsall,sex_mle,8.02874
bol,2003,agegroup_yearsall,sex_btsx,6.40855
bol,2003,agegroup_yearsall,sex_fmle,4.81549
bol,2003,agegroup_yearsall,sex_mle,7.96456
bol,2004,agegroup_yearsall,sex_btsx,6.36538
bol,2004,agegroup_yearsall,sex_fmle,4.87137
bol,2004,agegroup_yearsall,sex_mle,7.82566
bol,2005,agegroup_yearsall,sex_btsx,6.32857
bol,2005,agegroup_yearsall,sex_fmle,4.89235
bol,2005,agegroup_yearsall,sex_mle,7.73334
bol,2006,agegroup_yearsall,sex_btsx,6.10119
bol,2006,agegroup_yearsall,sex_fmle,4.73704
bol,2006,agegroup_yearsall,sex_mle,7.43635
bol,2007,agegroup_yearsall,sex_btsx,6.12492
bol,2007,agegroup_yearsall,sex_fmle,4.81187
bol,2007,agegroup_yearsall,sex_mle,7.41091
bol,2008,agegroup_yearsall,sex_btsx,6.00492
bol,2008,agegroup_yearsall,sex_fmle,4.72742
bol,2008,agegroup_yearsall,sex_mle,7.25693
bol,2009,agegroup_yearsall,sex_btsx,5.94043
bol,2009,agegroup_yearsall,sex_fmle,4.7044
bol,2009,agegroup_yearsall,sex_mle,7.15256
bol,2010,agegroup_yearsall,sex_btsx,5.75778
bol,2010,agegroup_yearsall,sex_fmle,4.57795
bol,2010,agegroup_yearsall,sex_mle,6.9155
bol,2011,agegroup_yearsall,sex_btsx,5.68198
bol,2011,agegroup_yearsall,sex_fmle,4.49158
bol,2011,agegroup_yearsall,sex_mle,6.85078
bol,2012,agegroup_yearsall,sex_btsx,5.43155
bol,2012,agegroup_yearsall,sex_fmle,4.26792
bol,2012,agegroup_yearsall,sex_mle,6.57477
bol,2013,agegroup_yearsall,sex_btsx,5.41439
bol,2013,agegroup_yearsall,sex_fmle,4.18674
bol,2013,agegroup_yearsall,sex_mle,6.62125
bol,2014,agegroup_yearsall,sex_btsx,5.49088
bol,2014,agegroup_yearsall,sex_fmle,4.20734
bol,2014,agegroup_yearsall,sex_mle,6.75347
bol,2015,agegroup_yearsall,sex_btsx,5.5943
bol,2015,agegroup_yearsall,sex_fmle,4.18454
bol,2015,agegroup_yearsall,sex_mle,6.98192
bol,2016,agegroup_yearsall,sex_btsx,5.58206
bol,2016,agegroup_yearsall,sex_fmle,4.10835
bol,2016,agegroup_yearsall,sex_mle,7.03356
bol,2017,agegroup_yearsall,sex_btsx,5.53512
bol,2017,agegroup_yearsall,sex_fmle,4.03181
bol,2017,agegroup_yearsall,sex_mle,7.01677
bol,2018,agegroup_yearsall,sex_btsx,5.40646
bol,2018,agegroup_yearsall,sex_fmle,3.89949
bol,2018,agegroup_yearsall,sex_mle,6.89275
bol,2019,agegroup_years15_19,sex_btsx,6.46
bol,2019,agegroup_years15_19,sex_fmle,6.85
bol,2019,agegroup_years15_19,sex_mle,6.08
bol,2019,agegroup_years15_24,sex_btsx,6.73
bol,2019,agegroup_years15_24,sex_fmle,6.46
bol,2019,agegroup_years15_24,sex_mle,6.99
bol,2019,agegroup_years15_29,sex_btsx,6.64
bol,2019,agegroup_years15_29,sex_fmle,6.19
bol,2019,agegroup_years15_29,sex_mle,7.08
bol,2019,agegroup_years25_34,sex_btsx,5.84
bol,2019,agegroup_years25_34,sex_fmle,4.8
bol,2019,agegroup_years25_34,sex_mle,6.85
bol,2019,agegroup_years30_49,sex_btsx,6.86
bol,2019,agegroup_years30_49,sex_fmle,4.3
bol,2019,agegroup_years30_49,sex_mle,9.41
bol,2019,agegroup_years35_44,sex_btsx,6.89
bol,2019,agegroup_years35_44,sex_fmle,4.12
bol,2019,agegroup_years35_44,sex_mle,9.65
bol,2019,agegroup_years45_54,sex_btsx,10.06
bol,2019,agegroup_years45_54,sex_fmle,5.18
bol,2019,agegroup_years45_54,sex_mle,15.01
bol,2019,agegroup_years55_64,sex_btsx,13.8
bol,2019,agegroup_years55_64,sex_fmle,5.61
bol,2019,agegroup_years55_64,sex_mle,22.36
bol,2019,agegroup_years65_74,sex_btsx,17.33
bol,2019,agegroup_years65_74,sex_fmle,7.14
bol,2019,agegroup_years65_74,sex_mle,28.46
bol,2019,agegroup_years75_84,sex_btsx,17.63
bol,2019,agegroup_years75_84,sex_fmle,7.86
bol,2019,agegroup_years75_84,sex_mle,29.41
bol,2019,agegroup_years85plus,sex_btsx,18.77
bol,2019,agegroup_years85plus,sex_fmle,7.93
bol,2019,agegroup_years85plus,sex_mle,34.79
bol,2019,agegroup_yearsall,sex_btsx,5.3483
bol,2019,agegroup_yearsall,sex_fmle,3.79692
bol,2019,agegroup_yearsall,sex_mle,6.87948
bol,2020,agegroup_yearsall,sex_btsx,4.791
bol,2020,agegroup_yearsall,sex_fmle,2.7121
bol,2020,agegroup_yearsall,sex_mle,6.84757
bol,2021,agegroup_yearsall,sex_btsx,4.19678
bol,2021,agegroup_yearsall,sex_fmle,2.35196
bol,2021,agegroup_yearsall,sex_mle,6.0285
bra,2000,agegroup_yearsall,sex_btsx,4.22831
bra,2000,agegroup_yearsall,sex_fmle,1.79154
bra,2000,agegroup_yearsall,sex_mle,6.69632
bra,2001,agegroup_yearsall,sex_btsx,4.70076
bra,2001,agegroup_yearsall,sex_fmle,2.00345
bra,2001,agegroup_yearsall,sex_mle,7.43472
bra,2002,agegroup_yearsall,sex_btsx,4.64604
bra,2002,agegroup_yearsall,sex_fmle,2.14641
bra,2002,agegroup_yearsall,sex_mle,7.18164
bra,2003,agegroup_yearsall,sex_btsx,4.65462
bra,2003,agegroup_yearsall,sex_fmle,2.04021
bra,2003,agegroup_yearsall,sex_mle,7.30881
bra,2004,agegroup_yearsall,sex_btsx,4.74457
bra,2004,agegroup_yearsall,sex_fmle,2.13551
bra,2004,agegroup_yearsall,sex_mle,7.3955
bra,2005,agegroup_yearsall,sex_btsx,4.98688
bra,2005,agegroup_yearsall,sex_fmle,2.22868
bra,2005,agegroup_yearsall,sex_mle,7.79159
bra,2006,agegroup_yearsall,sex_btsx,4.97019
bra,2006,agegroup_yearsall,sex_fmle,2.26215
bra,2006,agegroup_yearsall,sex_mle,7.7261
bra,2007,agegroup_yearsall,sex_btsx,5.17613
bra,2007,agegroup_yearsall,sex_fmle,2.36094
bra,2007,agegroup_yearsall,sex_mle,8.04338
bra,2008,agegroup_yearsall,sex_btsx,5.4103
bra,2008,agegroup_yearsall,sex_fmle,2.41883
bra,2008,agegroup_yearsall,sex_mle,8.45958
bra,2009,agegroup_yearsall,sex_btsx,5.41602
bra,2009,agegroup_yearsall,sex_fmle,2.39537
bra,2009,agegroup_yearsall,sex_mle,8.49759
bra,2010,agegroup_yearsall,sex_btsx,5.24882
bra,2010,agegroup_yearsall,sex_fmle,2.5032
bra,2010,agegroup_yearsall,sex_mle,8.05212
bra,2011,agegroup_yearsall,sex_btsx,5.47578
bra,2011,agegroup_yearsall,sex_fmle,2.55957
bra,2011,agegroup_yearsall,sex_mle,8.45571
bra,2012,agegroup_yearsall,sex_btsx,5.63524
bra,2012,agegroup_yearsall,sex_fmle,2.68593
bra,2012,agegroup_yearsall,sex_mle,8.65151
bra,2013,agegroup_yearsall,sex_btsx,5.79022
bra,2013,agegroup_yearsall,sex_fmle,2.66517
bra,2013,agegroup_yearsall,sex_mle,8.98881
bra,2014,agegroup_yearsall,sex_btsx,5.84628
bra,2014,agegroup_yearsall,sex_fmle,2.57667
bra,2014,agegroup_yearsall,sex_mle,9.19547
bra,2015,agegroup_yearsall,sex_btsx,6.10835
bra,2015,agegroup_yearsall,sex_fmle,2.80244
bra,2015,agegroup_yearsall,sex_mle,9.49727
bra,2016,agegroup_yearsall,sex_btsx,6.24754
bra,2016,agegroup_yearsall,sex_fmle,2.73163
bra,2016,agegroup_yearsall,sex_mle,9.85454
bra,2017,agegroup_yearsall,sex_btsx,6.88701
bra,2017,agegroup_yearsall,sex_fmle,3.04294
bra,2017,agegroup_yearsall,sex_mle,10.83385
bra,2018,agegroup_yearsall,sex_btsx,6.67905
bra,2018,agegroup_yearsall,sex_fmle,3.12575
bra,2018,agegroup_yearsall,sex_mle,10.33016
bra,2019,agegroup_years15_19,sex_btsx,6.21
bra,2019,agegroup_years15_19,sex_fmle,3.06
bra,2019,agegroup_years15_19,sex_mle,9.25
bra,2019,agegroup_years15_24,sex_btsx,7.61
bra,2019,agegroup_years15_24,sex_fmle,2.87
bra,2019,agegroup_years15_24,sex_mle,12.21
bra,2019,agegroup_years15_29,sex_btsx,7.61
bra,2019,agegroup_years15_29,sex_fmle,2.72
bra,2019,agegroup_years15_29,sex_mle,12.38
bra,2019,agegroup_years25_34,sex_btsx,7.24
bra,2019,agegroup_years25_34,sex_fmle,2.68
bra,2019,agegroup_years25_34,sex_mle,11.78
bra,2019,agegroup_years30_49,sex_btsx,8.18
bra,2019,agegroup_years30_49,sex_fmle,3.61
bra,2019,agegroup_years30_49,sex_mle,12.85
bra,2019,agegroup_years35_44,sex_btsx,8.48
bra,2019,agegroup_years35_44,sex_fmle,3.75
bra,2019,agegroup_years35_44,sex_mle,13.33
bra,2019,agegroup_years45_54,sex_btsx,9.24
bra,2019,agegroup_years45_54,sex_fmle,4.37
bra,2019,agegroup_years45_54,sex_mle,14.44
bra,2019,agegroup_years55_64,sex_btsx,9.43
bra,2019,agegroup_years55_64,sex_fmle,4.25
bra,2019,agegroup_years55_64,sex_mle,15.23
bra,2019,agegroup_years65_74,sex_btsx,10.42
bra,2019,agegroup_years65_74,sex_fmle,4.49
bra,2019,agegroup_years65_74,sex_mle,17.63
bra,2019,agegroup_years75_84,sex_btsx,12.17
bra,2019,agegroup_years75_84,sex_fmle,5.2
bra,2019,agegroup_years75_84,sex_mle,22.05
bra,2019,agegroup_years85plus,sex_btsx,15.36
bra,2019,agegroup_years85plus,sex_fmle,6.28
bra,2019,agegroup_years85plus,sex_mle,32.74
bra,2019,agegroup_yearsall,sex_btsx,6.70782
bra,2019,agegroup_yearsall,sex_fmle,3.27138
bra,2019,agegroup_yearsall,sex_mle,10.24149
bra,2020,agegroup_yearsall,sex_btsx,6.93194
bra,2020,agegroup_yearsall,sex_fmle,3.4069
bra,2020,agegroup_yearsall,sex_mle,10.55885
bra,2021,agegroup_yearsall,sex_btsx,7.59403
bra,2021,agegroup_yearsall,sex_fmle,3.89898
bra,2021,agegroup_yearsall,sex_mle,11.39922
brb,2000,agegroup_yearsall,sex_btsx,5.20142
brb,2000,agegroup_yearsall,sex_fmle,1.13728
brb,2000,agegroup_yearsall,sex_mle,9.58424
brb,2001,agegroup_yearsall,sex_btsx,4.71741
brb,2001,agegroup_yearsall,sex_fmle,1.22381
brb,2001,agegroup_yearsall,sex_mle,8.48515
brb,2002,agegroup_yearsall,sex_btsx,4.36062
brb,2002,agegroup_yearsall,sex_fmle,1.24963
brb,2002,agegroup_yearsall,sex_mle,7.72084
brb,2003,agegroup_yearsall,sex_btsx,4.91889
brb,2003,agegroup_yearsall,sex_fmle,1.26419
brb,2003,agegroup_yearsall,sex_mle,8.87278
brb,2004,agegroup_yearsall,sex_btsx,5.10222
brb,2004,agegroup_yearsall,sex_fmle,1.313
brb,2004,agegroup_yearsall,sex_mle,9.20843
brb,2005,agegroup_yearsall,sex_btsx,5.12489
brb,2005,agegroup_yearsall,sex_fmle,1.27045
brb,2005,agegroup_yearsall,sex_mle,9.30937
brb,2006,agegroup_yearsall,sex_btsx,4.89508
brb,2006,agegroup_yearsall,sex_fmle,1.10475
brb,2006,agegroup_yearsall,sex_mle,9.01802
brb,2007,agegroup_yearsall,sex_btsx,4.38778
brb,2007,agegroup_yearsall,sex_fmle,1.07377
brb,2007,agegroup_yearsall,sex_mle,7.999
brb,2008,agegroup_yearsall,sex_btsx,4.58142
brb,2008,agegroup_yearsall,sex_fmle,1.15417
brb,2008,agegroup_yearsall,sex_mle,8.32191
brb,2009,agegroup_yearsall,sex_btsx,4.31583
brb,2009,agegroup_yearsall,sex_fmle,1.18783
brb,2009,agegroup_yearsall,sex_mle,7.73488
brb,2010,agegroup_yearsall,sex_btsx,4.37445
brb,2010,agegroup_yearsall,sex_fmle,1.23113
brb,2010,agegroup_yearsall,sex_mle,7.81141
brb,2011,agegroup_yearsall,sex_btsx,4.28669
brb,2011,agegroup_yearsall,sex_fmle,1.2509
brb,2011,agegroup_yearsall,sex_mle,7.60252
brb,2012,agegroup_yearsall,sex_btsx,3.90596
brb,2012,agegroup_yearsall,sex_fmle,1.19199
brb,2012,agegroup_yearsall,sex_mle,6.86776
brb,2013,agegroup_yearsall,sex_btsx,4.13398
brb,2013,agegroup_yearsall,sex_fmle,1.21435
brb,2013,agegroup_yearsall,sex_mle,7.31769
brb,2014,agegroup_yearsall,sex_btsx,4.29346
brb,2014,agegroup_yearsall,sex_fmle,1.23439
brb,2014,agegroup_yearsall,sex_mle,7.62672
brb,2015,agegroup_yearsall,sex_btsx,4.04665
brb,2015,agegroup_yearsall,sex_fmle,1.20645
brb,2015,agegroup_yearsall,sex_mle,7.13882
brb,2016,agegroup_yearsall,sex_btsx,4.45293
brb,2016,agegroup_yearsall,sex_fmle,1.24444
brb,2016,agegroup_yearsall,sex_mle,7.94348
brb,2017,agegroup_yearsall,sex_btsx,3.90486
brb,2017,agegroup_yearsall,sex_fmle,1.18855
brb,2017,agegroup_yearsall,sex_mle,6.85798
brb,2018,agegroup_yearsall,sex_btsx,4.13796
brb,2018,agegroup_yearsall,sex_fmle,1.25301
brb,2018,agegroup_yearsall,sex_mle,7.27225
brb,2019,agegroup_years15_19,sex_btsx,0
brb,2019,agegroup_years15_19,sex_fmle,0
brb,2019,agegroup_years15_19,sex_mle,0
brb,2019,agegroup_years15_24,sex_btsx,0
brb,2019,agegroup_years15_24,sex_fmle,0
brb,2019,agegroup_years15_24,sex_mle,0
brb,2019,agegroup_years15_29,sex_btsx,0
brb,2019,agegroup_years15_29,sex_fmle,0
brb,2019,agegroup_years15_29,sex_mle,0
brb,2019,agegroup_years25_34,sex_btsx,0
brb,2019,agegroup_years25_34,sex_fmle,0
brb,2019,agegroup_years25_34,sex_mle,0
brb,2019,agegroup_years30_49,sex_btsx,0.42
brb,2019,agegroup_years30_49,sex_fmle,0
brb,2019,agegroup_years30_49,sex_mle,0.86
brb,2019,agegroup_years35_44,sex_btsx,0.35
brb,2019,agegroup_years35_44,sex_fmle,0
brb,2019,agegroup_years35_44,sex_mle,0.72
brb,2019,agegroup_years45_54,sex_btsx,0.71
brb,2019,agegroup_years45_54,sex_fmle,0
brb,2019,agegroup_years45_54,sex_mle,1.48
brb,2019,agegroup_years55_64,sex_btsx,0
brb,2019,agegroup_years55_64,sex_fmle,0
brb,2019,agegroup_years55_64,sex_mle,0
brb,2019,agegroup_years65_74,sex_btsx,0
brb,2019,agegroup_years65_74,sex_fmle,0
brb,2019,agegroup_years65_74,sex_mle,0
brb,2019,agegroup_years75_84,sex_btsx,3.39
brb,2019,agegroup_years75_84,sex_fmle,5.92
brb,2019,agegroup_years75_84,sex_mle,0
brb,2019,agegroup_years85plus,sex_btsx,0
brb,2019,agegroup_years85plus,sex_fmle,0
brb,2019,agegroup_years85plus,sex_mle,0
brb,2019,agegroup_yearsall,sex_btsx,4.79828
brb,2019,agegroup_yearsall,sex_fmle,1.33367
brb,2019,agegroup_yearsall,sex_mle,8.56019
brb,2020,agegroup_yearsall,sex_btsx,4.1366
brb,2020,agegroup_yearsall,sex_fmle,1.212
brb,2020,agegroup_yearsall,sex_mle,7.30999
brb,2021,agegroup_yearsall,sex_btsx,3.5031
brb,2021,agegroup_yearsall,sex_fmle,1.04102
brb,2021,agegroup_yearsall,sex_mle,6.17307
brn,2000,agegroup_yearsall,sex_btsx,1.53023
brn,2000,agegroup_yearsall,sex_fmle,0.44946
brn,2000,agegroup_yearsall,sex_mle,2.45338
brn,2001,agegroup_yearsall,sex_btsx,1.10143
brn,2001,agegroup_yearsall,sex_fmle,0.18528
brn,2001,agegroup_yearsall,sex_mle,1.88589
brn,2002,agegroup_yearsall,sex_btsx,1.33427
brn,2002,agegroup_yearsall,sex_fmle,0.33661
brn,2002,agegroup_yearsall,sex_mle,2.19047
brn,2003,agegroup_yearsall,sex_btsx,1.36425
brn,2003,agegroup_yearsall,sex_fmle,0.32086
brn,2003,agegroup_yearsall,sex_mle,2.26176
brn,2004,agegroup_yearsall,sex_btsx,1.68911
brn,2004,agegroup_yearsall,sex_fmle,0.64371
brn,2004,agegroup_yearsall,sex_mle,2.59028
brn,2005,agegroup_yearsall,sex_btsx,1.79899
brn,2005,agegroup_yearsall,sex_fmle,0.81535
brn,2005,agegroup_yearsall,sex_mle,2.64869
brn,2006,agegroup_yearsall,sex_btsx,2.32517
brn,2006,agegroup_yearsall,sex_fmle,1.08051
brn,2006,agegroup_yearsall,sex_mle,3.40258
brn,2007,agegroup_yearsall,sex_btsx,1.99033
brn,2007,agegroup_yearsall,sex_fmle,1.2302
brn,2007,agegroup_yearsall,sex_mle,2.65167
brn,2008,agegroup_yearsall,sex_btsx,1.63862
brn,2008,agegroup_yearsall,sex_fmle,0.97221
brn,2008,agegroup_yearsall,sex_mle,2.22294
brn,2009,agegroup_yearsall,sex_btsx,1.32494
brn,2009,agegroup_yearsall,sex_fmle,0.86004
brn,2009,agegroup_yearsall,sex_mle,1.73549
brn,2010,agegroup_yearsall,sex_btsx,1.05052
brn,2010,agegroup_yearsall,sex_fmle,0.34947
brn,2010,agegroup_yearsall,sex_mle,1.67399
brn,2011,agegroup_yearsall,sex_btsx,1.42276
brn,2011,agegroup_yearsall,sex_fmle,0
brn,2011,agegroup_yearsall,sex_mle,2.69396
brn,2012,agegroup_yearsall,sex_btsx,1.61254
brn,2012,agegroup_yearsall,sex_fmle,0.50172
brn,2012,agegroup_yearsall,sex_mle,2.60492
brn,2013,agegroup_yearsall,sex_btsx,1.31008
brn,2013,agegroup_yearsall,sex_fmle,0.80112
brn,2013,agegroup_yearsall,sex_mle,1.76376
brn,2014,agegroup_yearsall,sex_btsx,1.32003
brn,2014,agegroup_yearsall,sex_fmle,1.038
brn,2014,agegroup_yearsall,sex_mle,1.57087
brn,2015,agegroup_yearsall,sex_btsx,1.37039
brn,2015,agegroup_yearsall,sex_fmle,0.50212
brn,2015,agegroup_yearsall,sex_mle,2.14103
brn,2016,agegroup_yearsall,sex_btsx,2.03629
brn,2016,agegroup_yearsall,sex_fmle,0.42127
brn,2016,agegroup_yearsall,sex_mle,3.4668
brn,2017,agegroup_yearsall,sex_btsx,2.47783
brn,2017,agegroup_yearsall,sex_fmle,0.57884
brn,2017,agegroup_yearsall,sex_mle,4.15659
brn,2018,agegroup_yearsall,sex_btsx,2.72247
brn,2018,agegroup_yearsall,sex_fmle,0.62442
brn,2018,agegroup_yearsall,sex_mle,4.57355
brn,2019,agegroup_years15_19,sex_btsx,0
brn,2019,agegroup_years15_19,sex_fmle,0
brn,2019,agegroup_years15_19,sex_mle,0
brn,2019,agegroup_years15_24,sex_btsx,0
brn,2019,agegroup_years15_24,sex_fmle,0
brn,2019,agegroup_years15_24,sex_mle,0
brn,2019,agegroup_years15_29,sex_btsx,2.53
brn,2019,agegroup_years15_29,sex_fmle,0
brn,2019,agegroup_years15_29,sex_mle,4.84
brn,2019,agegroup_years25_34,sex_btsx,6.67
brn,2019,agegroup_years25_34,sex_fmle,1.95
brn,2019,agegroup_years25_34,sex_mle,10.86
brn,2019,agegroup_years30_49,sex_btsx,5.01
brn,2019,agegroup_years30_49,sex_fmle,1.84
brn,2019,agegroup_years30_49,sex_mle,7.86
brn,2019,agegroup_years35_44,sex_btsx,5.17
brn,2019,agegroup_years35_44,sex_fmle,0
brn,2019,agegroup_years35_44,sex_mle,9.75
brn,2019,agegroup_years45_54,sex_btsx,3.01
brn,2019,agegroup_years45_54,sex_fmle,2
brn,2019,agegroup_years45_54,sex_mle,3.97
brn,2019,agegroup_years55_64,sex_btsx,0
brn,2019,agegroup_years55_64,sex_fmle,0
brn,2019,agegroup_years55_64,sex_mle,0
brn,2019,agegroup_years65_74,sex_btsx,0
brn,2019,agegroup_years65_74,sex_fmle,0
brn,2019,agegroup_years65_74,sex_mle,0
brn,2019,agegroup_years75_84,sex_btsx,13.85
brn,2019,agegroup_years75_84,sex_fmle,0
brn,2019,agegroup_years75_84,sex_mle,28.73
brn,2019,agegroup_years85plus,sex_btsx,58.52
brn,2019,agegroup_years85plus,sex_fmle,0
brn,2019,agegroup_years85plus,sex_mle,116.49
brn,2019,agegroup_yearsall,sex_btsx,2.49215
brn,2019,agegroup_yearsall,sex_fmle,0.64501
brn,2019,agegroup_yearsall,sex_mle,4.11875
brn,2020,agegroup_yearsall,sex_btsx,2.93366
brn,2020,agegroup_yearsall,sex_fmle,0.61666
brn,2020,agegroup_yearsall,sex_mle,4.97041
brn,2021,agegroup_yearsall,sex_btsx,3.04717
brn,2021,agegroup_yearsall,sex_fmle,0.61032
brn,2021,agegroup_yearsall,sex_mle,5.18923
btn,2000,agegroup_yearsall,sex_btsx,5.70257
btn,2000,agegroup_yearsall,sex_fmle,4.71258
btn,2000,agegroup_yearsall,sex_mle,6.60961
btn,2001,agegroup_yearsall,sex_btsx,5.76235
btn,2001,agegroup_yearsall,sex_fmle,4.77839
btn,2001,agegroup_yearsall,sex_mle,6.65074
btn,2002,agegroup_yearsall,sex_btsx,5.63214
btn,2002,agegroup_yearsall,sex_fmle,4.60041
btn,2002,agegroup_yearsall,sex_mle,6.55047
btn,2003,agegroup_yearsall,sex_btsx,5.93237
btn,2003,agegroup_yearsall,sex_fmle,4.81832
btn,2003,agegroup_yearsall,sex_mle,6.91035
btn,2004,agegroup_yearsall,sex_btsx,5.88079
btn,2004,agegroup_yearsall,sex_fmle,4.75181
btn,2004,agegroup_yearsall,sex_mle,6.85887
btn,2005,agegroup_yearsall,sex_btsx,5.82788
btn,2005,agegroup_yearsall,sex_fmle,4.64979
btn,2005,agegroup_yearsall,sex_mle,6.8398
btn,2006,agegroup_yearsall,sex_btsx,5.78661
btn,2006,agegroup_yearsall,sex_fmle,4.62628
btn,2006,agegroup_yearsall,sex_mle,6.78153
btn,2007,agegroup_yearsall,sex_btsx,5.65076
btn,2007,agegroup_yearsall,sex_fmle,4.43814
btn,2007,agegroup_yearsall,sex_mle,6.69143
btn,2008,agegroup_yearsall,sex_btsx,5.56103
btn,2008,agegroup_yearsall,sex_fmle,4.32006
btn,2008,agegroup_yearsall,sex_mle,6.62667
btn,2009,agegroup_yearsall,sex_btsx,5.39225
btn,2009,agegroup_yearsall,sex_fmle,4.10409
btn,2009,agegroup_yearsall,sex_mle,6.49874
btn,2010,agegroup_yearsall,sex_btsx,5.15422
btn,2010,agegroup_yearsall,sex_fmle,3.87308
btn,2010,agegroup_yearsall,sex_mle,6.2548
btn,2011,agegroup_yearsall,sex_btsx,5.09801
btn,2011,agegroup_yearsall,sex_fmle,3.83716
btn,2011,agegroup_yearsall,sex_mle,6.18101
btn,2012,agegroup_yearsall,sex_btsx,5.18101
btn,2012,agegroup_yearsall,sex_fmle,3.86869
btn,2012,agegroup_yearsall,sex_mle,6.30799
btn,2013,agegroup_yearsall,sex_btsx,5.33471
btn,2013,agegroup_yearsall,sex_fmle,3.9005
btn,2013,agegroup_yearsall,sex_mle,6.56601
btn,2014,agegroup_yearsall,sex_btsx,5.43903
btn,2014,agegroup_yearsall,sex_fmle,3.92853
btn,2014,agegroup_yearsall,sex_mle,6.73538
btn,2015,agegroup_yearsall,sex_btsx,5.30101
btn,2015,agegroup_yearsall,sex_fmle,3.80213
btn,2015,agegroup_yearsall,sex_mle,6.58665
btn,2016,agegroup_yearsall,sex_btsx,5.24362
btn,2016,agegroup_yearsall,sex_fmle,3.74948
btn,2016,agegroup_yearsall,sex_mle,6.524
btn,2017,agegroup_yearsall,sex_btsx,5.33831
btn,2017,agegroup_yearsall,sex_fmle,3.79009
btn,2017,agegroup_yearsall,sex_mle,6.66598
btn,2018,agegroup_yearsall,sex_btsx,5.01739
btn,2018,agegroup_yearsall,sex_fmle,3.55487
btn,2018,agegroup_yearsall,sex_mle,6.27451
btn,2019,agegroup_years15_19,sex_btsx,2.55
btn,2019,agegroup_years15_19,sex_fmle,1.43
btn,2019,agegroup_years15_19,sex_mle,3.62
btn,2019,agegroup_years15_24,sex_btsx,2.87
btn,2019,agegroup_years15_24,sex_fmle,1.54
btn,2019,agegroup_years15_24,sex_mle,4.08
btn,2019,agegroup_years15_29,sex_btsx,3.36
btn,2019,agegroup_years15_29,sex_fmle,1.67
btn,2019,agegroup_years15_29,sex_mle,4.85
btn,2019,agegroup_years25_34,sex_btsx,4.26
btn,2019,agegroup_years25_34,sex_fmle,1.98
btn,2019,agegroup_years25_34,sex_mle,6.15
btn,2019,agegroup_years30_49,sex_btsx,4.91
btn,2019,agegroup_years30_49,sex_fmle,2.84
btn,2019,agegroup_years30_49,sex_mle,6.63
btn,2019,agegroup_years35_44,sex_btsx,4.91
btn,2019,agegroup_years35_44,sex_fmle,2.93
btn,2019,agegroup_years35_44,sex_mle,6.52
btn,2019,agegroup_years45_54,sex_btsx,6.88
btn,2019,agegroup_years45_54,sex_fmle,4.61
btn,2019,agegroup_years45_54,sex_mle,8.82
btn,2019,agegroup_years55_64,sex_btsx,9.56
btn,2019,agegroup_years55_64,sex_fmle,6.15
btn,2019,agegroup_years55_64,sex_mle,12.63
btn,2019,agegroup_years65_74,sex_btsx,14.25
btn,2019,agegroup_years65_74,sex_fmle,9.87
btn,2019,agegroup_years65_74,sex_mle,17.78
btn,2019,agegroup_years75_84,sex_btsx,25.52
btn,2019,agegroup_years75_84,sex_fmle,16.15
btn,2019,agegroup_years75_84,sex_mle,33.12
btn,2019,agegroup_years85plus,sex_btsx,39.05
btn,2019,agegroup_years85plus,sex_fmle,20.89
btn,2019,agegroup_years85plus,sex_mle,56.61
btn,2019,agegroup_yearsall,sex_btsx,4.84207
btn,2019,agegroup_yearsall,sex_fmle,3.40367
btn,2019,agegroup_yearsall,sex_mle,6.08128
btn,2020,agegroup_yearsall,sex_btsx,5.07683
btn,2020,agegroup_yearsall,sex_fmle,3.40827
btn,2020,agegroup_yearsall,sex_mle,6.51759
btn,2021,agegroup_yearsall,sex_btsx,4.90384
btn,2021,agegroup_yearsall,sex_fmle,3.42032
btn,2021,agegroup_yearsall,sex_mle,6.18772
bwa,2000,agegroup_yearsall,sex_btsx,12.08191
bwa,2000,agegroup_yearsall,sex_fmle,4.67373
bwa,2000,agegroup_yearsall,sex_mle,19.78344
bwa,2001,agegroup_yearsall,sex_btsx,11.75553
bwa,2001,agegroup_yearsall,sex_fmle,4.06879
bwa,2001,agegroup_yearsall,sex_mle,19.73553
bwa,2002,agegroup_yearsall,sex_btsx,12.04675
bwa,2002,agegroup_yearsall,sex_fmle,4.49035
bwa,2002,agegroup_yearsall,sex_mle,19.87988
bwa,2003,agegroup_yearsall,sex_btsx,11.1562
bwa,2003,agegroup_yearsall,sex_fmle,3.33027
bwa,2003,agegroup_yearsall,sex_mle,19.2562
bwa,2004,agegroup_yearsall,sex_btsx,9.9265
bwa,2004,agegroup_yearsall,sex_fmle,2.43165
bwa,2004,agegroup_yearsall,sex_mle,17.67229
bwa,2005,agegroup_yearsall,sex_btsx,9.37772
bwa,2005,agegroup_yearsall,sex_fmle,4.04324
bwa,2005,agegroup_yearsall,sex_mle,14.88292
bwa,2006,agegroup_yearsall,sex_btsx,9.06527
bwa,2006,agegroup_yearsall,sex_fmle,4.77163
bwa,2006,agegroup_yearsall,sex_mle,13.48942
bwa,2007,agegroup_yearsall,sex_btsx,11.48459
bwa,2007,agegroup_yearsall,sex_fmle,6.98234
bwa,2007,agegroup_yearsall,sex_mle,16.11588
bwa,2008,agegroup_yearsall,sex_btsx,15.11223
bwa,2008,agegroup_yearsall,sex_fmle,9.30285
bwa,2008,agegroup_yearsall,sex_mle,21.07831
bwa,2009,agegroup_yearsall,sex_btsx,16.68243
bwa,2009,agegroup_yearsall,sex_fmle,10.51451
bwa,2009,agegroup_yearsall,sex_mle,23.00752
bwa,2010,agegroup_yearsall,sex_btsx,16.46464
bwa,2010,agegroup_yearsall,sex_fmle,10.85164
bwa,2010,agegroup_yearsall,sex_mle,22.21372
bwa,2011,agegroup_yearsall,sex_btsx,15.36643
bwa,2011,agegroup_yearsall,sex_fmle,10.28286
bwa,2011,agegroup_yearsall,sex_mle,20.56981
bwa,2012,agegroup_yearsall,sex_btsx,15.03075
bwa,2012,agegroup_yearsall,sex_fmle,8.67501
bwa,2012,agegroup_yearsall,sex_mle,21.52536
bwa,2013,agegroup_yearsall,sex_btsx,14.09657
bwa,2013,agegroup_yearsall,sex_fmle,8.32198
bwa,2013,agegroup_yearsall,sex_mle,19.97913
bwa,2014,agegroup_yearsall,sex_btsx,12.80985
bwa,2014,agegroup_yearsall,sex_fmle,7.44425
bwa,2014,agegroup_yearsall,sex_mle,18.25985
bwa,2015,agegroup_yearsall,sex_btsx,11.06238
bwa,2015,agegroup_yearsall,sex_fmle,6.04727
bwa,2015,agegroup_yearsall,sex_mle,16.14253
bwa,2016,agegroup_yearsall,sex_btsx,11.01005
bwa,2016,agegroup_yearsall,sex_fmle,5.75276
bwa,2016,agegroup_yearsall,sex_mle,16.32222
bwa,2017,agegroup_yearsall,sex_btsx,10.76394
bwa,2017,agegroup_yearsall,sex_fmle,5.54162
bwa,2017,agegroup_yearsall,sex_mle,16.0291
bwa,2018,agegroup_yearsall,sex_btsx,9.8158
bwa,2018,agegroup_yearsall,sex_fmle,4.79379
bwa,2018,agegroup_yearsall,sex_mle,14.86952
bwa,2019,agegroup_years15_19,sex_btsx,9.03
bwa,2019,agegroup_years15_19,sex_fmle,3.8
bwa,2019,agegroup_years15_19,sex_mle,14.15
bwa,2019,agegroup_years15_24,sex_btsx,10.84
bwa,2019,agegroup_years15_24,sex_fmle,3.85
bwa,2019,agegroup_years15_24,sex_mle,17.72
bwa,2019,agegroup_years15_29,sex_btsx,11.85
bwa,2019,agegroup_years15_29,sex_fmle,3.95
bwa,2019,agegroup_years15_29,sex_mle,19.73
bwa,2019,agegroup_years25_34,sex_btsx,14.98
bwa,2019,agegroup_years25_34,sex_fmle,4.58
bwa,2019,agegroup_years25_34,sex_mle,26.04
bwa,2019,agegroup_years30_49,sex_btsx,28.12
bwa,2019,agegroup_years30_49,sex_fmle,10.76
bwa,2019,agegroup_years30_49,sex_mle,47.79
bwa,2019,agegroup_years35_44,sex_btsx,30.61
bwa,2019,agegroup_years35_44,sex_fmle,13.19
bwa,2019,agegroup_years35_44,sex_mle,50.67
bwa,2019,agegroup_years45_54,sex_btsx,43.33
bwa,2019,agegroup_years45_54,sex_fmle,14.46
bwa,2019,agegroup_years45_54,sex_mle,76.41
bwa,2019,agegroup_years55_64,sex_btsx,38.47
bwa,2019,agegroup_years55_64,sex_fmle,14.81
bwa,2019,agegroup_years55_64,sex_mle,72.35
bwa,2019,agegroup_years65_74,sex_btsx,40.49
bwa,2019,agegroup_years65_74,sex_fmle,17.65
bwa,2019,agegroup_years65_74,sex_mle,71.96
bwa,2019,agegroup_years75_84,sex_btsx,49.31
bwa,2019,agegroup_years75_84,sex_fmle,24.29
bwa,2019,agegroup_years75_84,sex_mle,91.04
bwa,2019,agegroup_years85plus,sex_btsx,94.2
bwa,2019,agegroup_years85plus,sex_fmle,43.15
bwa,2019,agegroup_years85plus,sex_mle,222.59
bwa,2019,agegroup_yearsall,sex_btsx,8.98617
bwa,2019,agegroup_yearsall,sex_fmle,4.86689
bwa,2019,agegroup_yearsall,sex_mle,13.12511
bwa,2020,agegroup_yearsall,sex_btsx,8.90835
bwa,2020,agegroup_yearsall,sex_fmle,4.80752
bwa,2020,agegroup_yearsall,sex_mle,13.024
bwa,2021,agegroup_yearsall,sex_btsx,8.35228
bwa,2021,agegroup_yearsall,sex_fmle,5.52697
bwa,2021,agegroup_yearsall,sex_mle,11.18512
caf,2000,agegroup_yearsall,sex_btsx,12.60821
caf,2000,agegroup_yearsall,sex_fmle,4.2251
caf,2000,agegroup_yearsall,sex_mle,20.90529
caf,2001,agegroup_yearsall,sex_btsx,12.01677
caf,2001,agegroup_yearsall,sex_fmle,3.87978
caf,2001,agegroup_yearsall,sex_mle,20.07614
caf,2002,agegroup_yearsall,sex_btsx,12.2038
caf,2002,agegroup_yearsall,sex_fmle,4.00212
caf,2002,agegroup_yearsall,sex_mle,20.33289
caf,2003,agegroup_yearsall,sex_btsx,11.32143
caf,2003,agegroup_yearsall,sex_fmle,3.63449
caf,2003,agegroup_yearsall,sex_mle,18.94306
caf,2004,agegroup_yearsall,sex_btsx,11.43077
caf,2004,agegroup_yearsall,sex_fmle,3.73251
caf,2004,agegroup_yearsall,sex_mle,19.06514
caf,2005,agegroup_yearsall,sex_btsx,10.74745
caf,2005,agegroup_yearsall,sex_fmle,3.3829
caf,2005,agegroup_yearsall,sex_mle,18.05192
caf,2006,agegroup_yearsall,sex_btsx,11.29942
caf,2006,agegroup_yearsall,sex_fmle,3.4141
caf,2006,agegroup_yearsall,sex_mle,19.12161
caf,2007,agegroup_yearsall,sex_btsx,11.01706
caf,2007,agegroup_yearsall,sex_fmle,3.63343
caf,2007,agegroup_yearsall,sex_mle,18.34273
caf,2008,agegroup_yearsall,sex_btsx,10.4394
caf,2008,agegroup_yearsall,sex_fmle,3.19579
caf,2008,agegroup_yearsall,sex_mle,17.62688
caf,2009,agegroup_yearsall,sex_btsx,10.65996
caf,2009,agegroup_yearsall,sex_fmle,3.36981
caf,2009,agegroup_yearsall,sex_mle,18.04076
caf,2010,agegroup_yearsall,sex_btsx,10.23942
caf,2010,agegroup_yearsall,sex_fmle,3.59747
caf,2010,agegroup_yearsall,sex_mle,17.10761
caf,2011,agegroup_yearsall,sex_btsx,11.44522
caf,2011,agegroup_yearsall,sex_fmle,3.73133
caf,2011,agegroup_yearsall,sex_mle,19.42328
caf,2012,agegroup_yearsall,sex_btsx,9.98758
caf,2012,agegroup_yearsall,sex_fmle,3.55082
caf,2012,agegroup_yearsall,sex_mle,16.64261
caf,2013,agegroup_yearsall,sex_btsx,10.46069
caf,2013,agegroup_yearsall,sex_fmle,3.58808
caf,2013,agegroup_yearsall,sex_mle,17.56852
caf,2014,agegroup_yearsall,sex_btsx,11.23381
caf,2014,agegroup_yearsall,sex_fmle,3.6758
caf,2014,agegroup_yearsall,sex_mle,19.07904
caf,2015,agegroup_yearsall,sex_btsx,10.47412
caf,2015,agegroup_yearsall,sex_fmle,3.7611
caf,2015,agegroup_yearsall,sex_mle,17.46354
caf,2016,agegroup_yearsall,sex_btsx,10.44016
caf,2016,agegroup_yearsall,sex_fmle,3.81422
caf,2016,agegroup_yearsall,sex_mle,17.33862
caf,2017,agegroup_yearsall,sex_btsx,11.0735
caf,2017,agegroup_yearsall,sex_fmle,3.80353
caf,2017,agegroup_yearsall,sex_mle,18.65472
caf,2018,agegroup_yearsall,sex_btsx,10.33212
caf,2018,agegroup_yearsall,sex_fmle,3.84717
caf,2018,agegroup_yearsall,sex_mle,17.10457
caf,2019,agegroup_years15_19,sex_btsx,6.41
caf,2019,agegroup_years15_19,sex_fmle,2.32
caf,2019,agegroup_years15_19,sex_mle,10.49
caf,2019,agegroup_years15_24,sex_btsx,6.96
caf,2019,agegroup_years15_24,sex_fmle,2.35
caf,2019,agegroup_years15_24,sex_mle,11.56
caf,2019,agegroup_years15_29,sex_btsx,7.18
caf,2019,agegroup_years15_29,sex_fmle,2.54
caf,2019,agegroup_years15_29,sex_mle,11.8
caf,2019,agegroup_years25_34,sex_btsx,8.34
caf,2019,agegroup_years25_34,sex_fmle,4.03
caf,2019,agegroup_years25_34,sex_mle,12.64
caf,2019,agegroup_years30_49,sex_btsx,21.96
caf,2019,agegroup_years30_49,sex_fmle,8.8
caf,2019,agegroup_years30_49,sex_mle,35.31
caf,2019,agegroup_years35_44,sex_btsx,21.56
caf,2019,agegroup_years35_44,sex_fmle,8
caf,2019,agegroup_years35_44,sex_mle,35.32
caf,2019,agegroup_years45_54,sex_btsx,51.55
caf,2019,agegroup_years45_54,sex_fmle,20.4
caf,2019,agegroup_years45_54,sex_mle,84.62
caf,2019,agegroup_years55_64,sex_btsx,65.44
caf,2019,agegroup_years55_64,sex_fmle,27.29
caf,2019,agegroup_years55_64,sex_mle,111.08
caf,2019,agegroup_years65_74,sex_btsx,72.05
caf,2019,agegroup_years65_74,sex_fmle,29.82
caf,2019,agegroup_years65_74,sex_mle,131.37
caf,2019,agegroup_years75_84,sex_btsx,74.37
caf,2019,agegroup_years75_84,sex_fmle,30.48
caf,2019,agegroup_years75_84,sex_mle,151.8
caf,2019,agegroup_years85plus,sex_btsx,189.83
caf,2019,agegroup_years85plus,sex_fmle,70.66
caf,2019,agegroup_years85plus,sex_mle,507.01
caf,2019,agegroup_yearsall,sex_btsx,9.45452
caf,2019,agegroup_yearsall,sex_fmle,3.8894
caf,2019,agegroup_yearsall,sex_mle,15.29903
caf,2020,agegroup_yearsall,sex_btsx,9.72903
caf,2020,agegroup_yearsall,sex_fmle,3.93792
caf,2020,agegroup_yearsall,sex_mle,15.84458
caf,2021,agegroup_yearsall,sex_btsx,9.18932
caf,2021,agegroup_yearsall,sex_fmle,3.96312
caf,2021,agegroup_yearsall,sex_mle,14.72195
can,2000,agegroup_yearsall,sex_btsx,12.45292
can,2000,agegroup_yearsall,sex_fmle,5.92719
can,2000,agegroup_yearsall,sex_mle,19.11168
can,2001,agegroup_yearsall,sex_btsx,12.78265
can,2001,agegroup_yearsall,sex_fmle,6.10345
can,2001,agegroup_yearsall,sex_mle,19.59196
can,2002,agegroup_yearsall,sex_btsx,12.44839
can,2002,agegroup_yearsall,sex_fmle,5.88576
can,2002,agegroup_yearsall,sex_mle,19.13508
can,2003,agegroup_yearsall,sex_btsx,13.09065
can,2003,agegroup_yearsall,sex_fmle,6.44732
can,2003,agegroup_yearsall,sex_mle,19.85821
can,2004,agegroup_yearsall,sex_btsx,12.39094
can,2004,agegroup_yearsall,sex_fmle,6.45816
can,2004,agegroup_yearsall,sex_mle,18.43367
can,2005,agegroup_yearsall,sex_btsx,12.86833
can,2005,agegroup_yearsall,sex_fmle,6.53459
can,2005,agegroup_yearsall,sex_mle,19.31759
can,2006,agegroup_yearsall,sex_btsx,11.85839
can,2006,agegroup_yearsall,sex_fmle,5.98305
can,2006,agegroup_yearsall,sex_mle,17.83997
can,2007,agegroup_yearsall,sex_btsx,12.17983
can,2007,agegroup_yearsall,sex_fmle,6.40692
can,2007,agegroup_yearsall,sex_mle,18.05785
can,2008,agegroup_yearsall,sex_btsx,12.34484
can,2008,agegroup_yearsall,sex_fmle,6.5048
can,2008,agegroup_yearsall,sex_mle,18.292
can,2009,agegroup_yearsall,sex_btsx,12.83161
can,2009,agegroup_yearsall,sex_fmle,6.34012
can,2009,agegroup_yearsall,sex_mle,19.44235
can,2010,agegroup_yearsall,sex_btsx,12.89314
can,2010,agegroup_yearsall,sex_fmle,6.85062
can,2010,agegroup_yearsall,sex_mle,19.04653
can,2011,agegroup_yearsall,sex_btsx,12.02242
can,2011,agegroup_yearsall,sex_fmle,6.53419
can,2011,agegroup_yearsall,sex_mle,17.60952
can,2012,agegroup_yearsall,sex_btsx,12.59646
can,2012,agegroup_yearsall,sex_fmle,6.60001
can,2012,agegroup_yearsall,sex_mle,18.69636
can,2013,agegroup_yearsall,sex_btsx,12.85595
can,2013,agegroup_yearsall,sex_fmle,6.75788
can,2013,agegroup_yearsall,sex_mle,19.05446
can,2014,agegroup_yearsall,sex_btsx,13.37575
can,2014,agegroup_yearsall,sex_fmle,7.181
can,2014,agegroup_yearsall,sex_mle,19.67023
can,2015,agegroup_yearsall,sex_btsx,13.42697
can,2015,agegroup_yearsall,sex_fmle,7.15972
can,2015,agegroup_yearsall,sex_mle,19.79502
can,2016,agegroup_yearsall,sex_btsx,11.48604
can,2016,agegroup_yearsall,sex_fmle,6.17451
can,2016,agegroup_yearsall,sex_mle,16.88241
can,2017,agegroup_yearsall,sex_btsx,11.82108
can,2017,agegroup_yearsall,sex_fmle,6.19651
can,2017,agegroup_yearsall,sex_mle,17.53228
can,2018,agegroup_yearsall,sex_btsx,12.55595
can,2018,agegroup_yearsall,sex_fmle,6.4211
can,2018,agegroup_yearsall,sex_mle,18.77865
can,2019,agegroup_years15_19,sex_btsx,8.6
can,2019,agegroup_years15_19,sex_fmle,6.28
can,2019,agegroup_years15_19,sex_mle,10.8
can,2019,agegroup_years15_24,sex_btsx,11.06
can,2019,agegroup_years15_24,sex_fmle,6.77
can,2019,agegroup_years15_24,sex_mle,15.15
can,2019,agegroup_years15_29,sex_btsx,12.97
can,2019,agegroup_years15_29,sex_fmle,6.88
can,2019,agegroup_years15_29,sex_mle,18.81
can,2019,agegroup_years25_34,sex_btsx,16.29
can,2019,agegroup_years25_34,sex_fmle,6.82
can,2019,agegroup_years25_34,sex_mle,25.62
can,2019,agegroup_years30_49,sex_btsx,14.6
can,2019,agegroup_years30_49,sex_fmle,6.69
can,2019,agegroup_years30_49,sex_mle,22.55
can,2019,agegroup_years35_44,sex_btsx,13.02
can,2019,agegroup_years35_44,sex_fmle,5.95
can,2019,agegroup_years35_44,sex_mle,20.16
can,2019,agegroup_years45_54,sex_btsx,16.09
can,2019,agegroup_years45_54,sex_fmle,9.19
can,2019,agegroup_years45_54,sex_mle,22.97
can,2019,agegroup_years55_64,sex_btsx,15
can,2019,agegroup_years55_64,sex_fmle,7.88
can,2019,agegroup_years55_64,sex_mle,22.17
can,2019,agegroup_years65_74,sex_btsx,10.51
can,2019,agegroup_years65_74,sex_fmle,4.65
can,2019,agegroup_years65_74,sex_mle,16.72
can,2019,agegroup_years75_84,sex_btsx,13.14
can,2019,agegroup_years75_84,sex_fmle,6.61
can,2019,agegroup_years75_84,sex_mle,21.08
can,2019,agegroup_years85plus,sex_btsx,13.18
can,2019,agegroup_years85plus,sex_fmle,5.15
can,2019,agegroup_years85plus,sex_mle,27.32
can,2019,agegroup_yearsall,sex_btsx,12.68958
can,2019,agegroup_yearsall,sex_fmle,6.37844
can,2019,agegroup_yearsall,sex_mle,19.08495
can,2020,agegroup_yearsall,sex_btsx,11.64402
can,2020,agegroup_yearsall,sex_fmle,6.13519
can,2020,agegroup_yearsall,sex_mle,17.22344
can,2021,agegroup_yearsall,sex_btsx,9.44161
can,2021,agegroup_yearsall,sex_fmle,4.74772
can,2021,agegroup_yearsall,sex_mle,14.19527
che,2000,agegroup_yearsall,sex_btsx,20.35451
che,2000,agegroup_yearsall,sex_fmle,12.53373
che,2000,agegroup_yearsall,sex_mle,28.53974
che,2001,agegroup_yearsall,sex_btsx,19.7061
che,2001,agegroup_yearsall,sex_fmle,12.25579
che,2001,agegroup_yearsall,sex_mle,27.50361
che,2002,agegroup_yearsall,sex_btsx,21.06964
che,2002,agegroup_yearsall,sex_fmle,14.21171
che,2002,agegroup_yearsall,sex_mle,28.2421
che,2003,agegroup_yearsall,sex_btsx,18.70046
che,2003,agegroup_yearsall,sex_fmle,13.17858
che,2003,agegroup_yearsall,sex_mle,24.46892
che,2004,agegroup_yearsall,sex_btsx,18.5527
che,2004,agegroup_yearsall,sex_fmle,12.60141
che,2004,agegroup_yearsall,sex_mle,24.76292
che,2005,agegroup_yearsall,sex_btsx,18.97447
che,2005,agegroup_yearsall,sex_fmle,12.55975
che,2005,agegroup_yearsall,sex_mle,25.66022
che,2006,agegroup_yearsall,sex_btsx,18.84826
che,2006,agegroup_yearsall,sex_fmle,13.46289
che,2006,agegroup_yearsall,sex_mle,24.45378
che,2007,agegroup_yearsall,sex_btsx,19.46768
che,2007,agegroup_yearsall,sex_fmle,13.43149
che,2007,agegroup_yearsall,sex_mle,25.73579
che,2008,agegroup_yearsall,sex_btsx,18.64478
che,2008,agegroup_yearsall,sex_fmle,13.29749
che,2008,agegroup_yearsall,sex_mle,24.17901
che,2009,agegroup_yearsall,sex_btsx,15.90666
che,2009,agegroup_yearsall,sex_fmle,9.24539
che,2009,agegroup_yearsall,sex_mle,22.7844
che,2010,agegroup_yearsall,sex_btsx,14.4912
che,2010,agegroup_yearsall,sex_fmle,9.21293
che,2010,agegroup_yearsall,sex_mle,19.93178
che,2011,agegroup_yearsall,sex_btsx,14.66158
che,2011,agegroup_yearsall,sex_fmle,9.21264
che,2011,agegroup_yearsall,sex_mle,20.26803
che,2012,agegroup_yearsall,sex_btsx,14.74814
che,2012,agegroup_yearsall,sex_fmle,9.34319
che,2012,agegroup_yearsall,sex_mle,20.29847
che,2013,agegroup_yearsall,sex_btsx,15.10083
che,2013,agegroup_yearsall,sex_fmle,9.25334
che,2013,agegroup_yearsall,sex_mle,21.09284
che,2014,agegroup_yearsall,sex_btsx,14.78048
che,2014,agegroup_yearsall,sex_fmle,9.72928
che,2014,agegroup_yearsall,sex_mle,19.94733
che,2015,agegroup_yearsall,sex_btsx,15.04932
che,2015,agegroup_yearsall,sex_fmle,9.45989
che,2015,agegroup_yearsall,sex_mle,20.75748
che,2016,agegroup_yearsall,sex_btsx,14.16106
che,2016,agegroup_yearsall,sex_fmle,8.40523
che,2016,agegroup_yearsall,sex_mle,20.02569
che,2017,agegroup_yearsall,sex_btsx,14.40023
che,2017,agegroup_yearsall,sex_fmle,8.87388
che,2017,agegroup_yearsall,sex_mle,20.02144
che,2018,agegroup_yearsall,sex_btsx,14.25457
che,2018,agegroup_yearsall,sex_fmle,9.81803
che,2018,agegroup_yearsall,sex_mle,18.76536
che,2019,agegroup_years15_19,sex_btsx,5.59
che,2019,agegroup_years15_19,sex_fmle,2.44
che,2019,agegroup_years15_19,sex_mle,8.61
che,2019,agegroup_years15_24,sex_btsx,6.55
che,2019,agegroup_years15_24,sex_fmle,2.93
che,2019,agegroup_years15_24,sex_mle,10.03
che,2019,agegroup_years15_29,sex_btsx,7.33
che,2019,agegroup_years15_29,sex_fmle,3.5
che,2019,agegroup_years15_29,sex_mle,11.04
che,2019,agegroup_years25_34,sex_btsx,7.83
che,2019,agegroup_years25_34,sex_fmle,3.91
che,2019,agegroup_years25_34,sex_mle,11.67
che,2019,agegroup_years30_49,sex_btsx,10.85
che,2019,agegroup_years30_49,sex_fmle,6.72
che,2019,agegroup_years30_49,sex_mle,14.94
che,2019,agegroup_years35_44,sex_btsx,10.47
che,2019,agegroup_years35_44,sex_fmle,6.84
che,2019,agegroup_years35_44,sex_mle,14.06
che,2019,agegroup_years45_54,sex_btsx,17.66
che,2019,agegroup_years45_54,sex_fmle,10.97
che,2019,agegroup_years45_54,sex_mle,24.24
che,2019,agegroup_years55_64,sex_btsx,21.03
che,2019,agegroup_years55_64,sex_fmle,11.63
che,2019,agegroup_years55_64,sex_mle,30.29
che,2019,agegroup_years65_74,sex_btsx,21.15
che,2019,agegroup_years65_74,sex_fmle,12.01
che,2019,agegroup_years65_74,sex_mle,30.96
che,2019,agegroup_years75_84,sex_btsx,32.36
che,2019,agegroup_years75_84,sex_fmle,17.15
che,2019,agegroup_years75_84,sex_mle,51.33
che,2019,agegroup_years85plus,sex_btsx,35.77
che,2019,agegroup_years85plus,sex_fmle,16.44
che,2019,agegroup_years85plus,sex_mle,72.12
che,2019,agegroup_yearsall,sex_btsx,14.22617
che,2019,agegroup_yearsall,sex_fmle,9.30382
che,2019,agegroup_yearsall,sex_mle,19.22844
che,2020,agegroup_yearsall,sex_btsx,13.69128
che,2020,agegroup_yearsall,sex_fmle,9.32015
che,2020,agegroup_yearsall,sex_mle,18.13008
che,2021,agegroup_yearsall,sex_btsx,14.02486
che,2021,agegroup_yearsall,sex_fmle,9.1987
che,2021,agegroup_yearsall,sex_mle,18.92182
chl,2000,agegroup_yearsall,sex_btsx,10.64218
chl,2000,agegroup_yearsall,sex_fmle,2.95978
chl,2000,agegroup_yearsall,sex_mle,18.40052
chl,2001,agegroup_yearsall,sex_btsx,10.60289
chl,2001,agegroup_yearsall,sex_fmle,3.00829
chl,2001,agegroup_yearsall,sex_mle,18.27441
chl,2002,agegroup_yearsall,sex_btsx,9.84325
chl,2002,agegroup_yearsall,sex_fmle,3.03376
chl,2002,agegroup_yearsall,sex_mle,16.72379
chl,2003,agegroup_yearsall,sex_btsx,9.83697
chl,2003,agegroup_yearsall,sex_fmle,3.01475
chl,2003,agegroup_yearsall,sex_mle,16.73201
chl,2004,agegroup_yearsall,sex_btsx,10.26033
chl,2004,agegroup_yearsall,sex_fmle,3.14525
chl,2004,agegroup_yearsall,sex_mle,17.4523
chl,2005,agegroup_yearsall,sex_btsx,9.76216
chl,2005,agegroup_yearsall,sex_fmle,3.26291
chl,2005,agegroup_yearsall,sex_mle,16.33256
chl,2006,agegroup_yearsall,sex_btsx,10.11738
chl,2006,agegroup_yearsall,sex_fmle,3.38097
chl,2006,agegroup_yearsall,sex_mle,16.92832
chl,2007,agegroup_yearsall,sex_btsx,11.04426
chl,2007,agegroup_yearsall,sex_fmle,4.18739
chl,2007,agegroup_yearsall,sex_mle,17.97745
chl,2008,agegroup_yearsall,sex_btsx,12.29636
chl,2008,agegroup_yearsall,sex_fmle,4.82405
chl,2008,agegroup_yearsall,sex_mle,19.85201
chl,2009,agegroup_yearsall,sex_btsx,12.75519
chl,2009,agegroup_yearsall,sex_fmle,5.02189
chl,2009,agegroup_yearsall,sex_mle,20.5745
chl,2010,agegroup_yearsall,sex_btsx,11.71632
chl,2010,agegroup_yearsall,sex_fmle,4.44352
chl,2010,agegroup_yearsall,sex_mle,19.06971
chl,2011,agegroup_yearsall,sex_btsx,11.78649
chl,2011,agegroup_yearsall,sex_fmle,4.29925
chl,2011,agegroup_yearsall,sex_mle,19.3561
chl,2012,agegroup_yearsall,sex_btsx,10.6187
chl,2012,agegroup_yearsall,sex_fmle,3.82012
chl,2012,agegroup_yearsall,sex_mle,17.4911
chl,2013,agegroup_yearsall,sex_btsx,9.9488
chl,2013,agegroup_yearsall,sex_fmle,3.66933
chl,2013,agegroup_yearsall,sex_mle,16.29554
chl,2014,agegroup_yearsall,sex_btsx,10.13178
chl,2014,agegroup_yearsall,sex_fmle,3.59377
chl,2014,agegroup_yearsall,sex_mle,16.73901
chl,2015,agegroup_yearsall,sex_btsx,10.32085
chl,2015,agegroup_yearsall,sex_fmle,4.25805
chl,2015,agegroup_yearsall,sex_mle,16.4476
chl,2016,agegroup_yearsall,sex_btsx,10.29992
chl,2016,agegroup_yearsall,sex_fmle,3.52017
chl,2016,agegroup_yearsall,sex_mle,17.15119
chl,2017,agegroup_yearsall,sex_btsx,10.05989
chl,2017,agegroup_yearsall,sex_fmle,3.38439
chl,2017,agegroup_yearsall,sex_mle,16.80545
chl,2018,agegroup_yearsall,sex_btsx,9.52065
chl,2018,agegroup_yearsall,sex_fmle,3.44337
chl,2018,agegroup_yearsall,sex_mle,15.66126
chl,2019,agegroup_years15_19,sex_btsx,5.09
chl,2019,agegroup_years15_19,sex_fmle,2.73
chl,2019,agegroup_years15_19,sex_mle,7.38
chl,2019,agegroup_years15_24,sex_btsx,7.43
chl,2019,agegroup_years15_24,sex_fmle,3.55
chl,2019,agegroup_years15_24,sex_mle,11.19
chl,2019,agegroup_years15_29,sex_btsx,8.12
chl,2019,agegroup_years15_29,sex_fmle,3.64
chl,2019,agegroup_years15_29,sex_mle,12.46
chl,2019,agegroup_years25_34,sex_btsx,10.12
chl,2019,agegroup_years25_34,sex_fmle,4.16
chl,2019,agegroup_years25_34,sex_mle,15.9
chl,2019,agegroup_years30_49,sex_btsx,11.9
chl,2019,agegroup_years30_49,sex_fmle,4.63
chl,2019,agegroup_years30_49,sex_mle,19.12
chl,2019,agegroup_years35_44,sex_btsx,11.79
chl,2019,agegroup_years35_44,sex_fmle,4.5
chl,2019,agegroup_years35_44,sex_mle,19.03
chl,2019,agegroup_years45_54,sex_btsx,13.7
chl,2019,agegroup_years45_54,sex_fmle,4.57
chl,2019,agegroup_years45_54,sex_mle,23.13
chl,2019,agegroup_years55_64,sex_btsx,12.29
chl,2019,agegroup_years55_64,sex_fmle,3.7
chl,2019,agegroup_years55_64,sex_mle,21.6
chl,2019,agegroup_years65_74,sex_btsx,10.71
chl,2019,agegroup_years65_74,sex_fmle,2.69
chl,2019,agegroup_years65_74,sex_mle,20.15
chl,2019,agegroup_years75_84,sex_btsx,13.85
chl,2019,agegroup_years75_84,sex_fmle,2.08
chl,2019,agegroup_years75_84,sex_mle,30.72
chl,2019,agegroup_years85plus,sex_btsx,14.51
chl,2019,agegroup_years85plus,sex_fmle,1.67
chl,2019,agegroup_years85plus,sex_mle,40.26
chl,2019,agegroup_yearsall,sex_btsx,9.76857
chl,2019,agegroup_yearsall,sex_fmle,3.83411
chl,2019,agegroup_yearsall,sex_mle,15.76483
chl,2020,agegroup_yearsall,sex_btsx,8.25715
chl,2020,agegroup_yearsall,sex_fmle,3.00034
chl,2020,agegroup_yearsall,sex_mle,13.5708
chl,2021,agegroup_yearsall,sex_btsx,7.69217
chl,2021,agegroup_yearsall,sex_fmle,3.1412
chl,2021,agegroup_yearsall,sex_mle,12.29565
chn,2000,agegroup_yearsall,sex_btsx,15.48632
chn,2000,agegroup_yearsall,sex_fmle,15.17828
chn,2000,agegroup_yearsall,sex_mle,15.78137
chn,2001,agegroup_yearsall,sex_btsx,15.13916
chn,2001,agegroup_yearsall,sex_fmle,14.71126
chn,2001,agegroup_yearsall,sex_mle,15.54882
chn,2002,agegroup_yearsall,sex_btsx,14.92854
chn,2002,agegroup_yearsall,sex_fmle,14.43591
chn,2002,agegroup_yearsall,sex_mle,15.39997
chn,2003,agegroup_yearsall,sex_btsx,15.01799
chn,2003,agegroup_yearsall,sex_fmle,14.3858
chn,2003,agegroup_yearsall,sex_mle,15.62273
chn,2004,agegroup_yearsall,sex_btsx,15.00788
chn,2004,agegroup_yearsall,sex_fmle,14.23422
chn,2004,agegroup_yearsall,sex_mle,15.74765
chn,2005,agegroup_yearsall,sex_btsx,14.22575
chn,2005,agegroup_yearsall,sex_fmle,13.37619
chn,2005,agegroup_yearsall,sex_mle,15.03783
chn,2006,agegroup_yearsall,sex_btsx,13.01763
chn,2006,agegroup_yearsall,sex_fmle,12.16161
chn,2006,agegroup_yearsall,sex_mle,13.83563
chn,2007,agegroup_yearsall,sex_btsx,12.17913
chn,2007,agegroup_yearsall,sex_fmle,11.21251
chn,2007,agegroup_yearsall,sex_mle,13.10251
chn,2008,agegroup_yearsall,sex_btsx,11.60985
chn,2008,agegroup_yearsall,sex_fmle,10.52832
chn,2008,agegroup_yearsall,sex_mle,12.64265
chn,2009,agegroup_yearsall,sex_btsx,11.10194
chn,2009,agegroup_yearsall,sex_fmle,9.93079
chn,2009,agegroup_yearsall,sex_mle,12.22004
chn,2010,agegroup_yearsall,sex_btsx,10.5835
chn,2010,agegroup_yearsall,sex_fmle,9.32434
chn,2010,agegroup_yearsall,sex_mle,11.78532
chn,2011,agegroup_yearsall,sex_btsx,9.97236
chn,2011,agegroup_yearsall,sex_fmle,8.76374
chn,2011,agegroup_yearsall,sex_mle,11.12578
chn,2012,agegroup_yearsall,sex_btsx,9.40869
chn,2012,agegroup_yearsall,sex_fmle,8.14418
chn,2012,agegroup_yearsall,sex_mle,10.61539
chn,2013,agegroup_yearsall,sex_btsx,9.07104
chn,2013,agegroup_yearsall,sex_fmle,7.75844
chn,2013,agegroup_yearsall,sex_mle,10.3236
chn,2014,agegroup_yearsall,sex_btsx,8.85845
chn,2014,agegroup_yearsall,sex_fmle,7.47376
chn,2014,agegroup_yearsall,sex_mle,10.17994
chn,2015,agegroup_yearsall,sex_btsx,8.68894
chn,2015,agegroup_yearsall,sex_fmle,7.25861
chn,2015,agegroup_yearsall,sex_mle,10.0543
chn,2016,agegroup_yearsall,sex_btsx,8.64643
chn,2016,agegroup_yearsall,sex_fmle,7.18649
chn,2016,agegroup_yearsall,sex_mle,10.04052
chn,2017,agegroup_yearsall,sex_btsx,8.6151
chn,2017,agegroup_yearsall,sex_fmle,7.16532
chn,2017,agegroup_yearsall,sex_mle,10.00031
chn,2018,agegroup_yearsall,sex_btsx,8.70276
chn,2018,agegroup_yearsall,sex_fmle,7.25461
chn,2018,agegroup_yearsall,sex_mle,10.08742
chn,2019,agegroup_years15_19,sex_btsx,2.9
chn,2019,agegroup_years15_19,sex_fmle,2.22
chn,2019,agegroup_years15_19,sex_mle,3.5
chn,2019,agegroup_years15_24,sex_btsx,4.26
chn,2019,agegroup_years15_24,sex_fmle,2.76
chn,2019,agegroup_years15_24,sex_mle,5.58
chn,2019,agegroup_years15_29,sex_btsx,4.78
chn,2019,agegroup_years15_29,sex_fmle,2.84
chn,2019,agegroup_years15_29,sex_mle,6.51
chn,2019,agegroup_years25_34,sex_btsx,5.75
chn,2019,agegroup_years25_34,sex_fmle,3.13
chn,2019,agegroup_years25_34,sex_mle,8.18
chn,2019,agegroup_years30_49,sex_btsx,6.25
chn,2019,agegroup_years30_49,sex_fmle,4.04
chn,2019,agegroup_years30_49,sex_mle,8.36
chn,2019,agegroup_years35_44,sex_btsx,6.3
chn,2019,agegroup_years35_44,sex_fmle,4.06
chn,2019,agegroup_years35_44,sex_mle,8.43
chn,2019,agegroup_years45_54,sex_btsx,7.38
chn,2019,agegroup_years45_54,sex_fmle,5.63
chn,2019,agegroup_years45_54,sex_mle,9.08
chn,2019,agegroup_years55_64,sex_btsx,11.36
chn,2019,agegroup_years55_64,sex_fmle,9.2
chn,2019,agegroup_years55_64,sex_mle,13.47
chn,2019,agegroup_years65_74,sex_btsx,19.07
chn,2019,agegroup_years65_74,sex_fmle,15.56
chn,2019,agegroup_years65_74,sex_mle,22.77
chn,2019,agegroup_years75_84,sex_btsx,38.43
chn,2019,agegroup_years75_84,sex_fmle,30.63
chn,2019,agegroup_years75_84,sex_mle,47.98
chn,2019,agegroup_years85plus,sex_btsx,71.92
chn,2019,agegroup_years85plus,sex_fmle,50.18
chn,2019,agegroup_years85plus,sex_mle,110.56
chn,2019,agegroup_yearsall,sex_btsx,8.74995
chn,2019,agegroup_yearsall,sex_fmle,7.27318
chn,2019,agegroup_yearsall,sex_mle,10.16292
chn,2020,agegroup_yearsall,sex_btsx,8.82397
chn,2020,agegroup_yearsall,sex_fmle,7.13162
chn,2020,agegroup_yearsall,sex_mle,10.44477
chn,2021,agegroup_yearsall,sex_btsx,8.94544
chn,2021,agegroup_yearsall,sex_fmle,7.51579
chn,2021,agegroup_yearsall,sex_mle,10.31628
civ,2000,agegroup_yearsall,sex_btsx,5.91792
civ,2000,agegroup_yearsall,sex_fmle,1.66355
civ,2000,agegroup_yearsall,sex_mle,10.12858
civ,2001,agegroup_yearsall,sex_btsx,5.83787
civ,2001,agegroup_yearsall,sex_fmle,1.66686
civ,2001,agegroup_yearsall,sex_mle,9.96904
civ,2002,agegroup_yearsall,sex_btsx,5.7075
civ,2002,agegroup_yearsall,sex_fmle,1.53959
civ,2002,agegroup_yearsall,sex_mle,9.83806
civ,2003,agegroup_yearsall,sex_btsx,5.64901
civ,2003,agegroup_yearsall,sex_fmle,1.61214
civ,2003,agegroup_yearsall,sex_mle,9.65162
civ,2004,agegroup_yearsall,sex_btsx,5.14748
civ,2004,agegroup_yearsall,sex_fmle,1.62634
civ,2004,agegroup_yearsall,sex_mle,8.64035
civ,2005,agegroup_yearsall,sex_btsx,5.17689
civ,2005,agegroup_yearsall,sex_fmle,1.65592
civ,2005,agegroup_yearsall,sex_mle,8.67131
civ,2006,agegroup_yearsall,sex_btsx,5.28979
civ,2006,agegroup_yearsall,sex_fmle,1.65196
civ,2006,agegroup_yearsall,sex_mle,8.90184
civ,2007,agegroup_yearsall,sex_btsx,5.48377
civ,2007,agegroup_yearsall,sex_fmle,1.73654
civ,2007,agegroup_yearsall,sex_mle,9.20605
civ,2008,agegroup_yearsall,sex_btsx,5.81245
civ,2008,agegroup_yearsall,sex_fmle,1.69147
civ,2008,agegroup_yearsall,sex_mle,9.88927
civ,2009,agegroup_yearsall,sex_btsx,6.68005
civ,2009,agegroup_yearsall,sex_fmle,2.30089
civ,2009,agegroup_yearsall,sex_mle,10.97529
civ,2010,agegroup_yearsall,sex_btsx,7.93357
civ,2010,agegroup_yearsall,sex_fmle,3.187
civ,2010,agegroup_yearsall,sex_mle,12.54907
civ,2011,agegroup_yearsall,sex_btsx,8.49556
civ,2011,agegroup_yearsall,sex_fmle,3.35507
civ,2011,agegroup_yearsall,sex_mle,13.45041
civ,2012,agegroup_yearsall,sex_btsx,8.79113
civ,2012,agegroup_yearsall,sex_fmle,3.03523
civ,2012,agegroup_yearsall,sex_mle,14.29011
civ,2013,agegroup_yearsall,sex_btsx,8.92128
civ,2013,agegroup_yearsall,sex_fmle,2.75827
civ,2013,agegroup_yearsall,sex_mle,14.75922
civ,2014,agegroup_yearsall,sex_btsx,8.60057
civ,2014,agegroup_yearsall,sex_fmle,2.72451
civ,2014,agegroup_yearsall,sex_mle,14.15152
civ,2015,agegroup_yearsall,sex_btsx,8.05554
civ,2015,agegroup_yearsall,sex_fmle,2.57534
civ,2015,agegroup_yearsall,sex_mle,13.2457
civ,2016,agegroup_yearsall,sex_btsx,7.81853
civ,2016,agegroup_yearsall,sex_fmle,2.53679
civ,2016,agegroup_yearsall,sex_mle,12.83318
civ,2017,agegroup_yearsall,sex_btsx,7.68194
civ,2017,agegroup_yearsall,sex_fmle,2.49698
civ,2017,agegroup_yearsall,sex_mle,12.61651
civ,2018,agegroup_yearsall,sex_btsx,7.71251
civ,2018,agegroup_yearsall,sex_fmle,2.5029
civ,2018,agegroup_yearsall,sex_mle,12.68182
civ,2019,agegroup_years15_19,sex_btsx,4.1
civ,2019,agegroup_years15_19,sex_fmle,1.71
civ,2019,agegroup_years15_19,sex_mle,6.49
civ,2019,agegroup_years15_24,sex_btsx,4.59
civ,2019,agegroup_years15_24,sex_fmle,1.84
civ,2019,agegroup_years15_24,sex_mle,7.35
civ,2019,agegroup_years15_29,sex_btsx,5.36
civ,2019,agegroup_years15_29,sex_fmle,2.06
civ,2019,agegroup_years15_29,sex_mle,8.68
civ,2019,agegroup_years25_34,sex_btsx,7.96
civ,2019,agegroup_years25_34,sex_fmle,2.63
civ,2019,agegroup_years25_34,sex_mle,13.34
civ,2019,agegroup_years30_49,sex_btsx,12.5
civ,2019,agegroup_years30_49,sex_fmle,3.33
civ,2019,agegroup_years30_49,sex_mle,21.5
civ,2019,agegroup_years35_44,sex_btsx,12.4
civ,2019,agegroup_years35_44,sex_fmle,3.29
civ,2019,agegroup_years35_44,sex_mle,21.33
civ,2019,agegroup_years45_54,sex_btsx,23.05
civ,2019,agegroup_years45_54,sex_fmle,5.97
civ,2019,agegroup_years45_54,sex_mle,38.66
civ,2019,agegroup_years55_64,sex_btsx,36.11
civ,2019,agegroup_years55_64,sex_fmle,11.87
civ,2019,agegroup_years55_64,sex_mle,57.28
civ,2019,agegroup_years65_74,sex_btsx,59.5
civ,2019,agegroup_years65_74,sex_fmle,20.13
civ,2019,agegroup_years65_74,sex_mle,93.45
civ,2019,agegroup_years75_84,sex_btsx,80.5
civ,2019,agegroup_years75_84,sex_fmle,28.35
civ,2019,agegroup_years75_84,sex_mle,131.3
civ,2019,agegroup_years85plus,sex_btsx,279.94
civ,2019,agegroup_years85plus,sex_fmle,89.14
civ,2019,agegroup_years85plus,sex_mle,518.16
civ,2019,agegroup_yearsall,sex_btsx,7.75285
civ,2019,agegroup_yearsall,sex_fmle,2.57806
civ,2019,agegroup_yearsall,sex_mle,12.69974
civ,2020,agegroup_yearsall,sex_btsx,7.2953
civ,2020,agegroup_yearsall,sex_fmle,2.39591
civ,2020,agegroup_yearsall,sex_mle,11.98915
civ,2021,agegroup_yearsall,sex_btsx,7.39131
civ,2021,agegroup_yearsall,sex_fmle,2.5866
civ,2021,agegroup_yearsall,sex_mle,12.00422
cmr,2000,agegroup_yearsall,sex_btsx,7.28897
cmr,2000,agegroup_yearsall,sex_fmle,3.39277
cmr,2000,agegroup_yearsall,sex_mle,11.24136
cmr,2001,agegroup_yearsall,sex_btsx,7.89021
cmr,2001,agegroup_yearsall,sex_fmle,3.662
cmr,2001,agegroup_yearsall,sex_mle,12.17567
cmr,2002,agegroup_yearsall,sex_btsx,7.79093
cmr,2002,agegroup_yearsall,sex_fmle,3.57399
cmr,2002,agegroup_yearsall,sex_mle,12.06129
cmr,2003,agegroup_yearsall,sex_btsx,7.87401
cmr,2003,agegroup_yearsall,sex_fmle,3.53214
cmr,2003,agegroup_yearsall,sex_mle,12.26732
cmr,2004,agegroup_yearsall,sex_btsx,7.71486
cmr,2004,agegroup_yearsall,sex_fmle,3.39006
cmr,2004,agegroup_yearsall,sex_mle,12.08754
cmr,2005,agegroup_yearsall,sex_btsx,7.8678
cmr,2005,agegroup_yearsall,sex_fmle,3.38718
cmr,2005,agegroup_yearsall,sex_mle,12.39464
cmr,2006,agegroup_yearsall,sex_btsx,7.867
cmr,2006,agegroup_yearsall,sex_fmle,3.35123
cmr,2006,agegroup_yearsall,sex_mle,12.42626
cmr,2007,agegroup_yearsall,sex_btsx,7.9478
cmr,2007,agegroup_yearsall,sex_fmle,3.38398
cmr,2007,agegroup_yearsall,sex_mle,12.55291
cmr,2008,agegroup_yearsall,sex_btsx,8.0165
cmr,2008,agegroup_yearsall,sex_fmle,3.3855
cmr,2008,agegroup_yearsall,sex_mle,12.68701
cmr,2009,agegroup_yearsall,sex_btsx,8.03975
cmr,2009,agegroup_yearsall,sex_fmle,3.39644
cmr,2009,agegroup_yearsall,sex_mle,12.72057
cmr,2010,agegroup_yearsall,sex_btsx,8.11856
cmr,2010,agegroup_yearsall,sex_fmle,3.43571
cmr,2010,agegroup_yearsall,sex_mle,12.83742
cmr,2011,agegroup_yearsall,sex_btsx,8.17724
cmr,2011,agegroup_yearsall,sex_fmle,3.38097
cmr,2011,agegroup_yearsall,sex_mle,13.00873
cmr,2012,agegroup_yearsall,sex_btsx,8.31613
cmr,2012,agegroup_yearsall,sex_fmle,3.54207
cmr,2012,agegroup_yearsall,sex_mle,13.12382
cmr,2013,agegroup_yearsall,sex_btsx,8.511
cmr,2013,agegroup_yearsall,sex_fmle,3.76953
cmr,2013,agegroup_yearsall,sex_mle,13.28466
cmr,2014,agegroup_yearsall,sex_btsx,8.6441
cmr,2014,agegroup_yearsall,sex_fmle,3.86244
cmr,2014,agegroup_yearsall,sex_mle,13.45735
cmr,2015,agegroup_yearsall,sex_btsx,8.4498
cmr,2015,agegroup_yearsall,sex_fmle,3.77688
cmr,2015,agegroup_yearsall,sex_mle,13.15298
cmr,2016,agegroup_yearsall,sex_btsx,8.34884
cmr,2016,agegroup_yearsall,sex_fmle,3.70506
cmr,2016,agegroup_yearsall,sex_mle,13.02212
cmr,2017,agegroup_yearsall,sex_btsx,8.19617
cmr,2017,agegroup_yearsall,sex_fmle,3.56069
cmr,2017,agegroup_yearsall,sex_mle,12.86059
cmr,2018,agegroup_yearsall,sex_btsx,8.1412
cmr,2018,agegroup_yearsall,sex_fmle,3.54751
cmr,2018,agegroup_yearsall,sex_mle,12.7633
cmr,2019,agegroup_years15_19,sex_btsx,3.84
cmr,2019,agegroup_years15_19,sex_fmle,2.31
cmr,2019,agegroup_years15_19,sex_mle,5.36
cmr,2019,agegroup_years15_24,sex_btsx,4.88
cmr,2019,agegroup_years15_24,sex_fmle,2.79
cmr,2019,agegroup_years15_24,sex_mle,6.94
cmr,2019,agegroup_years15_29,sex_btsx,5.92
cmr,2019,agegroup_years15_29,sex_fmle,3.29
cmr,2019,agegroup_years15_29,sex_mle,8.53
cmr,2019,agegroup_years25_34,sex_btsx,9.27
cmr,2019,agegroup_years25_34,sex_fmle,4.53
cmr,2019,agegroup_years25_34,sex_mle,14
cmr,2019,agegroup_years30_49,sex_btsx,14.92
cmr,2019,agegroup_years30_49,sex_fmle,5.98
cmr,2019,agegroup_years30_49,sex_mle,23.86
cmr,2019,agegroup_years35_44,sex_btsx,15.15
cmr,2019,agegroup_years35_44,sex_fmle,5.98
cmr,2019,agegroup_years35_44,sex_mle,24.3
cmr,2019,agegroup_years45_54,sex_btsx,26.37
cmr,2019,agegroup_years45_54,sex_fmle,10.44
cmr,2019,agegroup_years45_54,sex_mle,42.5
cmr,2019,agegroup_years55_64,sex_btsx,36.66
cmr,2019,agegroup_years55_64,sex_fmle,19.21
cmr,2019,agegroup_years55_64,sex_mle,55.4
cmr,2019,agegroup_years65_74,sex_btsx,55.71
cmr,2019,agegroup_years65_74,sex_fmle,28.67
cmr,2019,agegroup_years65_74,sex_mle,87.83
cmr,2019,agegroup_years75_84,sex_btsx,69.93
cmr,2019,agegroup_years75_84,sex_fmle,35.87
cmr,2019,agegroup_years75_84,sex_mle,116.65
cmr,2019,agegroup_years85plus,sex_btsx,212.75
cmr,2019,agegroup_years85plus,sex_fmle,100.72
cmr,2019,agegroup_years85plus,sex_mle,398.04
cmr,2019,agegroup_yearsall,sex_btsx,8.22396
cmr,2019,agegroup_yearsall,sex_fmle,3.52894
cmr,2019,agegroup_yearsall,sex_mle,12.94795
cmr,2020,agegroup_yearsall,sex_btsx,7.90893
cmr,2020,agegroup_yearsall,sex_fmle,3.30582
cmr,2020,agegroup_yearsall,sex_mle,12.54074
cmr,2021,agegroup_yearsall,sex_btsx,8.49675
cmr,2021,agegroup_yearsall,sex_fmle,3.53689
cmr,2021,agegroup_yearsall,sex_mle,13.48807
cod,2000,agegroup_yearsall,sex_btsx,7.75583
cod,2000,agegroup_yearsall,sex_fmle,3.75035
cod,2000,agegroup_yearsall,sex_mle,11.84681
cod,2001,agegroup_yearsall,sex_btsx,7.80216
cod,2001,agegroup_yearsall,sex_fmle,3.85734
cod,2001,agegroup_yearsall,sex_mle,11.83049
cod,2002,agegroup_yearsall,sex_btsx,7.8738
cod,2002,agegroup_yearsall,sex_fmle,3.89586
cod,2002,agegroup_yearsall,sex_mle,11.93558
cod,2003,agegroup_yearsall,sex_btsx,8.05852
cod,2003,agegroup_yearsall,sex_fmle,4.06969
cod,2003,agegroup_yearsall,sex_mle,12.13107
cod,2004,agegroup_yearsall,sex_btsx,8.02687
cod,2004,agegroup_yearsall,sex_fmle,4.18367
cod,2004,agegroup_yearsall,sex_mle,11.94978
cod,2005,agegroup_yearsall,sex_btsx,7.99442
cod,2005,agegroup_yearsall,sex_fmle,4.18243
cod,2005,agegroup_yearsall,sex_mle,11.88417
cod,2006,agegroup_yearsall,sex_btsx,7.94341
cod,2006,agegroup_yearsall,sex_fmle,4.20379
cod,2006,agegroup_yearsall,sex_mle,11.75796
cod,2007,agegroup_yearsall,sex_btsx,8.12491
cod,2007,agegroup_yearsall,sex_fmle,4.31745
cod,2007,agegroup_yearsall,sex_mle,12.00719
cod,2008,agegroup_yearsall,sex_btsx,8.21169
cod,2008,agegroup_yearsall,sex_fmle,4.32719
cod,2008,agegroup_yearsall,sex_mle,12.1711
cod,2009,agegroup_yearsall,sex_btsx,8.04038
cod,2009,agegroup_yearsall,sex_fmle,4.20512
cod,2009,agegroup_yearsall,sex_mle,11.94837
cod,2010,agegroup_yearsall,sex_btsx,8.08097
cod,2010,agegroup_yearsall,sex_fmle,4.18167
cod,2010,agegroup_yearsall,sex_mle,12.053
cod,2011,agegroup_yearsall,sex_btsx,8.0762
cod,2011,agegroup_yearsall,sex_fmle,4.12598
cod,2011,agegroup_yearsall,sex_mle,12.09864
cod,2012,agegroup_yearsall,sex_btsx,8.08455
cod,2012,agegroup_yearsall,sex_fmle,4.07414
cod,2012,agegroup_yearsall,sex_mle,12.16692
cod,2013,agegroup_yearsall,sex_btsx,8.1264
cod,2013,agegroup_yearsall,sex_fmle,4.05421
cod,2013,agegroup_yearsall,sex_mle,12.2704
cod,2014,agegroup_yearsall,sex_btsx,8.1914
cod,2014,agegroup_yearsall,sex_fmle,4.03763
cod,2014,agegroup_yearsall,sex_mle,12.41715
cod,2015,agegroup_yearsall,sex_btsx,8.20353
cod,2015,agegroup_yearsall,sex_fmle,3.99896
cod,2015,agegroup_yearsall,sex_mle,12.47976
cod,2016,agegroup_yearsall,sex_btsx,8.37074
cod,2016,agegroup_yearsall,sex_fmle,3.99485
cod,2016,agegroup_yearsall,sex_mle,12.81983
cod,2017,agegroup_yearsall,sex_btsx,8.60365
cod,2017,agegroup_yearsall,sex_fmle,4.05589
cod,2017,agegroup_yearsall,sex_mle,13.22602
cod,2018,agegroup_yearsall,sex_btsx,8.67577
cod,2018,agegroup_yearsall,sex_fmle,4.00952
cod,2018,agegroup_yearsall,sex_mle,13.41754
cod,2019,agegroup_years15_19,sex_btsx,2.65
cod,2019,agegroup_years15_19,sex_fmle,1.2
cod,2019,agegroup_years15_19,sex_mle,4.09
cod,2019,agegroup_years15_24,sex_btsx,3.46
cod,2019,agegroup_years15_24,sex_fmle,1.32
cod,2019,agegroup_years15_24,sex_mle,5.58
cod,2019,agegroup_years15_29,sex_btsx,3.93
cod,2019,agegroup_years15_29,sex_fmle,1.42
cod,2019,agegroup_years15_29,sex_mle,6.43
cod,2019,agegroup_years25_34,sex_btsx,5.42
cod,2019,agegroup_years25_34,sex_fmle,1.86
cod,2019,agegroup_years25_34,sex_mle,9.01
cod,2019,agegroup_years30_49,sex_btsx,8.51
cod,2019,agegroup_years30_49,sex_fmle,2.7
cod,2019,agegroup_years30_49,sex_mle,14.4
cod,2019,agegroup_years35_44,sex_btsx,7.96
cod,2019,agegroup_years35_44,sex_fmle,2.91
cod,2019,agegroup_years35_44,sex_mle,13.1
cod,2019,agegroup_years45_54,sex_btsx,18.76
cod,2019,agegroup_years45_54,sex_fmle,6.13
cod,2019,agegroup_years45_54,sex_mle,31.82
cod,2019,agegroup_years55_64,sex_btsx,32.74
cod,2019,agegroup_years55_64,sex_fmle,15.13
cod,2019,agegroup_years55_64,sex_mle,51.65
cod,2019,agegroup_years65_74,sex_btsx,48.19
cod,2019,agegroup_years65_74,sex_fmle,21.66
cod,2019,agegroup_years65_74,sex_mle,78.9
cod,2019,agegroup_years75_84,sex_btsx,63.49
cod,2019,agegroup_years75_84,sex_fmle,25.28
cod,2019,agegroup_years75_84,sex_mle,113.63
cod,2019,agegroup_years85plus,sex_btsx,151.84
cod,2019,agegroup_years85plus,sex_fmle,53.83
cod,2019,agegroup_years85plus,sex_mle,308.69
cod,2019,agegroup_yearsall,sex_btsx,8.32886
cod,2019,agegroup_yearsall,sex_fmle,3.70925
cod,2019,agegroup_yearsall,sex_mle,13.02242
cod,2020,agegroup_yearsall,sex_btsx,8.15426
cod,2020,agegroup_yearsall,sex_fmle,3.62276
cod,2020,agegroup_yearsall,sex_mle,12.75778
cod,2021,agegroup_yearsall,sex_btsx,8.76967
cod,2021,agegroup_yearsall,sex_fmle,3.90829
cod,2021,agegroup_yearsall,sex_mle,13.70801
cog,2000,agegroup_yearsall,sex_btsx,12.04382
cog,2000,agegroup_yearsall,sex_fmle,6.7994
cog,2000,agegroup_yearsall,sex_mle,17.3438
cog,2001,agegroup_yearsall,sex_btsx,10.6501
cog,2001,agegroup_yearsall,sex_fmle,5.85939
cog,2001,agegroup_yearsall,sex_mle,15.48484
cog,2002,agegroup_yearsall,sex_btsx,9.59354
cog,2002,agegroup_yearsall,sex_fmle,5.34949
cog,2002,agegroup_yearsall,sex_mle,13.87166
cog,2003,agegroup_yearsall,sex_btsx,8.9539
cog,2003,agegroup_yearsall,sex_fmle,5.01032
cog,2003,agegroup_yearsall,sex_mle,12.92457
cog,2004,agegroup_yearsall,sex_btsx,9.18856
cog,2004,agegroup_yearsall,sex_fmle,5.3817
cog,2004,agegroup_yearsall,sex_mle,13.01704
cog,2005,agegroup_yearsall,sex_btsx,8.94982
cog,2005,agegroup_yearsall,sex_fmle,5.37088
cog,2005,agegroup_yearsall,sex_mle,12.54511
cog,2006,agegroup_yearsall,sex_btsx,8.10855
cog,2006,agegroup_yearsall,sex_fmle,4.83532
cog,2006,agegroup_yearsall,sex_mle,11.39351
cog,2007,agegroup_yearsall,sex_btsx,8.13012
cog,2007,agegroup_yearsall,sex_fmle,4.85261
cog,2007,agegroup_yearsall,sex_mle,11.41671
cog,2008,agegroup_yearsall,sex_btsx,7.99058
cog,2008,agegroup_yearsall,sex_fmle,4.7409
cog,2008,agegroup_yearsall,sex_mle,11.24721
cog,2009,agegroup_yearsall,sex_btsx,8.25703
cog,2009,agegroup_yearsall,sex_fmle,4.8993
cog,2009,agegroup_yearsall,sex_mle,11.62015
cog,2010,agegroup_yearsall,sex_btsx,8.02551
cog,2010,agegroup_yearsall,sex_fmle,4.67618
cog,2010,agegroup_yearsall,sex_mle,11.3787
cog,2011,agegroup_yearsall,sex_btsx,7.74188
cog,2011,agegroup_yearsall,sex_fmle,4.4936
cog,2011,agegroup_yearsall,sex_mle,10.99283
cog,2012,agegroup_yearsall,sex_btsx,8.05718
cog,2012,agegroup_yearsall,sex_fmle,4.4385
cog,2012,agegroup_yearsall,sex_mle,11.67794
cog,2013,agegroup_yearsall,sex_btsx,7.62115
cog,2013,agegroup_yearsall,sex_fmle,4.22527
cog,2013,agegroup_yearsall,sex_mle,11.01833
cog,2014,agegroup_yearsall,sex_btsx,7.27611
cog,2014,agegroup_yearsall,sex_fmle,3.95059
cog,2014,agegroup_yearsall,sex_mle,10.60243
cog,2015,agegroup_yearsall,sex_btsx,6.71016
cog,2015,agegroup_yearsall,sex_fmle,3.56332
cog,2015,agegroup_yearsall,sex_mle,9.85732
cog,2016,agegroup_yearsall,sex_btsx,6.57815
cog,2016,agegroup_yearsall,sex_fmle,3.44998
cog,2016,agegroup_yearsall,sex_mle,9.70631
cog,2017,agegroup_yearsall,sex_btsx,6.57299
cog,2017,agegroup_yearsall,sex_fmle,3.39929
cog,2017,agegroup_yearsall,sex_mle,9.74643
cog,2018,agegroup_yearsall,sex_btsx,6.61644
cog,2018,agegroup_yearsall,sex_fmle,3.27472
cog,2018,agegroup_yearsall,sex_mle,9.95773
cog,2019,agegroup_years15_19,sex_btsx,2.47
cog,2019,agegroup_years15_19,sex_fmle,1.19
cog,2019,agegroup_years15_19,sex_mle,3.73
cog,2019,agegroup_years15_24,sex_btsx,3.43
cog,2019,agegroup_years15_24,sex_fmle,1.42
cog,2019,agegroup_years15_24,sex_mle,5.43
cog,2019,agegroup_years15_29,sex_btsx,4.11
cog,2019,agegroup_years15_29,sex_fmle,1.62
cog,2019,agegroup_years15_29,sex_mle,6.58
cog,2019,agegroup_years25_34,sex_btsx,6.03
cog,2019,agegroup_years25_34,sex_fmle,2.36
cog,2019,agegroup_years25_34,sex_mle,9.69
cog,2019,agegroup_years30_49,sex_btsx,8.86
cog,2019,agegroup_years30_49,sex_fmle,4.2
cog,2019,agegroup_years30_49,sex_mle,13.52
cog,2019,agegroup_years35_44,sex_btsx,8.27
cog,2019,agegroup_years35_44,sex_fmle,4.07
cog,2019,agegroup_years35_44,sex_mle,12.47
cog,2019,agegroup_years45_54,sex_btsx,17.38
cog,2019,agegroup_years45_54,sex_fmle,9.83
cog,2019,agegroup_years45_54,sex_mle,24.99
cog,2019,agegroup_years55_64,sex_btsx,30.27
cog,2019,agegroup_years55_64,sex_fmle,18.26
cog,2019,agegroup_years55_64,sex_mle,43.18
cog,2019,agegroup_years65_74,sex_btsx,44.33
cog,2019,agegroup_years65_74,sex_fmle,23.93
cog,2019,agegroup_years65_74,sex_mle,69.89
cog,2019,agegroup_years75_84,sex_btsx,60.75
cog,2019,agegroup_years75_84,sex_fmle,28.74
cog,2019,agegroup_years75_84,sex_mle,110.12
cog,2019,agegroup_years85plus,sex_btsx,187.01
cog,2019,agegroup_years85plus,sex_fmle,78.33
cog,2019,agegroup_years85plus,sex_mle,405.09
cog,2019,agegroup_yearsall,sex_btsx,7.05151
cog,2019,agegroup_yearsall,sex_fmle,3.56766
cog,2019,agegroup_yearsall,sex_mle,10.53478
cog,2020,agegroup_yearsall,sex_btsx,6.55757
cog,2020,agegroup_yearsall,sex_fmle,3.28388
cog,2020,agegroup_yearsall,sex_mle,9.83097
cog,2021,agegroup_yearsall,sex_btsx,6.7126
cog,2021,agegroup_yearsall,sex_fmle,3.31941
cog,2021,agegroup_yearsall,sex_mle,10.10584
col,2000,agegroup_yearsall,sex_btsx,5.1185
col,2000,agegroup_yearsall,sex_fmle,2.71655
col,2000,agegroup_yearsall,sex_mle,7.55357
col,2001,agegroup_yearsall,sex_btsx,5.02459
col,2001,agegroup_yearsall,sex_fmle,2.59042
col,2001,agegroup_yearsall,sex_mle,7.49476
col,2002,agegroup_yearsall,sex_btsx,4.72015
col,2002,agegroup_yearsall,sex_fmle,2.4051
col,2002,agegroup_yearsall,sex_mle,7.07158
col,2003,agegroup_yearsall,sex_btsx,4.63194
col,2003,agegroup_yearsall,sex_fmle,2.60299
col,2003,agegroup_yearsall,sex_mle,6.69434
col,2004,agegroup_yearsall,sex_btsx,4.56627
col,2004,agegroup_yearsall,sex_fmle,2.25778
col,2004,agegroup_yearsall,sex_mle,6.91425
col,2005,agegroup_yearsall,sex_btsx,4.22417
col,2005,agegroup_yearsall,sex_fmle,2.02842
col,2005,agegroup_yearsall,sex_mle,6.45868
col,2006,agegroup_yearsall,sex_btsx,4.24292
col,2006,agegroup_yearsall,sex_fmle,1.99134
col,2006,agegroup_yearsall,sex_mle,6.53545
col,2007,agegroup_yearsall,sex_btsx,4.1761
col,2007,agegroup_yearsall,sex_fmle,1.87649
col,2007,agegroup_yearsall,sex_mle,6.51882
col,2008,agegroup_yearsall,sex_btsx,4.22404
col,2008,agegroup_yearsall,sex_fmle,1.8827
col,2008,agegroup_yearsall,sex_mle,6.61062
col,2009,agegroup_yearsall,sex_btsx,4.09505
col,2009,agegroup_yearsall,sex_fmle,1.8031
col,2009,agegroup_yearsall,sex_mle,6.43249
col,2010,agegroup_yearsall,sex_btsx,3.89283
col,2010,agegroup_yearsall,sex_fmle,1.56858
col,2010,agegroup_yearsall,sex_mle,6.26431
col,2011,agegroup_yearsall,sex_btsx,3.74925
col,2011,agegroup_yearsall,sex_fmle,1.54845
col,2011,agegroup_yearsall,sex_mle,5.99584
col,2012,agegroup_yearsall,sex_btsx,3.81836
col,2012,agegroup_yearsall,sex_fmle,1.55852
col,2012,agegroup_yearsall,sex_mle,6.12635
col,2013,agegroup_yearsall,sex_btsx,3.72119
col,2013,agegroup_yearsall,sex_fmle,1.56181
col,2013,agegroup_yearsall,sex_mle,5.92763
col,2014,agegroup_yearsall,sex_btsx,3.79913
col,2014,agegroup_yearsall,sex_fmle,1.46949
col,2014,agegroup_yearsall,sex_mle,6.18063
col,2015,agegroup_yearsall,sex_btsx,4.1312
col,2015,agegroup_yearsall,sex_fmle,1.90125
col,2015,agegroup_yearsall,sex_mle,6.41173
col,2016,agegroup_yearsall,sex_btsx,4.30647
col,2016,agegroup_yearsall,sex_fmle,1.67857
col,2016,agegroup_yearsall,sex_mle,6.99489
col,2017,agegroup_yearsall,sex_btsx,4.6226
col,2017,agegroup_yearsall,sex_fmle,1.90335
col,2017,agegroup_yearsall,sex_mle,7.40506
col,2018,agegroup_yearsall,sex_btsx,5.03076
col,2018,agegroup_yearsall,sex_fmle,2.01827
col,2018,agegroup_yearsall,sex_mle,8.11364
col,2019,agegroup_years15_19,sex_btsx,5.51
col,2019,agegroup_years15_19,sex_fmle,3.76
col,2019,agegroup_years15_19,sex_mle,7.2
col,2019,agegroup_years15_24,sex_btsx,5.68
col,2019,agegroup_years15_24,sex_fmle,3.22
col,2019,agegroup_years15_24,sex_mle,8.06
col,2019,agegroup_years15_29,sex_btsx,5.43
col,2019,agegroup_years15_29,sex_fmle,2.93
col,2019,agegroup_years15_29,sex_mle,7.85
col,2019,agegroup_years25_34,sex_btsx,4.62
col,2019,agegroup_years25_34,sex_fmle,2.18
col,2019,agegroup_years25_34,sex_mle,7.04
col,2019,agegroup_years30_49,sex_btsx,3.99
col,2019,agegroup_years30_49,sex_fmle,1.71
col,2019,agegroup_years30_49,sex_mle,6.39
col,2019,agegroup_years35_44,sex_btsx,3.86
col,2019,agegroup_years35_44,sex_fmle,1.67
col,2019,agegroup_years35_44,sex_mle,6.19
col,2019,agegroup_years45_54,sex_btsx,3.97
col,2019,agegroup_years45_54,sex_fmle,1.62
col,2019,agegroup_years45_54,sex_mle,6.62
col,2019,agegroup_years55_64,sex_btsx,4.22
col,2019,agegroup_years55_64,sex_fmle,1.36
col,2019,agegroup_years55_64,sex_mle,7.51
col,2019,agegroup_years65_74,sex_btsx,6.47
col,2019,agegroup_years65_74,sex_fmle,1.29
col,2019,agegroup_years65_74,sex_mle,12.65
col,2019,agegroup_years75_84,sex_btsx,8.06
col,2019,agegroup_years75_84,sex_fmle,1.29
col,2019,agegroup_years75_84,sex_mle,16.99
col,2019,agegroup_years85plus,sex_btsx,11.7
col,2019,agegroup_years85plus,sex_fmle,2.13
col,2019,agegroup_years85plus,sex_mle,26.12
col,2019,agegroup_yearsall,sex_btsx,5.10852
col,2019,agegroup_yearsall,sex_fmle,2.32761
col,2019,agegroup_yearsall,sex_mle,7.95482
col,2020,agegroup_yearsall,sex_btsx,4.81499
col,2020,agegroup_yearsall,sex_fmle,2.14485
col,2020,agegroup_yearsall,sex_mle,7.54958
col,2021,agegroup_yearsall,sex_btsx,4.96183
col,2021,agegroup_yearsall,sex_fmle,2.08747
col,2021,agegroup_yearsall,sex_mle,7.90916
com,2000,agegroup_yearsall,sex_btsx,6.88526
com,2000,agegroup_yearsall,sex_fmle,4.94435
com,2000,agegroup_yearsall,sex_mle,8.88573
com,2001,agegroup_yearsall,sex_btsx,6.70412
com,2001,agegroup_yearsall,sex_fmle,4.96295
com,2001,agegroup_yearsall,sex_mle,8.48928
com,2002,agegroup_yearsall,sex_btsx,6.50053
com,2002,agegroup_yearsall,sex_fmle,4.88274
com,2002,agegroup_yearsall,sex_mle,8.14972
com,2003,agegroup_yearsall,sex_btsx,6.18856
com,2003,agegroup_yearsall,sex_fmle,4.75314
com,2003,agegroup_yearsall,sex_mle,7.64839
com,2004,agegroup_yearsall,sex_btsx,6.13142
com,2004,agegroup_yearsall,sex_fmle,4.73111
com,2004,agegroup_yearsall,sex_mle,7.5555
com,2005,agegroup_yearsall,sex_btsx,5.88422
com,2005,agegroup_yearsall,sex_fmle,4.52928
com,2005,agegroup_yearsall,sex_mle,7.26045
com,2006,agegroup_yearsall,sex_btsx,5.96602
com,2006,agegroup_yearsall,sex_fmle,4.60878
com,2006,agegroup_yearsall,sex_mle,7.34264
com,2007,agegroup_yearsall,sex_btsx,5.85995
com,2007,agegroup_yearsall,sex_fmle,4.39689
com,2007,agegroup_yearsall,sex_mle,7.34181
com,2008,agegroup_yearsall,sex_btsx,5.98458
com,2008,agegroup_yearsall,sex_fmle,4.44164
com,2008,agegroup_yearsall,sex_mle,7.54512
com,2009,agegroup_yearsall,sex_btsx,5.78481
com,2009,agegroup_yearsall,sex_fmle,4.40918
com,2009,agegroup_yearsall,sex_mle,7.17402
com,2010,agegroup_yearsall,sex_btsx,6.34741
com,2010,agegroup_yearsall,sex_fmle,4.78128
com,2010,agegroup_yearsall,sex_mle,7.92649
com,2011,agegroup_yearsall,sex_btsx,5.99174
com,2011,agegroup_yearsall,sex_fmle,4.59573
com,2011,agegroup_yearsall,sex_mle,7.39701
com,2012,agegroup_yearsall,sex_btsx,6.1397
com,2012,agegroup_yearsall,sex_fmle,4.6005
com,2012,agegroup_yearsall,sex_mle,7.68671
com,2013,agegroup_yearsall,sex_btsx,6.13728
com,2013,agegroup_yearsall,sex_fmle,4.53967
com,2013,agegroup_yearsall,sex_mle,7.73839
com,2014,agegroup_yearsall,sex_btsx,6.41728
com,2014,agegroup_yearsall,sex_fmle,4.69642
com,2014,agegroup_yearsall,sex_mle,8.13479
com,2015,agegroup_yearsall,sex_btsx,6.3745
com,2015,agegroup_yearsall,sex_fmle,4.6935
com,2015,agegroup_yearsall,sex_mle,8.04574
com,2016,agegroup_yearsall,sex_btsx,6.39468
com,2016,agegroup_yearsall,sex_fmle,4.67696
com,2016,agegroup_yearsall,sex_mle,8.09632
com,2017,agegroup_yearsall,sex_btsx,6.27122
com,2017,agegroup_yearsall,sex_fmle,4.59816
com,2017,agegroup_yearsall,sex_mle,7.92535
com,2018,agegroup_yearsall,sex_btsx,6.24889
com,2018,agegroup_yearsall,sex_fmle,4.55013
com,2018,agegroup_yearsall,sex_mle,7.92772
com,2019,agegroup_years15_19,sex_btsx,3.09
com,2019,agegroup_years15_19,sex_fmle,2.79
com,2019,agegroup_years15_19,sex_mle,3.37
com,2019,agegroup_years15_24,sex_btsx,4.08
com,2019,agegroup_years15_24,sex_fmle,3.45
com,2019,agegroup_years15_24,sex_mle,4.69
com,2019,agegroup_years15_29,sex_btsx,4.74
com,2019,agegroup_years15_29,sex_fmle,3.43
com,2019,agegroup_years15_29,sex_mle,6
com,2019,agegroup_years25_34,sex_btsx,6.2
com,2019,agegroup_years25_34,sex_fmle,3.21
com,2019,agegroup_years25_34,sex_mle,9.11
com,2019,agegroup_years30_49,sex_btsx,7.6
com,2019,agegroup_years30_49,sex_fmle,4.24
com,2019,agegroup_years30_49,sex_mle,10.91
com,2019,agegroup_years35_44,sex_btsx,7.63
com,2019,agegroup_years35_44,sex_fmle,4.32
com,2019,agegroup_years35_44,sex_mle,10.9
com,2019,agegroup_years45_54,sex_btsx,11.84
com,2019,agegroup_years45_54,sex_fmle,7.92
com,2019,agegroup_years45_54,sex_mle,15.78
com,2019,agegroup_years55_64,sex_btsx,17.66
com,2019,agegroup_years55_64,sex_fmle,13.26
com,2019,agegroup_years55_64,sex_mle,22.29
com,2019,agegroup_years65_74,sex_btsx,27.18
com,2019,agegroup_years65_74,sex_fmle,20.7
com,2019,agegroup_years65_74,sex_mle,34.52
com,2019,agegroup_years75_84,sex_btsx,41.32
com,2019,agegroup_years75_84,sex_fmle,29.48
com,2019,agegroup_years75_84,sex_mle,56.9
com,2019,agegroup_years85plus,sex_btsx,102.71
com,2019,agegroup_years85plus,sex_fmle,64.71
com,2019,agegroup_years85plus,sex_mle,165.26
com,2019,agegroup_yearsall,sex_btsx,6.17941
com,2019,agegroup_yearsall,sex_fmle,4.49863
com,2019,agegroup_yearsall,sex_mle,7.83984
com,2020,agegroup_yearsall,sex_btsx,6.20777
com,2020,agegroup_yearsall,sex_fmle,4.49609
com,2020,agegroup_yearsall,sex_mle,7.89874
com,2021,agegroup_yearsall,sex_btsx,5.9983
com,2021,agegroup_yearsall,sex_fmle,4.52174
com,2021,agegroup_yearsall,sex_mle,7.45733
cpv,2000,agegroup_yearsall,sex_btsx,12.24005
cpv,2000,agegroup_yearsall,sex_fmle,5.04553
cpv,2000,agegroup_yearsall,sex_mle,19.73278
cpv,2001,agegroup_yearsall,sex_btsx,12.25566
cpv,2001,agegroup_yearsall,sex_fmle,5.07382
cpv,2001,agegroup_yearsall,sex_mle,19.69465
cpv,2002,agegroup_yearsall,sex_btsx,12.45635
cpv,2002,agegroup_yearsall,sex_fmle,5.03103
cpv,2002,agegroup_yearsall,sex_mle,20.10101
cpv,2003,agegroup_yearsall,sex_btsx,12.49133
cpv,2003,agegroup_yearsall,sex_fmle,4.99768
cpv,2003,agegroup_yearsall,sex_mle,20.16002
cpv,2004,agegroup_yearsall,sex_btsx,12.58231
cpv,2004,agegroup_yearsall,sex_fmle,4.88952
cpv,2004,agegroup_yearsall,sex_mle,20.40767
cpv,2005,agegroup_yearsall,sex_btsx,13.39105
cpv,2005,agegroup_yearsall,sex_fmle,5.02131
cpv,2005,agegroup_yearsall,sex_mle,21.85408
cpv,2006,agegroup_yearsall,sex_btsx,13.09577
cpv,2006,agegroup_yearsall,sex_fmle,4.9455
cpv,2006,agegroup_yearsall,sex_mle,21.28773
cpv,2007,agegroup_yearsall,sex_btsx,13.39163
cpv,2007,agegroup_yearsall,sex_fmle,4.8915
cpv,2007,agegroup_yearsall,sex_mle,21.88532
cpv,2008,agegroup_yearsall,sex_btsx,13.78902
cpv,2008,agegroup_yearsall,sex_fmle,4.89116
cpv,2008,agegroup_yearsall,sex_mle,22.62924
cpv,2009,agegroup_yearsall,sex_btsx,14.20845
cpv,2009,agegroup_yearsall,sex_fmle,4.91331
cpv,2009,agegroup_yearsall,sex_mle,23.39227
cpv,2010,agegroup_yearsall,sex_btsx,14.5957
cpv,2010,agegroup_yearsall,sex_fmle,4.98659
cpv,2010,agegroup_yearsall,sex_mle,24.04999
cpv,2011,agegroup_yearsall,sex_btsx,14.69084
cpv,2011,agegroup_yearsall,sex_fmle,4.80413
cpv,2011,agegroup_yearsall,sex_mle,24.39689
cpv,2012,agegroup_yearsall,sex_btsx,14.90113
cpv,2012,agegroup_yearsall,sex_fmle,4.86805
cpv,2012,agegroup_yearsall,sex_mle,24.73792
cpv,2013,agegroup_yearsall,sex_btsx,15.16346
cpv,2013,agegroup_yearsall,sex_fmle,4.98175
cpv,2013,agegroup_yearsall,sex_mle,25.13086
cpv,2014,agegroup_yearsall,sex_btsx,15.0981
cpv,2014,agegroup_yearsall,sex_fmle,4.89575
cpv,2014,agegroup_yearsall,sex_mle,25.07014
cpv,2015,agegroup_yearsall,sex_btsx,15.03121
cpv,2015,agegroup_yearsall,sex_fmle,4.78189
cpv,2015,agegroup_yearsall,sex_mle,25.03259
cpv,2016,agegroup_yearsall,sex_btsx,14.7188
cpv,2016,agegroup_yearsall,sex_fmle,4.64997
cpv,2016,agegroup_yearsall,sex_mle,24.52723
cpv,2017,agegroup_yearsall,sex_btsx,14.80315
cpv,2017,agegroup_yearsall,sex_fmle,4.44229
cpv,2017,agegroup_yearsall,sex_mle,24.87743
cpv,2018,agegroup_yearsall,sex_btsx,14.45384
cpv,2018,agegroup_yearsall,sex_fmle,4.38218
cpv,2018,agegroup_yearsall,sex_mle,24.22764
cpv,2019,agegroup_years15_19,sex_btsx,4.4
cpv,2019,agegroup_years15_19,sex_fmle,1.93
cpv,2019,agegroup_years15_19,sex_mle,6.86
cpv,2019,agegroup_years15_24,sex_btsx,5.82
cpv,2019,agegroup_years15_24,sex_fmle,1.74
cpv,2019,agegroup_years15_24,sex_mle,9.81
cpv,2019,agegroup_years15_29,sex_btsx,7.1
cpv,2019,agegroup_years15_29,sex_fmle,1.72
cpv,2019,agegroup_years15_29,sex_mle,12.29
cpv,2019,agegroup_years25_34,sex_btsx,10.04
cpv,2019,agegroup_years25_34,sex_fmle,2.04
cpv,2019,agegroup_years25_34,sex_mle,17.37
cpv,2019,agegroup_years30_49,sex_btsx,16.61
cpv,2019,agegroup_years30_49,sex_fmle,4.45
cpv,2019,agegroup_years30_49,sex_mle,27.39
cpv,2019,agegroup_years35_44,sex_btsx,16.77
cpv,2019,agegroup_years35_44,sex_fmle,4.08
cpv,2019,agegroup_years35_44,sex_mle,28.03
cpv,2019,agegroup_years45_54,sex_btsx,28.84
cpv,2019,agegroup_years45_54,sex_fmle,8.71
cpv,2019,agegroup_years45_54,sex_mle,48.12
cpv,2019,agegroup_years55_64,sex_btsx,38.08
cpv,2019,agegroup_years55_64,sex_fmle,14.55
cpv,2019,agegroup_years55_64,sex_mle,67.25
cpv,2019,agegroup_years65_74,sex_btsx,41.2
cpv,2019,agegroup_years65_74,sex_fmle,14.86
cpv,2019,agegroup_years65_74,sex_mle,84.19
cpv,2019,agegroup_years75_84,sex_btsx,55.53
cpv,2019,agegroup_years75_84,sex_fmle,27.86
cpv,2019,agegroup_years75_84,sex_mle,110.2
cpv,2019,agegroup_years85plus,sex_btsx,95.52
cpv,2019,agegroup_years85plus,sex_fmle,43.71
cpv,2019,agegroup_years85plus,sex_mle,214.21
cpv,2019,agegroup_yearsall,sex_btsx,14.56408
cpv,2019,agegroup_yearsall,sex_fmle,4.37151
cpv,2019,agegroup_yearsall,sex_mle,24.43217
cpv,2020,agegroup_yearsall,sex_btsx,13.68752
cpv,2020,agegroup_yearsall,sex_fmle,4.1641
cpv,2020,agegroup_yearsall,sex_mle,22.8874
cpv,2021,agegroup_yearsall,sex_btsx,14.89953
cpv,2021,agegroup_yearsall,sex_fmle,4.15242
cpv,2021,agegroup_yearsall,sex_mle,25.27346
cri,2000,agegroup_yearsall,sex_btsx,5.96664
cri,2000,agegroup_yearsall,sex_fmle,1.44987
cri,2000,agegroup_yearsall,sex_mle,10.54429
cri,2001,agegroup_yearsall,sex_btsx,4.85734
cri,2001,agegroup_yearsall,sex_fmle,1.43753
cri,2001,agegroup_yearsall,sex_mle,8.3262
cri,2002,agegroup_yearsall,sex_btsx,6.5299
cri,2002,agegroup_yearsall,sex_fmle,1.95802
cri,2002,agegroup_yearsall,sex_mle,11.17021
cri,2003,agegroup_yearsall,sex_btsx,7.35533
cri,2003,agegroup_yearsall,sex_fmle,2.54413
cri,2003,agegroup_yearsall,sex_mle,12.24103
cri,2004,agegroup_yearsall,sex_btsx,7.62569
cri,2004,agegroup_yearsall,sex_fmle,2.23885
cri,2004,agegroup_yearsall,sex_mle,13.09875
cri,2005,agegroup_yearsall,sex_btsx,6.22886
cri,2005,agegroup_yearsall,sex_fmle,1.96418
cri,2005,agegroup_yearsall,sex_mle,10.56393
cri,2006,agegroup_yearsall,sex_btsx,7.94791
cri,2006,agegroup_yearsall,sex_fmle,2.73297
cri,2006,agegroup_yearsall,sex_mle,13.25153
cri,2007,agegroup_yearsall,sex_btsx,5.49687
cri,2007,agegroup_yearsall,sex_fmle,1.89902
cri,2007,agegroup_yearsall,sex_mle,9.15782
cri,2008,agegroup_yearsall,sex_btsx,5.35632
cri,2008,agegroup_yearsall,sex_fmle,1.6077
cri,2008,agegroup_yearsall,sex_mle,9.17255
cri,2009,agegroup_yearsall,sex_btsx,5.51308
cri,2009,agegroup_yearsall,sex_fmle,1.77445
cri,2009,agegroup_yearsall,sex_mle,9.32083
cri,2010,agegroup_yearsall,sex_btsx,6.51661
cri,2010,agegroup_yearsall,sex_fmle,1.90072
cri,2010,agegroup_yearsall,sex_mle,11.2196
cri,2011,agegroup_yearsall,sex_btsx,6.52225
cri,2011,agegroup_yearsall,sex_fmle,2.26035
cri,2011,agegroup_yearsall,sex_mle,10.86573
cri,2012,agegroup_yearsall,sex_btsx,6.22302
cri,2012,agegroup_yearsall,sex_fmle,1.90015
cri,2012,agegroup_yearsall,sex_mle,10.62899
cri,2013,agegroup_yearsall,sex_btsx,6.40485
cri,2013,agegroup_yearsall,sex_fmle,1.756
cri,2013,agegroup_yearsall,sex_mle,11.14317
cri,2014,agegroup_yearsall,sex_btsx,5.35708
cri,2014,agegroup_yearsall,sex_fmle,1.84168
cri,2014,agegroup_yearsall,sex_mle,8.94039
cri,2015,agegroup_yearsall,sex_btsx,6.37212
cri,2015,agegroup_yearsall,sex_fmle,2.24259
cri,2015,agegroup_yearsall,sex_mle,10.58215
cri,2016,agegroup_yearsall,sex_btsx,6.82578
cri,2016,agegroup_yearsall,sex_fmle,2.23763
cri,2016,agegroup_yearsall,sex_mle,11.50447
cri,2017,agegroup_yearsall,sex_btsx,5.57746
cri,2017,agegroup_yearsall,sex_fmle,2.24088
cri,2017,agegroup_yearsall,sex_mle,8.98056
cri,2018,agegroup_yearsall,sex_btsx,7.52575
cri,2018,agegroup_yearsall,sex_fmle,3.03306
cri,2018,agegroup_yearsall,sex_mle,12.10937
cri,2019,agegroup_years15_19,sex_btsx,8.86
cri,2019,agegroup_years15_19,sex_fmle,1.38
cri,2019,agegroup_years15_19,sex_mle,16.03
cri,2019,agegroup_years15_24,sex_btsx,11.01
cri,2019,agegroup_years15_24,sex_fmle,2.63
cri,2019,agegroup_years15_24,sex_mle,19.06
cri,2019,agegroup_years15_29,sex_btsx,11.01
cri,2019,agegroup_years15_29,sex_fmle,2.61
cri,2019,agegroup_years15_29,sex_mle,19.09
cri,2019,agegroup_years25_34,sex_btsx,10.01
cri,2019,agegroup_years25_34,sex_fmle,3.11
cri,2019,agegroup_years25_34,sex_mle,16.72
cri,2019,agegroup_years30_49,sex_btsx,10.41
cri,2019,agegroup_years30_49,sex_fmle,3.49
cri,2019,agegroup_years30_49,sex_mle,17.31
cri,2019,agegroup_years35_44,sex_btsx,10.52
cri,2019,agegroup_years35_44,sex_fmle,2.66
cri,2019,agegroup_years35_44,sex_mle,18.34
cri,2019,agegroup_years45_54,sex_btsx,11.79
cri,2019,agegroup_years45_54,sex_fmle,3.24
cri,2019,agegroup_years45_54,sex_mle,20.61
cri,2019,agegroup_years55_64,sex_btsx,10.62
cri,2019,agegroup_years55_64,sex_fmle,2.05
cri,2019,agegroup_years55_64,sex_mle,19.59
cri,2019,agegroup_years65_74,sex_btsx,4.94
cri,2019,agegroup_years65_74,sex_fmle,0.58
cri,2019,agegroup_years65_74,sex_mle,9.67
cri,2019,agegroup_years75_84,sex_btsx,4.92
cri,2019,agegroup_years75_84,sex_fmle,0
cri,2019,agegroup_years75_84,sex_mle,10.85
cri,2019,agegroup_years85plus,sex_btsx,3.9
cri,2019,agegroup_years85plus,sex_fmle,0
cri,2019,agegroup_years85plus,sex_mle,9.67
cri,2019,agegroup_yearsall,sex_btsx,7.05556
cri,2019,agegroup_yearsall,sex_fmle,2.00137
cri,2019,agegroup_yearsall,sex_mle,12.21383
cri,2020,agegroup_yearsall,sex_btsx,6.36211
cri,2020,agegroup_yearsall,sex_fmle,2.91417
cri,2020,agegroup_yearsall,sex_mle,9.883
cri,2021,agegroup_yearsall,sex_btsx,8.06209
cri,2021,agegroup_yearsall,sex_fmle,2.78971
cri,2021,agegroup_yearsall,sex_mle,13.45095
cub,2000,agegroup_yearsall,sex_btsx,17.27067
cub,2000,agegroup_yearsall,sex_fmle,9.94256
cub,2000,agegroup_yearsall,sex_mle,24.53475
cub,2001,agegroup_yearsall,sex_btsx,15.29657
cub,2001,agegroup_yearsall,sex_fmle,8.33205
cub,2001,agegroup_yearsall,sex_mle,22.21792
cub,2002,agegroup_yearsall,sex_btsx,14.74646
cub,2002,agegroup_yearsall,sex_fmle,8.4363
cub,2002,agegroup_yearsall,sex_mle,21.03216
cub,2003,agegroup_yearsall,sex_btsx,13.8135
cub,2003,agegroup_yearsall,sex_fmle,6.89228
cub,2003,agegroup_yearsall,sex_mle,20.72146
cub,2004,agegroup_yearsall,sex_btsx,13.95721
cub,2004,agegroup_yearsall,sex_fmle,6.90504
cub,2004,agegroup_yearsall,sex_mle,21.00862
cub,2005,agegroup_yearsall,sex_btsx,12.99461
cub,2005,agegroup_yearsall,sex_fmle,6.5439
cub,2005,agegroup_yearsall,sex_mle,19.45689
cub,2006,agegroup_yearsall,sex_btsx,12.74371
cub,2006,agegroup_yearsall,sex_fmle,5.07966
cub,2006,agegroup_yearsall,sex_mle,20.43648
cub,2007,agegroup_yearsall,sex_btsx,12.20633
cub,2007,agegroup_yearsall,sex_fmle,4.98397
cub,2007,agegroup_yearsall,sex_mle,19.46974
cub,2008,agegroup_yearsall,sex_btsx,12.85188
cub,2008,agegroup_yearsall,sex_fmle,5.78076
cub,2008,agegroup_yearsall,sex_mle,19.97662
cub,2009,agegroup_yearsall,sex_btsx,13.69175
cub,2009,agegroup_yearsall,sex_fmle,6.21321
cub,2009,agegroup_yearsall,sex_mle,21.24102
cub,2010,agegroup_yearsall,sex_btsx,14.36125
cub,2010,agegroup_yearsall,sex_fmle,6.06825
cub,2010,agegroup_yearsall,sex_mle,22.74814
cub,2011,agegroup_yearsall,sex_btsx,14.05083
cub,2011,agegroup_yearsall,sex_fmle,5.87114
cub,2011,agegroup_yearsall,sex_mle,22.33835
cub,2012,agegroup_yearsall,sex_btsx,13.74272
cub,2012,agegroup_yearsall,sex_fmle,5.41785
cub,2012,agegroup_yearsall,sex_mle,22.18649
cub,2013,agegroup_yearsall,sex_btsx,13.91141
cub,2013,agegroup_yearsall,sex_fmle,5.56594
cub,2013,agegroup_yearsall,sex_mle,22.37911
cub,2014,agegroup_yearsall,sex_btsx,13.42389
cub,2014,agegroup_yearsall,sex_fmle,5.70159
cub,2014,agegroup_yearsall,sex_mle,21.26288
cub,2015,agegroup_yearsall,sex_btsx,14.08077
cub,2015,agegroup_yearsall,sex_fmle,5.66846
cub,2015,agegroup_yearsall,sex_mle,22.62504
cub,2016,agegroup_yearsall,sex_btsx,13.3864
cub,2016,agegroup_yearsall,sex_fmle,5.44333
cub,2016,agegroup_yearsall,sex_mle,21.46017
cub,2017,agegroup_yearsall,sex_btsx,14.60222
cub,2017,agegroup_yearsall,sex_fmle,6.32261
cub,2017,agegroup_yearsall,sex_mle,23.02639
cub,2018,agegroup_yearsall,sex_btsx,14.07864
cub,2018,agegroup_yearsall,sex_fmle,5.82083
cub,2018,agegroup_yearsall,sex_mle,22.48969
cub,2019,agegroup_years15_19,sex_btsx,3.71
cub,2019,agegroup_years15_19,sex_fmle,1.89
cub,2019,agegroup_years15_19,sex_mle,5.43
cub,2019,agegroup_years15_24,sex_btsx,4.76
cub,2019,agegroup_years15_24,sex_fmle,1.94
cub,2019,agegroup_years15_24,sex_mle,7.43
cub,2019,agegroup_years15_29,sex_btsx,5.55
cub,2019,agegroup_years15_29,sex_fmle,2.11
cub,2019,agegroup_years15_29,sex_mle,8.8
cub,2019,agegroup_years25_34,sex_btsx,7.5
cub,2019,agegroup_years25_34,sex_fmle,2.67
cub,2019,agegroup_years25_34,sex_mle,12.1
cub,2019,agegroup_years30_49,sex_btsx,11.92
cub,2019,agegroup_years30_49,sex_fmle,4.61
cub,2019,agegroup_years30_49,sex_mle,19.08
cub,2019,agegroup_years35_44,sex_btsx,11.63
cub,2019,agegroup_years35_44,sex_fmle,4.14
cub,2019,agegroup_years35_44,sex_mle,18.92
cub,2019,agegroup_years45_54,sex_btsx,16.26
cub,2019,agegroup_years45_54,sex_fmle,6.73
cub,2019,agegroup_years45_54,sex_mle,26
cub,2019,agegroup_years55_64,sex_btsx,23.35
cub,2019,agegroup_years55_64,sex_fmle,10.17
cub,2019,agegroup_years55_64,sex_mle,37.43
cub,2019,agegroup_years65_74,sex_btsx,27.28
cub,2019,agegroup_years65_74,sex_fmle,12.5
cub,2019,agegroup_years65_74,sex_mle,43.94
cub,2019,agegroup_years75_84,sex_btsx,42.57
cub,2019,agegroup_years75_84,sex_fmle,15.13
cub,2019,agegroup_years75_84,sex_mle,76.22
cub,2019,agegroup_years85plus,sex_btsx,54.87
cub,2019,agegroup_years85plus,sex_fmle,19.33
cub,2019,agegroup_years85plus,sex_mle,106.36
cub,2019,agegroup_yearsall,sex_btsx,13.78525
cub,2019,agegroup_yearsall,sex_fmle,4.89085
cub,2019,agegroup_yearsall,sex_mle,22.85483
cub,2020,agegroup_yearsall,sex_btsx,14.6127
cub,2020,agegroup_yearsall,sex_fmle,5.22346
cub,2020,agegroup_yearsall,sex_mle,24.19848
cub,2021,agegroup_yearsall,sex_btsx,13.79297
cub,2021,agegroup_yearsall,sex_fmle,4.31776
cub,2021,agegroup_yearsall,sex_mle,23.48677
cyp,2000,agegroup_yearsall,sex_btsx,1.92492
cyp,2000,agegroup_yearsall,sex_fmle,1.21693
cyp,2000,agegroup_yearsall,sex_mle,2.60984
cyp,2001,agegroup_yearsall,sex_btsx,1.99216
cyp,2001,agegroup_yearsall,sex_fmle,1.22331
cyp,2001,agegroup_yearsall,sex_mle,2.73649
cyp,2002,agegroup_yearsall,sex_btsx,2.0621
cyp,2002,agegroup_yearsall,sex_fmle,1.26569
cyp,2002,agegroup_yearsall,sex_mle,2.83386
cyp,2003,agegroup_yearsall,sex_btsx,2.08412
cyp,2003,agegroup_yearsall,sex_fmle,1.28076
cyp,2003,agegroup_yearsall,sex_mle,2.8634
cyp,2004,agegroup_yearsall,sex_btsx,0.89168
cyp,2004,agegroup_yearsall,sex_fmle,0.44671
cyp,2004,agegroup_yearsall,sex_mle,1.32368
cyp,2005,agegroup_yearsall,sex_btsx,2.35992
cyp,2005,agegroup_yearsall,sex_fmle,1.21812
cyp,2005,agegroup_yearsall,sex_mle,3.46932
cyp,2006,agegroup_yearsall,sex_btsx,3.31114
cyp,2006,agegroup_yearsall,sex_fmle,2.27724
cyp,2006,agegroup_yearsall,sex_mle,4.31646
cyp,2007,agegroup_yearsall,sex_btsx,3.02343
cyp,2007,agegroup_yearsall,sex_fmle,1.31753
cyp,2007,agegroup_yearsall,sex_mle,4.68342
cyp,2008,agegroup_yearsall,sex_btsx,5.98115
cyp,2008,agegroup_yearsall,sex_fmle,3.0887
cyp,2008,agegroup_yearsall,sex_mle,8.79785
cyp,2009,agegroup_yearsall,sex_btsx,4.48803
cyp,2009,agegroup_yearsall,sex_fmle,1.3863
cyp,2009,agegroup_yearsall,sex_mle,7.51058
cyp,2010,agegroup_yearsall,sex_btsx,5.21246
cyp,2010,agegroup_yearsall,sex_fmle,2.11549
cyp,2010,agegroup_yearsall,sex_mle,8.23192
cyp,2011,agegroup_yearsall,sex_btsx,4.37319
cyp,2011,agegroup_yearsall,sex_fmle,1.05816
cyp,2011,agegroup_yearsall,sex_mle,7.60795
cyp,2012,agegroup_yearsall,sex_btsx,5.73526
cyp,2012,agegroup_yearsall,sex_fmle,0.89292
cyp,2012,agegroup_yearsall,sex_mle,10.46587
cyp,2013,agegroup_yearsall,sex_btsx,6.01158
cyp,2013,agegroup_yearsall,sex_fmle,1.24731
cyp,2013,agegroup_yearsall,sex_mle,10.67086
cyp,2014,agegroup_yearsall,sex_btsx,5.70003
cyp,2014,agegroup_yearsall,sex_fmle,3.08314
cyp,2014,agegroup_yearsall,sex_mle,8.26162
cyp,2015,agegroup_yearsall,sex_btsx,4.94825
cyp,2015,agegroup_yearsall,sex_fmle,2.16992
cyp,2015,agegroup_yearsall,sex_mle,7.67021
cyp,2016,agegroup_yearsall,sex_btsx,5.06436
cyp,2016,agegroup_yearsall,sex_fmle,1.3342
cyp,2016,agegroup_yearsall,sex_mle,8.72192
cyp,2017,agegroup_yearsall,sex_btsx,4.40648
cyp,2017,agegroup_yearsall,sex_fmle,1.02745
cyp,2017,agegroup_yearsall,sex_mle,7.72243
cyp,2018,agegroup_yearsall,sex_btsx,5.56308
cyp,2018,agegroup_yearsall,sex_fmle,1.95206
cyp,2018,agegroup_yearsall,sex_mle,9.10898
cyp,2019,agegroup_years15_19,sex_btsx,1.78
cyp,2019,agegroup_years15_19,sex_fmle,0
cyp,2019,agegroup_years15_19,sex_mle,3.42
cyp,2019,agegroup_years15_24,sex_btsx,4.04
cyp,2019,agegroup_years15_24,sex_fmle,0.86
cyp,2019,agegroup_years15_24,sex_mle,6.91
cyp,2019,agegroup_years15_29,sex_btsx,3.99
cyp,2019,agegroup_years15_29,sex_fmle,1.28
cyp,2019,agegroup_years15_29,sex_mle,6.42
cyp,2019,agegroup_years25_34,sex_btsx,2.81
cyp,2019,agegroup_years25_34,sex_fmle,1.33
cyp,2019,agegroup_years25_34,sex_mle,4.16
cyp,2019,agegroup_years30_49,sex_btsx,4.45
cyp,2019,agegroup_years30_49,sex_fmle,1.44
cyp,2019,agegroup_years30_49,sex_mle,7.51
cyp,2019,agegroup_years35_44,sex_btsx,4.88
cyp,2019,agegroup_years35_44,sex_fmle,2.09
cyp,2019,agegroup_years35_44,sex_mle,7.81
cyp,2019,agegroup_years45_54,sex_btsx,6.17
cyp,2019,agegroup_years45_54,sex_fmle,1.91
cyp,2019,agegroup_years45_54,sex_mle,10.61
cyp,2019,agegroup_years55_64,sex_btsx,5.59
cyp,2019,agegroup_years55_64,sex_fmle,1.11
cyp,2019,agegroup_years55_64,sex_mle,10.14
cyp,2019,agegroup_years65_74,sex_btsx,3.09
cyp,2019,agegroup_years65_74,sex_fmle,1.47
cyp,2019,agegroup_years65_74,sex_mle,4.85
cyp,2019,agegroup_years75_84,sex_btsx,5.08
cyp,2019,agegroup_years75_84,sex_fmle,2.53
cyp,2019,agegroup_years75_84,sex_mle,8.29
cyp,2019,agegroup_years85plus,sex_btsx,14.27
cyp,2019,agegroup_years85plus,sex_fmle,7.13
cyp,2019,agegroup_years85plus,sex_mle,27.36
cyp,2019,agegroup_yearsall,sex_btsx,4.49963
cyp,2019,agegroup_yearsall,sex_fmle,0.86799
cyp,2019,agegroup_yearsall,sex_mle,8.06754
cyp,2020,agegroup_yearsall,sex_btsx,3.86485
cyp,2020,agegroup_yearsall,sex_fmle,2.06808
cyp,2020,agegroup_yearsall,sex_mle,5.63135
cyp,2021,agegroup_yearsall,sex_btsx,3.02316
cyp,2021,agegroup_yearsall,sex_fmle,2.1882
cyp,2021,agegroup_yearsall,sex_mle,3.84482
cze,2000,agegroup_yearsall,sex_btsx,16.33129
cze,2000,agegroup_yearsall,sex_fmle,6.82006
cze,2000,agegroup_yearsall,sex_mle,26.3568
cze,2001,agegroup_yearsall,sex_btsx,16.1834
cze,2001,agegroup_yearsall,sex_fmle,6.39621
cze,2001,agegroup_yearsall,sex_mle,26.48858
cze,2002,agegroup_yearsall,sex_btsx,15.36888
cze,2002,agegroup_yearsall,sex_fmle,6.20992
cze,2002,agegroup_yearsall,sex_mle,24.99784
cze,2003,agegroup_yearsall,sex_btsx,17.08558
cze,2003,agegroup_yearsall,sex_fmle,6.92731
cze,2003,agegroup_yearsall,sex_mle,27.74876
cze,2004,agegroup_yearsall,sex_btsx,16.44484
cze,2004,agegroup_yearsall,sex_fmle,6.04552
cze,2004,agegroup_yearsall,sex_mle,27.34468
cze,2005,agegroup_yearsall,sex_btsx,15.88425
cze,2005,agegroup_yearsall,sex_fmle,5.84841
cze,2005,agegroup_yearsall,sex_mle,26.38654
cze,2006,agegroup_yearsall,sex_btsx,14.56391
cze,2006,agegroup_yearsall,sex_fmle,5.43703
cze,2006,agegroup_yearsall,sex_mle,24.09918
cze,2007,agegroup_yearsall,sex_btsx,14.26369
cze,2007,agegroup_yearsall,sex_fmle,4.7621
cze,2007,agegroup_yearsall,sex_mle,24.17481
cze,2008,agegroup_yearsall,sex_btsx,14.24037
cze,2008,agegroup_yearsall,sex_fmle,5.27842
cze,2008,agegroup_yearsall,sex_mle,23.57425
cze,2009,agegroup_yearsall,sex_btsx,15.00882
cze,2009,agegroup_yearsall,sex_fmle,4.83957
cze,2009,agegroup_yearsall,sex_mle,25.58359
cze,2010,agegroup_yearsall,sex_btsx,15.09947
cze,2010,agegroup_yearsall,sex_fmle,5.12503
cze,2010,agegroup_yearsall,sex_mle,25.45563
cze,2011,agegroup_yearsall,sex_btsx,16.09259
cze,2011,agegroup_yearsall,sex_fmle,5.17426
cze,2011,agegroup_yearsall,sex_mle,27.41615
cze,2012,agegroup_yearsall,sex_btsx,16.69981
cze,2012,agegroup_yearsall,sex_fmle,5.57559
cze,2012,agegroup_yearsall,sex_mle,28.22713
cze,2013,agegroup_yearsall,sex_btsx,15.65171
cze,2013,agegroup_yearsall,sex_fmle,5.67409
cze,2013,agegroup_yearsall,sex_mle,25.98046
cze,2014,agegroup_yearsall,sex_btsx,14.82154
cze,2014,agegroup_yearsall,sex_fmle,5.86492
cze,2014,agegroup_yearsall,sex_mle,24.08426
cze,2015,agegroup_yearsall,sex_btsx,13.53684
cze,2015,agegroup_yearsall,sex_fmle,4.96374
cze,2015,agegroup_yearsall,sex_mle,22.39369
cze,2016,agegroup_yearsall,sex_btsx,13.03289
cze,2016,agegroup_yearsall,sex_fmle,5.0562
cze,2016,agegroup_yearsall,sex_mle,21.26511
cze,2017,agegroup_yearsall,sex_btsx,13.91021
cze,2017,agegroup_yearsall,sex_fmle,5.71868
cze,2017,agegroup_yearsall,sex_mle,22.35597
cze,2018,agegroup_yearsall,sex_btsx,13.58777
cze,2018,agegroup_yearsall,sex_fmle,5.16085
cze,2018,agegroup_yearsall,sex_mle,22.26813
cze,2019,agegroup_years15_19,sex_btsx,5.67
cze,2019,agegroup_years15_19,sex_fmle,4.06
cze,2019,agegroup_years15_19,sex_mle,7.21
cze,2019,agegroup_years15_24,sex_btsx,8.09
cze,2019,agegroup_years15_24,sex_fmle,3.56
cze,2019,agegroup_years15_24,sex_mle,12.41
cze,2019,agegroup_years15_29,sex_btsx,9.44
cze,2019,agegroup_years15_29,sex_fmle,4.06
cze,2019,agegroup_years15_29,sex_mle,14.57
cze,2019,agegroup_years25_34,sex_btsx,11.16
cze,2019,agegroup_years25_34,sex_fmle,3.83
cze,2019,agegroup_years25_34,sex_mle,18.13
cze,2019,agegroup_years30_49,sex_btsx,12.59
cze,2019,agegroup_years30_49,sex_fmle,4.55
cze,2019,agegroup_years30_49,sex_mle,20.2
cze,2019,agegroup_years35_44,sex_btsx,12.45
cze,2019,agegroup_years35_44,sex_fmle,4.24
cze,2019,agegroup_years35_44,sex_mle,20.22
cze,2019,agegroup_years45_54,sex_btsx,14.1
cze,2019,agegroup_years45_54,sex_fmle,6.58
cze,2019,agegroup_years45_54,sex_mle,21.31
cze,2019,agegroup_years55_64,sex_btsx,17.23
cze,2019,agegroup_years55_64,sex_fmle,7.46
cze,2019,agegroup_years55_64,sex_mle,27.32
cze,2019,agegroup_years65_74,sex_btsx,17.81
cze,2019,agegroup_years65_74,sex_fmle,6.06
cze,2019,agegroup_years65_74,sex_mle,31.97
cze,2019,agegroup_years75_84,sex_btsx,19.85
cze,2019,agegroup_years75_84,sex_fmle,5.6
cze,2019,agegroup_years75_84,sex_mle,41.56
cze,2019,agegroup_years85plus,sex_btsx,21.28
cze,2019,agegroup_years85plus,sex_fmle,4.75
cze,2019,agegroup_years85plus,sex_mle,57.74
cze,2019,agegroup_yearsall,sex_btsx,12.22676
cze,2019,agegroup_yearsall,sex_fmle,4.8699
cze,2019,agegroup_yearsall,sex_mle,19.79856
cze,2020,agegroup_yearsall,sex_btsx,12.72753
cze,2020,agegroup_yearsall,sex_fmle,4.52892
cze,2020,agegroup_yearsall,sex_mle,21.16079
cze,2021,agegroup_yearsall,sex_btsx,13.3261
cze,2021,agegroup_yearsall,sex_fmle,5.67376
cze,2021,agegroup_yearsall,sex_mle,21.1971
deu,2000,agegroup_yearsall,sex_btsx,14.42063
deu,2000,agegroup_yearsall,sex_fmle,7.60351
deu,2000,agegroup_yearsall,sex_mle,21.6102
deu,2001,agegroup_yearsall,sex_btsx,14.46762
deu,2001,agegroup_yearsall,sex_fmle,7.67175
deu,2001,agegroup_yearsall,sex_mle,21.63474
deu,2002,agegroup_yearsall,sex_btsx,14.5597
deu,2002,agegroup_yearsall,sex_fmle,7.91737
deu,2002,agegroup_yearsall,sex_mle,21.56234
deu,2003,agegroup_yearsall,sex_btsx,14.36668
deu,2003,agegroup_yearsall,sex_fmle,7.64388
deu,2003,agegroup_yearsall,sex_mle,21.4581
deu,2004,agegroup_yearsall,sex_btsx,13.98991
deu,2004,agegroup_yearsall,sex_fmle,7.22544
deu,2004,agegroup_yearsall,sex_mle,21.12817
deu,2005,agegroup_yearsall,sex_btsx,13.28291
deu,2005,agegroup_yearsall,sex_fmle,7.00452
deu,2005,agegroup_yearsall,sex_mle,19.9174
deu,2006,agegroup_yearsall,sex_btsx,12.78166
deu,2006,agegroup_yearsall,sex_fmle,6.65496
deu,2006,agegroup_yearsall,sex_mle,19.24144
deu,2007,agegroup_yearsall,sex_btsx,12.37956
deu,2007,agegroup_yearsall,sex_fmle,6.27391
deu,2007,agegroup_yearsall,sex_mle,18.79138
deu,2008,agegroup_yearsall,sex_btsx,12.51751
deu,2008,agegroup_yearsall,sex_fmle,6.38978
deu,2008,agegroup_yearsall,sex_mle,18.94968
deu,2009,agegroup_yearsall,sex_btsx,12.73967
deu,2009,agegroup_yearsall,sex_fmle,6.37566
deu,2009,agegroup_yearsall,sex_mle,19.42964
deu,2010,agegroup_yearsall,sex_btsx,13.23492
deu,2010,agegroup_yearsall,sex_fmle,6.79259
deu,2010,agegroup_yearsall,sex_mle,20.01476
deu,2011,agegroup_yearsall,sex_btsx,13.24051
deu,2011,agegroup_yearsall,sex_fmle,6.68048
deu,2011,agegroup_yearsall,sex_mle,20.13215
deu,2012,agegroup_yearsall,sex_btsx,12.91978
deu,2012,agegroup_yearsall,sex_fmle,7.03634
deu,2012,agegroup_yearsall,sex_mle,19.0744
deu,2013,agegroup_yearsall,sex_btsx,13.4792
deu,2013,agegroup_yearsall,sex_fmle,7.19637
deu,2013,agegroup_yearsall,sex_mle,20.02214
deu,2014,agegroup_yearsall,sex_btsx,13.43862
deu,2014,agegroup_yearsall,sex_fmle,6.91546
deu,2014,agegroup_yearsall,sex_mle,20.21118
deu,2015,agegroup_yearsall,sex_btsx,13.30158
deu,2015,agegroup_yearsall,sex_fmle,7.25726
deu,2015,agegroup_yearsall,sex_mle,19.53648
deu,2016,agegroup_yearsall,sex_btsx,12.98511
deu,2016,agegroup_yearsall,sex_fmle,6.79804
deu,2016,agegroup_yearsall,sex_mle,19.33527
deu,2017,agegroup_yearsall,sex_btsx,12.53278
deu,2017,agegroup_yearsall,sex_fmle,6.62544
deu,2017,agegroup_yearsall,sex_mle,18.59262
deu,2018,agegroup_yearsall,sex_btsx,12.81935
deu,2018,agegroup_yearsall,sex_fmle,6.79295
deu,2018,agegroup_yearsall,sex_mle,18.99817
deu,2019,agegroup_years15_19,sex_btsx,4.7
deu,2019,agegroup_years15_19,sex_fmle,2.85
deu,2019,agegroup_years15_19,sex_mle,6.41
deu,2019,agegroup_years15_24,sex_btsx,5.99
deu,2019,agegroup_years15_24,sex_fmle,2.67
deu,2019,agegroup_years15_24,sex_mle,9.04
deu,2019,agegroup_years15_29,sex_btsx,6.29
deu,2019,agegroup_years15_29,sex_fmle,2.64
deu,2019,agegroup_years15_29,sex_mle,9.63
deu,2019,agegroup_years25_34,sex_btsx,7.78
deu,2019,agegroup_years25_34,sex_fmle,3.13
deu,2019,agegroup_years25_34,sex_mle,12.08
deu,2019,agegroup_years30_49,sex_btsx,10.51
deu,2019,agegroup_years30_49,sex_fmle,4.54
deu,2019,agegroup_years30_49,sex_mle,16.29
deu,2019,agegroup_years35_44,sex_btsx,10.05
deu,2019,agegroup_years35_44,sex_fmle,4.08
deu,2019,agegroup_years35_44,sex_mle,15.87
deu,2019,agegroup_years45_54,sex_btsx,14.95
deu,2019,agegroup_years45_54,sex_fmle,7.85
deu,2019,agegroup_years45_54,sex_mle,21.96
deu,2019,agegroup_years55_64,sex_btsx,15.68
deu,2019,agegroup_years55_64,sex_fmle,8.29
deu,2019,agegroup_years55_64,sex_mle,23.23
deu,2019,agegroup_years65_74,sex_btsx,16.09
deu,2019,agegroup_years65_74,sex_fmle,8.35
deu,2019,agegroup_years65_74,sex_mle,24.72
deu,2019,agegroup_years75_84,sex_btsx,26.5
deu,2019,agegroup_years75_84,sex_fmle,13.09
deu,2019,agegroup_years75_84,sex_mle,44.05
deu,2019,agegroup_years85plus,sex_btsx,37.88
deu,2019,agegroup_years85plus,sex_fmle,16.86
deu,2019,agegroup_years85plus,sex_mle,79.37
deu,2019,agegroup_yearsall,sex_btsx,12.48549
deu,2019,agegroup_yearsall,sex_fmle,6.65578
deu,2019,agegroup_yearsall,sex_mle,18.46159
deu,2020,agegroup_yearsall,sex_btsx,12.86718
deu,2020,agegroup_yearsall,sex_fmle,7.08578
deu,2020,agegroup_yearsall,sex_mle,18.79508
deu,2021,agegroup_yearsall,sex_btsx,12.90286
deu,2021,agegroup_yearsall,sex_fmle,7.58096
deu,2021,agegroup_yearsall,sex_mle,18.36107
dji,2000,agegroup_yearsall,sex_btsx,5.2827
dji,2000,agegroup_yearsall,sex_fmle,4.65598
dji,2000,agegroup_yearsall,sex_mle,5.91613
dji,2001,agegroup_yearsall,sex_btsx,5.53074
dji,2001,agegroup_yearsall,sex_fmle,4.94933
dji,2001,agegroup_yearsall,sex_mle,6.11808
dji,2002,agegroup_yearsall,sex_btsx,5.98745
dji,2002,agegroup_yearsall,sex_fmle,5.79567
dji,2002,agegroup_yearsall,sex_mle,6.18111
dji,2003,agegroup_yearsall,sex_btsx,6.42788
dji,2003,agegroup_yearsall,sex_fmle,6.20947
dji,2003,agegroup_yearsall,sex_mle,6.64843
dji,2004,agegroup_yearsall,sex_btsx,6.58411
dji,2004,agegroup_yearsall,sex_fmle,6.33354
dji,2004,agegroup_yearsall,sex_mle,6.83716
dji,2005,agegroup_yearsall,sex_btsx,6.43302
dji,2005,agegroup_yearsall,sex_fmle,6.28166
dji,2005,agegroup_yearsall,sex_mle,6.58593
dji,2006,agegroup_yearsall,sex_btsx,6.21098
dji,2006,agegroup_yearsall,sex_fmle,5.87567
dji,2006,agegroup_yearsall,sex_mle,6.54981
dji,2007,agegroup_yearsall,sex_btsx,6.44785
dji,2007,agegroup_yearsall,sex_fmle,6.2965
dji,2007,agegroup_yearsall,sex_mle,6.60084
dji,2008,agegroup_yearsall,sex_btsx,5.97821
dji,2008,agegroup_yearsall,sex_fmle,5.83531
dji,2008,agegroup_yearsall,sex_mle,6.12272
dji,2009,agegroup_yearsall,sex_btsx,6.37678
dji,2009,agegroup_yearsall,sex_fmle,6.17955
dji,2009,agegroup_yearsall,sex_mle,6.5763
dji,2010,agegroup_yearsall,sex_btsx,6.31128
dji,2010,agegroup_yearsall,sex_fmle,6.18362
dji,2010,agegroup_yearsall,sex_mle,6.44046
dji,2011,agegroup_yearsall,sex_btsx,6.50062
dji,2011,agegroup_yearsall,sex_fmle,6.1722
dji,2011,agegroup_yearsall,sex_mle,6.83303
dji,2012,agegroup_yearsall,sex_btsx,6.75974
dji,2012,agegroup_yearsall,sex_fmle,6.28736
dji,2012,agegroup_yearsall,sex_mle,7.238
dji,2013,agegroup_yearsall,sex_btsx,6.95293
dji,2013,agegroup_yearsall,sex_fmle,6.34627
dji,2013,agegroup_yearsall,sex_mle,7.56733
dji,2014,agegroup_yearsall,sex_btsx,7.5928
dji,2014,agegroup_yearsall,sex_fmle,6.73359
dji,2014,agegroup_yearsall,sex_mle,8.46327
dji,2015,agegroup_yearsall,sex_btsx,7.46982
dji,2015,agegroup_yearsall,sex_fmle,6.52471
dji,2015,agegroup_yearsall,sex_mle,8.42766
dji,2016,agegroup_yearsall,sex_btsx,7.85839
dji,2016,agegroup_yearsall,sex_fmle,6.75767
dji,2016,agegroup_yearsall,sex_mle,8.97442
dji,2017,agegroup_yearsall,sex_btsx,8.09011
dji,2017,agegroup_yearsall,sex_fmle,6.82539
dji,2017,agegroup_yearsall,sex_mle,9.37289
dji,2018,agegroup_yearsall,sex_btsx,8.21103
dji,2018,agegroup_yearsall,sex_fmle,6.87904
dji,2018,agegroup_yearsall,sex_mle,9.56262
dji,2019,agegroup_years15_19,sex_btsx,2.39
dji,2019,agegroup_years15_19,sex_fmle,1.27
dji,2019,agegroup_years15_19,sex_mle,3.31
dji,2019,agegroup_years15_24,sex_btsx,3.39
dji,2019,agegroup_years15_24,sex_fmle,1.88
dji,2019,agegroup_years15_24,sex_mle,4.66
dji,2019,agegroup_years15_29,sex_btsx,4.91
dji,2019,agegroup_years15_29,sex_fmle,3.16
dji,2019,agegroup_years15_29,sex_mle,6.39
dji,2019,agegroup_years25_34,sex_btsx,9
dji,2019,agegroup_years25_34,sex_fmle,6.85
dji,2019,agegroup_years25_34,sex_mle,10.92
dji,2019,agegroup_years30_49,sex_btsx,13.18
dji,2019,agegroup_years30_49,sex_fmle,9.18
dji,2019,agegroup_years30_49,sex_mle,16.8
dji,2019,agegroup_years35_44,sex_btsx,13.74
dji,2019,agegroup_years35_44,sex_fmle,9.55
dji,2019,agegroup_years35_44,sex_mle,17.57
dji,2019,agegroup_years45_54,sex_btsx,17.99
dji,2019,agegroup_years45_54,sex_fmle,11.26
dji,2019,agegroup_years45_54,sex_mle,24.03
dji,2019,agegroup_years55_64,sex_btsx,24.01
dji,2019,agegroup_years55_64,sex_fmle,14.63
dji,2019,agegroup_years55_64,sex_mle,32.77
dji,2019,agegroup_years65_74,sex_btsx,37.83
dji,2019,agegroup_years65_74,sex_fmle,22.87
dji,2019,agegroup_years65_74,sex_mle,53.43
dji,2019,agegroup_years75_84,sex_btsx,56.59
dji,2019,agegroup_years75_84,sex_fmle,33.05
dji,2019,agegroup_years75_84,sex_mle,83.34
dji,2019,agegroup_years85plus,sex_btsx,129.64
dji,2019,agegroup_years85plus,sex_fmle,69.12
dji,2019,agegroup_years85plus,sex_mle,210.09
dji,2019,agegroup_yearsall,sex_btsx,8.02438
dji,2019,agegroup_yearsall,sex_fmle,6.592
dji,2019,agegroup_yearsall,sex_mle,9.4784
dji,2020,agegroup_yearsall,sex_btsx,7.88643
dji,2020,agegroup_yearsall,sex_fmle,6.35095
dji,2020,agegroup_yearsall,sex_mle,9.44586
dji,2021,agegroup_yearsall,sex_btsx,7.96391
dji,2021,agegroup_yearsall,sex_fmle,6.39783
dji,2021,agegroup_yearsall,sex_mle,9.55532
dnk,2000,agegroup_yearsall,sex_btsx,15.54266
dnk,2000,agegroup_yearsall,sex_fmle,8.71858
dnk,2000,agegroup_yearsall,sex_mle,22.52497
dnk,2001,agegroup_yearsall,sex_btsx,15.77997
dnk,2001,agegroup_yearsall,sex_fmle,9.9269
dnk,2001,agegroup_yearsall,sex_mle,21.76631
dnk,2002,agegroup_yearsall,sex_btsx,14.96765
dnk,2002,agegroup_yearsall,sex_fmle,9.4384
dnk,2002,agegroup_yearsall,sex_mle,20.6204
dnk,2003,agegroup_yearsall,sex_btsx,13.6841
dnk,2003,agegroup_yearsall,sex_fmle,7.6909
dnk,2003,agegroup_yearsall,sex_mle,19.8079
dnk,2004,agegroup_yearsall,sex_btsx,14.37172
dnk,2004,agegroup_yearsall,sex_fmle,9.6125
dnk,2004,agegroup_yearsall,sex_mle,19.23272
dnk,2005,agegroup_yearsall,sex_btsx,14.70183
dnk,2005,agegroup_yearsall,sex_fmle,9.40513
dnk,2005,agegroup_yearsall,sex_mle,20.1098
dnk,2006,agegroup_yearsall,sex_btsx,14.67629
dnk,2006,agegroup_yearsall,sex_fmle,9.37247
dnk,2006,agegroup_yearsall,sex_mle,20.08801
dnk,2007,agegroup_yearsall,sex_btsx,12.73878
dnk,2007,agegroup_yearsall,sex_fmle,8.79648
dnk,2007,agegroup_yearsall,sex_mle,16.75704
dnk,2008,agegroup_yearsall,sex_btsx,13.05614
dnk,2008,agegroup_yearsall,sex_fmle,8.98647
dnk,2008,agegroup_yearsall,sex_mle,17.19901
dnk,2009,agegroup_yearsall,sex_btsx,12.71011
dnk,2009,agegroup_yearsall,sex_fmle,6.45615
dnk,2009,agegroup_yearsall,sex_mle,19.07352
dnk,2010,agegroup_yearsall,sex_btsx,11.69273
dnk,2010,agegroup_yearsall,sex_fmle,7.26784
dnk,2010,agegroup_yearsall,sex_mle,16.19492
dnk,2011,agegroup_yearsall,sex_btsx,12.43442
dnk,2011,agegroup_yearsall,sex_fmle,7.0474
dnk,2011,agegroup_yearsall,sex_mle,17.91408
dnk,2012,agegroup_yearsall,sex_btsx,12.84222
dnk,2012,agegroup_yearsall,sex_fmle,6.90952
dnk,2012,agegroup_yearsall,sex_mle,18.87392
dnk,2013,agegroup_yearsall,sex_btsx,12.06392
dnk,2013,agegroup_yearsall,sex_fmle,6.9168
dnk,2013,agegroup_yearsall,sex_mle,17.29243
dnk,2014,agegroup_yearsall,sex_btsx,11.96759
dnk,2014,agegroup_yearsall,sex_fmle,6.63824
dnk,2014,agegroup_yearsall,sex_mle,17.37367
dnk,2015,agegroup_yearsall,sex_btsx,11.02614
dnk,2015,agegroup_yearsall,sex_fmle,7.22239
dnk,2015,agegroup_yearsall,sex_mle,14.87654
dnk,2016,agegroup_yearsall,sex_btsx,10.81534
dnk,2016,agegroup_yearsall,sex_fmle,6.01484
dnk,2016,agegroup_yearsall,sex_mle,15.66643
dnk,2017,agegroup_yearsall,sex_btsx,11.17538
dnk,2017,agegroup_yearsall,sex_fmle,7.01077
dnk,2017,agegroup_yearsall,sex_mle,15.38142
dnk,2018,agegroup_yearsall,sex_btsx,11.20116
dnk,2018,agegroup_yearsall,sex_fmle,6.96611
dnk,2018,agegroup_yearsall,sex_mle,15.47781
dnk,2019,agegroup_years15_19,sex_btsx,3.16
dnk,2019,agegroup_years15_19,sex_fmle,2.8
dnk,2019,agegroup_years15_19,sex_mle,3.51
dnk,2019,agegroup_years15_24,sex_btsx,3.97
dnk,2019,agegroup_years15_24,sex_fmle,2.63
dnk,2019,agegroup_years15_24,sex_mle,5.25
dnk,2019,agegroup_years15_29,sex_btsx,5.17
dnk,2019,agegroup_years15_29,sex_fmle,2.74
dnk,2019,agegroup_years15_29,sex_mle,7.5
dnk,2019,agegroup_years25_34,sex_btsx,6.73
dnk,2019,agegroup_years25_34,sex_fmle,3.2
dnk,2019,agegroup_years25_34,sex_mle,10.11
dnk,2019,agegroup_years30_49,sex_btsx,10
dnk,2019,agegroup_years30_49,sex_fmle,4.63
dnk,2019,agegroup_years30_49,sex_mle,15.31
dnk,2019,agegroup_years35_44,sex_btsx,9.52
dnk,2019,agegroup_years35_44,sex_fmle,4.47
dnk,2019,agegroup_years35_44,sex_mle,14.56
dnk,2019,agegroup_years45_54,sex_btsx,14.17
dnk,2019,agegroup_years45_54,sex_fmle,6.72
dnk,2019,agegroup_years45_54,sex_mle,21.5
dnk,2019,agegroup_years55_64,sex_btsx,16.58
dnk,2019,agegroup_years55_64,sex_fmle,10.84
dnk,2019,agegroup_years55_64,sex_mle,22.42
dnk,2019,agegroup_years65_74,sex_btsx,14.87
dnk,2019,agegroup_years65_74,sex_fmle,8.4
dnk,2019,agegroup_years65_74,sex_mle,21.66
dnk,2019,agegroup_years75_84,sex_btsx,24.28
dnk,2019,agegroup_years75_84,sex_fmle,15.39
dnk,2019,agegroup_years75_84,sex_mle,35.12
dnk,2019,agegroup_years85plus,sex_btsx,31.83
dnk,2019,agegroup_years85plus,sex_fmle,18.32
dnk,2019,agegroup_years85plus,sex_mle,56.7
dnk,2019,agegroup_yearsall,sex_btsx,11.41673
dnk,2019,agegroup_yearsall,sex_fmle,6.41319
dnk,2019,agegroup_yearsall,sex_mle,16.46988
dnk,2020,agegroup_yearsall,sex_btsx,10.89756
dnk,2020,agegroup_yearsall,sex_fmle,6.84964
dnk,2020,agegroup_yearsall,sex_mle,14.98714
dnk,2021,agegroup_yearsall,sex_btsx,10.45853
dnk,2021,agegroup_yearsall,sex_fmle,6.30363
dnk,2021,agegroup_yearsall,sex_mle,14.65494
dom,2000,agegroup_yearsall,sex_btsx,4.13842
dom,2000,agegroup_yearsall,sex_fmle,1.50022
dom,2000,agegroup_yearsall,sex_mle,6.77388
dom,2001,agegroup_yearsall,sex_btsx,3.988
dom,2001,agegroup_yearsall,sex_fmle,1.49435
dom,2001,agegroup_yearsall,sex_mle,6.48013
dom,2002,agegroup_yearsall,sex_btsx,3.8925
dom,2002,agegroup_yearsall,sex_fmle,1.52568
dom,2002,agegroup_yearsall,sex_mle,6.25891
dom,2003,agegroup_yearsall,sex_btsx,3.93223
dom,2003,agegroup_yearsall,sex_fmle,1.54885
dom,2003,agegroup_yearsall,sex_mle,6.31612
dom,2004,agegroup_yearsall,sex_btsx,4.09626
dom,2004,agegroup_yearsall,sex_fmle,1.58122
dom,2004,agegroup_yearsall,sex_mle,6.61266
dom,2005,agegroup_yearsall,sex_btsx,4.33779
dom,2005,agegroup_yearsall,sex_fmle,1.61598
dom,2005,agegroup_yearsall,sex_mle,7.06174
dom,2006,agegroup_yearsall,sex_btsx,4.26687
dom,2006,agegroup_yearsall,sex_fmle,1.35776
dom,2006,agegroup_yearsall,sex_mle,7.17872
dom,2007,agegroup_yearsall,sex_btsx,4.20929
dom,2007,agegroup_yearsall,sex_fmle,1.44204
dom,2007,agegroup_yearsall,sex_mle,6.97949
dom,2008,agegroup_yearsall,sex_btsx,4.2389
dom,2008,agegroup_yearsall,sex_fmle,1.49261
dom,2008,agegroup_yearsall,sex_mle,6.98864
dom,2009,agegroup_yearsall,sex_btsx,4.26762
dom,2009,agegroup_yearsall,sex_fmle,1.53201
dom,2009,agegroup_yearsall,sex_mle,7.00762
dom,2010,agegroup_yearsall,sex_btsx,4.18051
dom,2010,agegroup_yearsall,sex_fmle,1.49413
dom,2010,agegroup_yearsall,sex_mle,6.87262
dom,2011,agegroup_yearsall,sex_btsx,4.23988
dom,2011,agegroup_yearsall,sex_fmle,1.53968
dom,2011,agegroup_yearsall,sex_mle,6.9477
dom,2012,agegroup_yearsall,sex_btsx,4.91477
dom,2012,agegroup_yearsall,sex_fmle,1.66242
dom,2012,agegroup_yearsall,sex_mle,8.17877
dom,2013,agegroup_yearsall,sex_btsx,5.29863
dom,2013,agegroup_yearsall,sex_fmle,1.74398
dom,2013,agegroup_yearsall,sex_mle,8.86859
dom,2014,agegroup_yearsall,sex_btsx,6.17769
dom,2014,agegroup_yearsall,sex_fmle,1.89215
dom,2014,agegroup_yearsall,sex_mle,10.48447
dom,2015,agegroup_yearsall,sex_btsx,6.43386
dom,2015,agegroup_yearsall,sex_fmle,1.92647
dom,2015,agegroup_yearsall,sex_mle,10.96598
dom,2016,agegroup_yearsall,sex_btsx,6.30167
dom,2016,agegroup_yearsall,sex_fmle,1.94907
dom,2016,agegroup_yearsall,sex_mle,10.68059
dom,2017,agegroup_yearsall,sex_btsx,6.69561
dom,2017,agegroup_yearsall,sex_fmle,2.04623
dom,2017,agegroup_yearsall,sex_mle,11.37574
dom,2018,agegroup_yearsall,sex_btsx,6.22488
dom,2018,agegroup_yearsall,sex_fmle,2.00897
dom,2018,agegroup_yearsall,sex_mle,10.47073
dom,2019,agegroup_years15_19,sex_btsx,2.5
dom,2019,agegroup_years15_19,sex_fmle,1.71
dom,2019,agegroup_years15_19,sex_mle,3.27
dom,2019,agegroup_years15_24,sex_btsx,3.85
dom,2019,agegroup_years15_24,sex_fmle,2.01
dom,2019,agegroup_years15_24,sex_mle,5.64
dom,2019,agegroup_years15_29,sex_btsx,4.52
dom,2019,agegroup_years15_29,sex_fmle,2.06
dom,2019,agegroup_years15_29,sex_mle,6.93
dom,2019,agegroup_years25_34,sex_btsx,6.24
dom,2019,agegroup_years25_34,sex_fmle,2.2
dom,2019,agegroup_years25_34,sex_mle,10.31
dom,2019,agegroup_years30_49,sex_btsx,6.27
dom,2019,agegroup_years30_49,sex_fmle,2.03
dom,2019,agegroup_years30_49,sex_mle,10.54
dom,2019,agegroup_years35_44,sex_btsx,6.07
dom,2019,agegroup_years35_44,sex_fmle,1.91
dom,2019,agegroup_years35_44,sex_mle,10.22
dom,2019,agegroup_years45_54,sex_btsx,6.7
dom,2019,agegroup_years45_54,sex_fmle,2.34
dom,2019,agegroup_years45_54,sex_mle,11.23
dom,2019,agegroup_years55_64,sex_btsx,9.42
dom,2019,agegroup_years55_64,sex_fmle,2.86
dom,2019,agegroup_years55_64,sex_mle,16.34
dom,2019,agegroup_years65_74,sex_btsx,11.74
dom,2019,agegroup_years65_74,sex_fmle,3.82
dom,2019,agegroup_years65_74,sex_mle,20.39
dom,2019,agegroup_years75_84,sex_btsx,14.21
dom,2019,agegroup_years75_84,sex_fmle,5.01
dom,2019,agegroup_years75_84,sex_mle,25.07
dom,2019,agegroup_years85plus,sex_btsx,17.98
dom,2019,agegroup_years85plus,sex_fmle,6.31
dom,2019,agegroup_years85plus,sex_mle,33.31
dom,2019,agegroup_yearsall,sex_btsx,5.82971
dom,2019,agegroup_yearsall,sex_fmle,1.96444
dom,2019,agegroup_yearsall,sex_mle,9.72433
dom,2020,agegroup_yearsall,sex_btsx,4.18059
dom,2020,agegroup_yearsall,sex_fmle,1.51503
dom,2020,agegroup_yearsall,sex_mle,6.86872
dom,2021,agegroup_yearsall,sex_btsx,4.19752
dom,2021,agegroup_yearsall,sex_fmle,1.49069
dom,2021,agegroup_yearsall,sex_mle,6.93027
dza,2000,agegroup_yearsall,sex_btsx,4.18385
dza,2000,agegroup_yearsall,sex_fmle,2.72786
dza,2000,agegroup_yearsall,sex_mle,5.55332
dza,2001,agegroup_yearsall,sex_btsx,3.96391
dza,2001,agegroup_yearsall,sex_fmle,2.54951
dza,2001,agegroup_yearsall,sex_mle,5.29582
dza,2002,agegroup_yearsall,sex_btsx,3.90528
dza,2002,agegroup_yearsall,sex_fmle,2.55985
dza,2002,agegroup_yearsall,sex_mle,5.17382
dza,2003,agegroup_yearsall,sex_btsx,3.61819
dza,2003,agegroup_yearsall,sex_fmle,2.40554
dza,2003,agegroup_yearsall,sex_mle,4.76296
dza,2004,agegroup_yearsall,sex_btsx,3.42989
dza,2004,agegroup_yearsall,sex_fmle,2.29292
dza,2004,agegroup_yearsall,sex_mle,4.50449
dza,2005,agegroup_yearsall,sex_btsx,3.32939
dza,2005,agegroup_yearsall,sex_fmle,2.21899
dza,2005,agegroup_yearsall,sex_mle,4.38021
dza,2006,agegroup_yearsall,sex_btsx,3.18608
dza,2006,agegroup_yearsall,sex_fmle,2.11845
dza,2006,agegroup_yearsall,sex_mle,4.19773
dza,2007,agegroup_yearsall,sex_btsx,3.04119
dza,2007,agegroup_yearsall,sex_fmle,2.01837
dza,2007,agegroup_yearsall,sex_mle,4.01142
dza,2008,agegroup_yearsall,sex_btsx,2.89893
dza,2008,agegroup_yearsall,sex_fmle,1.91736
dza,2008,agegroup_yearsall,sex_mle,3.83071
dza,2009,agegroup_yearsall,sex_btsx,2.73738
dza,2009,agegroup_yearsall,sex_fmle,1.77879
dza,2009,agegroup_yearsall,sex_mle,3.64786
dza,2010,agegroup_yearsall,sex_btsx,2.61397
dza,2010,agegroup_yearsall,sex_fmle,1.70262
dza,2010,agegroup_yearsall,sex_mle,3.4801
dza,2011,agegroup_yearsall,sex_btsx,2.54403
dza,2011,agegroup_yearsall,sex_fmle,1.64445
dza,2011,agegroup_yearsall,sex_mle,3.3996
dza,2012,agegroup_yearsall,sex_btsx,2.36058
dza,2012,agegroup_yearsall,sex_fmle,1.62812
dza,2012,agegroup_yearsall,sex_mle,3.05779
dza,2013,agegroup_yearsall,sex_btsx,2.30824
dza,2013,agegroup_yearsall,sex_fmle,1.58429
dza,2013,agegroup_yearsall,sex_mle,2.99795
dza,2014,agegroup_yearsall,sex_btsx,2.25687
dza,2014,agegroup_yearsall,sex_fmle,1.59061
dza,2014,agegroup_yearsall,sex_mle,2.89218
dza,2015,agegroup_yearsall,sex_btsx,2.16641
dza,2015,agegroup_yearsall,sex_fmle,1.5148
dza,2015,agegroup_yearsall,sex_mle,2.78832
dza,2016,agegroup_yearsall,sex_btsx,2.05819
dza,2016,agegroup_yearsall,sex_fmle,1.44802
dza,2016,agegroup_yearsall,sex_mle,2.64097
dza,2017,agegroup_yearsall,sex_btsx,2.04169
dza,2017,agegroup_yearsall,sex_fmle,1.43916
dza,2017,agegroup_yearsall,sex_mle,2.61755
dza,2018,agegroup_yearsall,sex_btsx,2.0651
dza,2018,agegroup_yearsall,sex_fmle,1.42319
dza,2018,agegroup_yearsall,sex_mle,2.67909
dza,2019,agegroup_years15_19,sex_btsx,2.45
dza,2019,agegroup_years15_19,sex_fmle,2.17
dza,2019,agegroup_years15_19,sex_mle,2.72
dza,2019,agegroup_years15_24,sex_btsx,3.32
dza,2019,agegroup_years15_24,sex_fmle,2.57
dza,2019,agegroup_years15_24,sex_mle,4.03
dza,2019,agegroup_years15_29,sex_btsx,3.67
dza,2019,agegroup_years15_29,sex_fmle,2.71
dza,2019,agegroup_years15_29,sex_mle,4.59
dza,2019,agegroup_years25_34,sex_btsx,4.11
dza,2019,agegroup_years25_34,sex_fmle,2.97
dza,2019,agegroup_years25_34,sex_mle,5.23
dza,2019,agegroup_years30_49,sex_btsx,3.72
dza,2019,agegroup_years30_49,sex_fmle,2.84
dza,2019,agegroup_years30_49,sex_mle,4.6
dza,2019,agegroup_years35_44,sex_btsx,3.89
dza,2019,agegroup_years35_44,sex_fmle,3.02
dza,2019,agegroup_years35_44,sex_mle,4.76
dza,2019,agegroup_years45_54,sex_btsx,2.65
dza,2019,agegroup_years45_54,sex_fmle,1.86
dza,2019,agegroup_years45_54,sex_mle,3.45
dza,2019,agegroup_years55_64,sex_btsx,2.32
dza,2019,agegroup_years55_64,sex_fmle,1.37
dza,2019,agegroup_years55_64,sex_mle,3.25
dza,2019,agegroup_years65_74,sex_btsx,2.77
dza,2019,agegroup_years65_74,sex_fmle,1.82
dza,2019,agegroup_years65_74,sex_mle,3.7
dza,2019,agegroup_years75_84,sex_btsx,4.35
dza,2019,agegroup_years75_84,sex_fmle,3.01
dza,2019,agegroup_years75_84,sex_mle,5.89
dza,2019,agegroup_years85plus,sex_btsx,8.34
dza,2019,agegroup_years85plus,sex_fmle,6.1
dza,2019,agegroup_years85plus,sex_mle,10.8
dza,2019,agegroup_yearsall,sex_btsx,2.04704
dza,2019,agegroup_yearsall,sex_fmle,1.40798
dza,2019,agegroup_yearsall,sex_mle,2.65885
dza,2020,agegroup_yearsall,sex_btsx,1.7078
dza,2020,agegroup_yearsall,sex_fmle,1.33296
dza,2020,agegroup_yearsall,sex_mle,2.067
dza,2021,agegroup_yearsall,sex_btsx,2.18144
dza,2021,agegroup_yearsall,sex_fmle,1.33415
dza,2021,agegroup_yearsall,sex_mle,2.99402
ecu,2000,agegroup_yearsall,sex_btsx,5.55363
ecu,2000,agegroup_yearsall,sex_fmle,3.33735
ecu,2000,agegroup_yearsall,sex_mle,7.77056
ecu,2001,agegroup_yearsall,sex_btsx,5.68612
ecu,2001,agegroup_yearsall,sex_fmle,3.6221
ecu,2001,agegroup_yearsall,sex_mle,7.75081
ecu,2002,agegroup_yearsall,sex_btsx,5.44818
ecu,2002,agegroup_yearsall,sex_fmle,3.29389
ecu,2002,agegroup_yearsall,sex_mle,7.60329
ecu,2003,agegroup_yearsall,sex_btsx,6.17132
ecu,2003,agegroup_yearsall,sex_fmle,3.98257
ecu,2003,agegroup_yearsall,sex_mle,8.36111
ecu,2004,agegroup_yearsall,sex_btsx,6.93972
ecu,2004,agegroup_yearsall,sex_fmle,4.11377
ecu,2004,agegroup_yearsall,sex_mle,9.76743
ecu,2005,agegroup_yearsall,sex_btsx,8.34281
ecu,2005,agegroup_yearsall,sex_fmle,4.6496
ecu,2005,agegroup_yearsall,sex_mle,12.03909
ecu,2006,agegroup_yearsall,sex_btsx,7.75214
ecu,2006,agegroup_yearsall,sex_fmle,5.02796
ecu,2006,agegroup_yearsall,sex_mle,10.47918
ecu,2007,agegroup_yearsall,sex_btsx,8.4769
ecu,2007,agegroup_yearsall,sex_fmle,4.60218
ecu,2007,agegroup_yearsall,sex_mle,12.35657
ecu,2008,agegroup_yearsall,sex_btsx,8.21725
ecu,2008,agegroup_yearsall,sex_fmle,4.50151
ecu,2008,agegroup_yearsall,sex_mle,11.93861
ecu,2009,agegroup_yearsall,sex_btsx,8.51268
ecu,2009,agegroup_yearsall,sex_fmle,4.31712
ecu,2009,agegroup_yearsall,sex_mle,12.71551
ecu,2010,agegroup_yearsall,sex_btsx,7.98604
ecu,2010,agegroup_yearsall,sex_fmle,4.52565
ecu,2010,agegroup_yearsall,sex_mle,11.45308
ecu,2011,agegroup_yearsall,sex_btsx,8.2468
ecu,2011,agegroup_yearsall,sex_fmle,4.8519
ecu,2011,agegroup_yearsall,sex_mle,11.64866
ecu,2012,agegroup_yearsall,sex_btsx,8.17757
ecu,2012,agegroup_yearsall,sex_fmle,4.46712
ecu,2012,agegroup_yearsall,sex_mle,11.8958
ecu,2013,agegroup_yearsall,sex_btsx,5.86651
ecu,2013,agegroup_yearsall,sex_fmle,3.27803
ecu,2013,agegroup_yearsall,sex_mle,8.46033
ecu,2014,agegroup_yearsall,sex_btsx,6.59375
ecu,2014,agegroup_yearsall,sex_fmle,3.0994
ecu,2014,agegroup_yearsall,sex_mle,10.09499
ecu,2015,agegroup_yearsall,sex_btsx,8.38176
ecu,2015,agegroup_yearsall,sex_fmle,4.19093
ecu,2015,agegroup_yearsall,sex_mle,12.58034
ecu,2016,agegroup_yearsall,sex_btsx,8.8261
ecu,2016,agegroup_yearsall,sex_fmle,3.83195
ecu,2016,agegroup_yearsall,sex_mle,13.82887
ecu,2017,agegroup_yearsall,sex_btsx,8.94836
ecu,2017,agegroup_yearsall,sex_fmle,3.74692
ecu,2017,agegroup_yearsall,sex_mle,14.15831
ecu,2018,agegroup_yearsall,sex_btsx,8.47194
ecu,2018,agegroup_yearsall,sex_fmle,3.6958
ecu,2018,agegroup_yearsall,sex_mle,13.25608
ecu,2019,agegroup_years15_19,sex_btsx,11.7
ecu,2019,agegroup_years15_19,sex_fmle,9.95
ecu,2019,agegroup_years15_19,sex_mle,13.38
ecu,2019,agegroup_years15_24,sex_btsx,13.08
ecu,2019,agegroup_years15_24,sex_fmle,8.24
ecu,2019,agegroup_years15_24,sex_mle,17.75
ecu,2019,agegroup_years15_29,sex_btsx,12.66
ecu,2019,agegroup_years15_29,sex_fmle,7.2
ecu,2019,agegroup_years15_29,sex_mle,17.96
ecu,2019,agegroup_years25_34,sex_btsx,10.53
ecu,2019,agegroup_years25_34,sex_fmle,4.53
ecu,2019,agegroup_years25_34,sex_mle,16.45
ecu,2019,agegroup_years30_49,sex_btsx,8.18
ecu,2019,agegroup_years30_49,sex_fmle,3.2
ecu,2019,agegroup_years30_49,sex_mle,13.21
ecu,2019,agegroup_years35_44,sex_btsx,8.19
ecu,2019,agegroup_years35_44,sex_fmle,2.94
ecu,2019,agegroup_years35_44,sex_mle,13.5
ecu,2019,agegroup_years45_54,sex_btsx,7.03
ecu,2019,agegroup_years45_54,sex_fmle,2.61
ecu,2019,agegroup_years45_54,sex_mle,11.61
ecu,2019,agegroup_years55_64,sex_btsx,8.84
ecu,2019,agegroup_years55_64,sex_fmle,2.64
ecu,2019,agegroup_years55_64,sex_mle,15.38
ecu,2019,agegroup_years65_74,sex_btsx,10.52
ecu,2019,agegroup_years65_74,sex_fmle,3.28
ecu,2019,agegroup_years65_74,sex_mle,18.48
ecu,2019,agegroup_years75_84,sex_btsx,10.55
ecu,2019,agegroup_years75_84,sex_fmle,3.18
ecu,2019,agegroup_years75_84,sex_mle,19.38
ecu,2019,agegroup_years85plus,sex_btsx,12.64
ecu,2019,agegroup_years85plus,sex_fmle,3.47
ecu,2019,agegroup_years85plus,sex_mle,26.21
ecu,2019,agegroup_yearsall,sex_btsx,8.52041
ecu,2019,agegroup_yearsall,sex_fmle,3.47442
ecu,2019,agegroup_yearsall,sex_mle,13.5759
ecu,2020,agegroup_yearsall,sex_btsx,7.59058
ecu,2020,agegroup_yearsall,sex_fmle,3.14221
ecu,2020,agegroup_yearsall,sex_mle,12.05219
ecu,2021,agegroup_yearsall,sex_btsx,7.55903
ecu,2021,agegroup_yearsall,sex_fmle,2.63084
ecu,2021,agegroup_yearsall,sex_mle,12.50919
egy,2000,agegroup_yearsall,sex_btsx,0.9123
egy,2000,agegroup_yearsall,sex_fmle,0.46837
egy,2000,agegroup_yearsall,sex_mle,1.34321
egy,2001,agegroup_yearsall,sex_btsx,0.94194
egy,2001,agegroup_yearsall,sex_fmle,0.48715
egy,2001,agegroup_yearsall,sex_mle,1.38332
egy,2002,agegroup_yearsall,sex_btsx,0.95667
egy,2002,agegroup_yearsall,sex_fmle,0.50945
egy,2002,agegroup_yearsall,sex_mle,1.39078
egy,2003,agegroup_yearsall,sex_btsx,0.94514
egy,2003,agegroup_yearsall,sex_fmle,0.51546
egy,2003,agegroup_yearsall,sex_mle,1.36234
egy,2004,agegroup_yearsall,sex_btsx,0.94703
egy,2004,agegroup_yearsall,sex_fmle,0.50126
egy,2004,agegroup_yearsall,sex_mle,1.38003
egy,2005,agegroup_yearsall,sex_btsx,0.93826
egy,2005,agegroup_yearsall,sex_fmle,0.5014
egy,2005,agegroup_yearsall,sex_mle,1.36281
egy,2006,agegroup_yearsall,sex_btsx,0.92167
egy,2006,agegroup_yearsall,sex_fmle,0.48108
egy,2006,agegroup_yearsall,sex_mle,1.35021
egy,2007,agegroup_yearsall,sex_btsx,0.90092
egy,2007,agegroup_yearsall,sex_fmle,0.46271
egy,2007,agegroup_yearsall,sex_mle,1.32766
egy,2008,agegroup_yearsall,sex_btsx,0.90497
egy,2008,agegroup_yearsall,sex_fmle,0.46115
egy,2008,agegroup_yearsall,sex_mle,1.33777
egy,2009,agegroup_yearsall,sex_btsx,0.91633
egy,2009,agegroup_yearsall,sex_fmle,0.46467
egy,2009,agegroup_yearsall,sex_mle,1.35732
egy,2010,agegroup_yearsall,sex_btsx,0.93253
egy,2010,agegroup_yearsall,sex_fmle,0.47745
egy,2010,agegroup_yearsall,sex_mle,1.3774
egy,2011,agegroup_yearsall,sex_btsx,0.98708
egy,2011,agegroup_yearsall,sex_fmle,0.46141
egy,2011,agegroup_yearsall,sex_mle,1.50129
egy,2012,agegroup_yearsall,sex_btsx,1.04281
egy,2012,agegroup_yearsall,sex_fmle,0.4891
egy,2012,agegroup_yearsall,sex_mle,1.58446
egy,2013,agegroup_yearsall,sex_btsx,1.03928
egy,2013,agegroup_yearsall,sex_fmle,0.46736
egy,2013,agegroup_yearsall,sex_mle,1.5988
egy,2014,agegroup_yearsall,sex_btsx,0.97721
egy,2014,agegroup_yearsall,sex_fmle,0.46613
egy,2014,agegroup_yearsall,sex_mle,1.47738
egy,2015,agegroup_yearsall,sex_btsx,0.96905
egy,2015,agegroup_yearsall,sex_fmle,0.47502
egy,2015,agegroup_yearsall,sex_mle,1.45297
egy,2016,agegroup_yearsall,sex_btsx,0.94387
egy,2016,agegroup_yearsall,sex_fmle,0.45262
egy,2016,agegroup_yearsall,sex_mle,1.42545
egy,2017,agegroup_yearsall,sex_btsx,0.8905
egy,2017,agegroup_yearsall,sex_fmle,0.42951
egy,2017,agegroup_yearsall,sex_mle,1.3425
egy,2018,agegroup_yearsall,sex_btsx,0.8878
egy,2018,agegroup_yearsall,sex_fmle,0.44763
egy,2018,agegroup_yearsall,sex_mle,1.31939
egy,2019,agegroup_years15_19,sex_btsx,3.63
egy,2019,agegroup_years15_19,sex_fmle,3.05
egy,2019,agegroup_years15_19,sex_mle,4.17
egy,2019,agegroup_years15_24,sex_btsx,4.04
egy,2019,agegroup_years15_24,sex_fmle,3.12
egy,2019,agegroup_years15_24,sex_mle,4.91
egy,2019,agegroup_years15_29,sex_btsx,4.09
egy,2019,agegroup_years15_29,sex_fmle,3.02
egy,2019,agegroup_years15_29,sex_mle,5.11
egy,2019,agegroup_years25_34,sex_btsx,4.27
egy,2019,agegroup_years25_34,sex_fmle,2.82
egy,2019,agegroup_years25_34,sex_mle,5.69
egy,2019,agegroup_years30_49,sex_btsx,4.24
egy,2019,agegroup_years30_49,sex_fmle,2.66
egy,2019,agegroup_years30_49,sex_mle,5.8
egy,2019,agegroup_years35_44,sex_btsx,4.33
egy,2019,agegroup_years35_44,sex_fmle,2.78
egy,2019,agegroup_years35_44,sex_mle,5.85
egy,2019,agegroup_years45_54,sex_btsx,4.27
egy,2019,agegroup_years45_54,sex_fmle,2.24
egy,2019,agegroup_years45_54,sex_mle,6.36
egy,2019,agegroup_years55_64,sex_btsx,5.55
egy,2019,agegroup_years55_64,sex_fmle,2.98
egy,2019,agegroup_years55_64,sex_mle,8.17
egy,2019,agegroup_years65_74,sex_btsx,5.7
egy,2019,agegroup_years65_74,sex_fmle,3.82
egy,2019,agegroup_years65_74,sex_mle,7.84
egy,2019,agegroup_years75_84,sex_btsx,5.61
egy,2019,agegroup_years75_84,sex_fmle,3.5
egy,2019,agegroup_years75_84,sex_mle,8.61
egy,2019,agegroup_years85plus,sex_btsx,10.75
egy,2019,agegroup_years85plus,sex_fmle,6.43
egy,2019,agegroup_years85plus,sex_mle,19.04
egy,2019,agegroup_yearsall,sex_btsx,0.90855
egy,2019,agegroup_yearsall,sex_fmle,0.45251
egy,2019,agegroup_yearsall,sex_mle,1.35571
egy,2020,agegroup_yearsall,sex_btsx,0.78511
egy,2020,agegroup_yearsall,sex_fmle,0.39885
egy,2020,agegroup_yearsall,sex_mle,1.16386
egy,2021,agegroup_yearsall,sex_btsx,0.62968
egy,2021,agegroup_yearsall,sex_fmle,0.33491
egy,2021,agegroup_yearsall,sex_mle,0.91868
eri,2000,agegroup_yearsall,sex_btsx,14.25839
eri,2000,agegroup_yearsall,sex_fmle,6.76516
eri,2000,agegroup_yearsall,sex_mle,22.12077
eri,2001,agegroup_yearsall,sex_btsx,13.53204
eri,2001,agegroup_yearsall,sex_fmle,6.61916
eri,2001,agegroup_yearsall,sex_mle,20.77442
eri,2002,agegroup_yearsall,sex_btsx,13.60187
eri,2002,agegroup_yearsall,sex_fmle,6.63824
eri,2002,agegroup_yearsall,sex_mle,20.88293
eri,2003,agegroup_yearsall,sex_btsx,12.78038
eri,2003,agegroup_yearsall,sex_fmle,6.38329
eri,2003,agegroup_yearsall,sex_mle,19.4545
eri,2004,agegroup_yearsall,sex_btsx,12.95307
eri,2004,agegroup_yearsall,sex_fmle,6.53708
eri,2004,agegroup_yearsall,sex_mle,19.63316
eri,2005,agegroup_yearsall,sex_btsx,13.05618
eri,2005,agegroup_yearsall,sex_fmle,6.59933
eri,2005,agegroup_yearsall,sex_mle,19.77025
eri,2006,agegroup_yearsall,sex_btsx,13.11047
eri,2006,agegroup_yearsall,sex_fmle,6.61175
eri,2006,agegroup_yearsall,sex_mle,19.86168
eri,2007,agegroup_yearsall,sex_btsx,12.99917
eri,2007,agegroup_yearsall,sex_fmle,6.62717
eri,2007,agegroup_yearsall,sex_mle,19.61276
eri,2008,agegroup_yearsall,sex_btsx,13.1801
eri,2008,agegroup_yearsall,sex_fmle,6.7517
eri,2008,agegroup_yearsall,sex_mle,19.84363
eri,2009,agegroup_yearsall,sex_btsx,13.65288
eri,2009,agegroup_yearsall,sex_fmle,6.96064
eri,2009,agegroup_yearsall,sex_mle,20.58161
eri,2010,agegroup_yearsall,sex_btsx,13.53885
eri,2010,agegroup_yearsall,sex_fmle,6.91667
eri,2010,agegroup_yearsall,sex_mle,20.38848
eri,2011,agegroup_yearsall,sex_btsx,13.35941
eri,2011,agegroup_yearsall,sex_fmle,6.818
eri,2011,agegroup_yearsall,sex_mle,20.11977
eri,2012,agegroup_yearsall,sex_btsx,13.14359
eri,2012,agegroup_yearsall,sex_fmle,6.73988
eri,2012,agegroup_yearsall,sex_mle,19.75728
eri,2013,agegroup_yearsall,sex_btsx,13.3606
eri,2013,agegroup_yearsall,sex_fmle,6.91244
eri,2013,agegroup_yearsall,sex_mle,20.01616
eri,2014,agegroup_yearsall,sex_btsx,13.06611
eri,2014,agegroup_yearsall,sex_fmle,6.74343
eri,2014,agegroup_yearsall,sex_mle,19.58952
eri,2015,agegroup_yearsall,sex_btsx,13.03929
eri,2015,agegroup_yearsall,sex_fmle,6.75155
eri,2015,agegroup_yearsall,sex_mle,19.52475
eri,2016,agegroup_yearsall,sex_btsx,12.92557
eri,2016,agegroup_yearsall,sex_fmle,6.74318
eri,2016,agegroup_yearsall,sex_mle,19.29997
eri,2017,agegroup_yearsall,sex_btsx,13.05044
eri,2017,agegroup_yearsall,sex_fmle,6.82089
eri,2017,agegroup_yearsall,sex_mle,19.47065
eri,2018,agegroup_yearsall,sex_btsx,13.17851
eri,2018,agegroup_yearsall,sex_fmle,6.96244
eri,2018,agegroup_yearsall,sex_mle,19.58103
eri,2019,agegroup_years15_19,sex_btsx,3.72
eri,2019,agegroup_years15_19,sex_fmle,1.56
eri,2019,agegroup_years15_19,sex_mle,5.8
eri,2019,agegroup_years15_24,sex_btsx,5.1
eri,2019,agegroup_years15_24,sex_fmle,1.75
eri,2019,agegroup_years15_24,sex_mle,8.37
eri,2019,agegroup_years15_29,sex_btsx,6.7
eri,2019,agegroup_years15_29,sex_fmle,1.95
eri,2019,agegroup_years15_29,sex_mle,11.36
eri,2019,agegroup_years25_34,sex_btsx,10.62
eri,2019,agegroup_years25_34,sex_fmle,2.51
eri,2019,agegroup_years25_34,sex_mle,18.64
eri,2019,agegroup_years30_49,sex_btsx,16.54
eri,2019,agegroup_years30_49,sex_fmle,6.27
eri,2019,agegroup_years30_49,sex_mle,26.99
eri,2019,agegroup_years35_44,sex_btsx,16.81
eri,2019,agegroup_years35_44,sex_fmle,6.54
eri,2019,agegroup_years35_44,sex_mle,27.34
eri,2019,agegroup_years45_54,sex_btsx,29.58
eri,2019,agegroup_years45_54,sex_fmle,14.86
eri,2019,agegroup_years45_54,sex_mle,45.12
eri,2019,agegroup_years55_64,sex_btsx,42.5
eri,2019,agegroup_years55_64,sex_fmle,23.39
eri,2019,agegroup_years55_64,sex_mle,62.82
eri,2019,agegroup_years65_74,sex_btsx,56.32
eri,2019,agegroup_years65_74,sex_fmle,31.45
eri,2019,agegroup_years65_74,sex_mle,86.97
eri,2019,agegroup_years75_84,sex_btsx,73.93
eri,2019,agegroup_years75_84,sex_fmle,39.95
eri,2019,agegroup_years75_84,sex_mle,118.42
eri,2019,agegroup_years85plus,sex_btsx,157.31
eri,2019,agegroup_years85plus,sex_fmle,75.17
eri,2019,agegroup_years85plus,sex_mle,292.4
eri,2019,agegroup_yearsall,sex_btsx,13.00138
eri,2019,agegroup_yearsall,sex_fmle,6.89644
eri,2019,agegroup_yearsall,sex_mle,19.28535
eri,2020,agegroup_yearsall,sex_btsx,12.87004
eri,2020,agegroup_yearsall,sex_fmle,6.78381
eri,2020,agegroup_yearsall,sex_mle,19.13118
eri,2021,agegroup_yearsall,sex_btsx,13.22532
eri,2021,agegroup_yearsall,sex_fmle,7.19831
eri,2021,agegroup_yearsall,sex_mle,19.4214
esp,2000,agegroup_yearsall,sex_btsx,8.55059
esp,2000,agegroup_yearsall,sex_fmle,4.14972
esp,2000,agegroup_yearsall,sex_mle,13.11459
esp,2001,agegroup_yearsall,sex_btsx,8.01921
esp,2001,agegroup_yearsall,sex_fmle,3.87849
esp,2001,agegroup_yearsall,sex_mle,12.31275
esp,2002,agegroup_yearsall,sex_btsx,8.32951
esp,2002,agegroup_yearsall,sex_fmle,4.07274
esp,2002,agegroup_yearsall,sex_mle,12.73513
esp,2003,agegroup_yearsall,sex_btsx,8.47114
esp,2003,agegroup_yearsall,sex_fmle,4.1382
esp,2003,agegroup_yearsall,sex_mle,12.94126
esp,2004,agegroup_yearsall,sex_btsx,8.46393
esp,2004,agegroup_yearsall,sex_fmle,4.21366
esp,2004,agegroup_yearsall,sex_mle,12.83419
esp,2005,agegroup_yearsall,sex_btsx,8.01394
esp,2005,agegroup_yearsall,sex_fmle,3.98408
esp,2005,agegroup_yearsall,sex_mle,12.14336
esp,2006,agegroup_yearsall,sex_btsx,7.51773
esp,2006,agegroup_yearsall,sex_fmle,3.46834
esp,2006,agegroup_yearsall,sex_mle,11.65784
esp,2007,agegroup_yearsall,sex_btsx,7.38466
esp,2007,agegroup_yearsall,sex_fmle,3.69503
esp,2007,agegroup_yearsall,sex_mle,11.14809
esp,2008,agegroup_yearsall,sex_btsx,7.78349
esp,2008,agegroup_yearsall,sex_fmle,3.59532
esp,2008,agegroup_yearsall,sex_mle,12.04742
esp,2009,agegroup_yearsall,sex_btsx,7.64115
esp,2009,agegroup_yearsall,sex_fmle,3.45916
esp,2009,agegroup_yearsall,sex_mle,11.90113
esp,2010,agegroup_yearsall,sex_btsx,7.01394
esp,2010,agegroup_yearsall,sex_fmle,3.11555
esp,2010,agegroup_yearsall,sex_mle,10.99205
esp,2011,agegroup_yearsall,sex_btsx,7.10121
esp,2011,agegroup_yearsall,sex_fmle,3.38951
esp,2011,agegroup_yearsall,sex_mle,10.89626
esp,2012,agegroup_yearsall,sex_btsx,7.74195
esp,2012,agegroup_yearsall,sex_fmle,3.60426
esp,2012,agegroup_yearsall,sex_mle,11.98319
esp,2013,agegroup_yearsall,sex_btsx,8.50057
esp,2013,agegroup_yearsall,sex_fmle,4.22653
esp,2013,agegroup_yearsall,sex_mle,12.89402
esp,2014,agegroup_yearsall,sex_btsx,8.59512
esp,2014,agegroup_yearsall,sex_fmle,4.31558
esp,2014,agegroup_yearsall,sex_mle,13.0037
esp,2015,agegroup_yearsall,sex_btsx,7.9663
esp,2015,agegroup_yearsall,sex_fmle,4.14549
esp,2015,agegroup_yearsall,sex_mle,11.90768
esp,2016,agegroup_yearsall,sex_btsx,7.90032
esp,2016,agegroup_yearsall,sex_fmle,4.10225
esp,2016,agegroup_yearsall,sex_mle,11.82364
esp,2017,agegroup_yearsall,sex_btsx,8.11662
esp,2017,agegroup_yearsall,sex_fmle,4.24397
esp,2017,agegroup_yearsall,sex_mle,12.12278
esp,2018,agegroup_yearsall,sex_btsx,7.79132
esp,2018,agegroup_yearsall,sex_fmle,4.09307
esp,2018,agegroup_yearsall,sex_mle,11.62076
esp,2019,agegroup_years15_19,sex_btsx,1.97
esp,2019,agegroup_years15_19,sex_fmle,1.5
esp,2019,agegroup_years15_19,sex_mle,2.41
esp,2019,agegroup_years15_24,sex_btsx,2.71
esp,2019,agegroup_years15_24,sex_fmle,1.67
esp,2019,agegroup_years15_24,sex_mle,3.7
esp,2019,agegroup_years15_29,sex_btsx,3.33
esp,2019,agegroup_years15_29,sex_fmle,1.87
esp,2019,agegroup_years15_29,sex_mle,4.72
esp,2019,agegroup_years25_34,sex_btsx,4.87
esp,2019,agegroup_years25_34,sex_fmle,2.26
esp,2019,agegroup_years25_34,sex_mle,7.44
esp,2019,agegroup_years30_49,sex_btsx,7.44
esp,2019,agegroup_years30_49,sex_fmle,3.9
esp,2019,agegroup_years30_49,sex_mle,10.91
esp,2019,agegroup_years35_44,sex_btsx,7.18
esp,2019,agegroup_years35_44,sex_fmle,3.99
esp,2019,agegroup_years35_44,sex_mle,10.31
esp,2019,agegroup_years45_54,sex_btsx,10.24
esp,2019,agegroup_years45_54,sex_fmle,5.29
esp,2019,agegroup_years45_54,sex_mle,15.07
esp,2019,agegroup_years55_64,sex_btsx,10.3
esp,2019,agegroup_years55_64,sex_fmle,5.87
esp,2019,agegroup_years55_64,sex_mle,14.92
esp,2019,agegroup_years65_74,sex_btsx,10.26
esp,2019,agegroup_years65_74,sex_fmle,6.09
esp,2019,agegroup_years65_74,sex_mle,14.94
esp,2019,agegroup_years75_84,sex_btsx,16.22
esp,2019,agegroup_years75_84,sex_fmle,7.37
esp,2019,agegroup_years75_84,sex_mle,28.01
esp,2019,agegroup_years85plus,sex_btsx,13.57
esp,2019,agegroup_years85plus,sex_fmle,4.74
esp,2019,agegroup_years85plus,sex_mle,30.53
esp,2019,agegroup_yearsall,sex_btsx,8.09842
esp,2019,agegroup_yearsall,sex_fmle,4.03803
esp,2019,agegroup_yearsall,sex_mle,12.30449
esp,2020,agegroup_yearsall,sex_btsx,8.62427
esp,2020,agegroup_yearsall,sex_fmle,4.51822
esp,2020,agegroup_yearsall,sex_mle,12.87848
esp,2021,agegroup_yearsall,sex_btsx,8.71558
esp,2021,agegroup_yearsall,sex_fmle,4.46786
esp,2021,agegroup_yearsall,sex_mle,13.11728
est,2000,agegroup_yearsall,sex_btsx,29.27199
est,2000,agegroup_yearsall,sex_fmle,12.66173
est,2000,agegroup_yearsall,sex_mle,48.29847
est,2001,agegroup_yearsall,sex_btsx,30.18285
est,2001,agegroup_yearsall,sex_fmle,11.89498
est,2001,agegroup_yearsall,sex_mle,51.14941
est,2002,agegroup_yearsall,sex_btsx,28.20872
est,2002,agegroup_yearsall,sex_fmle,10.27139
est,2002,agegroup_yearsall,sex_mle,48.80315
est,2003,agegroup_yearsall,sex_btsx,26.5525
est,2003,agegroup_yearsall,sex_fmle,9.35616
est,2003,agegroup_yearsall,sex_mle,46.31989
est,2004,agegroup_yearsall,sex_btsx,25.5467
est,2004,agegroup_yearsall,sex_fmle,8.59733
est,2004,agegroup_yearsall,sex_mle,45.04936
est,2005,agegroup_yearsall,sex_btsx,22.54202
est,2005,agegroup_yearsall,sex_fmle,8.26614
est,2005,agegroup_yearsall,sex_mle,38.97596
est,2006,agegroup_yearsall,sex_btsx,20.88112
est,2006,agegroup_yearsall,sex_fmle,8.7786
est,2006,agegroup_yearsall,sex_mle,34.81438
est,2007,agegroup_yearsall,sex_btsx,21.57974
est,2007,agegroup_yearsall,sex_fmle,7.10579
est,2007,agegroup_yearsall,sex_mle,38.24694
est,2008,agegroup_yearsall,sex_btsx,19.64838
est,2008,agegroup_yearsall,sex_fmle,7.83283
est,2008,agegroup_yearsall,sex_mle,33.24562
est,2009,agegroup_yearsall,sex_btsx,22.09618
est,2009,agegroup_yearsall,sex_fmle,7.2658
est,2009,agegroup_yearsall,sex_mle,39.13306
est,2010,agegroup_yearsall,sex_btsx,18.28701
est,2010,agegroup_yearsall,sex_fmle,6.55097
est,2010,agegroup_yearsall,sex_mle,31.74417
est,2011,agegroup_yearsall,sex_btsx,17.58982
est,2011,agegroup_yearsall,sex_fmle,5.87589
est,2011,agegroup_yearsall,sex_mle,30.99897
est,2012,agegroup_yearsall,sex_btsx,19.44204
est,2012,agegroup_yearsall,sex_fmle,7.03403
est,2012,agegroup_yearsall,sex_mle,33.62598
est,2013,agegroup_yearsall,sex_btsx,18.14727
est,2013,agegroup_yearsall,sex_fmle,7.04923
est,2013,agegroup_yearsall,sex_mle,30.81181
est,2014,agegroup_yearsall,sex_btsx,19.22522
est,2014,agegroup_yearsall,sex_fmle,7.13061
est,2014,agegroup_yearsall,sex_mle,32.99647
est,2015,agegroup_yearsall,sex_btsx,15.72634
est,2015,agegroup_yearsall,sex_fmle,5.26868
est,2015,agegroup_yearsall,sex_mle,27.60291
est,2016,agegroup_yearsall,sex_btsx,15.04698
est,2016,agegroup_yearsall,sex_fmle,5.92626
est,2016,agegroup_yearsall,sex_mle,25.37276
est,2017,agegroup_yearsall,sex_btsx,17.88733
est,2017,agegroup_yearsall,sex_fmle,7.71042
est,2017,agegroup_yearsall,sex_mle,29.35733
est,2018,agegroup_yearsall,sex_btsx,15.7828
est,2018,agegroup_yearsall,sex_fmle,7.18885
est,2018,agegroup_yearsall,sex_mle,25.41256
est,2019,agegroup_years15_19,sex_btsx,12.05
est,2019,agegroup_years15_19,sex_fmle,8.75
est,2019,agegroup_years15_19,sex_mle,15.19
est,2019,agegroup_years15_24,sex_btsx,14.64
est,2019,agegroup_years15_24,sex_fmle,7.72
est,2019,agegroup_years15_24,sex_mle,21.22
est,2019,agegroup_years15_29,sex_btsx,15.86
est,2019,agegroup_years15_29,sex_fmle,6.66
est,2019,agegroup_years15_29,sex_mle,24.39
est,2019,agegroup_years25_34,sex_btsx,12.11
est,2019,agegroup_years25_34,sex_fmle,3.96
est,2019,agegroup_years25_34,sex_mle,19.45
est,2019,agegroup_years30_49,sex_btsx,10.94
est,2019,agegroup_years30_49,sex_fmle,4.25
est,2019,agegroup_years30_49,sex_mle,17.24
est,2019,agegroup_years35_44,sex_btsx,13.48
est,2019,agegroup_years35_44,sex_fmle,4.51
est,2019,agegroup_years35_44,sex_mle,21.95
est,2019,agegroup_years45_54,sex_btsx,13.23
est,2019,agegroup_years45_54,sex_fmle,4.09
est,2019,agegroup_years45_54,sex_mle,22.47
est,2019,agegroup_years55_64,sex_btsx,24.49
est,2019,agegroup_years55_64,sex_fmle,6.86
est,2019,agegroup_years55_64,sex_mle,45.22
est,2019,agegroup_years65_74,sex_btsx,24.39
est,2019,agegroup_years65_74,sex_fmle,8.74
est,2019,agegroup_years65_74,sex_mle,47.95
est,2019,agegroup_years75_84,sex_btsx,21.83
est,2019,agegroup_years75_84,sex_fmle,14.03
est,2019,agegroup_years75_84,sex_mle,39.07
est,2019,agegroup_years85plus,sex_btsx,33.09
est,2019,agegroup_years85plus,sex_fmle,14.92
est,2019,agegroup_years85plus,sex_mle,93.36
est,2019,agegroup_yearsall,sex_btsx,15.61
est,2019,agegroup_yearsall,sex_fmle,6.52052
est,2019,agegroup_yearsall,sex_mle,25.74018
est,2020,agegroup_yearsall,sex_btsx,17.53942
est,2020,agegroup_yearsall,sex_fmle,7.46099
est,2020,agegroup_yearsall,sex_mle,28.73235
est,2021,agegroup_yearsall,sex_btsx,14.9382
est,2021,agegroup_yearsall,sex_fmle,5.76867
est,2021,agegroup_yearsall,sex_mle,25.10421
eth,2000,agegroup_yearsall,sex_btsx,7.25995
eth,2000,agegroup_yearsall,sex_fmle,3.95121
eth,2000,agegroup_yearsall,sex_mle,10.58152
eth,2001,agegroup_yearsall,sex_btsx,7.11921
eth,2001,agegroup_yearsall,sex_fmle,4.03567
eth,2001,agegroup_yearsall,sex_mle,10.20888
eth,2002,agegroup_yearsall,sex_btsx,6.88513
eth,2002,agegroup_yearsall,sex_fmle,3.85816
eth,2002,agegroup_yearsall,sex_mle,9.9129
eth,2003,agegroup_yearsall,sex_btsx,6.67325
eth,2003,agegroup_yearsall,sex_fmle,3.72434
eth,2003,agegroup_yearsall,sex_mle,9.61836
eth,2004,agegroup_yearsall,sex_btsx,6.46498
eth,2004,agegroup_yearsall,sex_fmle,3.59005
eth,2004,agegroup_yearsall,sex_mle,9.33232
eth,2005,agegroup_yearsall,sex_btsx,6.22979
eth,2005,agegroup_yearsall,sex_fmle,3.43436
eth,2005,agegroup_yearsall,sex_mle,9.01452
eth,2006,agegroup_yearsall,sex_btsx,6.03425
eth,2006,agegroup_yearsall,sex_fmle,3.28332
eth,2006,agegroup_yearsall,sex_mle,8.77187
eth,2007,agegroup_yearsall,sex_btsx,5.90089
eth,2007,agegroup_yearsall,sex_fmle,3.1401
eth,2007,agegroup_yearsall,sex_mle,8.64623
eth,2008,agegroup_yearsall,sex_btsx,5.79379
eth,2008,agegroup_yearsall,sex_fmle,3.01123
eth,2008,agegroup_yearsall,sex_mle,8.55943
eth,2009,agegroup_yearsall,sex_btsx,5.66867
eth,2009,agegroup_yearsall,sex_fmle,2.91157
eth,2009,agegroup_yearsall,sex_mle,8.40811
eth,2010,agegroup_yearsall,sex_btsx,5.56935
eth,2010,agegroup_yearsall,sex_fmle,2.79248
eth,2010,agegroup_yearsall,sex_mle,8.32777
eth,2011,agegroup_yearsall,sex_btsx,5.5353
eth,2011,agegroup_yearsall,sex_fmle,2.74532
eth,2011,agegroup_yearsall,sex_mle,8.30611
eth,2012,agegroup_yearsall,sex_btsx,5.43828
eth,2012,agegroup_yearsall,sex_fmle,2.66181
eth,2012,agegroup_yearsall,sex_mle,8.19516
eth,2013,agegroup_yearsall,sex_btsx,5.07589
eth,2013,agegroup_yearsall,sex_fmle,2.46385
eth,2013,agegroup_yearsall,sex_mle,7.6693
eth,2014,agegroup_yearsall,sex_btsx,4.99789
eth,2014,agegroup_yearsall,sex_fmle,2.42396
eth,2014,agegroup_yearsall,sex_mle,7.55354
eth,2015,agegroup_yearsall,sex_btsx,5.20544
eth,2015,agegroup_yearsall,sex_fmle,2.52827
eth,2015,agegroup_yearsall,sex_mle,7.86397
eth,2016,agegroup_yearsall,sex_btsx,5.32901
eth,2016,agegroup_yearsall,sex_fmle,2.64098
eth,2016,agegroup_yearsall,sex_mle,7.99888
eth,2017,agegroup_yearsall,sex_btsx,5.36654
eth,2017,agegroup_yearsall,sex_fmle,2.61549
eth,2017,agegroup_yearsall,sex_mle,8.09969
eth,2018,agegroup_yearsall,sex_btsx,5.55282
eth,2018,agegroup_yearsall,sex_fmle,2.70565
eth,2018,agegroup_yearsall,sex_mle,8.38221
eth,2019,agegroup_years15_19,sex_btsx,2.24
eth,2019,agegroup_years15_19,sex_fmle,1.44
eth,2019,agegroup_years15_19,sex_mle,3.02
eth,2019,agegroup_years15_24,sex_btsx,2.88
eth,2019,agegroup_years15_24,sex_fmle,1.52
eth,2019,agegroup_years15_24,sex_mle,4.22
eth,2019,agegroup_years15_29,sex_btsx,3.28
eth,2019,agegroup_years15_29,sex_fmle,1.64
eth,2019,agegroup_years15_29,sex_mle,4.9
eth,2019,agegroup_years25_34,sex_btsx,4.26
eth,2019,agegroup_years25_34,sex_fmle,1.95
eth,2019,agegroup_years25_34,sex_mle,6.56
eth,2019,agegroup_years30_49,sex_btsx,6.1
eth,2019,agegroup_years30_49,sex_fmle,2.7
eth,2019,agegroup_years30_49,sex_mle,9.54
eth,2019,agegroup_years35_44,sex_btsx,6.02
eth,2019,agegroup_years35_44,sex_fmle,2.74
eth,2019,agegroup_years35_44,sex_mle,9.37
eth,2019,agegroup_years45_54,sex_btsx,11.9
eth,2019,agegroup_years45_54,sex_fmle,5.9
eth,2019,agegroup_years45_54,sex_mle,18.05
eth,2019,agegroup_years55_64,sex_btsx,21.09
eth,2019,agegroup_years55_64,sex_fmle,12.92
eth,2019,agegroup_years55_64,sex_mle,30.51
eth,2019,agegroup_years65_74,sex_btsx,38.6
eth,2019,agegroup_years65_74,sex_fmle,23.62
eth,2019,agegroup_years65_74,sex_mle,55.93
eth,2019,agegroup_years75_84,sex_btsx,64.37
eth,2019,agegroup_years75_84,sex_fmle,34.76
eth,2019,agegroup_years75_84,sex_mle,99.05
eth,2019,agegroup_years85plus,sex_btsx,133.5
eth,2019,agegroup_years85plus,sex_fmle,66.98
eth,2019,agegroup_years85plus,sex_mle,217.6
eth,2019,agegroup_yearsall,sex_btsx,5.67306
eth,2019,agegroup_yearsall,sex_fmle,2.772
eth,2019,agegroup_yearsall,sex_mle,8.55677
eth,2020,agegroup_yearsall,sex_btsx,5.67605
eth,2020,agegroup_yearsall,sex_fmle,2.845
eth,2020,agegroup_yearsall,sex_mle,8.49118
eth,2021,agegroup_yearsall,sex_btsx,6.06812
eth,2021,agegroup_yearsall,sex_fmle,3.06041
eth,2021,agegroup_yearsall,sex_mle,9.06026
fin,2000,agegroup_yearsall,sex_btsx,24.13205
fin,2000,agegroup_yearsall,sex_fmle,12.14572
fin,2000,agegroup_yearsall,sex_mle,36.70537
fin,2001,agegroup_yearsall,sex_btsx,24.30542
fin,2001,agegroup_yearsall,sex_fmle,11.00025
fin,2001,agegroup_yearsall,sex_mle,38.24545
fin,2002,agegroup_yearsall,sex_btsx,22.16437
fin,2002,agegroup_yearsall,sex_fmle,11.01355
fin,2002,agegroup_yearsall,sex_mle,33.8323
fin,2003,agegroup_yearsall,sex_btsx,21.85381
fin,2003,agegroup_yearsall,sex_fmle,10.73891
fin,2003,agegroup_yearsall,sex_mle,33.46986
fin,2004,agegroup_yearsall,sex_btsx,21.31424
fin,2004,agegroup_yearsall,sex_fmle,9.92142
fin,2004,agegroup_yearsall,sex_mle,33.21035
fin,2005,agegroup_yearsall,sex_btsx,19.95885
fin,2005,agegroup_yearsall,sex_fmle,10.7847
fin,2005,agegroup_yearsall,sex_mle,29.53151
fin,2006,agegroup_yearsall,sex_btsx,21.1038
fin,2006,agegroup_yearsall,sex_fmle,10.50787
fin,2006,agegroup_yearsall,sex_mle,32.15197
fin,2007,agegroup_yearsall,sex_btsx,19.67572
fin,2007,agegroup_yearsall,sex_fmle,9.63623
fin,2007,agegroup_yearsall,sex_mle,30.13392
fin,2008,agegroup_yearsall,sex_btsx,20.55969
fin,2008,agegroup_yearsall,sex_fmle,9.41508
fin,2008,agegroup_yearsall,sex_mle,32.15272
fin,2009,agegroup_yearsall,sex_btsx,20.32926
fin,2009,agegroup_yearsall,sex_fmle,10.80481
fin,2009,agegroup_yearsall,sex_mle,30.22464
fin,2010,agegroup_yearsall,sex_btsx,18.62935
fin,2010,agegroup_yearsall,sex_fmle,9.21922
fin,2010,agegroup_yearsall,sex_mle,28.39578
fin,2011,agegroup_yearsall,sex_btsx,17.73648
fin,2011,agegroup_yearsall,sex_fmle,8.05814
fin,2011,agegroup_yearsall,sex_mle,27.76994
fin,2012,agegroup_yearsall,sex_btsx,16.85444
fin,2012,agegroup_yearsall,sex_fmle,8.32533
fin,2012,agegroup_yearsall,sex_mle,25.68676
fin,2013,agegroup_yearsall,sex_btsx,17.20118
fin,2013,agegroup_yearsall,sex_fmle,8.54856
fin,2013,agegroup_yearsall,sex_mle,26.15082
fin,2014,agegroup_yearsall,sex_btsx,15.52453
fin,2014,agegroup_yearsall,sex_fmle,7.60095
fin,2014,agegroup_yearsall,sex_mle,23.71096
fin,2015,agegroup_yearsall,sex_btsx,14.08667
fin,2015,agegroup_yearsall,sex_fmle,6.69512
fin,2015,agegroup_yearsall,sex_mle,21.71403
fin,2016,agegroup_yearsall,sex_btsx,15.28915
fin,2016,agegroup_yearsall,sex_fmle,6.91511
fin,2016,agegroup_yearsall,sex_mle,23.915
fin,2017,agegroup_yearsall,sex_btsx,15.7142
fin,2017,agegroup_yearsall,sex_fmle,8.38921
fin,2017,agegroup_yearsall,sex_mle,23.24611
fin,2018,agegroup_yearsall,sex_btsx,15.67292
fin,2018,agegroup_yearsall,sex_fmle,7.67833
fin,2018,agegroup_yearsall,sex_mle,23.88224
fin,2019,agegroup_years15_19,sex_btsx,10.41
fin,2019,agegroup_years15_19,sex_fmle,7.01
fin,2019,agegroup_years15_19,sex_mle,13.64
fin,2019,agegroup_years15_24,sex_btsx,16.05
fin,2019,agegroup_years15_24,sex_fmle,11.01
fin,2019,agegroup_years15_24,sex_mle,20.85
fin,2019,agegroup_years15_29,sex_btsx,18.47
fin,2019,agegroup_years15_29,sex_fmle,10.52
fin,2019,agegroup_years15_29,sex_mle,26.05
fin,2019,agegroup_years25_34,sex_btsx,20.99
fin,2019,agegroup_years25_34,sex_fmle,8.48
fin,2019,agegroup_years25_34,sex_mle,32.86
fin,2019,agegroup_years30_49,sex_btsx,17.92
fin,2019,agegroup_years30_49,sex_fmle,7.51
fin,2019,agegroup_years30_49,sex_mle,27.81
fin,2019,agegroup_years35_44,sex_btsx,17.18
fin,2019,agegroup_years35_44,sex_fmle,7.09
fin,2019,agegroup_years35_44,sex_mle,26.76
fin,2019,agegroup_years45_54,sex_btsx,18.18
fin,2019,agegroup_years45_54,sex_fmle,9.86
fin,2019,agegroup_years45_54,sex_mle,26.32
fin,2019,agegroup_years55_64,sex_btsx,18.41
fin,2019,agegroup_years55_64,sex_fmle,8.98
fin,2019,agegroup_years55_64,sex_mle,28.09
fin,2019,agegroup_years65_74,sex_btsx,17.08
fin,2019,agegroup_years65_74,sex_fmle,8.13
fin,2019,agegroup_years65_74,sex_mle,27.03
fin,2019,agegroup_years75_84,sex_btsx,18.22
fin,2019,agegroup_years75_84,sex_fmle,9.35
fin,2019,agegroup_years75_84,sex_mle,30.26
fin,2019,agegroup_years85plus,sex_btsx,16.82
fin,2019,agegroup_years85plus,sex_fmle,8.34
fin,2019,agegroup_years85plus,sex_mle,35.04
fin,2019,agegroup_yearsall,sex_btsx,14.37568
fin,2019,agegroup_yearsall,sex_fmle,7.06157
fin,2019,agegroup_yearsall,sex_mle,21.87774
fin,2020,agegroup_yearsall,sex_btsx,14.13805
fin,2020,agegroup_yearsall,sex_fmle,7.45822
fin,2020,agegroup_yearsall,sex_mle,20.98285
fin,2021,agegroup_yearsall,sex_btsx,14.57026
fin,2021,agegroup_yearsall,sex_fmle,8.76754
fin,2021,agegroup_yearsall,sex_mle,20.50866
fji,2000,agegroup_yearsall,sex_btsx,10.4718
fji,2000,agegroup_yearsall,sex_fmle,7.59896
fji,2000,agegroup_yearsall,sex_mle,13.28685
fji,2001,agegroup_yearsall,sex_btsx,10.15221
fji,2001,agegroup_yearsall,sex_fmle,7.23214
fji,2001,agegroup_yearsall,sex_mle,13.01164
fji,2002,agegroup_yearsall,sex_btsx,9.93481
fji,2002,agegroup_yearsall,sex_fmle,7.37921
fji,2002,agegroup_yearsall,sex_mle,12.43575
fji,2003,agegroup_yearsall,sex_btsx,9.6317
fji,2003,agegroup_yearsall,sex_fmle,7.17854
fji,2003,agegroup_yearsall,sex_mle,12.03083
fji,2004,agegroup_yearsall,sex_btsx,9.21966
fji,2004,agegroup_yearsall,sex_fmle,6.70948
fji,2004,agegroup_yearsall,sex_mle,11.67253
fji,2005,agegroup_yearsall,sex_btsx,9.49302
fji,2005,agegroup_yearsall,sex_fmle,6.69088
fji,2005,agegroup_yearsall,sex_mle,12.22917
fji,2006,agegroup_yearsall,sex_btsx,9.14473
fji,2006,agegroup_yearsall,sex_fmle,6.17925
fji,2006,agegroup_yearsall,sex_mle,12.03834
fji,2007,agegroup_yearsall,sex_btsx,9.28304
fji,2007,agegroup_yearsall,sex_fmle,6.00988
fji,2007,agegroup_yearsall,sex_mle,12.47438
fji,2008,agegroup_yearsall,sex_btsx,9.43765
fji,2008,agegroup_yearsall,sex_fmle,6.33974
fji,2008,agegroup_yearsall,sex_mle,12.4613
fji,2009,agegroup_yearsall,sex_btsx,9.67186
fji,2009,agegroup_yearsall,sex_fmle,6.45919
fji,2009,agegroup_yearsall,sex_mle,12.81665
fji,2010,agegroup_yearsall,sex_btsx,9.69125
fji,2010,agegroup_yearsall,sex_fmle,6.34372
fji,2010,agegroup_yearsall,sex_mle,12.97788
fji,2011,agegroup_yearsall,sex_btsx,9.83894
fji,2011,agegroup_yearsall,sex_fmle,6.27533
fji,2011,agegroup_yearsall,sex_mle,13.3482
fji,2012,agegroup_yearsall,sex_btsx,9.97176
fji,2012,agegroup_yearsall,sex_fmle,6.20634
fji,2012,agegroup_yearsall,sex_mle,13.69147
fji,2013,agegroup_yearsall,sex_btsx,10.0161
fji,2013,agegroup_yearsall,sex_fmle,6.14121
fji,2013,agegroup_yearsall,sex_mle,13.85597
fji,2014,agegroup_yearsall,sex_btsx,9.73382
fji,2014,agegroup_yearsall,sex_fmle,6.09231
fji,2014,agegroup_yearsall,sex_mle,13.35364
fji,2015,agegroup_yearsall,sex_btsx,9.40249
fji,2015,agegroup_yearsall,sex_fmle,5.94204
fji,2015,agegroup_yearsall,sex_mle,12.85397
fji,2016,agegroup_yearsall,sex_btsx,9.36657
fji,2016,agegroup_yearsall,sex_fmle,5.88235
fji,2016,agegroup_yearsall,sex_mle,12.85219
fji,2017,agegroup_yearsall,sex_btsx,9.62857
fji,2017,agegroup_yearsall,sex_fmle,6.12423
fji,2017,agegroup_yearsall,sex_mle,13.14464
fji,2018,agegroup_yearsall,sex_btsx,9.55056
fji,2018,agegroup_yearsall,sex_fmle,6.0634
fji,2018,agegroup_yearsall,sex_mle,13.06072
fji,2019,agegroup_years15_19,sex_btsx,13.74
fji,2019,agegroup_years15_19,sex_fmle,13.96
fji,2019,agegroup_years15_19,sex_mle,13.54
fji,2019,agegroup_years15_24,sex_btsx,15.37
fji,2019,agegroup_years15_24,sex_fmle,12.48
fji,2019,agegroup_years15_24,sex_mle,18.13
fji,2019,agegroup_years15_29,sex_btsx,14.96
fji,2019,agegroup_years15_29,sex_fmle,11.37
fji,2019,agegroup_years15_29,sex_mle,18.4
fji,2019,agegroup_years25_34,sex_btsx,12.92
fji,2019,agegroup_years25_34,sex_fmle,7.29
fji,2019,agegroup_years25_34,sex_mle,18.33
fji,2019,agegroup_years30_49,sex_btsx,10.3
fji,2019,agegroup_years30_49,sex_fmle,4.35
fji,2019,agegroup_years30_49,sex_mle,15.93
fji,2019,agegroup_years35_44,sex_btsx,10.45
fji,2019,agegroup_years35_44,sex_fmle,4.4
fji,2019,agegroup_years35_44,sex_mle,16.17
fji,2019,agegroup_years45_54,sex_btsx,8.42
fji,2019,agegroup_years45_54,sex_fmle,3.99
fji,2019,agegroup_years45_54,sex_mle,12.68
fji,2019,agegroup_years55_64,sex_btsx,11.47
fji,2019,agegroup_years55_64,sex_fmle,7.38
fji,2019,agegroup_years55_64,sex_mle,15.63
fji,2019,agegroup_years65_74,sex_btsx,12.93
fji,2019,agegroup_years65_74,sex_fmle,7.95
fji,2019,agegroup_years65_74,sex_mle,18.72
fji,2019,agegroup_years75_84,sex_btsx,16.93
fji,2019,agegroup_years75_84,sex_fmle,11.08
fji,2019,agegroup_years75_84,sex_mle,25.57
fji,2019,agegroup_years85plus,sex_btsx,50.29
fji,2019,agegroup_years85plus,sex_fmle,25.12
fji,2019,agegroup_years85plus,sex_mle,82.75
fji,2019,agegroup_yearsall,sex_btsx,9.44895
fji,2019,agegroup_yearsall,sex_fmle,5.95978
fji,2019,agegroup_yearsall,sex_mle,12.97214
fji,2020,agegroup_yearsall,sex_btsx,9.41553
fji,2020,agegroup_yearsall,sex_fmle,5.77176
fji,2020,agegroup_yearsall,sex_mle,13.10424
fji,2021,agegroup_yearsall,sex_btsx,8.26638
fji,2021,agegroup_yearsall,sex_fmle,5.32596
fji,2021,agegroup_yearsall,sex_mle,11.24874
fra,2000,agegroup_yearsall,sex_btsx,20.31598
fra,2000,agegroup_yearsall,sex_fmle,11.7422
fra,2000,agegroup_yearsall,sex_mle,29.41572
fra,2001,agegroup_yearsall,sex_btsx,19.57477
fra,2001,agegroup_yearsall,sex_fmle,11.36991
fra,2001,agegroup_yearsall,sex_mle,28.29089
fra,2002,agegroup_yearsall,sex_btsx,19.89597
fra,2002,agegroup_yearsall,sex_fmle,11.93477
fra,2002,agegroup_yearsall,sex_mle,28.36016
fra,2003,agegroup_yearsall,sex_btsx,20.17817
fra,2003,agegroup_yearsall,sex_fmle,11.59925
fra,2003,agegroup_yearsall,sex_mle,29.3053
fra,2004,agegroup_yearsall,sex_btsx,19.53027
fra,2004,agegroup_yearsall,sex_fmle,11.48639
fra,2004,agegroup_yearsall,sex_mle,28.09495
fra,2005,agegroup_yearsall,sex_btsx,19.17332
fra,2005,agegroup_yearsall,sex_fmle,11.09477
fra,2005,agegroup_yearsall,sex_mle,27.78311
fra,2006,agegroup_yearsall,sex_btsx,18.45781
fra,2006,agegroup_yearsall,sex_fmle,10.65959
fra,2006,agegroup_yearsall,sex_mle,26.76988
fra,2007,agegroup_yearsall,sex_btsx,18.03096
fra,2007,agegroup_yearsall,sex_fmle,10.43533
fra,2007,agegroup_yearsall,sex_mle,26.12416
fra,2008,agegroup_yearsall,sex_btsx,18.26131
fra,2008,agegroup_yearsall,sex_fmle,10.39097
fra,2008,agegroup_yearsall,sex_mle,26.64698
fra,2009,agegroup_yearsall,sex_btsx,18.42889
fra,2009,agegroup_yearsall,sex_fmle,10.42112
fra,2009,agegroup_yearsall,sex_mle,26.9604
fra,2010,agegroup_yearsall,sex_btsx,18.22902
fra,2010,agegroup_yearsall,sex_fmle,10.47285
fra,2010,agegroup_yearsall,sex_mle,26.49023
fra,2011,agegroup_yearsall,sex_btsx,18.04467
fra,2011,agegroup_yearsall,sex_fmle,9.97214
fra,2011,agegroup_yearsall,sex_mle,26.64323
fra,2012,agegroup_yearsall,sex_btsx,17.13303
fra,2012,agegroup_yearsall,sex_fmle,9.4256
fra,2012,agegroup_yearsall,sex_mle,25.34248
fra,2013,agegroup_yearsall,sex_btsx,16.98259
fra,2013,agegroup_yearsall,sex_fmle,9.49335
fra,2013,agegroup_yearsall,sex_mle,24.9579
fra,2014,agegroup_yearsall,sex_btsx,15.66243
fra,2014,agegroup_yearsall,sex_fmle,8.87473
fra,2014,agegroup_yearsall,sex_mle,22.8936
fra,2015,agegroup_yearsall,sex_btsx,15.57142
fra,2015,agegroup_yearsall,sex_fmle,8.31755
fra,2015,agegroup_yearsall,sex_mle,23.30651
fra,2016,agegroup_yearsall,sex_btsx,14.62787
fra,2016,agegroup_yearsall,sex_fmle,7.84697
fra,2016,agegroup_yearsall,sex_mle,21.85754
fra,2017,agegroup_yearsall,sex_btsx,14.77871
fra,2017,agegroup_yearsall,sex_fmle,8.49066
fra,2017,agegroup_yearsall,sex_mle,21.47932
fra,2018,agegroup_yearsall,sex_btsx,15.17084
fra,2018,agegroup_yearsall,sex_fmle,8.56437
fra,2018,agegroup_yearsall,sex_mle,22.20999
fra,2019,agegroup_years15_19,sex_btsx,2.81
fra,2019,agegroup_years15_19,sex_fmle,1.63
fra,2019,agegroup_years15_19,sex_mle,3.95
fra,2019,agegroup_years15_24,sex_btsx,4.11
fra,2019,agegroup_years15_24,sex_fmle,1.96
fra,2019,agegroup_years15_24,sex_mle,6.19
fra,2019,agegroup_years15_29,sex_btsx,5.23
fra,2019,agegroup_years15_29,sex_fmle,2.39
fra,2019,agegroup_years15_29,sex_mle,8.03
fra,2019,agegroup_years25_34,sex_btsx,8.47
fra,2019,agegroup_years25_34,sex_fmle,3.45
fra,2019,agegroup_years25_34,sex_mle,13.63
fra,2019,agegroup_years30_49,sex_btsx,14.02
fra,2019,agegroup_years30_49,sex_fmle,5.64
fra,2019,agegroup_years30_49,sex_mle,22.65
fra,2019,agegroup_years35_44,sex_btsx,13.27
fra,2019,agegroup_years35_44,sex_fmle,5.63
fra,2019,agegroup_years35_44,sex_mle,21.14
fra,2019,agegroup_years45_54,sex_btsx,19.43
fra,2019,agegroup_years45_54,sex_fmle,8.11
fra,2019,agegroup_years45_54,sex_mle,31.05
fra,2019,agegroup_years55_64,sex_btsx,20.04
fra,2019,agegroup_years55_64,sex_fmle,9.31
fra,2019,agegroup_years55_64,sex_mle,31.54
fra,2019,agegroup_years65_74,sex_btsx,16.69
fra,2019,agegroup_years65_74,sex_fmle,10.22
fra,2019,agegroup_years65_74,sex_mle,24.07
fra,2019,agegroup_years75_84,sex_btsx,28.63
fra,2019,agegroup_years75_84,sex_fmle,16.21
fra,2019,agegroup_years75_84,sex_mle,45.38
fra,2019,agegroup_years85plus,sex_btsx,28.24
fra,2019,agegroup_years85plus,sex_fmle,13.19
fra,2019,agegroup_years85plus,sex_mle,59.58
fra,2019,agegroup_yearsall,sex_btsx,15.04709
fra,2019,agegroup_yearsall,sex_fmle,8.50255
fra,2019,agegroup_yearsall,sex_mle,22.01612
fra,2020,agegroup_yearsall,sex_btsx,16.25226
fra,2020,agegroup_yearsall,sex_fmle,9.5337
fra,2020,agegroup_yearsall,sex_mle,23.40389
fra,2021,agegroup_yearsall,sex_btsx,16.58226
fra,2021,agegroup_yearsall,sex_fmle,9.517
fra,2021,agegroup_yearsall,sex_mle,24.10003
fsm,2000,agegroup_yearsall,sex_btsx,21.46408
fsm,2000,agegroup_yearsall,sex_fmle,10.67083
fsm,2000,agegroup_yearsall,sex_mle,32.26638
fsm,2001,agegroup_yearsall,sex_btsx,21.24975
fsm,2001,agegroup_yearsall,sex_fmle,10.46425
fsm,2001,agegroup_yearsall,sex_mle,32.03908
fsm,2002,agegroup_yearsall,sex_btsx,20.80843
fsm,2002,agegroup_yearsall,sex_fmle,9.87823
fsm,2002,agegroup_yearsall,sex_mle,31.7359
fsm,2003,agegroup_yearsall,sex_btsx,20.68179
fsm,2003,agegroup_yearsall,sex_fmle,9.89679
fsm,2003,agegroup_yearsall,sex_mle,31.45969
fsm,2004,agegroup_yearsall,sex_btsx,21.89443
fsm,2004,agegroup_yearsall,sex_fmle,10.30256
fsm,2004,agegroup_yearsall,sex_mle,33.48258
fsm,2005,agegroup_yearsall,sex_btsx,22.51853
fsm,2005,agegroup_yearsall,sex_fmle,10.59921
fsm,2005,agegroup_yearsall,sex_mle,34.44127
fsm,2006,agegroup_yearsall,sex_btsx,22.30576
fsm,2006,agegroup_yearsall,sex_fmle,10.3874
fsm,2006,agegroup_yearsall,sex_mle,34.24415
fsm,2007,agegroup_yearsall,sex_btsx,21.96402
fsm,2007,agegroup_yearsall,sex_fmle,10.28218
fsm,2007,agegroup_yearsall,sex_mle,33.68546
fsm,2008,agegroup_yearsall,sex_btsx,21.94841
fsm,2008,agegroup_yearsall,sex_fmle,10.22817
fsm,2008,agegroup_yearsall,sex_mle,33.72687
fsm,2009,agegroup_yearsall,sex_btsx,21.86309
fsm,2009,agegroup_yearsall,sex_fmle,10.29666
fsm,2009,agegroup_yearsall,sex_mle,33.50537
fsm,2010,agegroup_yearsall,sex_btsx,21.83946
fsm,2010,agegroup_yearsall,sex_fmle,10.2949
fsm,2010,agegroup_yearsall,sex_mle,33.47062
fsm,2011,agegroup_yearsall,sex_btsx,22.26473
fsm,2011,agegroup_yearsall,sex_fmle,10.53737
fsm,2011,agegroup_yearsall,sex_mle,34.08148
fsm,2012,agegroup_yearsall,sex_btsx,22.31812
fsm,2012,agegroup_yearsall,sex_fmle,10.63699
fsm,2012,agegroup_yearsall,sex_mle,34.09009
fsm,2013,agegroup_yearsall,sex_btsx,21.99852
fsm,2013,agegroup_yearsall,sex_fmle,10.48156
fsm,2013,agegroup_yearsall,sex_mle,33.60765
fsm,2014,agegroup_yearsall,sex_btsx,20.04666
fsm,2014,agegroup_yearsall,sex_fmle,9.58122
fsm,2014,agegroup_yearsall,sex_mle,30.59505
fsm,2015,agegroup_yearsall,sex_btsx,20.40291
fsm,2015,agegroup_yearsall,sex_fmle,9.7767
fsm,2015,agegroup_yearsall,sex_mle,31.11704
fsm,2016,agegroup_yearsall,sex_btsx,20.29236
fsm,2016,agegroup_yearsall,sex_fmle,9.65072
fsm,2016,agegroup_yearsall,sex_mle,31.02293
fsm,2017,agegroup_yearsall,sex_btsx,20.38948
fsm,2017,agegroup_yearsall,sex_fmle,9.7023
fsm,2017,agegroup_yearsall,sex_mle,31.16722
fsm,2018,agegroup_yearsall,sex_btsx,20.45729
fsm,2018,agegroup_yearsall,sex_fmle,9.58448
fsm,2018,agegroup_yearsall,sex_mle,31.42645
fsm,2019,agegroup_years15_19,sex_btsx,30.03
fsm,2019,agegroup_years15_19,sex_fmle,20.65
fsm,2019,agegroup_years15_19,sex_mle,38.85
fsm,2019,agegroup_years15_24,sex_btsx,45.32
fsm,2019,agegroup_years15_24,sex_fmle,22.48
fsm,2019,agegroup_years15_24,sex_mle,66.73
fsm,2019,agegroup_years15_29,sex_btsx,49.26
fsm,2019,agegroup_years15_29,sex_fmle,23.21
fsm,2019,agegroup_years15_29,sex_mle,73.44
fsm,2019,agegroup_years25_34,sex_btsx,54.11
fsm,2019,agegroup_years25_34,sex_fmle,21.14
fsm,2019,agegroup_years25_34,sex_mle,84.08
fsm,2019,agegroup_years30_49,sex_btsx,39.95
fsm,2019,agegroup_years30_49,sex_fmle,13.77
fsm,2019,agegroup_years30_49,sex_mle,65.32
fsm,2019,agegroup_years35_44,sex_btsx,40.78
fsm,2019,agegroup_years35_44,sex_fmle,14.3
fsm,2019,agegroup_years35_44,sex_mle,66.48
fsm,2019,agegroup_years45_54,sex_btsx,23.6
fsm,2019,agegroup_years45_54,sex_fmle,10.76
fsm,2019,agegroup_years45_54,sex_mle,37.13
fsm,2019,agegroup_years55_64,sex_btsx,25.98
fsm,2019,agegroup_years55_64,sex_fmle,15.16
fsm,2019,agegroup_years55_64,sex_mle,36.98
fsm,2019,agegroup_years65_74,sex_btsx,26.29
fsm,2019,agegroup_years65_74,sex_fmle,14.49
fsm,2019,agegroup_years65_74,sex_mle,38.94
fsm,2019,agegroup_years75_84,sex_btsx,27.8
fsm,2019,agegroup_years75_84,sex_fmle,21.07
fsm,2019,agegroup_years75_84,sex_mle,40.56
fsm,2019,agegroup_years85plus,sex_btsx,66.43
fsm,2019,agegroup_years85plus,sex_fmle,37.99
fsm,2019,agegroup_years85plus,sex_mle,138.68
fsm,2019,agegroup_yearsall,sex_btsx,20.52312
fsm,2019,agegroup_yearsall,sex_fmle,9.61568
fsm,2019,agegroup_yearsall,sex_mle,31.53128
fsm,2020,agegroup_yearsall,sex_btsx,19.12179
fsm,2020,agegroup_yearsall,sex_fmle,8.57262
fsm,2020,agegroup_yearsall,sex_mle,29.77665
fsm,2021,agegroup_yearsall,sex_btsx,19.76217
fsm,2021,agegroup_yearsall,sex_fmle,8.58786
fsm,2021,agegroup_yearsall,sex_mle,31.05661
gab,2000,agegroup_yearsall,sex_btsx,9.2709
gab,2000,agegroup_yearsall,sex_fmle,3.4241
gab,2000,agegroup_yearsall,sex_mle,15.23517
gab,2001,agegroup_yearsall,sex_btsx,8.85306
gab,2001,agegroup_yearsall,sex_fmle,3.58159
gab,2001,agegroup_yearsall,sex_mle,14.21702
gab,2002,agegroup_yearsall,sex_btsx,8.46702
gab,2002,agegroup_yearsall,sex_fmle,3.46018
gab,2002,agegroup_yearsall,sex_mle,13.54809
gab,2003,agegroup_yearsall,sex_btsx,8.36248
gab,2003,agegroup_yearsall,sex_fmle,3.48798
gab,2003,agegroup_yearsall,sex_mle,13.29504
gab,2004,agegroup_yearsall,sex_btsx,8.15643
gab,2004,agegroup_yearsall,sex_fmle,3.42313
gab,2004,agegroup_yearsall,sex_mle,12.93077
gab,2005,agegroup_yearsall,sex_btsx,9.03606
gab,2005,agegroup_yearsall,sex_fmle,3.55317
gab,2005,agegroup_yearsall,sex_mle,14.54642
gab,2006,agegroup_yearsall,sex_btsx,9.20004
gab,2006,agegroup_yearsall,sex_fmle,3.30766
gab,2006,agegroup_yearsall,sex_mle,15.09768
gab,2007,agegroup_yearsall,sex_btsx,8.64142
gab,2007,agegroup_yearsall,sex_fmle,3.33798
gab,2007,agegroup_yearsall,sex_mle,13.92578
gab,2008,agegroup_yearsall,sex_btsx,8.75282
gab,2008,agegroup_yearsall,sex_fmle,3.00554
gab,2008,agegroup_yearsall,sex_mle,14.45255
gab,2009,agegroup_yearsall,sex_btsx,9.1818
gab,2009,agegroup_yearsall,sex_fmle,3.03285
gab,2009,agegroup_yearsall,sex_mle,15.25027
gab,2010,agegroup_yearsall,sex_btsx,9.12335
gab,2010,agegroup_yearsall,sex_fmle,2.86551
gab,2010,agegroup_yearsall,sex_mle,15.26805
gab,2011,agegroup_yearsall,sex_btsx,9.18342
gab,2011,agegroup_yearsall,sex_fmle,2.8308
gab,2011,agegroup_yearsall,sex_mle,15.38864
gab,2012,agegroup_yearsall,sex_btsx,8.88221
gab,2012,agegroup_yearsall,sex_fmle,2.73982
gab,2012,agegroup_yearsall,sex_mle,14.85105
gab,2013,agegroup_yearsall,sex_btsx,8.8181
gab,2013,agegroup_yearsall,sex_fmle,2.61746
gab,2013,agegroup_yearsall,sex_mle,14.81465
gab,2014,agegroup_yearsall,sex_btsx,9.84697
gab,2014,agegroup_yearsall,sex_fmle,2.83034
gab,2014,agegroup_yearsall,sex_mle,16.60659
gab,2015,agegroup_yearsall,sex_btsx,9.69019
gab,2015,agegroup_yearsall,sex_fmle,2.68797
gab,2015,agegroup_yearsall,sex_mle,16.41954
gab,2016,agegroup_yearsall,sex_btsx,9.4206
gab,2016,agegroup_yearsall,sex_fmle,2.50864
gab,2016,agegroup_yearsall,sex_mle,16.05698
gab,2017,agegroup_yearsall,sex_btsx,9.27929
gab,2017,agegroup_yearsall,sex_fmle,2.61635
gab,2017,agegroup_yearsall,sex_mle,15.67832
gab,2018,agegroup_yearsall,sex_btsx,9.25182
gab,2018,agegroup_yearsall,sex_fmle,2.55295
gab,2018,agegroup_yearsall,sex_mle,15.69113
gab,2019,agegroup_years15_19,sex_btsx,2.85
gab,2019,agegroup_years15_19,sex_fmle,0.85
gab,2019,agegroup_years15_19,sex_mle,4.84
gab,2019,agegroup_years15_24,sex_btsx,4.31
gab,2019,agegroup_years15_24,sex_fmle,0.91
gab,2019,agegroup_years15_24,sex_mle,7.67
gab,2019,agegroup_years15_29,sex_btsx,5.37
gab,2019,agegroup_years15_29,sex_fmle,1.07
gab,2019,agegroup_years15_29,sex_mle,9.6
gab,2019,agegroup_years25_34,sex_btsx,7.53
gab,2019,agegroup_years25_34,sex_fmle,1.78
gab,2019,agegroup_years25_34,sex_mle,13.11
gab,2019,agegroup_years30_49,sex_btsx,9.86
gab,2019,agegroup_years30_49,sex_fmle,2.56
gab,2019,agegroup_years30_49,sex_mle,16.32
gab,2019,agegroup_years35_44,sex_btsx,9.79
gab,2019,agegroup_years35_44,sex_fmle,2.47
gab,2019,agegroup_years35_44,sex_mle,16.04
gab,2019,agegroup_years45_54,sex_btsx,17
gab,2019,agegroup_years45_54,sex_fmle,4.34
gab,2019,agegroup_years45_54,sex_mle,28.02
gab,2019,agegroup_years55_64,sex_btsx,31.29
gab,2019,agegroup_years55_64,sex_fmle,9.25
gab,2019,agegroup_years55_64,sex_mle,53.98
gab,2019,agegroup_years65_74,sex_btsx,51.9
gab,2019,agegroup_years65_74,sex_fmle,17.09
gab,2019,agegroup_years65_74,sex_mle,91.67
gab,2019,agegroup_years75_84,sex_btsx,70.34
gab,2019,agegroup_years75_84,sex_fmle,23.53
gab,2019,agegroup_years75_84,sex_mle,140.29
gab,2019,agegroup_years85plus,sex_btsx,177.47
gab,2019,agegroup_years85plus,sex_fmle,55.26
gab,2019,agegroup_years85plus,sex_mle,416
gab,2019,agegroup_yearsall,sex_btsx,8.85584
gab,2019,agegroup_yearsall,sex_fmle,2.52218
gab,2019,agegroup_yearsall,sex_mle,14.95107
gab,2020,agegroup_yearsall,sex_btsx,7.42438
gab,2020,agegroup_yearsall,sex_fmle,2.40095
gab,2020,agegroup_yearsall,sex_mle,12.2656
gab,2021,agegroup_yearsall,sex_btsx,7.29744
gab,2021,agegroup_yearsall,sex_fmle,2.40986
gab,2021,agegroup_yearsall,sex_mle,12.01588
gbr,2000,agegroup_yearsall,sex_btsx,8.50554
gbr,2000,agegroup_yearsall,sex_fmle,4.31108
gbr,2000,agegroup_yearsall,sex_mle,12.96368
gbr,2001,agegroup_yearsall,sex_btsx,8.23348
gbr,2001,agegroup_yearsall,sex_fmle,3.87933
gbr,2001,agegroup_yearsall,sex_mle,12.85397
gbr,2002,agegroup_yearsall,sex_btsx,8.2725
gbr,2002,agegroup_yearsall,sex_fmle,4.17012
gbr,2002,agegroup_yearsall,sex_mle,12.61923
gbr,2003,agegroup_yearsall,sex_btsx,7.98613
gbr,2003,agegroup_yearsall,sex_fmle,4.1075
gbr,2003,agegroup_yearsall,sex_mle,12.09008
gbr,2004,agegroup_yearsall,sex_btsx,8.20447
gbr,2004,agegroup_yearsall,sex_fmle,4.30371
gbr,2004,agegroup_yearsall,sex_mle,12.32647
gbr,2005,agegroup_yearsall,sex_btsx,7.89911
gbr,2005,agegroup_yearsall,sex_fmle,4.11575
gbr,2005,agegroup_yearsall,sex_mle,11.8921
gbr,2006,agegroup_yearsall,sex_btsx,7.82666
gbr,2006,agegroup_yearsall,sex_fmle,3.79262
gbr,2006,agegroup_yearsall,sex_mle,12.07828
gbr,2007,agegroup_yearsall,sex_btsx,7.54235
gbr,2007,agegroup_yearsall,sex_fmle,3.63184
gbr,2007,agegroup_yearsall,sex_mle,11.65702
gbr,2008,agegroup_yearsall,sex_btsx,8.04813
gbr,2008,agegroup_yearsall,sex_fmle,3.82904
gbr,2008,agegroup_yearsall,sex_mle,12.48008
gbr,2009,agegroup_yearsall,sex_btsx,7.94318
gbr,2009,agegroup_yearsall,sex_fmle,3.72454
gbr,2009,agegroup_yearsall,sex_mle,12.36788
gbr,2010,agegroup_yearsall,sex_btsx,7.79764
gbr,2010,agegroup_yearsall,sex_fmle,3.75764
gbr,2010,agegroup_yearsall,sex_mle,12.02735
gbr,2011,agegroup_yearsall,sex_btsx,8.33251
gbr,2011,agegroup_yearsall,sex_fmle,3.93147
gbr,2011,agegroup_yearsall,sex_mle,12.93207
gbr,2012,agegroup_yearsall,sex_btsx,8.26811
gbr,2012,agegroup_yearsall,sex_fmle,3.67489
gbr,2012,agegroup_yearsall,sex_mle,13.06244
gbr,2013,agegroup_yearsall,sex_btsx,8.73821
gbr,2013,agegroup_yearsall,sex_fmle,3.77597
gbr,2013,agegroup_yearsall,sex_mle,13.91126
gbr,2014,agegroup_yearsall,sex_btsx,8.45223
gbr,2014,agegroup_yearsall,sex_fmle,3.98764
gbr,2014,agegroup_yearsall,sex_mle,13.09985
gbr,2015,agegroup_yearsall,sex_btsx,8.6211
gbr,2015,agegroup_yearsall,sex_fmle,4.29134
gbr,2015,agegroup_yearsall,sex_mle,13.12019
gbr,2016,agegroup_yearsall,sex_btsx,8.25014
gbr,2016,agegroup_yearsall,sex_fmle,4.00567
gbr,2016,agegroup_yearsall,sex_mle,12.65233
gbr,2017,agegroup_yearsall,sex_btsx,7.97743
gbr,2017,agegroup_yearsall,sex_fmle,3.8484
gbr,2017,agegroup_yearsall,sex_mle,12.25489
gbr,2018,agegroup_yearsall,sex_btsx,9.15679
gbr,2018,agegroup_yearsall,sex_fmle,4.51227
gbr,2018,agegroup_yearsall,sex_mle,13.96441
gbr,2019,agegroup_years15_19,sex_btsx,3.38
gbr,2019,agegroup_years15_19,sex_fmle,1.91
gbr,2019,agegroup_years15_19,sex_mle,4.78
gbr,2019,agegroup_years15_24,sex_btsx,4.94
gbr,2019,agegroup_years15_24,sex_fmle,2.79
gbr,2019,agegroup_years15_24,sex_mle,7
gbr,2019,agegroup_years15_29,sex_btsx,6.14
gbr,2019,agegroup_years15_29,sex_fmle,3.09
gbr,2019,agegroup_years15_29,sex_mle,9.08
gbr,2019,agegroup_years25_34,sex_btsx,8.88
gbr,2019,agegroup_years25_34,sex_fmle,4.02
gbr,2019,agegroup_years25_34,sex_mle,13.67
gbr,2019,agegroup_years30_49,sex_btsx,11.69
gbr,2019,agegroup_years30_49,sex_fmle,5.38
gbr,2019,agegroup_years30_49,sex_mle,18.05
gbr,2019,agegroup_years35_44,sex_btsx,11.74
gbr,2019,agegroup_years35_44,sex_fmle,5.36
gbr,2019,agegroup_years35_44,sex_mle,18.19
gbr,2019,agegroup_years45_54,sex_btsx,13.48
gbr,2019,agegroup_years45_54,sex_fmle,7.07
gbr,2019,agegroup_years45_54,sex_mle,20.06
gbr,2019,agegroup_years55_64,sex_btsx,11.15
gbr,2019,agegroup_years55_64,sex_fmle,5.5
gbr,2019,agegroup_years55_64,sex_mle,16.99
gbr,2019,agegroup_years65_74,sex_btsx,6.83
gbr,2019,agegroup_years65_74,sex_fmle,3.55
gbr,2019,agegroup_years65_74,sex_mle,10.34
gbr,2019,agegroup_years75_84,sex_btsx,6.99
gbr,2019,agegroup_years75_84,sex_fmle,3.74
gbr,2019,agegroup_years75_84,sex_mle,10.91
gbr,2019,agegroup_years85plus,sex_btsx,8.03
gbr,2019,agegroup_years85plus,sex_fmle,4.04
gbr,2019,agegroup_years85plus,sex_mle,14.66
gbr,2019,agegroup_yearsall,sex_btsx,9.39161
gbr,2019,agegroup_yearsall,sex_fmle,4.49173
gbr,2019,agegroup_yearsall,sex_mle,14.45857
gbr,2020,agegroup_yearsall,sex_btsx,8.90109
gbr,2020,agegroup_yearsall,sex_fmle,4.452
gbr,2020,agegroup_yearsall,sex_mle,13.49715
gbr,2021,agegroup_yearsall,sex_btsx,9.54807
gbr,2021,agegroup_yearsall,sex_fmle,4.6013
gbr,2021,agegroup_yearsall,sex_mle,14.65416
geo,2000,agegroup_yearsall,sex_btsx,3.03096
geo,2000,agegroup_yearsall,sex_fmle,1.32181
geo,2000,agegroup_yearsall,sex_mle,5.06391
geo,2001,agegroup_yearsall,sex_btsx,2.49115
geo,2001,agegroup_yearsall,sex_fmle,1.29106
geo,2001,agegroup_yearsall,sex_mle,3.92562
geo,2002,agegroup_yearsall,sex_btsx,3.5286
geo,2002,agegroup_yearsall,sex_fmle,1.56894
geo,2002,agegroup_yearsall,sex_mle,5.87699
geo,2003,agegroup_yearsall,sex_btsx,2.85111
geo,2003,agegroup_yearsall,sex_fmle,1.24819
geo,2003,agegroup_yearsall,sex_mle,4.76757
geo,2004,agegroup_yearsall,sex_btsx,4.77241
geo,2004,agegroup_yearsall,sex_fmle,1.44758
geo,2004,agegroup_yearsall,sex_mle,8.72658
geo,2005,agegroup_yearsall,sex_btsx,2.1577
geo,2005,agegroup_yearsall,sex_fmle,0.80541
geo,2005,agegroup_yearsall,sex_mle,3.75835
geo,2006,agegroup_yearsall,sex_btsx,1.77706
geo,2006,agegroup_yearsall,sex_fmle,0.66041
geo,2006,agegroup_yearsall,sex_mle,3.09351
geo,2007,agegroup_yearsall,sex_btsx,2.5641
geo,2007,agegroup_yearsall,sex_fmle,0.97439
geo,2007,agegroup_yearsall,sex_mle,4.43171
geo,2008,agegroup_yearsall,sex_btsx,3.48635
geo,2008,agegroup_yearsall,sex_fmle,1.03198
geo,2008,agegroup_yearsall,sex_mle,6.35989
geo,2009,agegroup_yearsall,sex_btsx,4.88562
geo,2009,agegroup_yearsall,sex_fmle,2.0411
geo,2009,agegroup_yearsall,sex_mle,8.20273
geo,2010,agegroup_yearsall,sex_btsx,3.21217
geo,2010,agegroup_yearsall,sex_fmle,0.88335
geo,2010,agegroup_yearsall,sex_mle,5.91613
geo,2011,agegroup_yearsall,sex_btsx,2.59294
geo,2011,agegroup_yearsall,sex_fmle,0.82006
geo,2011,agegroup_yearsall,sex_mle,4.64325
geo,2012,agegroup_yearsall,sex_btsx,2.68288
geo,2012,agegroup_yearsall,sex_fmle,0.68311
geo,2012,agegroup_yearsall,sex_mle,4.98682
geo,2013,agegroup_yearsall,sex_btsx,4.04231
geo,2013,agegroup_yearsall,sex_fmle,1.15411
geo,2013,agegroup_yearsall,sex_mle,7.35763
geo,2014,agegroup_yearsall,sex_btsx,5.45763
geo,2014,agegroup_yearsall,sex_fmle,1.98136
geo,2014,agegroup_yearsall,sex_mle,9.44091
geo,2015,agegroup_yearsall,sex_btsx,5.57732
geo,2015,agegroup_yearsall,sex_fmle,2.74611
geo,2015,agegroup_yearsall,sex_mle,8.82193
geo,2016,agegroup_yearsall,sex_btsx,4.55327
geo,2016,agegroup_yearsall,sex_fmle,1.7596
geo,2016,agegroup_yearsall,sex_mle,7.7556
geo,2017,agegroup_yearsall,sex_btsx,4.349
geo,2017,agegroup_yearsall,sex_fmle,1.63975
geo,2017,agegroup_yearsall,sex_mle,7.45541
geo,2018,agegroup_yearsall,sex_btsx,6.99743
geo,2018,agegroup_yearsall,sex_fmle,2.42764
geo,2018,agegroup_yearsall,sex_mle,12.23846
geo,2019,agegroup_years15_19,sex_btsx,6
geo,2019,agegroup_years15_19,sex_fmle,1.79
geo,2019,agegroup_years15_19,sex_mle,9.72
geo,2019,agegroup_years15_24,sex_btsx,6.58
geo,2019,agegroup_years15_24,sex_fmle,2.14
geo,2019,agegroup_years15_24,sex_mle,10.57
geo,2019,agegroup_years15_29,sex_btsx,6.9
geo,2019,agegroup_years15_29,sex_fmle,1.98
geo,2019,agegroup_years15_29,sex_mle,11.46
geo,2019,agegroup_years25_34,sex_btsx,7.92
geo,2019,agegroup_years25_34,sex_fmle,1.54
geo,2019,agegroup_years25_34,sex_mle,14.3
geo,2019,agegroup_years30_49,sex_btsx,9.86
geo,2019,agegroup_years30_49,sex_fmle,2.03
geo,2019,agegroup_years30_49,sex_mle,18.02
geo,2019,agegroup_years35_44,sex_btsx,10.24
geo,2019,agegroup_years35_44,sex_fmle,2.01
geo,2019,agegroup_years35_44,sex_mle,18.83
geo,2019,agegroup_years45_54,sex_btsx,11.8
geo,2019,agegroup_years45_54,sex_fmle,3.37
geo,2019,agegroup_years45_54,sex_mle,21.12
geo,2019,agegroup_years55_64,sex_btsx,14.13
geo,2019,agegroup_years55_64,sex_fmle,4.24
geo,2019,agegroup_years55_64,sex_mle,26.32
geo,2019,agegroup_years65_74,sex_btsx,13.77
geo,2019,agegroup_years65_74,sex_fmle,4.97
geo,2019,agegroup_years65_74,sex_mle,26.75
geo,2019,agegroup_years75_84,sex_btsx,19.71
geo,2019,agegroup_years75_84,sex_fmle,8.11
geo,2019,agegroup_years75_84,sex_mle,42.03
geo,2019,agegroup_years85plus,sex_btsx,36.75
geo,2019,agegroup_years85plus,sex_fmle,13.74
geo,2019,agegroup_years85plus,sex_mle,92.93
geo,2019,agegroup_yearsall,sex_btsx,7.33209
geo,2019,agegroup_yearsall,sex_fmle,2.04888
geo,2019,agegroup_yearsall,sex_mle,13.39267
geo,2020,agegroup_yearsall,sex_btsx,5.7398
geo,2020,agegroup_yearsall,sex_fmle,1.6723
geo,2020,agegroup_yearsall,sex_mle,10.40739
geo,2021,agegroup_yearsall,sex_btsx,5.09907
geo,2021,agegroup_yearsall,sex_fmle,1.294
geo,2021,agegroup_yearsall,sex_mle,9.46439
gha,2000,agegroup_yearsall,sex_btsx,3.40864
gha,2000,agegroup_yearsall,sex_fmle,1.23092
gha,2000,agegroup_yearsall,sex_mle,5.60511
gha,2001,agegroup_yearsall,sex_btsx,3.65752
gha,2001,agegroup_yearsall,sex_fmle,1.29459
gha,2001,agegroup_yearsall,sex_mle,6.03903
gha,2002,agegroup_yearsall,sex_btsx,3.87809
gha,2002,agegroup_yearsall,sex_fmle,1.35665
gha,2002,agegroup_yearsall,sex_mle,6.41737
gha,2003,agegroup_yearsall,sex_btsx,4.13882
gha,2003,agegroup_yearsall,sex_fmle,1.38215
gha,2003,agegroup_yearsall,sex_mle,6.91296
gha,2004,agegroup_yearsall,sex_btsx,4.38076
gha,2004,agegroup_yearsall,sex_fmle,1.44098
gha,2004,agegroup_yearsall,sex_mle,7.3372
gha,2005,agegroup_yearsall,sex_btsx,4.46527
gha,2005,agegroup_yearsall,sex_fmle,1.46016
gha,2005,agegroup_yearsall,sex_mle,7.48549
gha,2006,agegroup_yearsall,sex_btsx,4.54906
gha,2006,agegroup_yearsall,sex_fmle,1.49326
gha,2006,agegroup_yearsall,sex_mle,7.61832
gha,2007,agegroup_yearsall,sex_btsx,4.48774
gha,2007,agegroup_yearsall,sex_fmle,1.50999
gha,2007,agegroup_yearsall,sex_mle,7.47682
gha,2008,agegroup_yearsall,sex_btsx,4.80323
gha,2008,agegroup_yearsall,sex_fmle,1.65418
gha,2008,agegroup_yearsall,sex_mle,7.96257
gha,2009,agegroup_yearsall,sex_btsx,5.14943
gha,2009,agegroup_yearsall,sex_fmle,1.78932
gha,2009,agegroup_yearsall,sex_mle,8.51891
gha,2010,agegroup_yearsall,sex_btsx,5.19652
gha,2010,agegroup_yearsall,sex_fmle,1.86115
gha,2010,agegroup_yearsall,sex_mle,8.53972
gha,2011,agegroup_yearsall,sex_btsx,5.36389
gha,2011,agegroup_yearsall,sex_fmle,2.0054
gha,2011,agegroup_yearsall,sex_mle,8.72907
gha,2012,agegroup_yearsall,sex_btsx,5.37225
gha,2012,agegroup_yearsall,sex_fmle,2.08185
gha,2012,agegroup_yearsall,sex_mle,8.66827
gha,2013,agegroup_yearsall,sex_btsx,5.43474
gha,2013,agegroup_yearsall,sex_fmle,2.18562
gha,2013,agegroup_yearsall,sex_mle,8.68865
gha,2014,agegroup_yearsall,sex_btsx,5.45957
gha,2014,agegroup_yearsall,sex_fmle,2.27849
gha,2014,agegroup_yearsall,sex_mle,8.64482
gha,2015,agegroup_yearsall,sex_btsx,5.48241
gha,2015,agegroup_yearsall,sex_fmle,2.34579
gha,2015,agegroup_yearsall,sex_mle,8.62277
gha,2016,agegroup_yearsall,sex_btsx,5.48078
gha,2016,agegroup_yearsall,sex_fmle,2.43703
gha,2016,agegroup_yearsall,sex_mle,8.52784
gha,2017,agegroup_yearsall,sex_btsx,5.5282
gha,2017,agegroup_yearsall,sex_fmle,2.52068
gha,2017,agegroup_yearsall,sex_mle,8.53876
gha,2018,agegroup_yearsall,sex_btsx,5.34212
gha,2018,agegroup_yearsall,sex_fmle,2.33969
gha,2018,agegroup_yearsall,sex_mle,8.34753
gha,2019,agegroup_years15_19,sex_btsx,2.31
gha,2019,agegroup_years15_19,sex_fmle,0.74
gha,2019,agegroup_years15_19,sex_mle,3.81
gha,2019,agegroup_years15_24,sex_btsx,3.35
gha,2019,agegroup_years15_24,sex_fmle,0.84
gha,2019,agegroup_years15_24,sex_mle,5.74
gha,2019,agegroup_years15_29,sex_btsx,3.91
gha,2019,agegroup_years15_29,sex_fmle,0.87
gha,2019,agegroup_years15_29,sex_mle,6.82
gha,2019,agegroup_years25_34,sex_btsx,5.24
gha,2019,agegroup_years25_34,sex_fmle,0.92
gha,2019,agegroup_years25_34,sex_mle,9.38
gha,2019,agegroup_years30_49,sex_btsx,8.42
gha,2019,agegroup_years30_49,sex_fmle,1.32
gha,2019,agegroup_years30_49,sex_mle,15.32
gha,2019,agegroup_years35_44,sex_btsx,8.19
gha,2019,agegroup_years35_44,sex_fmle,1.29
gha,2019,agegroup_years35_44,sex_mle,14.91
gha,2019,agegroup_years45_54,sex_btsx,16.23
gha,2019,agegroup_years45_54,sex_fmle,2.35
gha,2019,agegroup_years45_54,sex_mle,30.07
gha,2019,agegroup_years55_64,sex_btsx,24.16
gha,2019,agegroup_years55_64,sex_fmle,4.04
gha,2019,agegroup_years55_64,sex_mle,45.33
gha,2019,agegroup_years65_74,sex_btsx,40.74
gha,2019,agegroup_years65_74,sex_fmle,6.91
gha,2019,agegroup_years65_74,sex_mle,79.3
gha,2019,agegroup_years75_84,sex_btsx,57.37
gha,2019,agegroup_years75_84,sex_fmle,9.58
gha,2019,agegroup_years75_84,sex_mle,118.62
gha,2019,agegroup_years85plus,sex_btsx,167.44
gha,2019,agegroup_years85plus,sex_fmle,26.63
gha,2019,agegroup_years85plus,sex_mle,356.2
gha,2019,agegroup_yearsall,sex_btsx,5.28584
gha,2019,agegroup_yearsall,sex_fmle,2.24922
gha,2019,agegroup_yearsall,sex_mle,8.32558
gha,2020,agegroup_yearsall,sex_btsx,5.07626
gha,2020,agegroup_yearsall,sex_fmle,2.1331
gha,2020,agegroup_yearsall,sex_mle,8.02299
gha,2021,agegroup_yearsall,sex_btsx,5.31674
gha,2021,agegroup_yearsall,sex_fmle,2.33887
gha,2021,agegroup_yearsall,sex_mle,8.29892
gin,2000,agegroup_yearsall,sex_btsx,4.15065
gin,2000,agegroup_yearsall,sex_fmle,3.1535
gin,2000,agegroup_yearsall,sex_mle,5.17702
gin,2001,agegroup_yearsall,sex_btsx,4.2402
gin,2001,agegroup_yearsall,sex_fmle,3.19398
gin,2001,agegroup_yearsall,sex_mle,5.32366
gin,2002,agegroup_yearsall,sex_btsx,4.4245
gin,2002,agegroup_yearsall,sex_fmle,3.31768
gin,2002,agegroup_yearsall,sex_mle,5.57552
gin,2003,agegroup_yearsall,sex_btsx,4.49533
gin,2003,agegroup_yearsall,sex_fmle,3.26983
gin,2003,agegroup_yearsall,sex_mle,5.76915
gin,2004,agegroup_yearsall,sex_btsx,4.54754
gin,2004,agegroup_yearsall,sex_fmle,3.28845
gin,2004,agegroup_yearsall,sex_mle,5.8568
gin,2005,agegroup_yearsall,sex_btsx,4.45833
gin,2005,agegroup_yearsall,sex_fmle,3.23771
gin,2005,agegroup_yearsall,sex_mle,5.72964
gin,2006,agegroup_yearsall,sex_btsx,4.66118
gin,2006,agegroup_yearsall,sex_fmle,3.36542
gin,2006,agegroup_yearsall,sex_mle,6.0125
gin,2007,agegroup_yearsall,sex_btsx,4.77808
gin,2007,agegroup_yearsall,sex_fmle,3.45932
gin,2007,agegroup_yearsall,sex_mle,6.15339
gin,2008,agegroup_yearsall,sex_btsx,4.83999
gin,2008,agegroup_yearsall,sex_fmle,3.47577
gin,2008,agegroup_yearsall,sex_mle,6.26196
gin,2009,agegroup_yearsall,sex_btsx,4.87487
gin,2009,agegroup_yearsall,sex_fmle,3.4741
gin,2009,agegroup_yearsall,sex_mle,6.33424
gin,2010,agegroup_yearsall,sex_btsx,5.15134
gin,2010,agegroup_yearsall,sex_fmle,3.61625
gin,2010,agegroup_yearsall,sex_mle,6.74983
gin,2011,agegroup_yearsall,sex_btsx,5.09544
gin,2011,agegroup_yearsall,sex_fmle,3.57197
gin,2011,agegroup_yearsall,sex_mle,6.68079
gin,2012,agegroup_yearsall,sex_btsx,5.11379
gin,2012,agegroup_yearsall,sex_fmle,3.64821
gin,2012,agegroup_yearsall,sex_mle,6.63802
gin,2013,agegroup_yearsall,sex_btsx,5.11499
gin,2013,agegroup_yearsall,sex_fmle,3.66398
gin,2013,agegroup_yearsall,sex_mle,6.62322
gin,2014,agegroup_yearsall,sex_btsx,5.09051
gin,2014,agegroup_yearsall,sex_fmle,3.59025
gin,2014,agegroup_yearsall,sex_mle,6.64857
gin,2015,agegroup_yearsall,sex_btsx,5.03897
gin,2015,agegroup_yearsall,sex_fmle,3.61764
gin,2015,agegroup_yearsall,sex_mle,6.51307
gin,2016,agegroup_yearsall,sex_btsx,4.96412
gin,2016,agegroup_yearsall,sex_fmle,3.63261
gin,2016,agegroup_yearsall,sex_mle,6.34282
gin,2017,agegroup_yearsall,sex_btsx,4.99781
gin,2017,agegroup_yearsall,sex_fmle,3.67538
gin,2017,agegroup_yearsall,sex_mle,6.3649
gin,2018,agegroup_yearsall,sex_btsx,4.97705
gin,2018,agegroup_yearsall,sex_fmle,3.59815
gin,2018,agegroup_yearsall,sex_mle,6.40016
gin,2019,agegroup_years15_19,sex_btsx,4.03
gin,2019,agegroup_years15_19,sex_fmle,2.61
gin,2019,agegroup_years15_19,sex_mle,5.42
gin,2019,agegroup_years15_24,sex_btsx,4.7
gin,2019,agegroup_years15_24,sex_fmle,3.05
gin,2019,agegroup_years15_24,sex_mle,6.32
gin,2019,agegroup_years15_29,sex_btsx,5.49
gin,2019,agegroup_years15_29,sex_fmle,3.58
gin,2019,agegroup_years15_29,sex_mle,7.38
gin,2019,agegroup_years25_34,sex_btsx,8.2
gin,2019,agegroup_years25_34,sex_fmle,5.15
gin,2019,agegroup_years25_34,sex_mle,11.41
gin,2019,agegroup_years30_49,sex_btsx,11.75
gin,2019,agegroup_years30_49,sex_fmle,6.76
gin,2019,agegroup_years30_49,sex_mle,17.9
gin,2019,agegroup_years35_44,sex_btsx,12.03
gin,2019,agegroup_years35_44,sex_fmle,6.72
gin,2019,agegroup_years35_44,sex_mle,18.79
gin,2019,agegroup_years45_54,sex_btsx,18.92
gin,2019,agegroup_years45_54,sex_fmle,11.42
gin,2019,agegroup_years45_54,sex_mle,29.68
gin,2019,agegroup_years55_64,sex_btsx,27.72
gin,2019,agegroup_years55_64,sex_fmle,20.11
gin,2019,agegroup_years55_64,sex_mle,39.69
gin,2019,agegroup_years65_74,sex_btsx,41.86
gin,2019,agegroup_years65_74,sex_fmle,29.62
gin,2019,agegroup_years65_74,sex_mle,62.12
gin,2019,agegroup_years75_84,sex_btsx,53.58
gin,2019,agegroup_years75_84,sex_fmle,36.7
gin,2019,agegroup_years75_84,sex_mle,80.25
gin,2019,agegroup_years85plus,sex_btsx,165.6
gin,2019,agegroup_years85plus,sex_fmle,106.93
gin,2019,agegroup_years85plus,sex_mle,261.05
gin,2019,agegroup_yearsall,sex_btsx,5.01974
gin,2019,agegroup_yearsall,sex_fmle,3.58266
gin,2019,agegroup_yearsall,sex_mle,6.50008
gin,2020,agegroup_yearsall,sex_btsx,5.0269
gin,2020,agegroup_yearsall,sex_fmle,3.5671
gin,2020,agegroup_yearsall,sex_mle,6.52782
gin,2021,agegroup_yearsall,sex_btsx,4.81861
gin,2021,agegroup_yearsall,sex_fmle,3.5403
gin,2021,agegroup_yearsall,sex_mle,6.13043
gmb,2000,agegroup_yearsall,sex_btsx,4.65647
gmb,2000,agegroup_yearsall,sex_fmle,2.81797
gmb,2000,agegroup_yearsall,sex_mle,6.53269
gmb,2001,agegroup_yearsall,sex_btsx,4.72232
gmb,2001,agegroup_yearsall,sex_fmle,2.83868
gmb,2001,agegroup_yearsall,sex_mle,6.64462
gmb,2002,agegroup_yearsall,sex_btsx,4.93097
gmb,2002,agegroup_yearsall,sex_fmle,2.97502
gmb,2002,agegroup_yearsall,sex_mle,6.92683
gmb,2003,agegroup_yearsall,sex_btsx,5.00039
gmb,2003,agegroup_yearsall,sex_fmle,2.99832
gmb,2003,agegroup_yearsall,sex_mle,7.0428
gmb,2004,agegroup_yearsall,sex_btsx,5.00012
gmb,2004,agegroup_yearsall,sex_fmle,2.95715
gmb,2004,agegroup_yearsall,sex_mle,7.08356
gmb,2005,agegroup_yearsall,sex_btsx,4.85004
gmb,2005,agegroup_yearsall,sex_fmle,2.88445
gmb,2005,agegroup_yearsall,sex_mle,6.85368
gmb,2006,agegroup_yearsall,sex_btsx,4.65589
gmb,2006,agegroup_yearsall,sex_fmle,2.76118
gmb,2006,agegroup_yearsall,sex_mle,6.58626
gmb,2007,agegroup_yearsall,sex_btsx,4.63742
gmb,2007,agegroup_yearsall,sex_fmle,2.72118
gmb,2007,agegroup_yearsall,sex_mle,6.58855
gmb,2008,agegroup_yearsall,sex_btsx,4.69011
gmb,2008,agegroup_yearsall,sex_fmle,2.74126
gmb,2008,agegroup_yearsall,sex_mle,6.67301
gmb,2009,agegroup_yearsall,sex_btsx,4.67535
gmb,2009,agegroup_yearsall,sex_fmle,2.66882
gmb,2009,agegroup_yearsall,sex_mle,6.71537
gmb,2010,agegroup_yearsall,sex_btsx,4.50707
gmb,2010,agegroup_yearsall,sex_fmle,2.65166
gmb,2010,agegroup_yearsall,sex_mle,6.39197
gmb,2011,agegroup_yearsall,sex_btsx,4.76419
gmb,2011,agegroup_yearsall,sex_fmle,2.83247
gmb,2011,agegroup_yearsall,sex_mle,6.72498
gmb,2012,agegroup_yearsall,sex_btsx,4.83096
gmb,2012,agegroup_yearsall,sex_fmle,2.85999
gmb,2012,agegroup_yearsall,sex_mle,6.82991
gmb,2013,agegroup_yearsall,sex_btsx,4.84553
gmb,2013,agegroup_yearsall,sex_fmle,2.88765
gmb,2013,agegroup_yearsall,sex_mle,6.82959
gmb,2014,agegroup_yearsall,sex_btsx,4.86774
gmb,2014,agegroup_yearsall,sex_fmle,2.95805
gmb,2014,agegroup_yearsall,sex_mle,6.80143
gmb,2015,agegroup_yearsall,sex_btsx,4.90057
gmb,2015,agegroup_yearsall,sex_fmle,3.02575
gmb,2015,agegroup_yearsall,sex_mle,6.79757
gmb,2016,agegroup_yearsall,sex_btsx,4.88378
gmb,2016,agegroup_yearsall,sex_fmle,3.03498
gmb,2016,agegroup_yearsall,sex_mle,6.75326
gmb,2017,agegroup_yearsall,sex_btsx,4.91429
gmb,2017,agegroup_yearsall,sex_fmle,3.06136
gmb,2017,agegroup_yearsall,sex_mle,6.78698
gmb,2018,agegroup_yearsall,sex_btsx,4.90718
gmb,2018,agegroup_yearsall,sex_fmle,3.06088
gmb,2018,agegroup_yearsall,sex_mle,6.7723
gmb,2019,agegroup_years15_19,sex_btsx,2.54
gmb,2019,agegroup_years15_19,sex_fmle,1.23
gmb,2019,agegroup_years15_19,sex_mle,3.85
gmb,2019,agegroup_years15_24,sex_btsx,3.37
gmb,2019,agegroup_years15_24,sex_fmle,1.38
gmb,2019,agegroup_years15_24,sex_mle,5.37
gmb,2019,agegroup_years15_29,sex_btsx,3.81
gmb,2019,agegroup_years15_29,sex_fmle,1.66
gmb,2019,agegroup_years15_29,sex_mle,5.99
gmb,2019,agegroup_years25_34,sex_btsx,4.64
gmb,2019,agegroup_years25_34,sex_fmle,2.45
gmb,2019,agegroup_years25_34,sex_mle,6.92
gmb,2019,agegroup_years30_49,sex_btsx,6.2
gmb,2019,agegroup_years30_49,sex_fmle,3.7
gmb,2019,agegroup_years30_49,sex_mle,8.91
gmb,2019,agegroup_years35_44,sex_btsx,6.28
gmb,2019,agegroup_years35_44,sex_fmle,3.31
gmb,2019,agegroup_years35_44,sex_mle,9.54
gmb,2019,agegroup_years45_54,sex_btsx,12.36
gmb,2019,agegroup_years45_54,sex_fmle,9.24
gmb,2019,agegroup_years45_54,sex_mle,15.85
gmb,2019,agegroup_years55_64,sex_btsx,23.57
gmb,2019,agegroup_years55_64,sex_fmle,17.21
gmb,2019,agegroup_years55_64,sex_mle,30.15
gmb,2019,agegroup_years65_74,sex_btsx,40.15
gmb,2019,agegroup_years65_74,sex_fmle,27.15
gmb,2019,agegroup_years65_74,sex_mle,53.68
gmb,2019,agegroup_years75_84,sex_btsx,56.53
gmb,2019,agegroup_years75_84,sex_fmle,36.68
gmb,2019,agegroup_years75_84,sex_mle,77.75
gmb,2019,agegroup_years85plus,sex_btsx,191.73
gmb,2019,agegroup_years85plus,sex_fmle,111.58
gmb,2019,agegroup_years85plus,sex_mle,292.05
gmb,2019,agegroup_yearsall,sex_btsx,5.01773
gmb,2019,agegroup_yearsall,sex_fmle,3.06693
gmb,2019,agegroup_yearsall,sex_mle,6.98754
gmb,2020,agegroup_yearsall,sex_btsx,4.888
gmb,2020,agegroup_yearsall,sex_fmle,2.99875
gmb,2020,agegroup_yearsall,sex_mle,6.79501
gmb,2021,agegroup_yearsall,sex_btsx,4.81185
gmb,2021,agegroup_yearsall,sex_fmle,3.08993
gmb,2021,agegroup_yearsall,sex_mle,6.54939
gnb,2000,agegroup_yearsall,sex_btsx,8.25013
gnb,2000,agegroup_yearsall,sex_fmle,4.16806
gnb,2000,agegroup_yearsall,sex_mle,12.56678
gnb,2001,agegroup_yearsall,sex_btsx,8.1913
gnb,2001,agegroup_yearsall,sex_fmle,4.09997
gnb,2001,agegroup_yearsall,sex_mle,12.51195
gnb,2002,agegroup_yearsall,sex_btsx,7.76514
gnb,2002,agegroup_yearsall,sex_fmle,3.91981
gnb,2002,agegroup_yearsall,sex_mle,11.8203
gnb,2003,agegroup_yearsall,sex_btsx,7.32662
gnb,2003,agegroup_yearsall,sex_fmle,4.08579
gnb,2003,agegroup_yearsall,sex_mle,10.73919
gnb,2004,agegroup_yearsall,sex_btsx,7.5073
gnb,2004,agegroup_yearsall,sex_fmle,4.13211
gnb,2004,agegroup_yearsall,sex_mle,11.05596
gnb,2005,agegroup_yearsall,sex_btsx,7.38542
gnb,2005,agegroup_yearsall,sex_fmle,4.0662
gnb,2005,agegroup_yearsall,sex_mle,10.86971
gnb,2006,agegroup_yearsall,sex_btsx,7.35256
gnb,2006,agegroup_yearsall,sex_fmle,4.08577
gnb,2006,agegroup_yearsall,sex_mle,10.77637
gnb,2007,agegroup_yearsall,sex_btsx,7.26766
gnb,2007,agegroup_yearsall,sex_fmle,4.08352
gnb,2007,agegroup_yearsall,sex_mle,10.59946
gnb,2008,agegroup_yearsall,sex_btsx,7.30077
gnb,2008,agegroup_yearsall,sex_fmle,4.03422
gnb,2008,agegroup_yearsall,sex_mle,10.71307
gnb,2009,agegroup_yearsall,sex_btsx,7.26995
gnb,2009,agegroup_yearsall,sex_fmle,4.01527
gnb,2009,agegroup_yearsall,sex_mle,10.66437
gnb,2010,agegroup_yearsall,sex_btsx,7.20604
gnb,2010,agegroup_yearsall,sex_fmle,4.02046
gnb,2010,agegroup_yearsall,sex_mle,10.52297
gnb,2011,agegroup_yearsall,sex_btsx,7.16803
gnb,2011,agegroup_yearsall,sex_fmle,3.92739
gnb,2011,agegroup_yearsall,sex_mle,10.53678
gnb,2012,agegroup_yearsall,sex_btsx,7.01653
gnb,2012,agegroup_yearsall,sex_fmle,3.8651
gnb,2012,agegroup_yearsall,sex_mle,10.28729
gnb,2013,agegroup_yearsall,sex_btsx,7.03011
gnb,2013,agegroup_yearsall,sex_fmle,3.87731
gnb,2013,agegroup_yearsall,sex_mle,10.29727
gnb,2014,agegroup_yearsall,sex_btsx,7.11114
gnb,2014,agegroup_yearsall,sex_fmle,3.90195
gnb,2014,agegroup_yearsall,sex_mle,10.43179
gnb,2015,agegroup_yearsall,sex_btsx,7.15146
gnb,2015,agegroup_yearsall,sex_fmle,3.89605
gnb,2015,agegroup_yearsall,sex_mle,10.5152
gnb,2016,agegroup_yearsall,sex_btsx,7.15256
gnb,2016,agegroup_yearsall,sex_fmle,3.90614
gnb,2016,agegroup_yearsall,sex_mle,10.50253
gnb,2017,agegroup_yearsall,sex_btsx,7.17573
gnb,2017,agegroup_yearsall,sex_fmle,3.88793
gnb,2017,agegroup_yearsall,sex_mle,10.56415
gnb,2018,agegroup_yearsall,sex_btsx,7.09957
gnb,2018,agegroup_yearsall,sex_fmle,3.844
gnb,2018,agegroup_yearsall,sex_mle,10.4508
gnb,2019,agegroup_years15_19,sex_btsx,3.79
gnb,2019,agegroup_years15_19,sex_fmle,1.84
gnb,2019,agegroup_years15_19,sex_mle,5.74
gnb,2019,agegroup_years15_24,sex_btsx,4.89
gnb,2019,agegroup_years15_24,sex_fmle,2.22
gnb,2019,agegroup_years15_24,sex_mle,7.59
gnb,2019,agegroup_years15_29,sex_btsx,5.5
gnb,2019,agegroup_years15_29,sex_fmle,2.55
gnb,2019,agegroup_years15_29,sex_mle,8.51
gnb,2019,agegroup_years25_34,sex_btsx,7.32
gnb,2019,agegroup_years25_34,sex_fmle,3.52
gnb,2019,agegroup_years25_34,sex_mle,11.36
gnb,2019,agegroup_years30_49,sex_btsx,10.73
gnb,2019,agegroup_years30_49,sex_fmle,5.55
gnb,2019,agegroup_years30_49,sex_mle,16.39
gnb,2019,agegroup_years35_44,sex_btsx,11.48
gnb,2019,agegroup_years35_44,sex_fmle,5.82
gnb,2019,agegroup_years35_44,sex_mle,17.71
gnb,2019,agegroup_years45_54,sex_btsx,16.96
gnb,2019,agegroup_years45_54,sex_fmle,8.74
gnb,2019,agegroup_years45_54,sex_mle,26.15
gnb,2019,agegroup_years55_64,sex_btsx,31.28
gnb,2019,agegroup_years55_64,sex_fmle,17.61
gnb,2019,agegroup_years55_64,sex_mle,48.65
gnb,2019,agegroup_years65_74,sex_btsx,45.58
gnb,2019,agegroup_years65_74,sex_fmle,26.16
gnb,2019,agegroup_years65_74,sex_mle,75.42
gnb,2019,agegroup_years75_84,sex_btsx,55.51
gnb,2019,agegroup_years75_84,sex_fmle,34.75
gnb,2019,agegroup_years75_84,sex_mle,92.49
gnb,2019,agegroup_years85plus,sex_btsx,160.24
gnb,2019,agegroup_years85plus,sex_fmle,96.97
gnb,2019,agegroup_years85plus,sex_mle,289.68
gnb,2019,agegroup_yearsall,sex_btsx,7.37828
gnb,2019,agegroup_yearsall,sex_fmle,3.84319
gnb,2019,agegroup_yearsall,sex_mle,11.01314
gnb,2020,agegroup_yearsall,sex_btsx,7.75487
gnb,2020,agegroup_yearsall,sex_fmle,3.8562
gnb,2020,agegroup_yearsall,sex_mle,11.75951
gnb,2021,agegroup_yearsall,sex_btsx,7.66672
gnb,2021,agegroup_yearsall,sex_fmle,3.85887
gnb,2021,agegroup_yearsall,sex_mle,11.57429
gnq,2000,agegroup_yearsall,sex_btsx,9.50653
gnq,2000,agegroup_yearsall,sex_fmle,4.1556
gnq,2000,agegroup_yearsall,sex_mle,14.79689
gnq,2001,agegroup_yearsall,sex_btsx,8.42566
gnq,2001,agegroup_yearsall,sex_fmle,3.89018
gnq,2001,agegroup_yearsall,sex_mle,12.87495
gnq,2002,agegroup_yearsall,sex_btsx,7.79946
gnq,2002,agegroup_yearsall,sex_fmle,3.81677
gnq,2002,agegroup_yearsall,sex_mle,11.67707
gnq,2003,agegroup_yearsall,sex_btsx,7.73325
gnq,2003,agegroup_yearsall,sex_fmle,4.04716
gnq,2003,agegroup_yearsall,sex_mle,11.29567
gnq,2004,agegroup_yearsall,sex_btsx,7.30724
gnq,2004,agegroup_yearsall,sex_fmle,3.94362
gnq,2004,agegroup_yearsall,sex_mle,10.53553
gnq,2005,agegroup_yearsall,sex_btsx,7.11833
gnq,2005,agegroup_yearsall,sex_fmle,3.91782
gnq,2005,agegroup_yearsall,sex_mle,10.16651
gnq,2006,agegroup_yearsall,sex_btsx,6.69104
gnq,2006,agegroup_yearsall,sex_fmle,3.81908
gnq,2006,agegroup_yearsall,sex_mle,9.40273
gnq,2007,agegroup_yearsall,sex_btsx,6.40294
gnq,2007,agegroup_yearsall,sex_fmle,3.70431
gnq,2007,agegroup_yearsall,sex_mle,8.92913
gnq,2008,agegroup_yearsall,sex_btsx,6.6496
gnq,2008,agegroup_yearsall,sex_fmle,3.39576
gnq,2008,agegroup_yearsall,sex_mle,9.66994
gnq,2009,agegroup_yearsall,sex_btsx,6.66982
gnq,2009,agegroup_yearsall,sex_fmle,3.46006
gnq,2009,agegroup_yearsall,sex_mle,9.62495
gnq,2010,agegroup_yearsall,sex_btsx,6.68472
gnq,2010,agegroup_yearsall,sex_fmle,3.797
gnq,2010,agegroup_yearsall,sex_mle,9.3229
gnq,2011,agegroup_yearsall,sex_btsx,6.85549
gnq,2011,agegroup_yearsall,sex_fmle,4.01277
gnq,2011,agegroup_yearsall,sex_mle,9.43674
gnq,2012,agegroup_yearsall,sex_btsx,6.76247
gnq,2012,agegroup_yearsall,sex_fmle,3.78309
gnq,2012,agegroup_yearsall,sex_mle,9.45547
gnq,2013,agegroup_yearsall,sex_btsx,6.2021
gnq,2013,agegroup_yearsall,sex_fmle,2.88689
gnq,2013,agegroup_yearsall,sex_mle,9.18639
gnq,2014,agegroup_yearsall,sex_btsx,6.13239
gnq,2014,agegroup_yearsall,sex_fmle,2.80924
gnq,2014,agegroup_yearsall,sex_mle,9.11282
gnq,2015,agegroup_yearsall,sex_btsx,6.54682
gnq,2015,agegroup_yearsall,sex_fmle,3.61265
gnq,2015,agegroup_yearsall,sex_mle,9.17003
gnq,2016,agegroup_yearsall,sex_btsx,7.08937
gnq,2016,agegroup_yearsall,sex_fmle,3.85645
gnq,2016,agegroup_yearsall,sex_mle,9.97205
gnq,2017,agegroup_yearsall,sex_btsx,7.23484
gnq,2017,agegroup_yearsall,sex_fmle,3.87632
gnq,2017,agegroup_yearsall,sex_mle,10.22332
gnq,2018,agegroup_yearsall,sex_btsx,7.5904
gnq,2018,agegroup_yearsall,sex_fmle,4.12385
gnq,2018,agegroup_yearsall,sex_mle,10.6703
gnq,2019,agegroup_years15_19,sex_btsx,3.32
gnq,2019,agegroup_years15_19,sex_fmle,2.1
gnq,2019,agegroup_years15_19,sex_mle,4.47
gnq,2019,agegroup_years15_24,sex_btsx,4.55
gnq,2019,agegroup_years15_24,sex_fmle,3.23
gnq,2019,agegroup_years15_24,sex_mle,5.62
gnq,2019,agegroup_years15_29,sex_btsx,6.18
gnq,2019,agegroup_years15_29,sex_fmle,5.38
gnq,2019,agegroup_years15_29,sex_mle,6.76
gnq,2019,agegroup_years25_34,sex_btsx,9.6
gnq,2019,agegroup_years25_34,sex_fmle,11.31
gnq,2019,agegroup_years25_34,sex_mle,8.58
gnq,2019,agegroup_years30_49,sex_btsx,11.1
gnq,2019,agegroup_years30_49,sex_fmle,12.17
gnq,2019,agegroup_years30_49,sex_mle,10.44
gnq,2019,agegroup_years35_44,sex_btsx,10.85
gnq,2019,agegroup_years35_44,sex_fmle,11.74
gnq,2019,agegroup_years35_44,sex_mle,10.3
gnq,2019,agegroup_years45_54,sex_btsx,17.87
gnq,2019,agegroup_years45_54,sex_fmle,13.56
gnq,2019,agegroup_years45_54,sex_mle,21.16
gnq,2019,agegroup_years55_64,sex_btsx,30.07
gnq,2019,agegroup_years55_64,sex_fmle,15.66
gnq,2019,agegroup_years55_64,sex_mle,43.72
gnq,2019,agegroup_years65_74,sex_btsx,47.07
gnq,2019,agegroup_years65_74,sex_fmle,20.4
gnq,2019,agegroup_years65_74,sex_mle,74.79
gnq,2019,agegroup_years75_84,sex_btsx,70.91
gnq,2019,agegroup_years75_84,sex_fmle,26.55
gnq,2019,agegroup_years75_84,sex_mle,122.34
gnq,2019,agegroup_years85plus,sex_btsx,205.1
gnq,2019,agegroup_years85plus,sex_fmle,72.88
gnq,2019,agegroup_years85plus,sex_mle,365.66
gnq,2019,agegroup_yearsall,sex_btsx,7.71436
gnq,2019,agegroup_yearsall,sex_fmle,4.2928
gnq,2019,agegroup_yearsall,sex_mle,10.75106
gnq,2020,agegroup_yearsall,sex_btsx,7.40743
gnq,2020,agegroup_yearsall,sex_fmle,3.68617
gnq,2020,agegroup_yearsall,sex_mle,10.71523
gnq,2021,agegroup_yearsall,sex_btsx,7.03379
gnq,2021,agegroup_yearsall,sex_fmle,3.48611
gnq,2021,agegroup_yearsall,sex_mle,10.19595
grc,2000,agegroup_yearsall,sex_btsx,3.39333
grc,2000,agegroup_yearsall,sex_fmle,1.50185
grc,2000,agegroup_yearsall,sex_mle,5.33588
grc,2001,agegroup_yearsall,sex_btsx,2.95487
grc,2001,agegroup_yearsall,sex_fmle,0.86641
grc,2001,agegroup_yearsall,sex_mle,5.09847
grc,2002,agegroup_yearsall,sex_btsx,2.85711
grc,2002,agegroup_yearsall,sex_fmle,1.18153
grc,2002,agegroup_yearsall,sex_mle,4.5766
grc,2003,agegroup_yearsall,sex_btsx,3.2972
grc,2003,agegroup_yearsall,sex_fmle,1.21982
grc,2003,agegroup_yearsall,sex_mle,5.42984
grc,2004,agegroup_yearsall,sex_btsx,3.1012
grc,2004,agegroup_yearsall,sex_fmle,1.19316
grc,2004,agegroup_yearsall,sex_mle,5.06151
grc,2005,agegroup_yearsall,sex_btsx,3.51439
grc,2005,agegroup_yearsall,sex_fmle,1.39947
grc,2005,agegroup_yearsall,sex_mle,5.68947
grc,2006,agegroup_yearsall,sex_btsx,3.47555
grc,2006,agegroup_yearsall,sex_fmle,1.21112
grc,2006,agegroup_yearsall,sex_mle,5.80868
grc,2007,agegroup_yearsall,sex_btsx,2.91315
grc,2007,agegroup_yearsall,sex_fmle,1.07117
grc,2007,agegroup_yearsall,sex_mle,4.81604
grc,2008,agegroup_yearsall,sex_btsx,3.30634
grc,2008,agegroup_yearsall,sex_fmle,1.14679
grc,2008,agegroup_yearsall,sex_mle,5.54396
grc,2009,agegroup_yearsall,sex_btsx,3.48544
grc,2009,agegroup_yearsall,sex_fmle,1.03085
grc,2009,agegroup_yearsall,sex_mle,6.03671
grc,2010,agegroup_yearsall,sex_btsx,3.39642
grc,2010,agegroup_yearsall,sex_fmle,0.73466
grc,2010,agegroup_yearsall,sex_mle,6.17218
grc,2011,agegroup_yearsall,sex_btsx,4.30582
grc,2011,agegroup_yearsall,sex_fmle,1.51164
grc,2011,agegroup_yearsall,sex_mle,7.23163
grc,2012,agegroup_yearsall,sex_btsx,4.6951
grc,2012,agegroup_yearsall,sex_fmle,1.67757
grc,2012,agegroup_yearsall,sex_mle,7.8726
grc,2013,agegroup_yearsall,sex_btsx,4.92821
grc,2013,agegroup_yearsall,sex_fmle,1.96928
grc,2013,agegroup_yearsall,sex_mle,8.0641
grc,2014,agegroup_yearsall,sex_btsx,5.29706
grc,2014,agegroup_yearsall,sex_fmle,2.19204
grc,2014,agegroup_yearsall,sex_mle,8.60579
grc,2015,agegroup_yearsall,sex_btsx,4.93624
grc,2015,agegroup_yearsall,sex_fmle,1.96749
grc,2015,agegroup_yearsall,sex_mle,8.11316
grc,2016,agegroup_yearsall,sex_btsx,4.5958
grc,2016,agegroup_yearsall,sex_fmle,1.54464
grc,2016,agegroup_yearsall,sex_mle,7.86444
grc,2017,agegroup_yearsall,sex_btsx,4.9974
grc,2017,agegroup_yearsall,sex_fmle,2.02139
grc,2017,agegroup_yearsall,sex_mle,8.18232
grc,2018,agegroup_yearsall,sex_btsx,5.39442
grc,2018,agegroup_yearsall,sex_fmle,2.33584
grc,2018,agegroup_yearsall,sex_mle,8.66324
grc,2019,agegroup_years15_19,sex_btsx,1.22
grc,2019,agegroup_years15_19,sex_fmle,0.72
grc,2019,agegroup_years15_19,sex_mle,1.7
grc,2019,agegroup_years15_24,sex_btsx,2.1
grc,2019,agegroup_years15_24,sex_fmle,0.81
grc,2019,agegroup_years15_24,sex_mle,3.33
grc,2019,agegroup_years15_29,sex_btsx,2.37
grc,2019,agegroup_years15_29,sex_fmle,0.98
grc,2019,agegroup_years15_29,sex_mle,3.68
grc,2019,agegroup_years25_34,sex_btsx,3.27
grc,2019,agegroup_years25_34,sex_fmle,1.73
grc,2019,agegroup_years25_34,sex_mle,4.7
grc,2019,agegroup_years30_49,sex_btsx,5.33
grc,2019,agegroup_years30_49,sex_fmle,2.37
grc,2019,agegroup_years30_49,sex_mle,8.2
grc,2019,agegroup_years35_44,sex_btsx,4.57
grc,2019,agegroup_years35_44,sex_fmle,2.36
grc,2019,agegroup_years35_44,sex_mle,6.71
grc,2019,agegroup_years45_54,sex_btsx,7.82
grc,2019,agegroup_years45_54,sex_fmle,2.72
grc,2019,agegroup_years45_54,sex_mle,13.02
grc,2019,agegroup_years55_64,sex_btsx,8.07
grc,2019,agegroup_years55_64,sex_fmle,3.03
grc,2019,agegroup_years55_64,sex_mle,13.59
grc,2019,agegroup_years65_74,sex_btsx,6.68
grc,2019,agegroup_years65_74,sex_fmle,2.5
grc,2019,agegroup_years65_74,sex_mle,11.52
grc,2019,agegroup_years75_84,sex_btsx,7.4
grc,2019,agegroup_years75_84,sex_fmle,1.34
grc,2019,agegroup_years75_84,sex_mle,15.32
grc,2019,agegroup_years85plus,sex_btsx,7.58
grc,2019,agegroup_years85plus,sex_fmle,1.32
grc,2019,agegroup_years85plus,sex_mle,16.67
grc,2019,agegroup_yearsall,sex_btsx,5.0763
grc,2019,agegroup_yearsall,sex_fmle,1.76835
grc,2019,agegroup_yearsall,sex_mle,8.60115
grc,2020,agegroup_yearsall,sex_btsx,4.42128
grc,2020,agegroup_yearsall,sex_fmle,1.69389
grc,2020,agegroup_yearsall,sex_mle,7.32174
grc,2021,agegroup_yearsall,sex_btsx,4.68187
grc,2021,agegroup_yearsall,sex_fmle,1.62436
grc,2021,agegroup_yearsall,sex_mle,7.93533
grd,2000,agegroup_yearsall,sex_btsx,2.16832
grd,2000,agegroup_yearsall,sex_fmle,0.78088
grd,2000,agegroup_yearsall,sex_mle,3.523
grd,2001,agegroup_yearsall,sex_btsx,0.34306
grd,2001,agegroup_yearsall,sex_fmle,0.69524
grd,2001,agegroup_yearsall,sex_mle,0
grd,2002,agegroup_yearsall,sex_btsx,3.71817
grd,2002,agegroup_yearsall,sex_fmle,0.92451
grd,2002,agegroup_yearsall,sex_mle,6.4373
grd,2003,agegroup_yearsall,sex_btsx,2.84946
grd,2003,agegroup_yearsall,sex_fmle,0.85022
grd,2003,agegroup_yearsall,sex_mle,4.79306
grd,2004,agegroup_yearsall,sex_btsx,5.6155
grd,2004,agegroup_yearsall,sex_fmle,0.72473
grd,2004,agegroup_yearsall,sex_mle,10.3641
grd,2005,agegroup_yearsall,sex_btsx,4.07475
grd,2005,agegroup_yearsall,sex_fmle,0.62412
grd,2005,agegroup_yearsall,sex_mle,7.4213
grd,2006,agegroup_yearsall,sex_btsx,6.34072
grd,2006,agegroup_yearsall,sex_fmle,1.3121
grd,2006,agegroup_yearsall,sex_mle,11.21333
grd,2007,agegroup_yearsall,sex_btsx,2.21173
grd,2007,agegroup_yearsall,sex_fmle,0.52974
grd,2007,agegroup_yearsall,sex_mle,3.83996
grd,2008,agegroup_yearsall,sex_btsx,3.40525
grd,2008,agegroup_yearsall,sex_fmle,0.6626
grd,2008,agegroup_yearsall,sex_mle,6.05812
grd,2009,agegroup_yearsall,sex_btsx,1.43721
grd,2009,agegroup_yearsall,sex_fmle,0
grd,2009,agegroup_yearsall,sex_mle,2.8263
grd,2010,agegroup_yearsall,sex_btsx,1.53784
grd,2010,agegroup_yearsall,sex_fmle,0
grd,2010,agegroup_yearsall,sex_mle,3.02308
grd,2011,agegroup_yearsall,sex_btsx,1.73632
grd,2011,agegroup_yearsall,sex_fmle,0
grd,2011,agegroup_yearsall,sex_mle,3.4148
grd,2012,agegroup_yearsall,sex_btsx,1.87399
grd,2012,agegroup_yearsall,sex_fmle,0.59032
grd,2012,agegroup_yearsall,sex_mle,3.11769
grd,2013,agegroup_yearsall,sex_btsx,1.37703
grd,2013,agegroup_yearsall,sex_fmle,0.58265
grd,2013,agegroup_yearsall,sex_mle,2.14821
grd,2014,agegroup_yearsall,sex_btsx,0.5953
grd,2014,agegroup_yearsall,sex_fmle,1.20727
grd,2014,agegroup_yearsall,sex_mle,0
grd,2015,agegroup_yearsall,sex_btsx,0.64032
grd,2015,agegroup_yearsall,sex_fmle,0.59469
grd,2015,agegroup_yearsall,sex_mle,0.68481
grd,2016,agegroup_yearsall,sex_btsx,0.85185
grd,2016,agegroup_yearsall,sex_fmle,1.03316
grd,2016,agegroup_yearsall,sex_mle,0.67463
grd,2017,agegroup_yearsall,sex_btsx,0.46767
grd,2017,agegroup_yearsall,sex_fmle,0.31025
grd,2017,agegroup_yearsall,sex_mle,0.62192
grd,2018,agegroup_yearsall,sex_btsx,0.08482
grd,2018,agegroup_yearsall,sex_fmle,0.17115
grd,2018,agegroup_yearsall,sex_mle,0
grd,2019,agegroup_years15_19,sex_btsx,0
grd,2019,agegroup_years15_19,sex_fmle,0
grd,2019,agegroup_years15_19,sex_mle,0
grd,2019,agegroup_years15_24,sex_btsx,0
grd,2019,agegroup_years15_24,sex_fmle,0
grd,2019,agegroup_years15_24,sex_mle,0
grd,2019,agegroup_years15_29,sex_btsx,0
grd,2019,agegroup_years15_29,sex_fmle,0
grd,2019,agegroup_years15_29,sex_mle,0
grd,2019,agegroup_years25_34,sex_btsx,0
grd,2019,agegroup_years25_34,sex_fmle,0
grd,2019,agegroup_years25_34,sex_mle,0
grd,2019,agegroup_years30_49,sex_btsx,0
grd,2019,agegroup_years30_49,sex_fmle,0
grd,2019,agegroup_years30_49,sex_mle,0
grd,2019,agegroup_years35_44,sex_btsx,0
grd,2019,agegroup_years35_44,sex_fmle,0
grd,2019,agegroup_years35_44,sex_mle,0
grd,2019,agegroup_years45_54,sex_btsx,0
grd,2019,agegroup_years45_54,sex_fmle,0
grd,2019,agegroup_years45_54,sex_mle,0
grd,2019,agegroup_years55_64,sex_btsx,0
grd,2019,agegroup_years55_64,sex_fmle,0
grd,2019,agegroup_years55_64,sex_mle,0
grd,2019,agegroup_years65_74,sex_btsx,5.17
grd,2019,agegroup_years65_74,sex_fmle,0
grd,2019,agegroup_years65_74,sex_mle,10.53
grd,2019,agegroup_years75_84,sex_btsx,0
grd,2019,agegroup_years75_84,sex_fmle,0
grd,2019,agegroup_years75_84,sex_mle,0
grd,2019,agegroup_years85plus,sex_btsx,0
grd,2019,agegroup_years85plus,sex_fmle,0
grd,2019,agegroup_years85plus,sex_mle,0
grd,2019,agegroup_yearsall,sex_btsx,1.01043
grd,2019,agegroup_yearsall,sex_fmle,0.8676
grd,2019,agegroup_yearsall,sex_mle,1.15113
grd,2020,agegroup_yearsall,sex_btsx,1.07611
grd,2020,agegroup_yearsall,sex_fmle,0.76898
grd,2020,agegroup_yearsall,sex_mle,1.37928
grd,2021,agegroup_yearsall,sex_btsx,1.29933
grd,2021,agegroup_yearsall,sex_fmle,0.67651
grd,2021,agegroup_yearsall,sex_mle,1.91501
gtm,2000,agegroup_yearsall,sex_btsx,9.31754
gtm,2000,agegroup_yearsall,sex_fmle,3.02164
gtm,2000,agegroup_yearsall,sex_mle,15.6742
gtm,2001,agegroup_yearsall,sex_btsx,9.82424
gtm,2001,agegroup_yearsall,sex_fmle,3.33415
gtm,2001,agegroup_yearsall,sex_mle,16.37968
gtm,2002,agegroup_yearsall,sex_btsx,9.43203
gtm,2002,agegroup_yearsall,sex_fmle,3.41151
gtm,2002,agegroup_yearsall,sex_mle,15.5157
gtm,2003,agegroup_yearsall,sex_btsx,9.52819
gtm,2003,agegroup_yearsall,sex_fmle,3.30564
gtm,2003,agegroup_yearsall,sex_mle,15.81868
gtm,2004,agegroup_yearsall,sex_btsx,9.59026
gtm,2004,agegroup_yearsall,sex_fmle,3.29047
gtm,2004,agegroup_yearsall,sex_mle,15.96185
gtm,2005,agegroup_yearsall,sex_btsx,9.024
gtm,2005,agegroup_yearsall,sex_fmle,3.1145
gtm,2005,agegroup_yearsall,sex_mle,15.00378
gtm,2006,agegroup_yearsall,sex_btsx,8.76577
gtm,2006,agegroup_yearsall,sex_fmle,2.94761
gtm,2006,agegroup_yearsall,sex_mle,14.65592
gtm,2007,agegroup_yearsall,sex_btsx,6.67842
gtm,2007,agegroup_yearsall,sex_fmle,2.63861
gtm,2007,agegroup_yearsall,sex_mle,10.77003
gtm,2008,agegroup_yearsall,sex_btsx,6.63717
gtm,2008,agegroup_yearsall,sex_fmle,2.72817
gtm,2008,agegroup_yearsall,sex_mle,10.59789
gtm,2009,agegroup_yearsall,sex_btsx,6.25131
gtm,2009,agegroup_yearsall,sex_fmle,2.85809
gtm,2009,agegroup_yearsall,sex_mle,9.69074
gtm,2010,agegroup_yearsall,sex_btsx,5.72732
gtm,2010,agegroup_yearsall,sex_fmle,2.5825
gtm,2010,agegroup_yearsall,sex_mle,8.91596
gtm,2011,agegroup_yearsall,sex_btsx,4.80351
gtm,2011,agegroup_yearsall,sex_fmle,2.43003
gtm,2011,agegroup_yearsall,sex_mle,7.21057
gtm,2012,agegroup_yearsall,sex_btsx,4.59779
gtm,2012,agegroup_yearsall,sex_fmle,2.40796
gtm,2012,agegroup_yearsall,sex_mle,6.81891
gtm,2013,agegroup_yearsall,sex_btsx,4.92547
gtm,2013,agegroup_yearsall,sex_fmle,2.64404
gtm,2013,agegroup_yearsall,sex_mle,7.23977
gtm,2014,agegroup_yearsall,sex_btsx,5.09492
gtm,2014,agegroup_yearsall,sex_fmle,2.79262
gtm,2014,agegroup_yearsall,sex_mle,7.43059
gtm,2015,agegroup_yearsall,sex_btsx,5.45676
gtm,2015,agegroup_yearsall,sex_fmle,3.0039
gtm,2015,agegroup_yearsall,sex_mle,7.94538
gtm,2016,agegroup_yearsall,sex_btsx,5.55241
gtm,2016,agegroup_yearsall,sex_fmle,2.96618
gtm,2016,agegroup_yearsall,sex_mle,8.1765
gtm,2017,agegroup_yearsall,sex_btsx,5.92351
gtm,2017,agegroup_yearsall,sex_fmle,2.92703
gtm,2017,agegroup_yearsall,sex_mle,8.96395
gtm,2018,agegroup_yearsall,sex_btsx,5.6133
gtm,2018,agegroup_yearsall,sex_fmle,2.89507
gtm,2018,agegroup_yearsall,sex_mle,8.37131
gtm,2019,agegroup_years15_19,sex_btsx,10.82
gtm,2019,agegroup_years15_19,sex_fmle,8.55
gtm,2019,agegroup_years15_19,sex_mle,13
gtm,2019,agegroup_years15_24,sex_btsx,11.32
gtm,2019,agegroup_years15_24,sex_fmle,6.48
gtm,2019,agegroup_years15_24,sex_mle,16
gtm,2019,agegroup_years15_29,sex_btsx,11.06
gtm,2019,agegroup_years15_29,sex_fmle,5.5
gtm,2019,agegroup_years15_29,sex_mle,16.5
gtm,2019,agegroup_years25_34,sex_btsx,8.66
gtm,2019,agegroup_years25_34,sex_fmle,2.8
gtm,2019,agegroup_years25_34,sex_mle,14.62
gtm,2019,agegroup_years30_49,sex_btsx,6.77
gtm,2019,agegroup_years30_49,sex_fmle,2.17
gtm,2019,agegroup_years30_49,sex_mle,11.83
gtm,2019,agegroup_years35_44,sex_btsx,6.97
gtm,2019,agegroup_years35_44,sex_fmle,2.13
gtm,2019,agegroup_years35_44,sex_mle,12.36
gtm,2019,agegroup_years45_54,sex_btsx,6.55
gtm,2019,agegroup_years45_54,sex_fmle,2.05
gtm,2019,agegroup_years45_54,sex_mle,12.07
gtm,2019,agegroup_years55_64,sex_btsx,7.17
gtm,2019,agegroup_years55_64,sex_fmle,2.34
gtm,2019,agegroup_years55_64,sex_mle,13.21
gtm,2019,agegroup_years65_74,sex_btsx,8.08
gtm,2019,agegroup_years65_74,sex_fmle,2.71
gtm,2019,agegroup_years65_74,sex_mle,14.69
gtm,2019,agegroup_years75_84,sex_btsx,7.32
gtm,2019,agegroup_years75_84,sex_fmle,2.82
gtm,2019,agegroup_years75_84,sex_mle,12.87
gtm,2019,agegroup_years85plus,sex_btsx,9.6
gtm,2019,agegroup_years85plus,sex_fmle,3.95
gtm,2019,agegroup_years85plus,sex_mle,17.39
gtm,2019,agegroup_yearsall,sex_btsx,5.88081
gtm,2019,agegroup_yearsall,sex_fmle,3.06763
gtm,2019,agegroup_yearsall,sex_mle,8.73509
gtm,2020,agegroup_yearsall,sex_btsx,5.07649
gtm,2020,agegroup_yearsall,sex_fmle,2.68232
gtm,2020,agegroup_yearsall,sex_mle,7.50662
gtm,2021,agegroup_yearsall,sex_btsx,4.93708
gtm,2021,agegroup_yearsall,sex_fmle,2.80779
gtm,2021,agegroup_yearsall,sex_mle,7.10017
guy,2000,agegroup_yearsall,sex_btsx,26.73652
guy,2000,agegroup_yearsall,sex_fmle,12.36856
guy,2000,agegroup_yearsall,sex_mle,41.18835
guy,2001,agegroup_yearsall,sex_btsx,29.74205
guy,2001,agegroup_yearsall,sex_fmle,13.28953
guy,2001,agegroup_yearsall,sex_mle,46.2621
guy,2002,agegroup_yearsall,sex_btsx,29.03842
guy,2002,agegroup_yearsall,sex_fmle,12.23624
guy,2002,agegroup_yearsall,sex_mle,45.88121
guy,2003,agegroup_yearsall,sex_btsx,28.77535
guy,2003,agegroup_yearsall,sex_fmle,14.25415
guy,2003,agegroup_yearsall,sex_mle,43.32829
guy,2004,agegroup_yearsall,sex_btsx,27.42772
guy,2004,agegroup_yearsall,sex_fmle,13.39253
guy,2004,agegroup_yearsall,sex_mle,41.50993
guy,2005,agegroup_yearsall,sex_btsx,26.71512
guy,2005,agegroup_yearsall,sex_fmle,12.75246
guy,2005,agegroup_yearsall,sex_mle,40.74081
guy,2006,agegroup_yearsall,sex_btsx,26.93126
guy,2006,agegroup_yearsall,sex_fmle,13.41192
guy,2006,agegroup_yearsall,sex_mle,40.52491
guy,2007,agegroup_yearsall,sex_btsx,26.87388
guy,2007,agegroup_yearsall,sex_fmle,13.05187
guy,2007,agegroup_yearsall,sex_mle,40.78452
guy,2008,agegroup_yearsall,sex_btsx,26.29669
guy,2008,agegroup_yearsall,sex_fmle,12.82962
guy,2008,agegroup_yearsall,sex_mle,39.86163
guy,2009,agegroup_yearsall,sex_btsx,28.46454
guy,2009,agegroup_yearsall,sex_fmle,16.36024
guy,2009,agegroup_yearsall,sex_mle,40.66841
guy,2010,agegroup_yearsall,sex_btsx,28.76764
guy,2010,agegroup_yearsall,sex_fmle,13.63017
guy,2010,agegroup_yearsall,sex_mle,44.04573
guy,2011,agegroup_yearsall,sex_btsx,29.10793
guy,2011,agegroup_yearsall,sex_fmle,13.24337
guy,2011,agegroup_yearsall,sex_mle,45.13904
guy,2012,agegroup_yearsall,sex_btsx,30.78425
guy,2012,agegroup_yearsall,sex_fmle,14.4053
guy,2012,agegroup_yearsall,sex_mle,47.40778
guy,2013,agegroup_yearsall,sex_btsx,33.31514
guy,2013,agegroup_yearsall,sex_fmle,15.53839
guy,2013,agegroup_yearsall,sex_mle,51.49168
guy,2014,agegroup_yearsall,sex_btsx,33.63714
guy,2014,agegroup_yearsall,sex_fmle,14.51178
guy,2014,agegroup_yearsall,sex_mle,53.334
guy,2015,agegroup_yearsall,sex_btsx,33.24269
guy,2015,agegroup_yearsall,sex_fmle,15.55221
guy,2015,agegroup_yearsall,sex_mle,51.58744
guy,2016,agegroup_yearsall,sex_btsx,34.25037
guy,2016,agegroup_yearsall,sex_fmle,15.72368
guy,2016,agegroup_yearsall,sex_mle,53.58946
guy,2017,agegroup_yearsall,sex_btsx,32.0139
guy,2017,agegroup_yearsall,sex_fmle,13.71544
guy,2017,agegroup_yearsall,sex_mle,51.23495
guy,2018,agegroup_yearsall,sex_btsx,29.04904
guy,2018,agegroup_yearsall,sex_fmle,11.1421
guy,2018,agegroup_yearsall,sex_mle,47.6837
guy,2019,agegroup_years15_19,sex_btsx,40.37
guy,2019,agegroup_years15_19,sex_fmle,45.71
guy,2019,agegroup_years15_19,sex_mle,35.15
guy,2019,agegroup_years15_24,sex_btsx,52.21
guy,2019,agegroup_years15_24,sex_fmle,34.38
guy,2019,agegroup_years15_24,sex_mle,69.14
guy,2019,agegroup_years15_29,sex_btsx,58.23
guy,2019,agegroup_years15_29,sex_fmle,32.56
guy,2019,agegroup_years15_29,sex_mle,82.72
guy,2019,agegroup_years25_34,sex_btsx,58.91
guy,2019,agegroup_years25_34,sex_fmle,20.4
guy,2019,agegroup_years25_34,sex_mle,96.68
guy,2019,agegroup_years30_49,sex_btsx,55.15
guy,2019,agegroup_years30_49,sex_fmle,19.11
guy,2019,agegroup_years30_49,sex_mle,91.44
guy,2019,agegroup_years35_44,sex_btsx,65.54
guy,2019,agegroup_years35_44,sex_fmle,25.46
guy,2019,agegroup_years35_44,sex_mle,105.84
guy,2019,agegroup_years45_54,sex_btsx,53.68
guy,2019,agegroup_years45_54,sex_fmle,20.07
guy,2019,agegroup_years45_54,sex_mle,87.33
guy,2019,agegroup_years55_64,sex_btsx,47.99
guy,2019,agegroup_years55_64,sex_fmle,14.83
guy,2019,agegroup_years55_64,sex_mle,82.29
guy,2019,agegroup_years65_74,sex_btsx,51.99
guy,2019,agegroup_years65_74,sex_fmle,10.03
guy,2019,agegroup_years65_74,sex_mle,100.16
guy,2019,agegroup_years75_84,sex_btsx,48.1
guy,2019,agegroup_years75_84,sex_fmle,1.47
guy,2019,agegroup_years75_84,sex_mle,106.34
guy,2019,agegroup_years85plus,sex_btsx,128.71
guy,2019,agegroup_years85plus,sex_fmle,0
guy,2019,agegroup_years85plus,sex_mle,329.69
guy,2019,agegroup_yearsall,sex_btsx,27.63678
guy,2019,agegroup_yearsall,sex_fmle,11.19437
guy,2019,agegroup_yearsall,sex_mle,44.69627
guy,2020,agegroup_yearsall,sex_btsx,29.53009
guy,2020,agegroup_yearsall,sex_fmle,12.10325
guy,2020,agegroup_yearsall,sex_mle,47.79946
guy,2021,agegroup_yearsall,sex_btsx,24.7829
guy,2021,agegroup_yearsall,sex_fmle,10.35162
guy,2021,agegroup_yearsall,sex_mle,39.94663
hnd,2000,agegroup_yearsall,sex_btsx,3.30932
hnd,2000,agegroup_yearsall,sex_fmle,1.36291
hnd,2000,agegroup_yearsall,sex_mle,5.22568
hnd,2001,agegroup_yearsall,sex_btsx,3.33127
hnd,2001,agegroup_yearsall,sex_fmle,1.3669
hnd,2001,agegroup_yearsall,sex_mle,5.26476
hnd,2002,agegroup_yearsall,sex_btsx,3.36437
hnd,2002,agegroup_yearsall,sex_fmle,1.41828
hnd,2002,agegroup_yearsall,sex_mle,5.27933
hnd,2003,agegroup_yearsall,sex_btsx,3.41431
hnd,2003,agegroup_yearsall,sex_fmle,1.43929
hnd,2003,agegroup_yearsall,sex_mle,5.35722
hnd,2004,agegroup_yearsall,sex_btsx,3.33727
hnd,2004,agegroup_yearsall,sex_fmle,1.38795
hnd,2004,agegroup_yearsall,sex_mle,5.25446
hnd,2005,agegroup_yearsall,sex_btsx,3.36501
hnd,2005,agegroup_yearsall,sex_fmle,1.39704
hnd,2005,agegroup_yearsall,sex_mle,5.30016
hnd,2006,agegroup_yearsall,sex_btsx,3.28957
hnd,2006,agegroup_yearsall,sex_fmle,1.39772
hnd,2006,agegroup_yearsall,sex_mle,5.14961
hnd,2007,agegroup_yearsall,sex_btsx,3.29051
hnd,2007,agegroup_yearsall,sex_fmle,1.36922
hnd,2007,agegroup_yearsall,sex_mle,5.17928
hnd,2008,agegroup_yearsall,sex_btsx,3.15781
hnd,2008,agegroup_yearsall,sex_fmle,1.24772
hnd,2008,agegroup_yearsall,sex_mle,5.03542
hnd,2009,agegroup_yearsall,sex_btsx,3.07002
hnd,2009,agegroup_yearsall,sex_fmle,1.20847
hnd,2009,agegroup_yearsall,sex_mle,4.89981
hnd,2010,agegroup_yearsall,sex_btsx,3.02535
hnd,2010,agegroup_yearsall,sex_fmle,1.25407
hnd,2010,agegroup_yearsall,sex_mle,4.76637
hnd,2011,agegroup_yearsall,sex_btsx,2.91401
hnd,2011,agegroup_yearsall,sex_fmle,1.20919
hnd,2011,agegroup_yearsall,sex_mle,4.58973
hnd,2012,agegroup_yearsall,sex_btsx,5.41184
hnd,2012,agegroup_yearsall,sex_fmle,1.06539
hnd,2012,agegroup_yearsall,sex_mle,9.68433
hnd,2013,agegroup_yearsall,sex_btsx,5.32902
hnd,2013,agegroup_yearsall,sex_fmle,1.09992
hnd,2013,agegroup_yearsall,sex_mle,9.48651
hnd,2014,agegroup_yearsall,sex_btsx,5.63647
hnd,2014,agegroup_yearsall,sex_fmle,1.1975
hnd,2014,agegroup_yearsall,sex_mle,10.00086
hnd,2015,agegroup_yearsall,sex_btsx,6.50331
hnd,2015,agegroup_yearsall,sex_fmle,1.24074
hnd,2015,agegroup_yearsall,sex_mle,11.67832
hnd,2016,agegroup_yearsall,sex_btsx,2.93374
hnd,2016,agegroup_yearsall,sex_fmle,1.21183
hnd,2016,agegroup_yearsall,sex_mle,4.62734
hnd,2017,agegroup_yearsall,sex_btsx,3.00207
hnd,2017,agegroup_yearsall,sex_fmle,1.19762
hnd,2017,agegroup_yearsall,sex_mle,4.77727
hnd,2018,agegroup_yearsall,sex_btsx,3.02048
hnd,2018,agegroup_yearsall,sex_fmle,1.20433
hnd,2018,agegroup_yearsall,sex_mle,4.80766
hnd,2019,agegroup_years15_19,sex_btsx,1.28
hnd,2019,agegroup_years15_19,sex_fmle,0.74
hnd,2019,agegroup_years15_19,sex_mle,1.81
hnd,2019,agegroup_years15_24,sex_btsx,1.58
hnd,2019,agegroup_years15_24,sex_fmle,0.73
hnd,2019,agegroup_years15_24,sex_mle,2.39
hnd,2019,agegroup_years15_29,sex_btsx,1.66
hnd,2019,agegroup_years15_29,sex_fmle,0.72
hnd,2019,agegroup_years15_29,sex_mle,2.57
hnd,2019,agegroup_years25_34,sex_btsx,1.89
hnd,2019,agegroup_years25_34,sex_fmle,0.67
hnd,2019,agegroup_years25_34,sex_mle,3.09
hnd,2019,agegroup_years30_49,sex_btsx,2.4
hnd,2019,agegroup_years30_49,sex_fmle,0.85
hnd,2019,agegroup_years30_49,sex_mle,3.98
hnd,2019,agegroup_years35_44,sex_btsx,2.29
hnd,2019,agegroup_years35_44,sex_fmle,0.75
hnd,2019,agegroup_years35_44,sex_mle,3.87
hnd,2019,agegroup_years45_54,sex_btsx,4.09
hnd,2019,agegroup_years45_54,sex_fmle,1.92
hnd,2019,agegroup_years45_54,sex_mle,6.43
hnd,2019,agegroup_years55_64,sex_btsx,4.55
hnd,2019,agegroup_years55_64,sex_fmle,1.92
hnd,2019,agegroup_years55_64,sex_mle,7.52
hnd,2019,agegroup_years65_74,sex_btsx,7.42
hnd,2019,agegroup_years65_74,sex_fmle,2.37
hnd,2019,agegroup_years65_74,sex_mle,13.3
hnd,2019,agegroup_years75_84,sex_btsx,10.91
hnd,2019,agegroup_years75_84,sex_fmle,3.66
hnd,2019,agegroup_years75_84,sex_mle,20.02
hnd,2019,agegroup_years85plus,sex_btsx,14.68
hnd,2019,agegroup_years85plus,sex_fmle,5.11
hnd,2019,agegroup_years85plus,sex_mle,29.55
hnd,2019,agegroup_yearsall,sex_btsx,3.05047
hnd,2019,agegroup_yearsall,sex_fmle,1.19346
hnd,2019,agegroup_yearsall,sex_mle,4.87836
hnd,2020,agegroup_yearsall,sex_btsx,2.92278
hnd,2020,agegroup_yearsall,sex_fmle,1.04812
hnd,2020,agegroup_yearsall,sex_mle,4.76892
hnd,2021,agegroup_yearsall,sex_btsx,2.97347
hnd,2021,agegroup_yearsall,sex_fmle,0.94989
hnd,2021,agegroup_yearsall,sex_mle,4.96744
hrv,2000,agegroup_yearsall,sex_btsx,20.48619
hrv,2000,agegroup_yearsall,sex_fmle,10.13145
hrv,2000,agegroup_yearsall,sex_mle,31.67679
hrv,2001,agegroup_yearsall,sex_btsx,19.56753
hrv,2001,agegroup_yearsall,sex_fmle,9.72055
hrv,2001,agegroup_yearsall,sex_mle,30.20724
hrv,2002,agegroup_yearsall,sex_btsx,19.3732
hrv,2002,agegroup_yearsall,sex_fmle,9.8772
hrv,2002,agegroup_yearsall,sex_mle,29.63733
hrv,2003,agegroup_yearsall,sex_btsx,19.64328
hrv,2003,agegroup_yearsall,sex_fmle,8.44609
hrv,2003,agegroup_yearsall,sex_mle,31.75287
hrv,2004,agegroup_yearsall,sex_btsx,19.94916
hrv,2004,agegroup_yearsall,sex_fmle,10.14694
hrv,2004,agegroup_yearsall,sex_mle,30.54881
hrv,2005,agegroup_yearsall,sex_btsx,20.02136
hrv,2005,agegroup_yearsall,sex_fmle,9.93517
hrv,2005,agegroup_yearsall,sex_mle,30.92415
hrv,2006,agegroup_yearsall,sex_btsx,18.21881
hrv,2006,agegroup_yearsall,sex_fmle,10.00847
hrv,2006,agegroup_yearsall,sex_mle,27.08746
hrv,2007,agegroup_yearsall,sex_btsx,17.74121
hrv,2007,agegroup_yearsall,sex_fmle,8.90772
hrv,2007,agegroup_yearsall,sex_mle,27.27283
hrv,2008,agegroup_yearsall,sex_btsx,18.17778
hrv,2008,agegroup_yearsall,sex_fmle,8.27343
hrv,2008,agegroup_yearsall,sex_mle,28.85789
hrv,2009,agegroup_yearsall,sex_btsx,18.13606
hrv,2009,agegroup_yearsall,sex_fmle,7.82778
hrv,2009,agegroup_yearsall,sex_mle,29.24476
hrv,2010,agegroup_yearsall,sex_btsx,18.03196
hrv,2010,agegroup_yearsall,sex_fmle,8.91963
hrv,2010,agegroup_yearsall,sex_mle,27.84741
hrv,2011,agegroup_yearsall,sex_btsx,16.31171
hrv,2011,agegroup_yearsall,sex_fmle,8.37314
hrv,2011,agegroup_yearsall,sex_mle,24.86612
hrv,2012,agegroup_yearsall,sex_btsx,18.25789
hrv,2012,agegroup_yearsall,sex_fmle,8.49607
hrv,2012,agegroup_yearsall,sex_mle,28.77888
hrv,2013,agegroup_yearsall,sex_btsx,16.33877
hrv,2013,agegroup_yearsall,sex_fmle,6.92657
hrv,2013,agegroup_yearsall,sex_mle,26.47836
hrv,2014,agegroup_yearsall,sex_btsx,17.03359
hrv,2014,agegroup_yearsall,sex_fmle,8.75705
hrv,2014,agegroup_yearsall,sex_mle,25.9461
hrv,2015,agegroup_yearsall,sex_btsx,17.36524
hrv,2015,agegroup_yearsall,sex_fmle,9.15207
hrv,2015,agegroup_yearsall,sex_mle,26.20707
hrv,2016,agegroup_yearsall,sex_btsx,16.18941
hrv,2016,agegroup_yearsall,sex_fmle,7.8587
hrv,2016,agegroup_yearsall,sex_mle,25.15655
hrv,2017,agegroup_yearsall,sex_btsx,15.48488
hrv,2017,agegroup_yearsall,sex_fmle,7.61651
hrv,2017,agegroup_yearsall,sex_mle,23.95336
hrv,2018,agegroup_yearsall,sex_btsx,16.76124
hrv,2018,agegroup_yearsall,sex_fmle,8.07416
hrv,2018,agegroup_yearsall,sex_mle,26.11081
hrv,2019,agegroup_years15_19,sex_btsx,4.4
hrv,2019,agegroup_years15_19,sex_fmle,1.36
hrv,2019,agegroup_years15_19,sex_mle,7.29
hrv,2019,agegroup_years15_24,sex_btsx,6.38
hrv,2019,agegroup_years15_24,sex_fmle,2.48
hrv,2019,agegroup_years15_24,sex_mle,10.08
hrv,2019,agegroup_years15_29,sex_btsx,6.93
hrv,2019,agegroup_years15_29,sex_fmle,2.38
hrv,2019,agegroup_years15_29,sex_mle,11.27
hrv,2019,agegroup_years25_34,sex_btsx,8.62
hrv,2019,agegroup_years25_34,sex_fmle,2.5
hrv,2019,agegroup_years25_34,sex_mle,14.52
hrv,2019,agegroup_years30_49,sex_btsx,13.61
hrv,2019,agegroup_years30_49,sex_fmle,6.65
hrv,2019,agegroup_years30_49,sex_mle,20.41
hrv,2019,agegroup_years35_44,sex_btsx,12.26
hrv,2019,agegroup_years35_44,sex_fmle,6.83
hrv,2019,agegroup_years35_44,sex_mle,17.53
hrv,2019,agegroup_years45_54,sex_btsx,21.32
hrv,2019,agegroup_years45_54,sex_fmle,10.26
hrv,2019,agegroup_years45_54,sex_mle,32.54
hrv,2019,agegroup_years55_64,sex_btsx,25.1
hrv,2019,agegroup_years55_64,sex_fmle,11.62
hrv,2019,agegroup_years55_64,sex_mle,39.68
hrv,2019,agegroup_years65_74,sex_btsx,24.63
hrv,2019,agegroup_years65_74,sex_fmle,11.95
hrv,2019,agegroup_years65_74,sex_mle,40.14
hrv,2019,agegroup_years75_84,sex_btsx,38.28
hrv,2019,agegroup_years75_84,sex_fmle,20.05
hrv,2019,agegroup_years75_84,sex_mle,69.06
hrv,2019,agegroup_years85plus,sex_btsx,62.22
hrv,2019,agegroup_years85plus,sex_fmle,25.33
hrv,2019,agegroup_years85plus,sex_mle,166.82
hrv,2019,agegroup_yearsall,sex_btsx,14.90735
hrv,2019,agegroup_yearsall,sex_fmle,6.4201
hrv,2019,agegroup_yearsall,sex_mle,24.04069
hrv,2020,agegroup_yearsall,sex_btsx,14.66505
hrv,2020,agegroup_yearsall,sex_fmle,6.82311
hrv,2020,agegroup_yearsall,sex_mle,23.10069
hrv,2021,agegroup_yearsall,sex_btsx,15.68231
hrv,2021,agegroup_yearsall,sex_fmle,6.93759
hrv,2021,agegroup_yearsall,sex_mle,25.08573
hti,2000,agegroup_yearsall,sex_btsx,8.29851
hti,2000,agegroup_yearsall,sex_fmle,7.1102
hti,2000,agegroup_yearsall,sex_mle,9.50331
hti,2001,agegroup_yearsall,sex_btsx,8.05067
hti,2001,agegroup_yearsall,sex_fmle,6.89724
hti,2001,agegroup_yearsall,sex_mle,9.21966
hti,2002,agegroup_yearsall,sex_btsx,8.09059
hti,2002,agegroup_yearsall,sex_fmle,6.97782
hti,2002,agegroup_yearsall,sex_mle,9.21805
hti,2003,agegroup_yearsall,sex_btsx,8.07797
hti,2003,agegroup_yearsall,sex_fmle,6.92114
hti,2003,agegroup_yearsall,sex_mle,9.2498
hti,2004,agegroup_yearsall,sex_btsx,7.81945
hti,2004,agegroup_yearsall,sex_fmle,6.60641
hti,2004,agegroup_yearsall,sex_mle,9.04798
hti,2005,agegroup_yearsall,sex_btsx,7.88518
hti,2005,agegroup_yearsall,sex_fmle,6.72788
hti,2005,agegroup_yearsall,sex_mle,9.05712
hti,2006,agegroup_yearsall,sex_btsx,7.74374
hti,2006,agegroup_yearsall,sex_fmle,6.58111
hti,2006,agegroup_yearsall,sex_mle,8.92107
hti,2007,agegroup_yearsall,sex_btsx,7.82857
hti,2007,agegroup_yearsall,sex_fmle,6.47356
hti,2007,agegroup_yearsall,sex_mle,9.20081
hti,2008,agegroup_yearsall,sex_btsx,7.77522
hti,2008,agegroup_yearsall,sex_fmle,6.28348
hti,2008,agegroup_yearsall,sex_mle,9.28607
hti,2009,agegroup_yearsall,sex_btsx,7.91632
hti,2009,agegroup_yearsall,sex_fmle,6.27626
hti,2009,agegroup_yearsall,sex_mle,9.57758
hti,2010,agegroup_yearsall,sex_btsx,7.88018
hti,2010,agegroup_yearsall,sex_fmle,6.1752
hti,2010,agegroup_yearsall,sex_mle,9.60581
hti,2011,agegroup_yearsall,sex_btsx,7.83591
hti,2011,agegroup_yearsall,sex_fmle,5.98266
hti,2011,agegroup_yearsall,sex_mle,9.71025
hti,2012,agegroup_yearsall,sex_btsx,8.0995
hti,2012,agegroup_yearsall,sex_fmle,6.12056
hti,2012,agegroup_yearsall,sex_mle,10.10162
hti,2013,agegroup_yearsall,sex_btsx,8.15118
hti,2013,agegroup_yearsall,sex_fmle,5.94801
hti,2013,agegroup_yearsall,sex_mle,10.38105
hti,2014,agegroup_yearsall,sex_btsx,8.08037
hti,2014,agegroup_yearsall,sex_fmle,5.76854
hti,2014,agegroup_yearsall,sex_mle,10.42132
hti,2015,agegroup_yearsall,sex_btsx,8.12927
hti,2015,agegroup_yearsall,sex_fmle,5.72562
hti,2015,agegroup_yearsall,sex_mle,10.56447
hti,2016,agegroup_yearsall,sex_btsx,7.87751
hti,2016,agegroup_yearsall,sex_fmle,5.45088
hti,2016,agegroup_yearsall,sex_mle,10.3374
hti,2017,agegroup_yearsall,sex_btsx,8.03652
hti,2017,agegroup_yearsall,sex_fmle,5.56509
hti,2017,agegroup_yearsall,sex_mle,10.54338
hti,2018,agegroup_yearsall,sex_btsx,8.44156
hti,2018,agegroup_yearsall,sex_fmle,5.73315
hti,2018,agegroup_yearsall,sex_mle,11.19069
hti,2019,agegroup_years15_19,sex_btsx,8.09
hti,2019,agegroup_years15_19,sex_fmle,10.18
hti,2019,agegroup_years15_19,sex_mle,6.03
hti,2019,agegroup_years15_24,sex_btsx,9.05
hti,2019,agegroup_years15_24,sex_fmle,11.35
hti,2019,agegroup_years15_24,sex_mle,6.75
hti,2019,agegroup_years15_29,sex_btsx,9.64
hti,2019,agegroup_years15_29,sex_fmle,11.2
hti,2019,agegroup_years15_29,sex_mle,8.07
hti,2019,agegroup_years25_34,sex_btsx,12.67
hti,2019,agegroup_years25_34,sex_fmle,11.4
hti,2019,agegroup_years25_34,sex_mle,13.97
hti,2019,agegroup_years30_49,sex_btsx,16.46
hti,2019,agegroup_years30_49,sex_fmle,11.32
hti,2019,agegroup_years30_49,sex_mle,21.93
hti,2019,agegroup_years35_44,sex_btsx,17.62
hti,2019,agegroup_years35_44,sex_fmle,11.36
hti,2019,agegroup_years35_44,sex_mle,24.28
hti,2019,agegroup_years45_54,sex_btsx,17.11
hti,2019,agegroup_years45_54,sex_fmle,9.91
hti,2019,agegroup_years45_54,sex_mle,25.03
hti,2019,agegroup_years55_64,sex_btsx,17.71
hti,2019,agegroup_years55_64,sex_fmle,9.27
hti,2019,agegroup_years55_64,sex_mle,27.01
hti,2019,agegroup_years65_74,sex_btsx,19.81
hti,2019,agegroup_years65_74,sex_fmle,9.12
hti,2019,agegroup_years65_74,sex_mle,32.6
hti,2019,agegroup_years75_84,sex_btsx,21.16
hti,2019,agegroup_years75_84,sex_fmle,7.39
hti,2019,agegroup_years75_84,sex_mle,39.37
hti,2019,agegroup_years85plus,sex_btsx,36.66
hti,2019,agegroup_years85plus,sex_fmle,10.77
hti,2019,agegroup_years85plus,sex_mle,77.72
hti,2019,agegroup_yearsall,sex_btsx,8.59588
hti,2019,agegroup_yearsall,sex_fmle,5.72844
hti,2019,agegroup_yearsall,sex_mle,11.50853
hti,2020,agegroup_yearsall,sex_btsx,7.8924
hti,2020,agegroup_yearsall,sex_fmle,5.30955
hti,2020,agegroup_yearsall,sex_mle,10.51837
hti,2021,agegroup_yearsall,sex_btsx,7.81419
hti,2021,agegroup_yearsall,sex_fmle,5.06387
hti,2021,agegroup_yearsall,sex_mle,10.61333
hun,2000,agegroup_yearsall,sex_btsx,33.25955
hun,2000,agegroup_yearsall,sex_fmle,15.82039
hun,2000,agegroup_yearsall,sex_mle,52.45771
hun,2001,agegroup_yearsall,sex_btsx,29.70375
hun,2001,agegroup_yearsall,sex_fmle,13.20655
hun,2001,agegroup_yearsall,sex_mle,47.88614
hun,2002,agegroup_yearsall,sex_btsx,28.52005
hun,2002,agegroup_yearsall,sex_fmle,12.45956
hun,2002,agegroup_yearsall,sex_mle,46.24077
hun,2003,agegroup_yearsall,sex_btsx,27.99245
hun,2003,agegroup_yearsall,sex_fmle,12.14171
hun,2003,agegroup_yearsall,sex_mle,45.50028
hun,2004,agegroup_yearsall,sex_btsx,27.45538
hun,2004,agegroup_yearsall,sex_fmle,12.46266
hun,2004,agegroup_yearsall,sex_mle,44.02887
hun,2005,agegroup_yearsall,sex_btsx,26.35011
hun,2005,agegroup_yearsall,sex_fmle,11.54321
hun,2005,agegroup_yearsall,sex_mle,42.71976
hun,2006,agegroup_yearsall,sex_btsx,24.92857
hun,2006,agegroup_yearsall,sex_fmle,11.81323
hun,2006,agegroup_yearsall,sex_mle,39.426
hun,2007,agegroup_yearsall,sex_btsx,24.94953
hun,2007,agegroup_yearsall,sex_fmle,11.31357
hun,2007,agegroup_yearsall,sex_mle,40.02382
hun,2008,agegroup_yearsall,sex_btsx,25.34425
hun,2008,agegroup_yearsall,sex_fmle,11.31401
hun,2008,agegroup_yearsall,sex_mle,40.85329
hun,2009,agegroup_yearsall,sex_btsx,25.29546
hun,2009,agegroup_yearsall,sex_fmle,11.0974
hun,2009,agegroup_yearsall,sex_mle,40.98403
hun,2010,agegroup_yearsall,sex_btsx,25.55878
hun,2010,agegroup_yearsall,sex_fmle,10.99845
hun,2010,agegroup_yearsall,sex_mle,41.64073
hun,2011,agegroup_yearsall,sex_btsx,25.23176
hun,2011,agegroup_yearsall,sex_fmle,11.47966
hun,2011,agegroup_yearsall,sex_mle,40.40449
hun,2012,agegroup_yearsall,sex_btsx,25.03962
hun,2012,agegroup_yearsall,sex_fmle,11.43377
hun,2012,agegroup_yearsall,sex_mle,40.0291
hun,2013,agegroup_yearsall,sex_btsx,22.29974
hun,2013,agegroup_yearsall,sex_fmle,10.42165
hun,2013,agegroup_yearsall,sex_mle,35.37374
hun,2014,agegroup_yearsall,sex_btsx,20.59593
hun,2014,agegroup_yearsall,sex_fmle,9.40185
hun,2014,agegroup_yearsall,sex_mle,32.90429
hun,2015,agegroup_yearsall,sex_btsx,20.00866
hun,2015,agegroup_yearsall,sex_fmle,9.91967
hun,2015,agegroup_yearsall,sex_mle,31.08475
hun,2016,agegroup_yearsall,sex_btsx,18.81508
hun,2016,agegroup_yearsall,sex_fmle,9.31238
hun,2016,agegroup_yearsall,sex_mle,29.23212
hun,2017,agegroup_yearsall,sex_btsx,17.41688
hun,2017,agegroup_yearsall,sex_fmle,8.18468
hun,2017,agegroup_yearsall,sex_mle,27.52088
hun,2018,agegroup_yearsall,sex_btsx,17.75372
hun,2018,agegroup_yearsall,sex_fmle,8.03816
hun,2018,agegroup_yearsall,sex_mle,28.35918
hun,2019,agegroup_years15_19,sex_btsx,4.4
hun,2019,agegroup_years15_19,sex_fmle,3.74
hun,2019,agegroup_years15_19,sex_mle,5.02
hun,2019,agegroup_years15_24,sex_btsx,6.94
hun,2019,agegroup_years15_24,sex_fmle,3.83
hun,2019,agegroup_years15_24,sex_mle,9.9
hun,2019,agegroup_years15_29,sex_btsx,8.1
hun,2019,agegroup_years15_29,sex_fmle,3.53
hun,2019,agegroup_years15_29,sex_mle,12.44
hun,2019,agegroup_years25_34,sex_btsx,9.72
hun,2019,agegroup_years25_34,sex_fmle,3.09
hun,2019,agegroup_years25_34,sex_mle,16.06
hun,2019,agegroup_years30_49,sex_btsx,14.79
hun,2019,agegroup_years30_49,sex_fmle,6.71
hun,2019,agegroup_years30_49,sex_mle,22.72
hun,2019,agegroup_years35_44,sex_btsx,14.05
hun,2019,agegroup_years35_44,sex_fmle,6.17
hun,2019,agegroup_years35_44,sex_mle,21.83
hun,2019,agegroup_years45_54,sex_btsx,21.08
hun,2019,agegroup_years45_54,sex_fmle,11.72
hun,2019,agegroup_years45_54,sex_mle,30.59
hun,2019,agegroup_years55_64,sex_btsx,28.63
hun,2019,agegroup_years55_64,sex_fmle,12.73
hun,2019,agegroup_years55_64,sex_mle,47.22
hun,2019,agegroup_years65_74,sex_btsx,23.91
hun,2019,agegroup_years65_74,sex_fmle,12.47
hun,2019,agegroup_years65_74,sex_mle,39.86
hun,2019,agegroup_years75_84,sex_btsx,35.21
hun,2019,agegroup_years75_84,sex_fmle,14.56
hun,2019,agegroup_years75_84,sex_mle,74.99
hun,2019,agegroup_years85plus,sex_btsx,47.76
hun,2019,agegroup_years85plus,sex_fmle,22.65
hun,2019,agegroup_years85plus,sex_mle,116.34
hun,2019,agegroup_yearsall,sex_btsx,16.65305
hun,2019,agegroup_yearsall,sex_fmle,8.23994
hun,2019,agegroup_yearsall,sex_mle,25.81121
hun,2020,agegroup_yearsall,sex_btsx,18.2193
hun,2020,agegroup_yearsall,sex_fmle,8.24214
hun,2020,agegroup_yearsall,sex_mle,29.06197
hun,2021,agegroup_yearsall,sex_btsx,16.45273
hun,2021,agegroup_yearsall,sex_fmle,7.47864
hun,2021,agegroup_yearsall,sex_mle,26.19674
idn,2000,agegroup_yearsall,sex_btsx,2.15073
idn,2000,agegroup_yearsall,sex_fmle,1.58739
idn,2000,agegroup_yearsall,sex_mle,2.71207
idn,2001,agegroup_yearsall,sex_btsx,2.15688
idn,2001,agegroup_yearsall,sex_fmle,1.58473
idn,2001,agegroup_yearsall,sex_mle,2.72673
idn,2002,agegroup_yearsall,sex_btsx,2.13892
idn,2002,agegroup_yearsall,sex_fmle,1.56309
idn,2002,agegroup_yearsall,sex_mle,2.71217
idn,2003,agegroup_yearsall,sex_btsx,2.09256
idn,2003,agegroup_yearsall,sex_fmle,1.51261
idn,2003,agegroup_yearsall,sex_mle,2.66965
idn,2004,agegroup_yearsall,sex_btsx,2.03343
idn,2004,agegroup_yearsall,sex_fmle,1.43611
idn,2004,agegroup_yearsall,sex_mle,2.6275
idn,2005,agegroup_yearsall,sex_btsx,1.99752
idn,2005,agegroup_yearsall,sex_fmle,1.41548
idn,2005,agegroup_yearsall,sex_mle,2.57608
idn,2006,agegroup_yearsall,sex_btsx,1.95872
idn,2006,agegroup_yearsall,sex_fmle,1.36936
idn,2006,agegroup_yearsall,sex_mle,2.54431
idn,2007,agegroup_yearsall,sex_btsx,1.93755
idn,2007,agegroup_yearsall,sex_fmle,1.34863
idn,2007,agegroup_yearsall,sex_mle,2.52246
idn,2008,agegroup_yearsall,sex_btsx,1.90274
idn,2008,agegroup_yearsall,sex_fmle,1.34502
idn,2008,agegroup_yearsall,sex_mle,2.45646
idn,2009,agegroup_yearsall,sex_btsx,1.85721
idn,2009,agegroup_yearsall,sex_fmle,1.32224
idn,2009,agegroup_yearsall,sex_mle,2.38815
idn,2010,agegroup_yearsall,sex_btsx,1.81948
idn,2010,agegroup_yearsall,sex_fmle,1.31593
idn,2010,agegroup_yearsall,sex_mle,2.31905
idn,2011,agegroup_yearsall,sex_btsx,1.76444
idn,2011,agegroup_yearsall,sex_fmle,1.27409
idn,2011,agegroup_yearsall,sex_mle,2.25073
idn,2012,agegroup_yearsall,sex_btsx,1.73812
idn,2012,agegroup_yearsall,sex_fmle,1.24349
idn,2012,agegroup_yearsall,sex_mle,2.2285
idn,2013,agegroup_yearsall,sex_btsx,1.67092
idn,2013,agegroup_yearsall,sex_fmle,1.19029
idn,2013,agegroup_yearsall,sex_mle,2.14726
idn,2014,agegroup_yearsall,sex_btsx,1.62009
idn,2014,agegroup_yearsall,sex_fmle,1.15124
idn,2014,agegroup_yearsall,sex_mle,2.08466
idn,2015,agegroup_yearsall,sex_btsx,1.60126
idn,2015,agegroup_yearsall,sex_fmle,1.13489
idn,2015,agegroup_yearsall,sex_mle,2.06328
idn,2016,agegroup_yearsall,sex_btsx,1.59463
idn,2016,agegroup_yearsall,sex_fmle,1.12206
idn,2016,agegroup_yearsall,sex_mle,2.06271
idn,2017,agegroup_yearsall,sex_btsx,1.5864
idn,2017,agegroup_yearsall,sex_fmle,1.11137
idn,2017,agegroup_yearsall,sex_mle,2.05685
idn,2018,agegroup_yearsall,sex_btsx,1.58481
idn,2018,agegroup_yearsall,sex_fmle,1.10119
idn,2018,agegroup_yearsall,sex_mle,2.0637
idn,2019,agegroup_years15_19,sex_btsx,1.98
idn,2019,agegroup_years15_19,sex_fmle,0.98
idn,2019,agegroup_years15_19,sex_mle,2.91
idn,2019,agegroup_years15_24,sex_btsx,2.57
idn,2019,agegroup_years15_24,sex_fmle,1.02
idn,2019,agegroup_years15_24,sex_mle,4.03
idn,2019,agegroup_years15_29,sex_btsx,2.68
idn,2019,agegroup_years15_29,sex_fmle,0.99
idn,2019,agegroup_years15_29,sex_mle,4.29
idn,2019,agegroup_years25_34,sex_btsx,2.87
idn,2019,agegroup_years25_34,sex_fmle,0.91
idn,2019,agegroup_years25_34,sex_mle,4.8
idn,2019,agegroup_years30_49,sex_btsx,2.82
idn,2019,agegroup_years30_49,sex_fmle,0.99
idn,2019,agegroup_years30_49,sex_mle,4.63
idn,2019,agegroup_years35_44,sex_btsx,2.72
idn,2019,agegroup_years35_44,sex_fmle,0.88
idn,2019,agegroup_years35_44,sex_mle,4.55
idn,2019,agegroup_years45_54,sex_btsx,3.12
idn,2019,agegroup_years45_54,sex_fmle,1.37
idn,2019,agegroup_years45_54,sex_mle,4.85
idn,2019,agegroup_years55_64,sex_btsx,3.7
idn,2019,agegroup_years55_64,sex_fmle,1.63
idn,2019,agegroup_years55_64,sex_mle,5.79
idn,2019,agegroup_years65_74,sex_btsx,5.36
idn,2019,agegroup_years65_74,sex_fmle,2.96
idn,2019,agegroup_years65_74,sex_mle,7.97
idn,2019,agegroup_years75_84,sex_btsx,9.03
idn,2019,agegroup_years75_84,sex_fmle,6.44
idn,2019,agegroup_years75_84,sex_mle,12.69
idn,2019,agegroup_years85plus,sex_btsx,23.17
idn,2019,agegroup_years85plus,sex_fmle,17.16
idn,2019,agegroup_years85plus,sex_mle,34.26
idn,2019,agegroup_yearsall,sex_btsx,1.59538
idn,2019,agegroup_yearsall,sex_fmle,1.10681
idn,2019,agegroup_yearsall,sex_mle,2.07915
idn,2020,agegroup_yearsall,sex_btsx,1.38052
idn,2020,agegroup_yearsall,sex_fmle,0.97975
idn,2020,agegroup_yearsall,sex_mle,1.77743
idn,2021,agegroup_yearsall,sex_btsx,1.20441
idn,2021,agegroup_yearsall,sex_fmle,0.91279
idn,2021,agegroup_yearsall,sex_mle,1.4933
ind,2000,agegroup_yearsall,sex_btsx,15.92825
ind,2000,agegroup_yearsall,sex_fmle,15.71345
ind,2000,agegroup_yearsall,sex_mle,16.12869
ind,2001,agegroup_yearsall,sex_btsx,15.09715
ind,2001,agegroup_yearsall,sex_fmle,14.72405
ind,2001,agegroup_yearsall,sex_mle,15.44522
ind,2002,agegroup_yearsall,sex_btsx,15.13863
ind,2002,agegroup_yearsall,sex_fmle,14.8139
ind,2002,agegroup_yearsall,sex_mle,15.44155
ind,2003,agegroup_yearsall,sex_btsx,15.02607
ind,2003,agegroup_yearsall,sex_fmle,14.62135
ind,2003,agegroup_yearsall,sex_mle,15.40357
ind,2004,agegroup_yearsall,sex_btsx,15.40209
ind,2004,agegroup_yearsall,sex_fmle,14.65731
ind,2004,agegroup_yearsall,sex_mle,16.09677
ind,2005,agegroup_yearsall,sex_btsx,15.67832
ind,2005,agegroup_yearsall,sex_fmle,14.91775
ind,2005,agegroup_yearsall,sex_mle,16.38775
ind,2006,agegroup_yearsall,sex_btsx,15.85648
ind,2006,agegroup_yearsall,sex_fmle,15.10733
ind,2006,agegroup_yearsall,sex_mle,16.55532
ind,2007,agegroup_yearsall,sex_btsx,15.85695
ind,2007,agegroup_yearsall,sex_fmle,14.57813
ind,2007,agegroup_yearsall,sex_mle,17.05008
ind,2008,agegroup_yearsall,sex_btsx,15.796
ind,2008,agegroup_yearsall,sex_fmle,14.19262
ind,2008,agegroup_yearsall,sex_mle,17.29219
ind,2009,agegroup_yearsall,sex_btsx,15.68411
ind,2009,agegroup_yearsall,sex_fmle,14.05503
ind,2009,agegroup_yearsall,sex_mle,17.20461
ind,2010,agegroup_yearsall,sex_btsx,15.90145
ind,2010,agegroup_yearsall,sex_fmle,14.17934
ind,2010,agegroup_yearsall,sex_mle,17.50917
ind,2011,agegroup_yearsall,sex_btsx,15.8515
ind,2011,agegroup_yearsall,sex_fmle,14.0399
ind,2011,agegroup_yearsall,sex_mle,17.54322
ind,2012,agegroup_yearsall,sex_btsx,15.88392
ind,2012,agegroup_yearsall,sex_fmle,14.16245
ind,2012,agegroup_yearsall,sex_mle,17.49198
ind,2013,agegroup_yearsall,sex_btsx,15.68177
ind,2013,agegroup_yearsall,sex_fmle,13.81178
ind,2013,agegroup_yearsall,sex_mle,17.42915
ind,2014,agegroup_yearsall,sex_btsx,15.12361
ind,2014,agegroup_yearsall,sex_fmle,13.00443
ind,2014,agegroup_yearsall,sex_mle,17.10452
ind,2015,agegroup_yearsall,sex_btsx,14.63077
ind,2015,agegroup_yearsall,sex_fmle,12.59637
ind,2015,agegroup_yearsall,sex_mle,16.53303
ind,2016,agegroup_yearsall,sex_btsx,14.62498
ind,2016,agegroup_yearsall,sex_fmle,12.66817
ind,2016,agegroup_yearsall,sex_mle,16.45529
ind,2017,agegroup_yearsall,sex_btsx,14.86996
ind,2017,agegroup_yearsall,sex_fmle,12.76837
ind,2017,agegroup_yearsall,sex_mle,16.83637
ind,2018,agegroup_yearsall,sex_btsx,14.31066
ind,2018,agegroup_yearsall,sex_fmle,11.8046
ind,2018,agegroup_yearsall,sex_mle,16.65633
ind,2019,agegroup_years15_19,sex_btsx,10.4
ind,2019,agegroup_years15_19,sex_fmle,14.55
ind,2019,agegroup_years15_19,sex_mle,6.71
ind,2019,agegroup_years15_24,sex_btsx,13.77
ind,2019,agegroup_years15_24,sex_fmle,16.8
ind,2019,agegroup_years15_24,sex_mle,11.07
ind,2019,agegroup_years15_29,sex_btsx,15.72
ind,2019,agegroup_years15_29,sex_fmle,17.47
ind,2019,agegroup_years15_29,sex_mle,14.16
ind,2019,agegroup_years25_34,sex_btsx,18.56
ind,2019,agegroup_years25_34,sex_fmle,15.72
ind,2019,agegroup_years25_34,sex_mle,21.11
ind,2019,agegroup_years30_49,sex_btsx,17.49
ind,2019,agegroup_years30_49,sex_fmle,12.77
ind,2019,agegroup_years30_49,sex_mle,21.86
ind,2019,agegroup_years35_44,sex_btsx,18.08
ind,2019,agegroup_years35_44,sex_fmle,13.57
ind,2019,agegroup_years35_44,sex_mle,22.26
ind,2019,agegroup_years45_54,sex_btsx,16.87
ind,2019,agegroup_years45_54,sex_fmle,13
ind,2019,agegroup_years45_54,sex_mle,20.56
ind,2019,agegroup_years55_64,sex_btsx,16.26
ind,2019,agegroup_years55_64,sex_fmle,11.37
ind,2019,agegroup_years55_64,sex_mle,21.01
ind,2019,agegroup_years65_74,sex_btsx,17.45
ind,2019,agegroup_years65_74,sex_fmle,14.2
ind,2019,agegroup_years65_74,sex_mle,20.81
ind,2019,agegroup_years75_84,sex_btsx,27.48
ind,2019,agegroup_years75_84,sex_fmle,20.65
ind,2019,agegroup_years75_84,sex_mle,35.41
ind,2019,agegroup_years85plus,sex_btsx,57.15
ind,2019,agegroup_years85plus,sex_fmle,39.15
ind,2019,agegroup_years85plus,sex_mle,79.55
ind,2019,agegroup_yearsall,sex_btsx,13.97581
ind,2019,agegroup_yearsall,sex_fmle,11.315
ind,2019,agegroup_yearsall,sex_mle,16.46722
ind,2020,agegroup_yearsall,sex_btsx,13.01168
ind,2020,agegroup_yearsall,sex_fmle,10.79099
ind,2020,agegroup_yearsall,sex_mle,15.09213
ind,2021,agegroup_yearsall,sex_btsx,12.55596
ind,2021,agegroup_yearsall,sex_fmle,11.23051
ind,2021,agegroup_yearsall,sex_mle,13.79853
irl,2000,agegroup_yearsall,sex_btsx,12.44777
irl,2000,agegroup_yearsall,sex_fmle,4.68671
irl,2000,agegroup_yearsall,sex_mle,20.29993
irl,2001,agegroup_yearsall,sex_btsx,12.91592
irl,2001,agegroup_yearsall,sex_fmle,4.41885
irl,2001,agegroup_yearsall,sex_mle,21.51007
irl,2002,agegroup_yearsall,sex_btsx,11.97068
irl,2002,agegroup_yearsall,sex_fmle,4.48028
irl,2002,agegroup_yearsall,sex_mle,19.55272
irl,2003,agegroup_yearsall,sex_btsx,11.96402
irl,2003,agegroup_yearsall,sex_fmle,5.53174
irl,2003,agegroup_yearsall,sex_mle,18.47256
irl,2004,agegroup_yearsall,sex_btsx,11.63941
irl,2004,agegroup_yearsall,sex_fmle,4.13465
irl,2004,agegroup_yearsall,sex_mle,19.20976
irl,2005,agegroup_yearsall,sex_btsx,11.88746
irl,2005,agegroup_yearsall,sex_fmle,5.04868
irl,2005,agegroup_yearsall,sex_mle,18.7507
irl,2006,agegroup_yearsall,sex_btsx,11.11525
irl,2006,agegroup_yearsall,sex_fmle,4.52181
irl,2006,agegroup_yearsall,sex_mle,17.70289
irl,2007,agegroup_yearsall,sex_btsx,11.37269
irl,2007,agegroup_yearsall,sex_fmle,4.88802
irl,2007,agegroup_yearsall,sex_mle,17.8543
irl,2008,agegroup_yearsall,sex_btsx,12.14848
irl,2008,agegroup_yearsall,sex_fmle,5.9481
irl,2008,agegroup_yearsall,sex_mle,18.37491
irl,2009,agegroup_yearsall,sex_btsx,14.03496
irl,2009,agegroup_yearsall,sex_fmle,5.44541
irl,2009,agegroup_yearsall,sex_mle,22.70608
irl,2010,agegroup_yearsall,sex_btsx,12.08278
irl,2010,agegroup_yearsall,sex_fmle,5.51015
irl,2010,agegroup_yearsall,sex_mle,18.74314
irl,2011,agegroup_yearsall,sex_btsx,12.71167
irl,2011,agegroup_yearsall,sex_fmle,4.68515
irl,2011,agegroup_yearsall,sex_mle,20.86894
irl,2012,agegroup_yearsall,sex_btsx,12.37385
irl,2012,agegroup_yearsall,sex_fmle,4.54369
irl,2012,agegroup_yearsall,sex_mle,20.34783
irl,2013,agegroup_yearsall,sex_btsx,11.11957
irl,2013,agegroup_yearsall,sex_fmle,4.47609
irl,2013,agegroup_yearsall,sex_mle,17.89173
irl,2014,agegroup_yearsall,sex_btsx,10.88164
irl,2014,agegroup_yearsall,sex_fmle,3.98308
irl,2014,agegroup_yearsall,sex_mle,17.92521
irl,2015,agegroup_yearsall,sex_btsx,9.43213
irl,2015,agegroup_yearsall,sex_fmle,3.99406
irl,2015,agegroup_yearsall,sex_mle,14.98623
irl,2016,agegroup_yearsall,sex_btsx,9.63231
irl,2016,agegroup_yearsall,sex_fmle,4.00667
irl,2016,agegroup_yearsall,sex_mle,15.37331
irl,2017,agegroup_yearsall,sex_btsx,8.47365
irl,2017,agegroup_yearsall,sex_fmle,3.47908
irl,2017,agegroup_yearsall,sex_mle,13.568
irl,2018,agegroup_yearsall,sex_btsx,9.28607
irl,2018,agegroup_yearsall,sex_fmle,4.89573
irl,2018,agegroup_yearsall,sex_mle,13.7612
irl,2019,agegroup_years15_19,sex_btsx,3.26
irl,2019,agegroup_years15_19,sex_fmle,1.34
irl,2019,agegroup_years15_19,sex_mle,5.12
irl,2019,agegroup_years15_24,sex_btsx,7.55
irl,2019,agegroup_years15_24,sex_fmle,2.78
irl,2019,agegroup_years15_24,sex_mle,12.16
irl,2019,agegroup_years15_29,sex_btsx,9.55
irl,2019,agegroup_years15_29,sex_fmle,3.68
irl,2019,agegroup_years15_29,sex_mle,15.23
irl,2019,agegroup_years25_34,sex_btsx,12.69
irl,2019,agegroup_years25_34,sex_fmle,5.75
irl,2019,agegroup_years25_34,sex_mle,19.61
irl,2019,agegroup_years30_49,sex_btsx,13.6
irl,2019,agegroup_years30_49,sex_fmle,5.62
irl,2019,agegroup_years30_49,sex_mle,21.9
irl,2019,agegroup_years35_44,sex_btsx,12.81
irl,2019,agegroup_years35_44,sex_fmle,4.83
irl,2019,agegroup_years35_44,sex_mle,21.24
irl,2019,agegroup_years45_54,sex_btsx,17.29
irl,2019,agegroup_years45_54,sex_fmle,7.01
irl,2019,agegroup_years45_54,sex_mle,27.7
irl,2019,agegroup_years55_64,sex_btsx,13.21
irl,2019,agegroup_years55_64,sex_fmle,5.29
irl,2019,agegroup_years55_64,sex_mle,21.33
irl,2019,agegroup_years65_74,sex_btsx,11.78
irl,2019,agegroup_years65_74,sex_fmle,4.32
irl,2019,agegroup_years65_74,sex_mle,19.57
irl,2019,agegroup_years75_84,sex_btsx,5.3
irl,2019,agegroup_years75_84,sex_fmle,1.73
irl,2019,agegroup_years75_84,sex_mle,9.43
irl,2019,agegroup_years85plus,sex_btsx,6.08
irl,2019,agegroup_years85plus,sex_fmle,0.78
irl,2019,agegroup_years85plus,sex_mle,15
irl,2019,agegroup_yearsall,sex_btsx,8.06805
irl,2019,agegroup_yearsall,sex_fmle,4.06536
irl,2019,agegroup_yearsall,sex_mle,12.14725
irl,2020,agegroup_yearsall,sex_btsx,8.61922
irl,2020,agegroup_yearsall,sex_fmle,5.17492
irl,2020,agegroup_yearsall,sex_mle,12.13093
irl,2021,agegroup_yearsall,sex_btsx,8.54697
irl,2021,agegroup_yearsall,sex_fmle,4.58321
irl,2021,agegroup_yearsall,sex_mle,12.58903
irn,2000,agegroup_yearsall,sex_btsx,6.03132
irn,2000,agegroup_yearsall,sex_fmle,4.65322
irn,2000,agegroup_yearsall,sex_mle,7.36879
irn,2001,agegroup_yearsall,sex_btsx,5.87381
irn,2001,agegroup_yearsall,sex_fmle,4.60997
irn,2001,agegroup_yearsall,sex_mle,7.10199
irn,2002,agegroup_yearsall,sex_btsx,5.68971
irn,2002,agegroup_yearsall,sex_fmle,4.49372
irn,2002,agegroup_yearsall,sex_mle,6.85304
irn,2003,agegroup_yearsall,sex_btsx,5.09924
irn,2003,agegroup_yearsall,sex_fmle,4.0531
irn,2003,agegroup_yearsall,sex_mle,6.11377
irn,2004,agegroup_yearsall,sex_btsx,5.20131
irn,2004,agegroup_yearsall,sex_fmle,4.06593
irn,2004,agegroup_yearsall,sex_mle,6.29522
irn,2005,agegroup_yearsall,sex_btsx,4.91784
irn,2005,agegroup_yearsall,sex_fmle,3.81714
irn,2005,agegroup_yearsall,sex_mle,5.97136
irn,2006,agegroup_yearsall,sex_btsx,4.82758
irn,2006,agegroup_yearsall,sex_fmle,3.64492
irn,2006,agegroup_yearsall,sex_mle,5.95285
irn,2007,agegroup_yearsall,sex_btsx,5.4107
irn,2007,agegroup_yearsall,sex_fmle,3.81664
irn,2007,agegroup_yearsall,sex_mle,6.92577
irn,2008,agegroup_yearsall,sex_btsx,5.27992
irn,2008,agegroup_yearsall,sex_fmle,3.63558
irn,2008,agegroup_yearsall,sex_mle,6.84726
irn,2009,agegroup_yearsall,sex_btsx,5.09509
irn,2009,agegroup_yearsall,sex_fmle,3.43582
irn,2009,agegroup_yearsall,sex_mle,6.68068
irn,2010,agegroup_yearsall,sex_btsx,4.95862
irn,2010,agegroup_yearsall,sex_fmle,3.33216
irn,2010,agegroup_yearsall,sex_mle,6.51646
irn,2011,agegroup_yearsall,sex_btsx,4.84257
irn,2011,agegroup_yearsall,sex_fmle,3.1911
irn,2011,agegroup_yearsall,sex_mle,6.42774
irn,2012,agegroup_yearsall,sex_btsx,4.51781
irn,2012,agegroup_yearsall,sex_fmle,2.9358
irn,2012,agegroup_yearsall,sex_mle,6.0382
irn,2013,agegroup_yearsall,sex_btsx,4.68493
irn,2013,agegroup_yearsall,sex_fmle,2.85361
irn,2013,agegroup_yearsall,sex_mle,6.44572
irn,2014,agegroup_yearsall,sex_btsx,4.92606
irn,2014,agegroup_yearsall,sex_fmle,2.79555
irn,2014,agegroup_yearsall,sex_mle,6.97519
irn,2015,agegroup_yearsall,sex_btsx,4.66372
irn,2015,agegroup_yearsall,sex_fmle,2.52562
irn,2015,agegroup_yearsall,sex_mle,6.72062
irn,2016,agegroup_yearsall,sex_btsx,4.72463
irn,2016,agegroup_yearsall,sex_fmle,2.4639
irn,2016,agegroup_yearsall,sex_mle,6.90031
irn,2017,agegroup_yearsall,sex_btsx,4.49977
irn,2017,agegroup_yearsall,sex_fmle,2.34085
irn,2017,agegroup_yearsall,sex_mle,6.57856
irn,2018,agegroup_yearsall,sex_btsx,4.32845
irn,2018,agegroup_yearsall,sex_fmle,2.26793
irn,2018,agegroup_yearsall,sex_mle,6.31354
irn,2019,agegroup_years15_19,sex_btsx,6.87
irn,2019,agegroup_years15_19,sex_fmle,5.1
irn,2019,agegroup_years15_19,sex_mle,8.56
irn,2019,agegroup_years15_24,sex_btsx,8.24
irn,2019,agegroup_years15_24,sex_fmle,5.46
irn,2019,agegroup_years15_24,sex_mle,10.94
irn,2019,agegroup_years15_29,sex_btsx,8.46
irn,2019,agegroup_years15_29,sex_fmle,5.33
irn,2019,agegroup_years15_29,sex_mle,11.54
irn,2019,agegroup_years25_34,sex_btsx,8.16
irn,2019,agegroup_years25_34,sex_fmle,4.41
irn,2019,agegroup_years25_34,sex_mle,11.94
irn,2019,agegroup_years30_49,sex_btsx,6.69
irn,2019,agegroup_years30_49,sex_fmle,3.1
irn,2019,agegroup_years30_49,sex_mle,10.27
irn,2019,agegroup_years35_44,sex_btsx,6.62
irn,2019,agegroup_years35_44,sex_fmle,2.95
irn,2019,agegroup_years35_44,sex_mle,10.26
irn,2019,agegroup_years45_54,sex_btsx,5.29
irn,2019,agegroup_years45_54,sex_fmle,2.18
irn,2019,agegroup_years45_54,sex_mle,8.36
irn,2019,agegroup_years55_64,sex_btsx,5.06
irn,2019,agegroup_years55_64,sex_fmle,2.01
irn,2019,agegroup_years55_64,sex_mle,8.13
irn,2019,agegroup_years65_74,sex_btsx,4.91
irn,2019,agegroup_years65_74,sex_fmle,2.46
irn,2019,agegroup_years65_74,sex_mle,7.4
irn,2019,agegroup_years75_84,sex_btsx,6.53
irn,2019,agegroup_years75_84,sex_fmle,3.21
irn,2019,agegroup_years75_84,sex_mle,9.29
irn,2019,agegroup_years85plus,sex_btsx,12.27
irn,2019,agegroup_years85plus,sex_fmle,5.93
irn,2019,agegroup_years85plus,sex_mle,17.1
irn,2019,agegroup_yearsall,sex_btsx,4.26941
irn,2019,agegroup_yearsall,sex_fmle,2.19045
irn,2019,agegroup_yearsall,sex_mle,6.2734
irn,2020,agegroup_yearsall,sex_btsx,3.39861
irn,2020,agegroup_yearsall,sex_fmle,1.79443
irn,2020,agegroup_yearsall,sex_mle,4.94598
irn,2021,agegroup_yearsall,sex_btsx,4.07296
irn,2021,agegroup_yearsall,sex_fmle,2.31749
irn,2021,agegroup_yearsall,sex_mle,5.7677
irq,2000,agegroup_yearsall,sex_btsx,4.1287
irq,2000,agegroup_yearsall,sex_fmle,2.4664
irq,2000,agegroup_yearsall,sex_mle,5.81677
irq,2001,agegroup_yearsall,sex_btsx,4.0571
irq,2001,agegroup_yearsall,sex_fmle,2.48153
irq,2001,agegroup_yearsall,sex_mle,5.65434
irq,2002,agegroup_yearsall,sex_btsx,3.99225
irq,2002,agegroup_yearsall,sex_fmle,2.43751
irq,2002,agegroup_yearsall,sex_mle,5.5658
irq,2003,agegroup_yearsall,sex_btsx,3.87104
irq,2003,agegroup_yearsall,sex_fmle,2.2803
irq,2003,agegroup_yearsall,sex_mle,5.47917
irq,2004,agegroup_yearsall,sex_btsx,3.85979
irq,2004,agegroup_yearsall,sex_fmle,2.32221
irq,2004,agegroup_yearsall,sex_mle,5.41343
irq,2005,agegroup_yearsall,sex_btsx,3.75662
irq,2005,agegroup_yearsall,sex_fmle,2.17253
irq,2005,agegroup_yearsall,sex_mle,5.35686
irq,2006,agegroup_yearsall,sex_btsx,3.6321
irq,2006,agegroup_yearsall,sex_fmle,2.08689
irq,2006,agegroup_yearsall,sex_mle,5.19333
irq,2007,agegroup_yearsall,sex_btsx,3.56408
irq,2007,agegroup_yearsall,sex_fmle,2.02955
irq,2007,agegroup_yearsall,sex_mle,5.11532
irq,2008,agegroup_yearsall,sex_btsx,3.57634
irq,2008,agegroup_yearsall,sex_fmle,2.0254
irq,2008,agegroup_yearsall,sex_mle,5.14383
irq,2009,agegroup_yearsall,sex_btsx,3.59247
irq,2009,agegroup_yearsall,sex_fmle,2.01893
irq,2009,agegroup_yearsall,sex_mle,5.1808
irq,2010,agegroup_yearsall,sex_btsx,3.5685
irq,2010,agegroup_yearsall,sex_fmle,1.96908
irq,2010,agegroup_yearsall,sex_mle,5.18027
irq,2011,agegroup_yearsall,sex_btsx,3.58092
irq,2011,agegroup_yearsall,sex_fmle,1.94374
irq,2011,agegroup_yearsall,sex_mle,5.22798
irq,2012,agegroup_yearsall,sex_btsx,3.51282
irq,2012,agegroup_yearsall,sex_fmle,1.90615
irq,2012,agegroup_yearsall,sex_mle,5.12655
irq,2013,agegroup_yearsall,sex_btsx,3.47893
irq,2013,agegroup_yearsall,sex_fmle,1.90246
irq,2013,agegroup_yearsall,sex_mle,5.05996
irq,2014,agegroup_yearsall,sex_btsx,3.26378
irq,2014,agegroup_yearsall,sex_fmle,1.81371
irq,2014,agegroup_yearsall,sex_mle,4.71599
irq,2015,agegroup_yearsall,sex_btsx,3.33941
irq,2015,agegroup_yearsall,sex_fmle,1.87878
irq,2015,agegroup_yearsall,sex_mle,4.80022
irq,2016,agegroup_yearsall,sex_btsx,3.30774
irq,2016,agegroup_yearsall,sex_fmle,1.84948
irq,2016,agegroup_yearsall,sex_mle,4.76514
irq,2017,agegroup_yearsall,sex_btsx,3.31044
irq,2017,agegroup_yearsall,sex_fmle,1.8276
irq,2017,agegroup_yearsall,sex_mle,4.79184
irq,2018,agegroup_yearsall,sex_btsx,3.27872
irq,2018,agegroup_yearsall,sex_fmle,1.79103
irq,2018,agegroup_yearsall,sex_mle,4.76358
irq,2019,agegroup_years15_19,sex_btsx,2.83
irq,2019,agegroup_years15_19,sex_fmle,1.9
irq,2019,agegroup_years15_19,sex_mle,3.72
irq,2019,agegroup_years15_24,sex_btsx,4.05
irq,2019,agegroup_years15_24,sex_fmle,2.51
irq,2019,agegroup_years15_24,sex_mle,5.52
irq,2019,agegroup_years15_29,sex_btsx,4.48
irq,2019,agegroup_years15_29,sex_fmle,2.67
irq,2019,agegroup_years15_29,sex_mle,6.21
irq,2019,agegroup_years25_34,sex_btsx,5.4
irq,2019,agegroup_years25_34,sex_fmle,3.03
irq,2019,agegroup_years25_34,sex_mle,7.67
irq,2019,agegroup_years30_49,sex_btsx,6.16
irq,2019,agegroup_years30_49,sex_fmle,3.35
irq,2019,agegroup_years30_49,sex_mle,8.91
irq,2019,agegroup_years35_44,sex_btsx,5.85
irq,2019,agegroup_years35_44,sex_fmle,3.11
irq,2019,agegroup_years35_44,sex_mle,8.51
irq,2019,agegroup_years45_54,sex_btsx,8.36
irq,2019,agegroup_years45_54,sex_fmle,4.23
irq,2019,agegroup_years45_54,sex_mle,12.66
irq,2019,agegroup_years55_64,sex_btsx,7.86
irq,2019,agegroup_years55_64,sex_fmle,3.11
irq,2019,agegroup_years55_64,sex_mle,13.43
irq,2019,agegroup_years65_74,sex_btsx,8.29
irq,2019,agegroup_years65_74,sex_fmle,3.13
irq,2019,agegroup_years65_74,sex_mle,14.33
irq,2019,agegroup_years75_84,sex_btsx,10.38
irq,2019,agegroup_years75_84,sex_fmle,4.21
irq,2019,agegroup_years75_84,sex_mle,18.54
irq,2019,agegroup_years85plus,sex_btsx,23.08
irq,2019,agegroup_years85plus,sex_fmle,9.31
irq,2019,agegroup_years85plus,sex_mle,46.85
irq,2019,agegroup_yearsall,sex_btsx,3.24821
irq,2019,agegroup_yearsall,sex_fmle,1.723
irq,2019,agegroup_yearsall,sex_mle,4.7687
irq,2020,agegroup_yearsall,sex_btsx,2.85882
irq,2020,agegroup_yearsall,sex_fmle,1.32268
irq,2020,agegroup_yearsall,sex_mle,4.38895
irq,2021,agegroup_yearsall,sex_btsx,2.97457
irq,2021,agegroup_yearsall,sex_fmle,1.52316
irq,2021,agegroup_yearsall,sex_mle,4.41911
isl,2000,agegroup_yearsall,sex_btsx,13.3022
isl,2000,agegroup_yearsall,sex_fmle,6.42661
isl,2000,agegroup_yearsall,sex_mle,20.16274
isl,2001,agegroup_yearsall,sex_btsx,12.81535
isl,2001,agegroup_yearsall,sex_fmle,6.21087
isl,2001,agegroup_yearsall,sex_mle,19.40469
isl,2002,agegroup_yearsall,sex_btsx,12.15693
isl,2002,agegroup_yearsall,sex_fmle,6.09916
isl,2002,agegroup_yearsall,sex_mle,18.20691
isl,2003,agegroup_yearsall,sex_btsx,12.45397
isl,2003,agegroup_yearsall,sex_fmle,5.69615
isl,2003,agegroup_yearsall,sex_mle,19.2055
isl,2004,agegroup_yearsall,sex_btsx,12.49465
isl,2004,agegroup_yearsall,sex_fmle,7.30273
isl,2004,agegroup_yearsall,sex_mle,17.67011
isl,2005,agegroup_yearsall,sex_btsx,11.74926
isl,2005,agegroup_yearsall,sex_fmle,8.09484
isl,2005,agegroup_yearsall,sex_mle,15.3642
isl,2006,agegroup_yearsall,sex_btsx,12.73474
isl,2006,agegroup_yearsall,sex_fmle,7.91441
isl,2006,agegroup_yearsall,sex_mle,17.43085
isl,2007,agegroup_yearsall,sex_btsx,15.46237
isl,2007,agegroup_yearsall,sex_fmle,10.26056
isl,2007,agegroup_yearsall,sex_mle,20.4718
isl,2008,agegroup_yearsall,sex_btsx,15.79153
isl,2008,agegroup_yearsall,sex_fmle,9.22605
isl,2008,agegroup_yearsall,sex_mle,22.13264
isl,2009,agegroup_yearsall,sex_btsx,14.54155
isl,2009,agegroup_yearsall,sex_fmle,8.26651
isl,2009,agegroup_yearsall,sex_mle,20.68147
isl,2010,agegroup_yearsall,sex_btsx,12.93827
isl,2010,agegroup_yearsall,sex_fmle,5.95355
isl,2010,agegroup_yearsall,sex_mle,19.84141
isl,2011,agegroup_yearsall,sex_btsx,11.53047
isl,2011,agegroup_yearsall,sex_fmle,5.30905
isl,2011,agegroup_yearsall,sex_mle,17.70103
isl,2012,agegroup_yearsall,sex_btsx,13.51987
isl,2012,agegroup_yearsall,sex_fmle,8.96781
isl,2012,agegroup_yearsall,sex_mle,18.04246
isl,2013,agegroup_yearsall,sex_btsx,13.88397
isl,2013,agegroup_yearsall,sex_fmle,7.32066
isl,2013,agegroup_yearsall,sex_mle,20.40931
isl,2014,agegroup_yearsall,sex_btsx,15.54124
isl,2014,agegroup_yearsall,sex_fmle,9.35973
isl,2014,agegroup_yearsall,sex_mle,21.6823
isl,2015,agegroup_yearsall,sex_btsx,13.97098
isl,2015,agegroup_yearsall,sex_fmle,5.70809
isl,2015,agegroup_yearsall,sex_mle,22.15501
isl,2016,agegroup_yearsall,sex_btsx,11.80661
isl,2016,agegroup_yearsall,sex_fmle,4.27261
isl,2016,agegroup_yearsall,sex_mle,19.21575
isl,2017,agegroup_yearsall,sex_btsx,10.94813
isl,2017,agegroup_yearsall,sex_fmle,2.3675
isl,2017,agegroup_yearsall,sex_mle,19.27417
isl,2018,agegroup_yearsall,sex_btsx,9.35885
isl,2018,agegroup_yearsall,sex_fmle,3.20813
isl,2018,agegroup_yearsall,sex_mle,15.24817
isl,2019,agegroup_years15_19,sex_btsx,18.89
isl,2019,agegroup_years15_19,sex_fmle,9.69
isl,2019,agegroup_years15_19,sex_mle,27.88
isl,2019,agegroup_years15_24,sex_btsx,17.32
isl,2019,agegroup_years15_24,sex_fmle,10.33
isl,2019,agegroup_years15_24,sex_mle,24.06
isl,2019,agegroup_years15_29,sex_btsx,14.06
isl,2019,agegroup_years15_29,sex_fmle,6.58
isl,2019,agegroup_years15_29,sex_mle,21.21
isl,2019,agegroup_years25_34,sex_btsx,13.42
isl,2019,agegroup_years25_34,sex_fmle,0
isl,2019,agegroup_years25_34,sex_mle,26.24
isl,2019,agegroup_years30_49,sex_btsx,16.04
isl,2019,agegroup_years30_49,sex_fmle,1.46
isl,2019,agegroup_years30_49,sex_mle,30.23
isl,2019,agegroup_years35_44,sex_btsx,13.67
isl,2019,agegroup_years35_44,sex_fmle,0
isl,2019,agegroup_years35_44,sex_mle,26.97
isl,2019,agegroup_years45_54,sex_btsx,16.8
isl,2019,agegroup_years45_54,sex_fmle,7.89
isl,2019,agegroup_years45_54,sex_mle,25.72
isl,2019,agegroup_years55_64,sex_btsx,16.87
isl,2019,agegroup_years55_64,sex_fmle,2.33
isl,2019,agegroup_years55_64,sex_mle,31.63
isl,2019,agegroup_years65_74,sex_btsx,16.25
isl,2019,agegroup_years65_74,sex_fmle,11.26
isl,2019,agegroup_years65_74,sex_mle,21.19
isl,2019,agegroup_years75_84,sex_btsx,0
isl,2019,agegroup_years75_84,sex_fmle,0
isl,2019,agegroup_years75_84,sex_mle,0
isl,2019,agegroup_years85plus,sex_btsx,0
isl,2019,agegroup_years85plus,sex_fmle,0
isl,2019,agegroup_years85plus,sex_mle,0
isl,2019,agegroup_yearsall,sex_btsx,11.97822
isl,2019,agegroup_yearsall,sex_fmle,6.13732
isl,2019,agegroup_yearsall,sex_mle,17.52979
isl,2020,agegroup_yearsall,sex_btsx,12.93643
isl,2020,agegroup_yearsall,sex_fmle,7.14764
isl,2020,agegroup_yearsall,sex_mle,18.43365
isl,2021,agegroup_yearsall,sex_btsx,11.90903
isl,2021,agegroup_yearsall,sex_fmle,9.30365
isl,2021,agegroup_yearsall,sex_mle,14.38748
isr,2000,agegroup_yearsall,sex_btsx,6.83097
isr,2000,agegroup_yearsall,sex_fmle,2.90686
isr,2000,agegroup_yearsall,sex_mle,10.85521
isr,2001,agegroup_yearsall,sex_btsx,6.44898
isr,2001,agegroup_yearsall,sex_fmle,2.44359
isr,2001,agegroup_yearsall,sex_mle,10.55657
isr,2002,agegroup_yearsall,sex_btsx,5.70146
isr,2002,agegroup_yearsall,sex_fmle,2.83144
isr,2002,agegroup_yearsall,sex_mle,8.64432
isr,2003,agegroup_yearsall,sex_btsx,6.38388
isr,2003,agegroup_yearsall,sex_fmle,2.42766
isr,2003,agegroup_yearsall,sex_mle,10.43905
isr,2004,agegroup_yearsall,sex_btsx,6.05875
isr,2004,agegroup_yearsall,sex_fmle,2.63303
isr,2004,agegroup_yearsall,sex_mle,9.56847
isr,2005,agegroup_yearsall,sex_btsx,6.93011
isr,2005,agegroup_yearsall,sex_fmle,3.81915
isr,2005,agegroup_yearsall,sex_mle,10.11598
isr,2006,agegroup_yearsall,sex_btsx,5.57961
isr,2006,agegroup_yearsall,sex_fmle,2.70925
isr,2006,agegroup_yearsall,sex_mle,8.51785
isr,2007,agegroup_yearsall,sex_btsx,5.26767
isr,2007,agegroup_yearsall,sex_fmle,2.03591
isr,2007,agegroup_yearsall,sex_mle,8.57448
isr,2008,agegroup_yearsall,sex_btsx,5.28849
isr,2008,agegroup_yearsall,sex_fmle,1.93746
isr,2008,agegroup_yearsall,sex_mle,8.7158
isr,2009,agegroup_yearsall,sex_btsx,5.97566
isr,2009,agegroup_yearsall,sex_fmle,2.68044
isr,2009,agegroup_yearsall,sex_mle,9.34353
isr,2010,agegroup_yearsall,sex_btsx,6.71163
isr,2010,agegroup_yearsall,sex_fmle,2.44055
isr,2010,agegroup_yearsall,sex_mle,11.07378
isr,2011,agegroup_yearsall,sex_btsx,5.62561
isr,2011,agegroup_yearsall,sex_fmle,2.37821
isr,2011,agegroup_yearsall,sex_mle,8.94014
isr,2012,agegroup_yearsall,sex_btsx,6.02593
isr,2012,agegroup_yearsall,sex_fmle,2.22909
isr,2012,agegroup_yearsall,sex_mle,9.89859
isr,2013,agegroup_yearsall,sex_btsx,5.0944
isr,2013,agegroup_yearsall,sex_fmle,2.53687
isr,2013,agegroup_yearsall,sex_mle,7.70117
isr,2014,agegroup_yearsall,sex_btsx,4.97681
isr,2014,agegroup_yearsall,sex_fmle,2.44527
isr,2014,agegroup_yearsall,sex_mle,7.55522
isr,2015,agegroup_yearsall,sex_btsx,4.50715
isr,2015,agegroup_yearsall,sex_fmle,2.02904
isr,2015,agegroup_yearsall,sex_mle,7.02943
isr,2016,agegroup_yearsall,sex_btsx,5.13065
isr,2016,agegroup_yearsall,sex_fmle,2.03384
isr,2016,agegroup_yearsall,sex_mle,8.28003
isr,2017,agegroup_yearsall,sex_btsx,5.07023
isr,2017,agegroup_yearsall,sex_fmle,2.4955
isr,2017,agegroup_yearsall,sex_mle,7.68571
isr,2018,agegroup_yearsall,sex_btsx,5.35702
isr,2018,agegroup_yearsall,sex_fmle,2.365
isr,2018,agegroup_yearsall,sex_mle,8.39267
isr,2019,agegroup_years15_19,sex_btsx,2.42
isr,2019,agegroup_years15_19,sex_fmle,1.33
isr,2019,agegroup_years15_19,sex_mle,3.45
isr,2019,agegroup_years15_24,sex_btsx,3.22
isr,2019,agegroup_years15_24,sex_fmle,1.53
isr,2019,agegroup_years15_24,sex_mle,4.81
isr,2019,agegroup_years15_29,sex_btsx,4.22
isr,2019,agegroup_years15_29,sex_fmle,1.89
isr,2019,agegroup_years15_29,sex_mle,6.44
isr,2019,agegroup_years25_34,sex_btsx,6.4
isr,2019,agegroup_years25_34,sex_fmle,2.73
isr,2019,agegroup_years25_34,sex_mle,9.96
isr,2019,agegroup_years30_49,sex_btsx,7.1
isr,2019,agegroup_years30_49,sex_fmle,2.92
isr,2019,agegroup_years30_49,sex_mle,11.29
isr,2019,agegroup_years35_44,sex_btsx,7.09
isr,2019,agegroup_years35_44,sex_fmle,3.08
isr,2019,agegroup_years35_44,sex_mle,11.12
isr,2019,agegroup_years45_54,sex_btsx,7.79
isr,2019,agegroup_years45_54,sex_fmle,2.46
isr,2019,agegroup_years45_54,sex_mle,13.27
isr,2019,agegroup_years55_64,sex_btsx,9.38
isr,2019,agegroup_years55_64,sex_fmle,3.06
isr,2019,agegroup_years55_64,sex_mle,16.26
isr,2019,agegroup_years65_74,sex_btsx,9.64
isr,2019,agegroup_years65_74,sex_fmle,4.17
isr,2019,agegroup_years65_74,sex_mle,15.87
isr,2019,agegroup_years75_84,sex_btsx,11.82
isr,2019,agegroup_years75_84,sex_fmle,5.94
isr,2019,agegroup_years75_84,sex_mle,19.52
isr,2019,agegroup_years85plus,sex_btsx,9.03
isr,2019,agegroup_years85plus,sex_fmle,4.03
isr,2019,agegroup_years85plus,sex_mle,17.34
isr,2019,agegroup_yearsall,sex_btsx,5.02806
isr,2019,agegroup_yearsall,sex_fmle,2.31223
isr,2019,agegroup_yearsall,sex_mle,7.78004
isr,2020,agegroup_yearsall,sex_btsx,5.07892
isr,2020,agegroup_yearsall,sex_fmle,2.37939
isr,2020,agegroup_yearsall,sex_mle,7.81135
isr,2021,agegroup_yearsall,sex_btsx,4.36692
isr,2021,agegroup_yearsall,sex_fmle,2.44995
isr,2021,agegroup_yearsall,sex_mle,6.30537
ita,2000,agegroup_yearsall,sex_btsx,7.67099
ita,2000,agegroup_yearsall,sex_fmle,3.92729
ita,2000,agegroup_yearsall,sex_mle,11.65803
ita,2001,agegroup_yearsall,sex_btsx,7.49081
ita,2001,agegroup_yearsall,sex_fmle,3.6243
ita,2001,agegroup_yearsall,sex_mle,11.60909
ita,2002,agegroup_yearsall,sex_btsx,7.56616
ita,2002,agegroup_yearsall,sex_fmle,3.50182
ita,2002,agegroup_yearsall,sex_mle,11.89389
ita,2003,agegroup_yearsall,sex_btsx,7.45377
ita,2003,agegroup_yearsall,sex_fmle,3.78194
ita,2003,agegroup_yearsall,sex_mle,11.36065
ita,2004,agegroup_yearsall,sex_btsx,7.21857
ita,2004,agegroup_yearsall,sex_fmle,3.5351
ita,2004,agegroup_yearsall,sex_mle,11.13369
ita,2005,agegroup_yearsall,sex_btsx,6.76471
ita,2005,agegroup_yearsall,sex_fmle,3.52889
ita,2005,agegroup_yearsall,sex_mle,10.20137
ita,2006,agegroup_yearsall,sex_btsx,6.77013
ita,2006,agegroup_yearsall,sex_fmle,3.39124
ita,2006,agegroup_yearsall,sex_mle,10.3583
ita,2007,agegroup_yearsall,sex_btsx,6.7484
ita,2007,agegroup_yearsall,sex_fmle,3.30321
ita,2007,agegroup_yearsall,sex_mle,10.40811
ita,2008,agegroup_yearsall,sex_btsx,6.99131
ita,2008,agegroup_yearsall,sex_fmle,3.46195
ita,2008,agegroup_yearsall,sex_mle,10.74212
ita,2009,agegroup_yearsall,sex_btsx,7.09689
ita,2009,agegroup_yearsall,sex_fmle,3.41623
ita,2009,agegroup_yearsall,sex_mle,11.01039
ita,2010,agegroup_yearsall,sex_btsx,6.99936
ita,2010,agegroup_yearsall,sex_fmle,3.2508
ita,2010,agegroup_yearsall,sex_mle,10.98795
ita,2011,agegroup_yearsall,sex_btsx,7.46356
ita,2011,agegroup_yearsall,sex_fmle,3.34486
ita,2011,agegroup_yearsall,sex_mle,11.84791
ita,2012,agegroup_yearsall,sex_btsx,7.6461
ita,2012,agegroup_yearsall,sex_fmle,3.59756
ita,2012,agegroup_yearsall,sex_mle,11.95285
ita,2013,agegroup_yearsall,sex_btsx,7.60343
ita,2013,agegroup_yearsall,sex_fmle,3.70172
ita,2013,agegroup_yearsall,sex_mle,11.74909
ita,2014,agegroup_yearsall,sex_btsx,7.30192
ita,2014,agegroup_yearsall,sex_fmle,3.51148
ita,2014,agegroup_yearsall,sex_mle,11.32579
ita,2015,agegroup_yearsall,sex_btsx,7.19882
ita,2015,agegroup_yearsall,sex_fmle,3.59625
ita,2015,agegroup_yearsall,sex_mle,11.01817
ita,2016,agegroup_yearsall,sex_btsx,6.61627
ita,2016,agegroup_yearsall,sex_fmle,3.19856
ita,2016,agegroup_yearsall,sex_mle,10.23106
ita,2017,agegroup_yearsall,sex_btsx,7.05931
ita,2017,agegroup_yearsall,sex_fmle,3.46291
ita,2017,agegroup_yearsall,sex_mle,10.85184
ita,2018,agegroup_yearsall,sex_btsx,6.8916
ita,2018,agegroup_yearsall,sex_fmle,3.53493
ita,2018,agegroup_yearsall,sex_mle,10.42183
ita,2019,agegroup_years15_19,sex_btsx,1.85
ita,2019,agegroup_years15_19,sex_fmle,0.9
ita,2019,agegroup_years15_19,sex_mle,2.73
ita,2019,agegroup_years15_24,sex_btsx,2.68
ita,2019,agegroup_years15_24,sex_fmle,0.98
ita,2019,agegroup_years15_24,sex_mle,4.27
ita,2019,agegroup_years15_29,sex_btsx,3.07
ita,2019,agegroup_years15_29,sex_fmle,1.16
ita,2019,agegroup_years15_29,sex_mle,4.85
ita,2019,agegroup_years25_34,sex_btsx,3.95
ita,2019,agegroup_years25_34,sex_fmle,1.7
ita,2019,agegroup_years25_34,sex_mle,6.12
ita,2019,agegroup_years30_49,sex_btsx,5.71
ita,2019,agegroup_years30_49,sex_fmle,2.84
ita,2019,agegroup_years30_49,sex_mle,8.57
ita,2019,agegroup_years35_44,sex_btsx,5.8
ita,2019,agegroup_years35_44,sex_fmle,2.82
ita,2019,agegroup_years35_44,sex_mle,8.77
ita,2019,agegroup_years45_54,sex_btsx,7.45
ita,2019,agegroup_years45_54,sex_fmle,4.01
ita,2019,agegroup_years45_54,sex_mle,10.96
ita,2019,agegroup_years55_64,sex_btsx,8.38
ita,2019,agegroup_years55_64,sex_fmle,3.88
ita,2019,agegroup_years55_64,sex_mle,13.17
ita,2019,agegroup_years65_74,sex_btsx,9.34
ita,2019,agegroup_years65_74,sex_fmle,4.86
ita,2019,agegroup_years65_74,sex_mle,14.37
ita,2019,agegroup_years75_84,sex_btsx,13.38
ita,2019,agegroup_years75_84,sex_fmle,6.34
ita,2019,agegroup_years75_84,sex_mle,22.67
ita,2019,agegroup_years85plus,sex_btsx,15.79
ita,2019,agegroup_years85plus,sex_fmle,6.09
ita,2019,agegroup_years85plus,sex_mle,35.68
ita,2019,agegroup_yearsall,sex_btsx,6.77386
ita,2019,agegroup_yearsall,sex_fmle,3.37749
ita,2019,agegroup_yearsall,sex_mle,10.34131
ita,2020,agegroup_yearsall,sex_btsx,6.77354
ita,2020,agegroup_yearsall,sex_fmle,3.53927
ita,2020,agegroup_yearsall,sex_mle,10.16864
ita,2021,agegroup_yearsall,sex_btsx,6.99128
ita,2021,agegroup_yearsall,sex_fmle,3.62298
ita,2021,agegroup_yearsall,sex_mle,10.52394
jam,2000,agegroup_yearsall,sex_btsx,1.03848
jam,2000,agegroup_yearsall,sex_fmle,0.3636
jam,2000,agegroup_yearsall,sex_mle,1.72587
jam,2001,agegroup_yearsall,sex_btsx,1.04382
jam,2001,agegroup_yearsall,sex_fmle,0.36634
jam,2001,agegroup_yearsall,sex_mle,1.73327
jam,2002,agegroup_yearsall,sex_btsx,0.97136
jam,2002,agegroup_yearsall,sex_fmle,0.32739
jam,2002,agegroup_yearsall,sex_mle,1.62624
jam,2003,agegroup_yearsall,sex_btsx,0.87941
jam,2003,agegroup_yearsall,sex_fmle,0.30215
jam,2003,agegroup_yearsall,sex_mle,1.4661
jam,2004,agegroup_yearsall,sex_btsx,0.79307
jam,2004,agegroup_yearsall,sex_fmle,0.28397
jam,2004,agegroup_yearsall,sex_mle,1.31027
jam,2005,agegroup_yearsall,sex_btsx,1.52516
jam,2005,agegroup_yearsall,sex_fmle,0.33376
jam,2005,agegroup_yearsall,sex_mle,2.73528
jam,2006,agegroup_yearsall,sex_btsx,0.74105
jam,2006,agegroup_yearsall,sex_fmle,0.23375
jam,2006,agegroup_yearsall,sex_mle,1.25632
jam,2007,agegroup_yearsall,sex_btsx,2.67385
jam,2007,agegroup_yearsall,sex_fmle,0.32751
jam,2007,agegroup_yearsall,sex_mle,5.05736
jam,2008,agegroup_yearsall,sex_btsx,2.64725
jam,2008,agegroup_yearsall,sex_fmle,0.34507
jam,2008,agegroup_yearsall,sex_mle,4.98642
jam,2009,agegroup_yearsall,sex_btsx,1.71429
jam,2009,agegroup_yearsall,sex_fmle,0.32634
jam,2009,agegroup_yearsall,sex_mle,3.1249
jam,2010,agegroup_yearsall,sex_btsx,1.00952
jam,2010,agegroup_yearsall,sex_fmle,0.30901
jam,2010,agegroup_yearsall,sex_mle,1.72159
jam,2011,agegroup_yearsall,sex_btsx,1.50751
jam,2011,agegroup_yearsall,sex_fmle,0.35466
jam,2011,agegroup_yearsall,sex_mle,2.67949
jam,2012,agegroup_yearsall,sex_btsx,1.03973
jam,2012,agegroup_yearsall,sex_fmle,0.31935
jam,2012,agegroup_yearsall,sex_mle,1.77211
jam,2013,agegroup_yearsall,sex_btsx,1.03996
jam,2013,agegroup_yearsall,sex_fmle,0.32009
jam,2013,agegroup_yearsall,sex_mle,1.77181
jam,2014,agegroup_yearsall,sex_btsx,1.04036
jam,2014,agegroup_yearsall,sex_fmle,0.34235
jam,2014,agegroup_yearsall,sex_mle,1.74999
jam,2015,agegroup_yearsall,sex_btsx,1.62994
jam,2015,agegroup_yearsall,sex_fmle,0.38145
jam,2015,agegroup_yearsall,sex_mle,2.8993
jam,2016,agegroup_yearsall,sex_btsx,1.60517
jam,2016,agegroup_yearsall,sex_fmle,0.37434
jam,2016,agegroup_yearsall,sex_mle,2.85681
jam,2017,agegroup_yearsall,sex_btsx,1.68279
jam,2017,agegroup_yearsall,sex_fmle,0.38085
jam,2017,agegroup_yearsall,sex_mle,3.00716
jam,2018,agegroup_yearsall,sex_btsx,1.64708
jam,2018,agegroup_yearsall,sex_fmle,0.36996
jam,2018,agegroup_yearsall,sex_mle,2.94687
jam,2019,agegroup_years15_19,sex_btsx,1.1
jam,2019,agegroup_years15_19,sex_fmle,0.71
jam,2019,agegroup_years15_19,sex_mle,1.48
jam,2019,agegroup_years15_24,sex_btsx,1.68
jam,2019,agegroup_years15_24,sex_fmle,0.93
jam,2019,agegroup_years15_24,sex_mle,2.39
jam,2019,agegroup_years15_29,sex_btsx,2.04
jam,2019,agegroup_years15_29,sex_fmle,1.09
jam,2019,agegroup_years15_29,sex_mle,2.95
jam,2019,agegroup_years25_34,sex_btsx,3
jam,2019,agegroup_years25_34,sex_fmle,1.41
jam,2019,agegroup_years25_34,sex_mle,4.55
jam,2019,agegroup_years30_49,sex_btsx,3.41
jam,2019,agegroup_years30_49,sex_fmle,1.35
jam,2019,agegroup_years30_49,sex_mle,5.59
jam,2019,agegroup_years35_44,sex_btsx,3.39
jam,2019,agegroup_years35_44,sex_fmle,1.3
jam,2019,agegroup_years35_44,sex_mle,5.67
jam,2019,agegroup_years45_54,sex_btsx,3.54
jam,2019,agegroup_years45_54,sex_fmle,1.3
jam,2019,agegroup_years45_54,sex_mle,5.96
jam,2019,agegroup_years55_64,sex_btsx,3.37
jam,2019,agegroup_years55_64,sex_fmle,1.1
jam,2019,agegroup_years55_64,sex_mle,5.83
jam,2019,agegroup_years65_74,sex_btsx,3.76
jam,2019,agegroup_years65_74,sex_fmle,1.76
jam,2019,agegroup_years65_74,sex_mle,5.83
jam,2019,agegroup_years75_84,sex_btsx,5.15
jam,2019,agegroup_years75_84,sex_fmle,2.52
jam,2019,agegroup_years75_84,sex_mle,8.06
jam,2019,agegroup_years85plus,sex_btsx,6.02
jam,2019,agegroup_years85plus,sex_fmle,3.19
jam,2019,agegroup_years85plus,sex_mle,9.08
jam,2019,agegroup_yearsall,sex_btsx,1.68756
jam,2019,agegroup_yearsall,sex_fmle,0.41478
jam,2019,agegroup_yearsall,sex_mle,2.98377
jam,2020,agegroup_yearsall,sex_btsx,1.5558
jam,2020,agegroup_yearsall,sex_fmle,0.39248
jam,2020,agegroup_yearsall,sex_mle,2.74142
jam,2021,agegroup_yearsall,sex_btsx,1.69309
jam,2021,agegroup_yearsall,sex_fmle,0.41854
jam,2021,agegroup_yearsall,sex_mle,2.99308
jor,2000,agegroup_yearsall,sex_btsx,2.19692
jor,2000,agegroup_yearsall,sex_fmle,1.6096
jor,2000,agegroup_yearsall,sex_mle,2.73144
jor,2001,agegroup_yearsall,sex_btsx,2.07182
jor,2001,agegroup_yearsall,sex_fmle,1.53329
jor,2001,agegroup_yearsall,sex_mle,2.56416
jor,2002,agegroup_yearsall,sex_btsx,2.00886
jor,2002,agegroup_yearsall,sex_fmle,1.47175
jor,2002,agegroup_yearsall,sex_mle,2.50187
jor,2003,agegroup_yearsall,sex_btsx,1.90306
jor,2003,agegroup_yearsall,sex_fmle,1.45605
jor,2003,agegroup_yearsall,sex_mle,2.31476
jor,2004,agegroup_yearsall,sex_btsx,1.87994
jor,2004,agegroup_yearsall,sex_fmle,1.42794
jor,2004,agegroup_yearsall,sex_mle,2.29724
jor,2005,agegroup_yearsall,sex_btsx,1.69817
jor,2005,agegroup_yearsall,sex_fmle,1.20164
jor,2005,agegroup_yearsall,sex_mle,2.15744
jor,2006,agegroup_yearsall,sex_btsx,1.43626
jor,2006,agegroup_yearsall,sex_fmle,0.96292
jor,2006,agegroup_yearsall,sex_mle,1.87488
jor,2007,agegroup_yearsall,sex_btsx,1.19562
jor,2007,agegroup_yearsall,sex_fmle,0.74985
jor,2007,agegroup_yearsall,sex_mle,1.6094
jor,2008,agegroup_yearsall,sex_btsx,1.15632
jor,2008,agegroup_yearsall,sex_fmle,0.61049
jor,2008,agegroup_yearsall,sex_mle,1.66386
jor,2009,agegroup_yearsall,sex_btsx,1.0531
jor,2009,agegroup_yearsall,sex_fmle,0.5127
jor,2009,agegroup_yearsall,sex_mle,1.55645
jor,2010,agegroup_yearsall,sex_btsx,0.98157
jor,2010,agegroup_yearsall,sex_fmle,0.47072
jor,2010,agegroup_yearsall,sex_mle,1.45817
jor,2011,agegroup_yearsall,sex_btsx,0.88333
jor,2011,agegroup_yearsall,sex_fmle,0.43144
jor,2011,agegroup_yearsall,sex_mle,1.30555
jor,2012,agegroup_yearsall,sex_btsx,0.86937
jor,2012,agegroup_yearsall,sex_fmle,0.42372
jor,2012,agegroup_yearsall,sex_mle,1.28637
jor,2013,agegroup_yearsall,sex_btsx,0.83907
jor,2013,agegroup_yearsall,sex_fmle,0.4056
jor,2013,agegroup_yearsall,sex_mle,1.24378
jor,2014,agegroup_yearsall,sex_btsx,0.82786
jor,2014,agegroup_yearsall,sex_fmle,0.40425
jor,2014,agegroup_yearsall,sex_mle,1.22135
jor,2015,agegroup_yearsall,sex_btsx,0.8008
jor,2015,agegroup_yearsall,sex_fmle,0.3799
jor,2015,agegroup_yearsall,sex_mle,1.19118
jor,2016,agegroup_yearsall,sex_btsx,0.82302
jor,2016,agegroup_yearsall,sex_fmle,0.36431
jor,2016,agegroup_yearsall,sex_mle,1.24904
jor,2017,agegroup_yearsall,sex_btsx,0.789
jor,2017,agegroup_yearsall,sex_fmle,0.34591
jor,2017,agegroup_yearsall,sex_mle,1.2011
jor,2018,agegroup_yearsall,sex_btsx,0.76084
jor,2018,agegroup_yearsall,sex_fmle,0.33465
jor,2018,agegroup_yearsall,sex_mle,1.15776
jor,2019,agegroup_years15_19,sex_btsx,1.16
jor,2019,agegroup_years15_19,sex_fmle,0.69
jor,2019,agegroup_years15_19,sex_mle,1.63
jor,2019,agegroup_years15_24,sex_btsx,1.57
jor,2019,agegroup_years15_24,sex_fmle,0.78
jor,2019,agegroup_years15_24,sex_mle,2.35
jor,2019,agegroup_years15_29,sex_btsx,1.81
jor,2019,agegroup_years15_29,sex_fmle,0.84
jor,2019,agegroup_years15_29,sex_mle,2.77
jor,2019,agegroup_years25_34,sex_btsx,2.42
jor,2019,agegroup_years25_34,sex_fmle,0.98
jor,2019,agegroup_years25_34,sex_mle,3.83
jor,2019,agegroup_years30_49,sex_btsx,2.61
jor,2019,agegroup_years30_49,sex_fmle,1.03
jor,2019,agegroup_years30_49,sex_mle,4.12
jor,2019,agegroup_years35_44,sex_btsx,2.66
jor,2019,agegroup_years35_44,sex_fmle,1.07
jor,2019,agegroup_years35_44,sex_mle,4.17
jor,2019,agegroup_years45_54,sex_btsx,2.67
jor,2019,agegroup_years45_54,sex_fmle,0.92
jor,2019,agegroup_years45_54,sex_mle,4.31
jor,2019,agegroup_years55_64,sex_btsx,2.79
jor,2019,agegroup_years55_64,sex_fmle,1.06
jor,2019,agegroup_years55_64,sex_mle,4.55
jor,2019,agegroup_years65_74,sex_btsx,3.95
jor,2019,agegroup_years65_74,sex_fmle,2.33
jor,2019,agegroup_years65_74,sex_mle,5.74
jor,2019,agegroup_years75_84,sex_btsx,5.61
jor,2019,agegroup_years75_84,sex_fmle,4.05
jor,2019,agegroup_years75_84,sex_mle,7.44
jor,2019,agegroup_years85plus,sex_btsx,13.69
jor,2019,agegroup_years85plus,sex_fmle,9.77
jor,2019,agegroup_years85plus,sex_mle,19.27
jor,2019,agegroup_yearsall,sex_btsx,0.76609
jor,2019,agegroup_yearsall,sex_fmle,0.34162
jor,2019,agegroup_yearsall,sex_mle,1.16193
jor,2020,agegroup_yearsall,sex_btsx,0.66113
jor,2020,agegroup_yearsall,sex_fmle,0.30142
jor,2020,agegroup_yearsall,sex_mle,0.99706
jor,2021,agegroup_yearsall,sex_btsx,0.60397
jor,2021,agegroup_yearsall,sex_fmle,0.28587
jor,2021,agegroup_yearsall,sex_mle,0.9015
jpn,2000,agegroup_yearsall,sex_btsx,24.11656
jpn,2000,agegroup_yearsall,sex_fmle,13.57938
jpn,2000,agegroup_yearsall,sex_mle,35.00347
jpn,2001,agegroup_yearsall,sex_btsx,23.40088
jpn,2001,agegroup_yearsall,sex_fmle,13.0174
jpn,2001,agegroup_yearsall,sex_mle,34.13853
jpn,2002,agegroup_yearsall,sex_btsx,24.05374
jpn,2002,agegroup_yearsall,sex_fmle,13.09196
jpn,2002,agegroup_yearsall,sex_mle,35.40074
jpn,2003,agegroup_yearsall,sex_btsx,25.80502
jpn,2003,agegroup_yearsall,sex_fmle,13.79991
jpn,2003,agegroup_yearsall,sex_mle,38.24531
jpn,2004,agegroup_yearsall,sex_btsx,24.31267
jpn,2004,agegroup_yearsall,sex_fmle,13.16251
jpn,2004,agegroup_yearsall,sex_mle,35.87987
jpn,2005,agegroup_yearsall,sex_btsx,24.55621
jpn,2005,agegroup_yearsall,sex_fmle,13.23793
jpn,2005,agegroup_yearsall,sex_mle,36.31198
jpn,2006,agegroup_yearsall,sex_btsx,24.09354
jpn,2006,agegroup_yearsall,sex_fmle,13.54121
jpn,2006,agegroup_yearsall,sex_mle,35.06657
jpn,2007,agegroup_yearsall,sex_btsx,25.18944
jpn,2007,agegroup_yearsall,sex_fmle,14.16636
jpn,2007,agegroup_yearsall,sex_mle,36.66378
jpn,2008,agegroup_yearsall,sex_btsx,24.61537
jpn,2008,agegroup_yearsall,sex_fmle,13.89411
jpn,2008,agegroup_yearsall,sex_mle,35.78729
jpn,2009,agegroup_yearsall,sex_btsx,25.12402
jpn,2009,agegroup_yearsall,sex_fmle,13.74136
jpn,2009,agegroup_yearsall,sex_mle,36.99776
jpn,2010,agegroup_yearsall,sex_btsx,24.30885
jpn,2010,agegroup_yearsall,sex_fmle,13.79228
jpn,2010,agegroup_yearsall,sex_mle,35.2905
jpn,2011,agegroup_yearsall,sex_btsx,23.51967
jpn,2011,agegroup_yearsall,sex_fmle,14.2894
jpn,2011,agegroup_yearsall,sex_mle,33.16446
jpn,2012,agegroup_yearsall,sex_btsx,21.8026
jpn,2012,agegroup_yearsall,sex_fmle,12.93085
jpn,2012,agegroup_yearsall,sex_mle,31.07585
jpn,2013,agegroup_yearsall,sex_btsx,21.54294
jpn,2013,agegroup_yearsall,sex_fmle,12.909
jpn,2013,agegroup_yearsall,sex_mle,30.57068
jpn,2014,agegroup_yearsall,sex_btsx,20.23438
jpn,2014,agegroup_yearsall,sex_fmle,12.34357
jpn,2014,agegroup_yearsall,sex_mle,28.48782
jpn,2015,agegroup_yearsall,sex_btsx,19.30353
jpn,2015,agegroup_yearsall,sex_fmle,11.47148
jpn,2015,agegroup_yearsall,sex_mle,27.49656
jpn,2016,agegroup_yearsall,sex_btsx,17.67081
jpn,2016,agegroup_yearsall,sex_fmle,10.5863
jpn,2016,agegroup_yearsall,sex_mle,25.08209
jpn,2017,agegroup_yearsall,sex_btsx,17.18637
jpn,2017,agegroup_yearsall,sex_fmle,10.17251
jpn,2017,agegroup_yearsall,sex_mle,24.52494
jpn,2018,agegroup_yearsall,sex_btsx,16.87458
jpn,2018,agegroup_yearsall,sex_fmle,10.27111
jpn,2018,agegroup_yearsall,sex_mle,23.78477
jpn,2019,agegroup_years15_19,sex_btsx,7.84
jpn,2019,agegroup_years15_19,sex_fmle,5.09
jpn,2019,agegroup_years15_19,sex_mle,10.44
jpn,2019,agegroup_years15_24,sex_btsx,12.44
jpn,2019,agegroup_years15_24,sex_fmle,7.01
jpn,2019,agegroup_years15_24,sex_mle,17.59
jpn,2019,agegroup_years15_29,sex_btsx,13.51
jpn,2019,agegroup_years15_29,sex_fmle,7.59
jpn,2019,agegroup_years15_29,sex_mle,19.14
jpn,2019,agegroup_years25_34,sex_btsx,16.15
jpn,2019,agegroup_years25_34,sex_fmle,8.56
jpn,2019,agegroup_years25_34,sex_mle,23.38
jpn,2019,agegroup_years30_49,sex_btsx,16.88
jpn,2019,agegroup_years30_49,sex_fmle,8.97
jpn,2019,agegroup_years30_49,sex_mle,24.48
jpn,2019,agegroup_years35_44,sex_btsx,15.91
jpn,2019,agegroup_years35_44,sex_fmle,8.25
jpn,2019,agegroup_years35_44,sex_mle,23.27
jpn,2019,agegroup_years45_54,sex_btsx,20.27
jpn,2019,agegroup_years45_54,sex_fmle,11.62
jpn,2019,agegroup_years45_54,sex_mle,28.71
jpn,2019,agegroup_years55_64,sex_btsx,18.77
jpn,2019,agegroup_years55_64,sex_fmle,10.64
jpn,2019,agegroup_years55_64,sex_mle,26.89
jpn,2019,agegroup_years65_74,sex_btsx,16.62
jpn,2019,agegroup_years65_74,sex_fmle,11.02
jpn,2019,agegroup_years65_74,sex_mle,22.72
jpn,2019,agegroup_years75_84,sex_btsx,20.73
jpn,2019,agegroup_years75_84,sex_fmle,13.22
jpn,2019,agegroup_years75_84,sex_mle,30.66
jpn,2019,agegroup_years85plus,sex_btsx,20
jpn,2019,agegroup_years85plus,sex_fmle,10.96
jpn,2019,agegroup_years85plus,sex_mle,39.79
jpn,2019,agegroup_yearsall,sex_btsx,16.46701
jpn,2019,agegroup_yearsall,sex_fmle,9.71114
jpn,2019,agegroup_yearsall,sex_mle,23.53747
jpn,2020,agegroup_yearsall,sex_btsx,17.15891
jpn,2020,agegroup_yearsall,sex_fmle,11.11741
jpn,2020,agegroup_yearsall,sex_mle,23.48397
jpn,2021,agegroup_yearsall,sex_btsx,17.43069
jpn,2021,agegroup_yearsall,sex_fmle,11.53858
jpn,2021,agegroup_yearsall,sex_mle,23.60321
kaz,2000,agegroup_yearsall,sex_btsx,33.38664
kaz,2000,agegroup_yearsall,sex_fmle,10.37483
kaz,2000,agegroup_yearsall,sex_mle,58.99775
kaz,2001,agegroup_yearsall,sex_btsx,33.80271
kaz,2001,agegroup_yearsall,sex_fmle,10.12604
kaz,2001,agegroup_yearsall,sex_mle,60.1442
kaz,2002,agegroup_yearsall,sex_btsx,33.10754
kaz,2002,agegroup_yearsall,sex_fmle,10.24316
kaz,2002,agegroup_yearsall,sex_mle,58.53731
kaz,2003,agegroup_yearsall,sex_btsx,34.81899
kaz,2003,agegroup_yearsall,sex_fmle,10.81581
kaz,2003,agegroup_yearsall,sex_mle,61.48919
kaz,2004,agegroup_yearsall,sex_btsx,37.15552
kaz,2004,agegroup_yearsall,sex_fmle,11.68255
kaz,2004,agegroup_yearsall,sex_mle,65.40023
kaz,2005,agegroup_yearsall,sex_btsx,36.01421
kaz,2005,agegroup_yearsall,sex_fmle,11.5865
kaz,2005,agegroup_yearsall,sex_mle,63.03545
kaz,2006,agegroup_yearsall,sex_btsx,34.7599
kaz,2006,agegroup_yearsall,sex_fmle,11.56036
kaz,2006,agegroup_yearsall,sex_mle,60.36272
kaz,2007,agegroup_yearsall,sex_btsx,34.78676
kaz,2007,agegroup_yearsall,sex_fmle,11.73924
kaz,2007,agegroup_yearsall,sex_mle,60.14943
kaz,2008,agegroup_yearsall,sex_btsx,32.25034
kaz,2008,agegroup_yearsall,sex_fmle,11.4837
kaz,2008,agegroup_yearsall,sex_mle,55.00941
kaz,2009,agegroup_yearsall,sex_btsx,28.79662
kaz,2009,agegroup_yearsall,sex_fmle,10.32694
kaz,2009,agegroup_yearsall,sex_mle,48.97732
kaz,2010,agegroup_yearsall,sex_btsx,28.05307
kaz,2010,agegroup_yearsall,sex_fmle,9.93666
kaz,2010,agegroup_yearsall,sex_mle,47.83416
kaz,2011,agegroup_yearsall,sex_btsx,26.57325
kaz,2011,agegroup_yearsall,sex_fmle,9.41287
kaz,2011,agegroup_yearsall,sex_mle,45.30199
kaz,2012,agegroup_yearsall,sex_btsx,25.34302
kaz,2012,agegroup_yearsall,sex_fmle,8.98716
kaz,2012,agegroup_yearsall,sex_mle,43.18043
kaz,2013,agegroup_yearsall,sex_btsx,24.64273
kaz,2013,agegroup_yearsall,sex_fmle,8.64137
kaz,2013,agegroup_yearsall,sex_mle,42.07569
kaz,2014,agegroup_yearsall,sex_btsx,22.3735
kaz,2014,agegroup_yearsall,sex_fmle,7.69431
kaz,2014,agegroup_yearsall,sex_mle,38.34576
kaz,2015,agegroup_yearsall,sex_btsx,21.597
kaz,2015,agegroup_yearsall,sex_fmle,7.49324
kaz,2015,agegroup_yearsall,sex_mle,36.92102
kaz,2016,agegroup_yearsall,sex_btsx,19.94293
kaz,2016,agegroup_yearsall,sex_fmle,6.92279
kaz,2016,agegroup_yearsall,sex_mle,34.06707
kaz,2017,agegroup_yearsall,sex_btsx,18.87167
kaz,2017,agegroup_yearsall,sex_fmle,6.58978
kaz,2017,agegroup_yearsall,sex_mle,32.17271
kaz,2018,agegroup_yearsall,sex_btsx,18.55992
kaz,2018,agegroup_yearsall,sex_fmle,6.26536
kaz,2018,agegroup_yearsall,sex_mle,31.8124
kaz,2019,agegroup_years15_19,sex_btsx,15.35
kaz,2019,agegroup_years15_19,sex_fmle,11.4
kaz,2019,agegroup_years15_19,sex_mle,19.1
kaz,2019,agegroup_years15_24,sex_btsx,16.98
kaz,2019,agegroup_years15_24,sex_fmle,10.45
kaz,2019,agegroup_years15_24,sex_mle,23.22
kaz,2019,agegroup_years15_29,sex_btsx,17.84
kaz,2019,agegroup_years15_29,sex_fmle,8.93
kaz,2019,agegroup_years15_29,sex_mle,26.51
kaz,2019,agegroup_years25_34,sex_btsx,20.72
kaz,2019,agegroup_years25_34,sex_fmle,6.96
kaz,2019,agegroup_years25_34,sex_mle,34.7
kaz,2019,agegroup_years30_49,sex_btsx,28.07
kaz,2019,agegroup_years30_49,sex_fmle,8.54
kaz,2019,agegroup_years30_49,sex_mle,48.27
kaz,2019,agegroup_years35_44,sex_btsx,31.28
kaz,2019,agegroup_years35_44,sex_fmle,9.45
kaz,2019,agegroup_years35_44,sex_mle,53.54
kaz,2019,agegroup_years45_54,sex_btsx,26.79
kaz,2019,agegroup_years45_54,sex_fmle,7.52
kaz,2019,agegroup_years45_54,sex_mle,48.02
kaz,2019,agegroup_years55_64,sex_btsx,22.29
kaz,2019,agegroup_years55_64,sex_fmle,6.23
kaz,2019,agegroup_years55_64,sex_mle,42.24
kaz,2019,agegroup_years65_74,sex_btsx,24.11
kaz,2019,agegroup_years65_74,sex_fmle,9.23
kaz,2019,agegroup_years65_74,sex_mle,47.77
kaz,2019,agegroup_years75_84,sex_btsx,38.43
kaz,2019,agegroup_years75_84,sex_fmle,21.16
kaz,2019,agegroup_years75_84,sex_mle,76.23
kaz,2019,agegroup_years85plus,sex_btsx,111.48
kaz,2019,agegroup_years85plus,sex_fmle,62.51
kaz,2019,agegroup_years85plus,sex_mle,259.74
kaz,2019,agegroup_yearsall,sex_btsx,18.79648
kaz,2019,agegroup_yearsall,sex_fmle,6.24912
kaz,2019,agegroup_yearsall,sex_mle,32.21303
kaz,2020,agegroup_yearsall,sex_btsx,16.98852
kaz,2020,agegroup_yearsall,sex_fmle,5.66684
kaz,2020,agegroup_yearsall,sex_mle,29.00045
kaz,2021,agegroup_yearsall,sex_btsx,14.5977
kaz,2021,agegroup_yearsall,sex_fmle,5.3201
kaz,2021,agegroup_yearsall,sex_mle,24.39849
ken,2000,agegroup_yearsall,sex_btsx,4.54403
ken,2000,agegroup_yearsall,sex_fmle,2.53126
ken,2000,agegroup_yearsall,sex_mle,6.58239
ken,2001,agegroup_yearsall,sex_btsx,4.46448
ken,2001,agegroup_yearsall,sex_fmle,2.32006
ken,2001,agegroup_yearsall,sex_mle,6.63412
ken,2002,agegroup_yearsall,sex_btsx,4.74532
ken,2002,agegroup_yearsall,sex_fmle,2.31909
ken,2002,agegroup_yearsall,sex_mle,7.19793
ken,2003,agegroup_yearsall,sex_btsx,4.64424
ken,2003,agegroup_yearsall,sex_fmle,2.18097
ken,2003,agegroup_yearsall,sex_mle,7.13224
ken,2004,agegroup_yearsall,sex_btsx,4.73375
ken,2004,agegroup_yearsall,sex_fmle,2.16114
ken,2004,agegroup_yearsall,sex_mle,7.33013
ken,2005,agegroup_yearsall,sex_btsx,4.87323
ken,2005,agegroup_yearsall,sex_fmle,2.29128
ken,2005,agegroup_yearsall,sex_mle,7.47721
ken,2006,agegroup_yearsall,sex_btsx,5.01128
ken,2006,agegroup_yearsall,sex_fmle,2.52966
ken,2006,agegroup_yearsall,sex_mle,7.51257
ken,2007,agegroup_yearsall,sex_btsx,5.3267
ken,2007,agegroup_yearsall,sex_fmle,2.92148
ken,2007,agegroup_yearsall,sex_mle,7.74991
ken,2008,agegroup_yearsall,sex_btsx,5.47977
ken,2008,agegroup_yearsall,sex_fmle,3.09766
ken,2008,agegroup_yearsall,sex_mle,7.87891
ken,2009,agegroup_yearsall,sex_btsx,5.63032
ken,2009,agegroup_yearsall,sex_fmle,3.3736
ken,2009,agegroup_yearsall,sex_mle,7.90252
ken,2010,agegroup_yearsall,sex_btsx,5.88479
ken,2010,agegroup_yearsall,sex_fmle,3.72228
ken,2010,agegroup_yearsall,sex_mle,8.06169
ken,2011,agegroup_yearsall,sex_btsx,5.67291
ken,2011,agegroup_yearsall,sex_fmle,3.60334
ken,2011,agegroup_yearsall,sex_mle,7.75616
ken,2012,agegroup_yearsall,sex_btsx,5.24311
ken,2012,agegroup_yearsall,sex_fmle,3.63516
ken,2012,agegroup_yearsall,sex_mle,6.86182
ken,2013,agegroup_yearsall,sex_btsx,5.18634
ken,2013,agegroup_yearsall,sex_fmle,3.59988
ken,2013,agegroup_yearsall,sex_mle,6.78364
ken,2014,agegroup_yearsall,sex_btsx,4.70949
ken,2014,agegroup_yearsall,sex_fmle,3.55382
ken,2014,agegroup_yearsall,sex_mle,5.87335
ken,2015,agegroup_yearsall,sex_btsx,5.05755
ken,2015,agegroup_yearsall,sex_fmle,3.48972
ken,2015,agegroup_yearsall,sex_mle,6.6371
ken,2016,agegroup_yearsall,sex_btsx,4.97695
ken,2016,agegroup_yearsall,sex_fmle,3.3867
ken,2016,agegroup_yearsall,sex_mle,6.57962
ken,2017,agegroup_yearsall,sex_btsx,5.68998
ken,2017,agegroup_yearsall,sex_fmle,3.36296
ken,2017,agegroup_yearsall,sex_mle,8.0359
ken,2018,agegroup_yearsall,sex_btsx,6.52881
ken,2018,agegroup_yearsall,sex_fmle,3.55279
ken,2018,agegroup_yearsall,sex_mle,9.5305
ken,2019,agegroup_years15_19,sex_btsx,2.24
ken,2019,agegroup_years15_19,sex_fmle,1.08
ken,2019,agegroup_years15_19,sex_mle,3.4
ken,2019,agegroup_years15_24,sex_btsx,3
ken,2019,agegroup_years15_24,sex_fmle,1.18
ken,2019,agegroup_years15_24,sex_mle,4.81
ken,2019,agegroup_years15_29,sex_btsx,3.57
ken,2019,agegroup_years15_29,sex_fmle,1.64
ken,2019,agegroup_years15_29,sex_mle,5.5
ken,2019,agegroup_years25_34,sex_btsx,5.38
ken,2019,agegroup_years25_34,sex_fmle,3.46
ken,2019,agegroup_years25_34,sex_mle,7.33
ken,2019,agegroup_years30_49,sex_btsx,10.62
ken,2019,agegroup_years30_49,sex_fmle,6.23
ken,2019,agegroup_years30_49,sex_mle,15.11
ken,2019,agegroup_years35_44,sex_btsx,11.44
ken,2019,agegroup_years35_44,sex_fmle,6.92
ken,2019,agegroup_years35_44,sex_mle,16.07
ken,2019,agegroup_years45_54,sex_btsx,18.82
ken,2019,agegroup_years45_54,sex_fmle,8.97
ken,2019,agegroup_years45_54,sex_mle,29.08
ken,2019,agegroup_years55_64,sex_btsx,23.78
ken,2019,agegroup_years55_64,sex_fmle,9.54
ken,2019,agegroup_years55_64,sex_mle,39.84
ken,2019,agegroup_years65_74,sex_btsx,35.81
ken,2019,agegroup_years65_74,sex_fmle,15.87
ken,2019,agegroup_years65_74,sex_mle,61.7
ken,2019,agegroup_years75_84,sex_btsx,58.84
ken,2019,agegroup_years75_84,sex_fmle,27.26
ken,2019,agegroup_years75_84,sex_mle,109.64
ken,2019,agegroup_years85plus,sex_btsx,158.52
ken,2019,agegroup_years85plus,sex_fmle,67.67
ken,2019,agegroup_years85plus,sex_mle,345.29
ken,2019,agegroup_yearsall,sex_btsx,6.45365
ken,2019,agegroup_yearsall,sex_fmle,3.4836
ken,2019,agegroup_yearsall,sex_mle,9.45074
ken,2020,agegroup_yearsall,sex_btsx,5.59437
ken,2020,agegroup_yearsall,sex_fmle,2.82161
ken,2020,agegroup_yearsall,sex_mle,8.39382
ken,2021,agegroup_yearsall,sex_btsx,4.58158
ken,2021,agegroup_yearsall,sex_fmle,2.49071
ken,2021,agegroup_yearsall,sex_mle,6.694
kgz,2000,agegroup_yearsall,sex_btsx,13.44558
kgz,2000,agegroup_yearsall,sex_fmle,5.25909
kgz,2000,agegroup_yearsall,sex_mle,22.4949
kgz,2001,agegroup_yearsall,sex_btsx,13.03667
kgz,2001,agegroup_yearsall,sex_fmle,4.73775
kgz,2001,agegroup_yearsall,sex_mle,22.16781
kgz,2002,agegroup_yearsall,sex_btsx,13.31831
kgz,2002,agegroup_yearsall,sex_fmle,5.23235
kgz,2002,agegroup_yearsall,sex_mle,22.17202
kgz,2003,agegroup_yearsall,sex_btsx,12.71773
kgz,2003,agegroup_yearsall,sex_fmle,5.16993
kgz,2003,agegroup_yearsall,sex_mle,20.9396
kgz,2004,agegroup_yearsall,sex_btsx,12.3214
kgz,2004,agegroup_yearsall,sex_fmle,5.03373
kgz,2004,agegroup_yearsall,sex_mle,20.21753
kgz,2005,agegroup_yearsall,sex_btsx,12.46127
kgz,2005,agegroup_yearsall,sex_fmle,5.10425
kgz,2005,agegroup_yearsall,sex_mle,20.38802
kgz,2006,agegroup_yearsall,sex_btsx,12.17201
kgz,2006,agegroup_yearsall,sex_fmle,4.96567
kgz,2006,agegroup_yearsall,sex_mle,19.8583
kgz,2007,agegroup_yearsall,sex_btsx,11.92012
kgz,2007,agegroup_yearsall,sex_fmle,5.01905
kgz,2007,agegroup_yearsall,sex_mle,19.17724
kgz,2008,agegroup_yearsall,sex_btsx,11.57743
kgz,2008,agegroup_yearsall,sex_fmle,4.70904
kgz,2008,agegroup_yearsall,sex_mle,18.70171
kgz,2009,agegroup_yearsall,sex_btsx,11.41565
kgz,2009,agegroup_yearsall,sex_fmle,4.86164
kgz,2009,agegroup_yearsall,sex_mle,18.16046
kgz,2010,agegroup_yearsall,sex_btsx,11.32188
kgz,2010,agegroup_yearsall,sex_fmle,4.73151
kgz,2010,agegroup_yearsall,sex_mle,18.08741
kgz,2011,agegroup_yearsall,sex_btsx,11.4672
kgz,2011,agegroup_yearsall,sex_fmle,5.00193
kgz,2011,agegroup_yearsall,sex_mle,18.08315
kgz,2012,agegroup_yearsall,sex_btsx,11.23081
kgz,2012,agegroup_yearsall,sex_fmle,4.70127
kgz,2012,agegroup_yearsall,sex_mle,17.88641
kgz,2013,agegroup_yearsall,sex_btsx,10.44516
kgz,2013,agegroup_yearsall,sex_fmle,4.21902
kgz,2013,agegroup_yearsall,sex_mle,16.77005
kgz,2014,agegroup_yearsall,sex_btsx,10.11166
kgz,2014,agegroup_yearsall,sex_fmle,4.23851
kgz,2014,agegroup_yearsall,sex_mle,16.06308
kgz,2015,agegroup_yearsall,sex_btsx,10.02129
kgz,2015,agegroup_yearsall,sex_fmle,4.19965
kgz,2015,agegroup_yearsall,sex_mle,15.91185
kgz,2016,agegroup_yearsall,sex_btsx,9.04868
kgz,2016,agegroup_yearsall,sex_fmle,4.14802
kgz,2016,agegroup_yearsall,sex_mle,14.01012
kgz,2017,agegroup_yearsall,sex_btsx,9.07566
kgz,2017,agegroup_yearsall,sex_fmle,3.88108
kgz,2017,agegroup_yearsall,sex_mle,14.34927
kgz,2018,agegroup_yearsall,sex_btsx,8.82454
kgz,2018,agegroup_yearsall,sex_fmle,4.03881
kgz,2018,agegroup_yearsall,sex_mle,13.6964
kgz,2019,agegroup_years15_19,sex_btsx,10.04
kgz,2019,agegroup_years15_19,sex_fmle,7.34
kgz,2019,agegroup_years15_19,sex_mle,12.64
kgz,2019,agegroup_years15_24,sex_btsx,9.52
kgz,2019,agegroup_years15_24,sex_fmle,5.95
kgz,2019,agegroup_years15_24,sex_mle,12.96
kgz,2019,agegroup_years15_29,sex_btsx,9.08
kgz,2019,agegroup_years15_29,sex_fmle,4.94
kgz,2019,agegroup_years15_29,sex_mle,13.08
kgz,2019,agegroup_years25_34,sex_btsx,7.72
kgz,2019,agegroup_years25_34,sex_fmle,2.69
kgz,2019,agegroup_years25_34,sex_mle,12.69
kgz,2019,agegroup_years30_49,sex_btsx,11.46
kgz,2019,agegroup_years30_49,sex_fmle,3.71
kgz,2019,agegroup_years30_49,sex_mle,19.35
kgz,2019,agegroup_years35_44,sex_btsx,14.05
kgz,2019,agegroup_years35_44,sex_fmle,4.73
kgz,2019,agegroup_years35_44,sex_mle,23.43
kgz,2019,agegroup_years45_54,sex_btsx,11.63
kgz,2019,agegroup_years45_54,sex_fmle,3.5
kgz,2019,agegroup_years45_54,sex_mle,20.45
kgz,2019,agegroup_years55_64,sex_btsx,9.84
kgz,2019,agegroup_years55_64,sex_fmle,3.9
kgz,2019,agegroup_years55_64,sex_mle,16.92
kgz,2019,agegroup_years65_74,sex_btsx,11.34
kgz,2019,agegroup_years65_74,sex_fmle,5.28
kgz,2019,agegroup_years65_74,sex_mle,20.09
kgz,2019,agegroup_years75_84,sex_btsx,16.36
kgz,2019,agegroup_years75_84,sex_fmle,10.82
kgz,2019,agegroup_years75_84,sex_mle,28
kgz,2019,agegroup_years85plus,sex_btsx,29.83
kgz,2019,agegroup_years85plus,sex_fmle,21.35
kgz,2019,agegroup_years85plus,sex_mle,52.76
kgz,2019,agegroup_yearsall,sex_btsx,8.59989
kgz,2019,agegroup_yearsall,sex_fmle,3.84351
kgz,2019,agegroup_yearsall,sex_mle,13.4483
kgz,2020,agegroup_yearsall,sex_btsx,6.93339
kgz,2020,agegroup_yearsall,sex_fmle,3.1861
kgz,2020,agegroup_yearsall,sex_mle,10.75716
kgz,2021,agegroup_yearsall,sex_btsx,6.80154
kgz,2021,agegroup_yearsall,sex_fmle,3.14732
kgz,2021,agegroup_yearsall,sex_mle,10.53457
khm,2000,agegroup_yearsall,sex_btsx,4.08647
khm,2000,agegroup_yearsall,sex_fmle,3.21212
khm,2000,agegroup_yearsall,sex_mle,5.03036
khm,2001,agegroup_yearsall,sex_btsx,4.19611
khm,2001,agegroup_yearsall,sex_fmle,3.22155
khm,2001,agegroup_yearsall,sex_mle,5.24505
khm,2002,agegroup_yearsall,sex_btsx,3.90372
khm,2002,agegroup_yearsall,sex_fmle,2.90382
khm,2002,agegroup_yearsall,sex_mle,4.97688
khm,2003,agegroup_yearsall,sex_btsx,3.98017
khm,2003,agegroup_yearsall,sex_fmle,2.99888
khm,2003,agegroup_yearsall,sex_mle,5.0305
khm,2004,agegroup_yearsall,sex_btsx,4.13978
khm,2004,agegroup_yearsall,sex_fmle,3.08737
khm,2004,agegroup_yearsall,sex_mle,5.26318
khm,2005,agegroup_yearsall,sex_btsx,4.29602
khm,2005,agegroup_yearsall,sex_fmle,3.2237
khm,2005,agegroup_yearsall,sex_mle,5.43751
khm,2006,agegroup_yearsall,sex_btsx,4.36865
khm,2006,agegroup_yearsall,sex_fmle,3.22977
khm,2006,agegroup_yearsall,sex_mle,5.5774
khm,2007,agegroup_yearsall,sex_btsx,4.54371
khm,2007,agegroup_yearsall,sex_fmle,3.28
khm,2007,agegroup_yearsall,sex_mle,5.88089
khm,2008,agegroup_yearsall,sex_btsx,4.54641
khm,2008,agegroup_yearsall,sex_fmle,3.24555
khm,2008,agegroup_yearsall,sex_mle,5.9191
khm,2009,agegroup_yearsall,sex_btsx,4.49409
khm,2009,agegroup_yearsall,sex_fmle,3.15485
khm,2009,agegroup_yearsall,sex_mle,5.90468
khm,2010,agegroup_yearsall,sex_btsx,4.55577
khm,2010,agegroup_yearsall,sex_fmle,3.14421
khm,2010,agegroup_yearsall,sex_mle,6.04102
khm,2011,agegroup_yearsall,sex_btsx,4.47787
khm,2011,agegroup_yearsall,sex_fmle,3.00993
khm,2011,agegroup_yearsall,sex_mle,6.02092
khm,2012,agegroup_yearsall,sex_btsx,4.55109
khm,2012,agegroup_yearsall,sex_fmle,3.04095
khm,2012,agegroup_yearsall,sex_mle,6.1371
khm,2013,agegroup_yearsall,sex_btsx,4.47434
khm,2013,agegroup_yearsall,sex_fmle,2.94415
khm,2013,agegroup_yearsall,sex_mle,6.08009
khm,2014,agegroup_yearsall,sex_btsx,4.43712
khm,2014,agegroup_yearsall,sex_fmle,2.87742
khm,2014,agegroup_yearsall,sex_mle,6.0726
khm,2015,agegroup_yearsall,sex_btsx,4.44556
khm,2015,agegroup_yearsall,sex_fmle,2.87096
khm,2015,agegroup_yearsall,sex_mle,6.09548
khm,2016,agegroup_yearsall,sex_btsx,4.45115
khm,2016,agegroup_yearsall,sex_fmle,2.8473
khm,2016,agegroup_yearsall,sex_mle,6.13046
khm,2017,agegroup_yearsall,sex_btsx,4.44295
khm,2017,agegroup_yearsall,sex_fmle,2.82271
khm,2017,agegroup_yearsall,sex_mle,6.13836
khm,2018,agegroup_yearsall,sex_btsx,4.44374
khm,2018,agegroup_yearsall,sex_fmle,2.80054
khm,2018,agegroup_yearsall,sex_mle,6.16249
khm,2019,agegroup_years15_19,sex_btsx,4.28
khm,2019,agegroup_years15_19,sex_fmle,2.73
khm,2019,agegroup_years15_19,sex_mle,5.83
khm,2019,agegroup_years15_24,sex_btsx,5.55
khm,2019,agegroup_years15_24,sex_fmle,3.13
khm,2019,agegroup_years15_24,sex_mle,7.93
khm,2019,agegroup_years15_29,sex_btsx,5.74
khm,2019,agegroup_years15_29,sex_fmle,3.15
khm,2019,agegroup_years15_29,sex_mle,8.26
khm,2019,agegroup_years25_34,sex_btsx,6.11
khm,2019,agegroup_years25_34,sex_fmle,3.16
khm,2019,agegroup_years25_34,sex_mle,9.1
khm,2019,agegroup_years30_49,sex_btsx,6.33
khm,2019,agegroup_years30_49,sex_fmle,3.25
khm,2019,agegroup_years30_49,sex_mle,9.68
khm,2019,agegroup_years35_44,sex_btsx,6.24
khm,2019,agegroup_years35_44,sex_fmle,3.11
khm,2019,agegroup_years35_44,sex_mle,9.64
khm,2019,agegroup_years45_54,sex_btsx,7.18
khm,2019,agegroup_years45_54,sex_fmle,3.97
khm,2019,agegroup_years45_54,sex_mle,10.79
khm,2019,agegroup_years55_64,sex_btsx,9.71
khm,2019,agegroup_years55_64,sex_fmle,5.71
khm,2019,agegroup_years55_64,sex_mle,15.19
khm,2019,agegroup_years65_74,sex_btsx,13.77
khm,2019,agegroup_years65_74,sex_fmle,8.28
khm,2019,agegroup_years65_74,sex_mle,21.98
khm,2019,agegroup_years75_84,sex_btsx,12.4
khm,2019,agegroup_years75_84,sex_fmle,7.14
khm,2019,agegroup_years75_84,sex_mle,20.81
khm,2019,agegroup_years85plus,sex_btsx,21.62
khm,2019,agegroup_years85plus,sex_fmle,14.82
khm,2019,agegroup_years85plus,sex_mle,32.88
khm,2019,agegroup_yearsall,sex_btsx,4.46227
khm,2019,agegroup_yearsall,sex_fmle,2.7872
khm,2019,agegroup_yearsall,sex_mle,6.21354
khm,2020,agegroup_yearsall,sex_btsx,4.33209
khm,2020,agegroup_yearsall,sex_fmle,2.66706
khm,2020,agegroup_yearsall,sex_mle,6.07125
khm,2021,agegroup_yearsall,sex_btsx,4.49979
khm,2021,agegroup_yearsall,sex_fmle,2.74004
khm,2021,agegroup_yearsall,sex_mle,6.33591
kir,2000,agegroup_yearsall,sex_btsx,19.07996
kir,2000,agegroup_yearsall,sex_fmle,6.07358
kir,2000,agegroup_yearsall,sex_mle,32.72886
kir,2001,agegroup_yearsall,sex_btsx,18.97331
kir,2001,agegroup_yearsall,sex_fmle,6.02342
kir,2001,agegroup_yearsall,sex_mle,32.57305
kir,2002,agegroup_yearsall,sex_btsx,18.85192
kir,2002,agegroup_yearsall,sex_fmle,6.01683
kir,2002,agegroup_yearsall,sex_mle,32.32896
kir,2003,agegroup_yearsall,sex_btsx,18.22001
kir,2003,agegroup_yearsall,sex_fmle,5.90644
kir,2003,agegroup_yearsall,sex_mle,31.13776
kir,2004,agegroup_yearsall,sex_btsx,18.29708
kir,2004,agegroup_yearsall,sex_fmle,5.92271
kir,2004,agegroup_yearsall,sex_mle,31.2765
kir,2005,agegroup_yearsall,sex_btsx,19.30058
kir,2005,agegroup_yearsall,sex_fmle,6.02327
kir,2005,agegroup_yearsall,sex_mle,33.23093
kir,2006,agegroup_yearsall,sex_btsx,18.56333
kir,2006,agegroup_yearsall,sex_fmle,5.9735
kir,2006,agegroup_yearsall,sex_mle,31.78064
kir,2007,agegroup_yearsall,sex_btsx,20.04052
kir,2007,agegroup_yearsall,sex_fmle,6.16893
kir,2007,agegroup_yearsall,sex_mle,34.61415
kir,2008,agegroup_yearsall,sex_btsx,20.67286
kir,2008,agegroup_yearsall,sex_fmle,6.26734
kir,2008,agegroup_yearsall,sex_mle,35.81317
kir,2009,agegroup_yearsall,sex_btsx,20.41029
kir,2009,agegroup_yearsall,sex_fmle,6.2692
kir,2009,agegroup_yearsall,sex_mle,35.27723
kir,2010,agegroup_yearsall,sex_btsx,20.35242
kir,2010,agegroup_yearsall,sex_fmle,6.30807
kir,2010,agegroup_yearsall,sex_mle,35.13429
kir,2011,agegroup_yearsall,sex_btsx,20.96387
kir,2011,agegroup_yearsall,sex_fmle,6.44514
kir,2011,agegroup_yearsall,sex_mle,36.28741
kir,2012,agegroup_yearsall,sex_btsx,20.4666
kir,2012,agegroup_yearsall,sex_fmle,6.36001
kir,2012,agegroup_yearsall,sex_mle,35.41251
kir,2013,agegroup_yearsall,sex_btsx,20.97559
kir,2013,agegroup_yearsall,sex_fmle,6.41329
kir,2013,agegroup_yearsall,sex_mle,36.4666
kir,2014,agegroup_yearsall,sex_btsx,20.41069
kir,2014,agegroup_yearsall,sex_fmle,6.32056
kir,2014,agegroup_yearsall,sex_mle,35.46463
kir,2015,agegroup_yearsall,sex_btsx,20.26919
kir,2015,agegroup_yearsall,sex_fmle,6.2737
kir,2015,agegroup_yearsall,sex_mle,35.27765
kir,2016,agegroup_yearsall,sex_btsx,20.71162
kir,2016,agegroup_yearsall,sex_fmle,6.25504
kir,2016,agegroup_yearsall,sex_mle,36.23995
kir,2017,agegroup_yearsall,sex_btsx,19.63335
kir,2017,agegroup_yearsall,sex_fmle,6.07671
kir,2017,agegroup_yearsall,sex_mle,34.19575
kir,2018,agegroup_yearsall,sex_btsx,19.12485
kir,2018,agegroup_yearsall,sex_fmle,5.75426
kir,2018,agegroup_yearsall,sex_mle,33.48623
kir,2019,agegroup_years15_19,sex_btsx,36
kir,2019,agegroup_years15_19,sex_fmle,19.54
kir,2019,agegroup_years15_19,sex_mle,51.93
kir,2019,agegroup_years15_24,sex_btsx,52.39
kir,2019,agegroup_years15_24,sex_fmle,17.23
kir,2019,agegroup_years15_24,sex_mle,86.87
kir,2019,agegroup_years15_29,sex_btsx,54.84
kir,2019,agegroup_years15_29,sex_fmle,17.69
kir,2019,agegroup_years15_29,sex_mle,91.5
kir,2019,agegroup_years25_34,sex_btsx,53.62
kir,2019,agegroup_years25_34,sex_fmle,14.58
kir,2019,agegroup_years25_34,sex_mle,94.19
kir,2019,agegroup_years30_49,sex_btsx,41.87
kir,2019,agegroup_years30_49,sex_fmle,8.76
kir,2019,agegroup_years30_49,sex_mle,78.2
kir,2019,agegroup_years35_44,sex_btsx,44.11
kir,2019,agegroup_years35_44,sex_fmle,8.82
kir,2019,agegroup_years35_44,sex_mle,82.83
kir,2019,agegroup_years45_54,sex_btsx,24.79
kir,2019,agegroup_years45_54,sex_fmle,7.09
kir,2019,agegroup_years45_54,sex_mle,44.8
kir,2019,agegroup_years55_64,sex_btsx,25.56
kir,2019,agegroup_years55_64,sex_fmle,10.36
kir,2019,agegroup_years55_64,sex_mle,43.07
kir,2019,agegroup_years65_74,sex_btsx,23.82
kir,2019,agegroup_years65_74,sex_fmle,10.7
kir,2019,agegroup_years65_74,sex_mle,43.62
kir,2019,agegroup_years75_84,sex_btsx,26.65
kir,2019,agegroup_years75_84,sex_fmle,16.86
kir,2019,agegroup_years75_84,sex_mle,49.09
kir,2019,agegroup_years85plus,sex_btsx,50.3
kir,2019,agegroup_years85plus,sex_fmle,21.42
kir,2019,agegroup_years85plus,sex_mle,146.55
kir,2019,agegroup_yearsall,sex_btsx,19.80322
kir,2019,agegroup_yearsall,sex_fmle,5.83755
kir,2019,agegroup_yearsall,sex_mle,34.80215
kir,2020,agegroup_yearsall,sex_btsx,18.60214
kir,2020,agegroup_yearsall,sex_fmle,5.30399
kir,2020,agegroup_yearsall,sex_mle,32.8589
kir,2021,agegroup_yearsall,sex_btsx,17.46706
kir,2021,agegroup_yearsall,sex_fmle,4.80813
kir,2021,agegroup_yearsall,sex_mle,31.00211
kor,2000,agegroup_yearsall,sex_btsx,15.06061
kor,2000,agegroup_yearsall,sex_fmle,9.28976
kor,2000,agegroup_yearsall,sex_mle,20.58806
kor,2001,agegroup_yearsall,sex_btsx,16.13849
kor,2001,agegroup_yearsall,sex_fmle,9.76751
kor,2001,agegroup_yearsall,sex_mle,22.2445
kor,2002,agegroup_yearsall,sex_btsx,19.55961
kor,2002,agegroup_yearsall,sex_fmle,12.18411
kor,2002,agegroup_yearsall,sex_mle,26.64102
kor,2003,agegroup_yearsall,sex_btsx,24.89728
kor,2003,agegroup_yearsall,sex_fmle,15.45878
kor,2003,agegroup_yearsall,sex_mle,33.97428
kor,2004,agegroup_yearsall,sex_btsx,26.20925
kor,2004,agegroup_yearsall,sex_fmle,16.3954
kor,2004,agegroup_yearsall,sex_mle,35.66174
kor,2005,agegroup_yearsall,sex_btsx,27.5784
kor,2005,agegroup_yearsall,sex_fmle,18.19244
kor,2005,agegroup_yearsall,sex_mle,36.63331
kor,2006,agegroup_yearsall,sex_btsx,24.45415
kor,2006,agegroup_yearsall,sex_fmle,15.83601
kor,2006,agegroup_yearsall,sex_mle,32.78048
kor,2007,agegroup_yearsall,sex_btsx,27.55385
kor,2007,agegroup_yearsall,sex_fmle,19.87063
kor,2007,agegroup_yearsall,sex_mle,34.98525
kor,2008,agegroup_yearsall,sex_btsx,29.28994
kor,2008,agegroup_yearsall,sex_fmle,20.61934
kor,2008,agegroup_yearsall,sex_mle,37.68475
kor,2009,agegroup_yearsall,sex_btsx,35.11739
kor,2009,agegroup_yearsall,sex_fmle,24.68145
kor,2009,agegroup_yearsall,sex_mle,45.23018
kor,2010,agegroup_yearsall,sex_btsx,34.91559
kor,2010,agegroup_yearsall,sex_fmle,23.35267
kor,2010,agegroup_yearsall,sex_mle,46.13212
kor,2011,agegroup_yearsall,sex_btsx,35.49158
kor,2011,agegroup_yearsall,sex_fmle,22.22141
kor,2011,agegroup_yearsall,sex_mle,48.40765
kor,2012,agegroup_yearsall,sex_btsx,31.01331
kor,2012,agegroup_yearsall,sex_fmle,19.71069
kor,2012,agegroup_yearsall,sex_mle,42.07329
kor,2013,agegroup_yearsall,sex_btsx,31.2071
kor,2013,agegroup_yearsall,sex_fmle,18.75333
kor,2013,agegroup_yearsall,sex_mle,43.4575
kor,2014,agegroup_yearsall,sex_btsx,29.35107
kor,2014,agegroup_yearsall,sex_fmle,17.27513
kor,2014,agegroup_yearsall,sex_mle,41.29099
kor,2015,agegroup_yearsall,sex_btsx,28.22538
kor,2015,agegroup_yearsall,sex_fmle,16.45266
kor,2015,agegroup_yearsall,sex_mle,39.92004
kor,2016,agegroup_yearsall,sex_btsx,27.05891
kor,2016,agegroup_yearsall,sex_fmle,15.86585
kor,2016,agegroup_yearsall,sex_mle,38.20907
kor,2017,agegroup_yearsall,sex_btsx,25.60603
kor,2017,agegroup_yearsall,sex_fmle,14.51538
kor,2017,agegroup_yearsall,sex_mle,36.66878
kor,2018,agegroup_yearsall,sex_btsx,28.28214
kor,2018,agegroup_yearsall,sex_fmle,15.66359
kor,2018,agegroup_yearsall,sex_mle,40.88529
kor,2019,agegroup_years15_19,sex_btsx,9.91
kor,2019,agegroup_years15_19,sex_fmle,10.97
kor,2019,agegroup_years15_19,sex_mle,8.93
kor,2019,agegroup_years15_24,sex_btsx,14.28
kor,2019,agegroup_years15_24,sex_fmle,14.53
kor,2019,agegroup_years15_24,sex_mle,14.05
kor,2019,agegroup_years15_29,sex_btsx,16.88
kor,2019,agegroup_years15_29,sex_fmle,15.47
kor,2019,agegroup_years15_29,sex_mle,18.15
kor,2019,agegroup_years25_34,sex_btsx,22.4
kor,2019,agegroup_years25_34,sex_fmle,18.25
kor,2019,agegroup_years25_34,sex_mle,26.07
kor,2019,agegroup_years30_49,sex_btsx,29.76
kor,2019,agegroup_years30_49,sex_fmle,19.2
kor,2019,agegroup_years30_49,sex_mle,39.67
kor,2019,agegroup_years35_44,sex_btsx,29.45
kor,2019,agegroup_years35_44,sex_fmle,19.41
kor,2019,agegroup_years35_44,sex_mle,38.88
kor,2019,agegroup_years45_54,sex_btsx,34.4
kor,2019,agegroup_years45_54,sex_fmle,17.41
kor,2019,agegroup_years45_54,sex_mle,51.03
kor,2019,agegroup_years55_64,sex_btsx,37.1
kor,2019,agegroup_years55_64,sex_fmle,16.14
kor,2019,agegroup_years55_64,sex_mle,58.41
kor,2019,agegroup_years65_74,sex_btsx,38.18
kor,2019,agegroup_years65_74,sex_fmle,17.89
kor,2019,agegroup_years65_74,sex_mle,60.83
kor,2019,agegroup_years75_84,sex_btsx,69.89
kor,2019,agegroup_years75_84,sex_fmle,34.62
kor,2019,agegroup_years75_84,sex_mle,122.86
kor,2019,agegroup_years85plus,sex_btsx,113.26
kor,2019,agegroup_years85plus,sex_fmle,48.04
kor,2019,agegroup_years85plus,sex_mle,289.26
kor,2019,agegroup_yearsall,sex_btsx,28.44276
kor,2019,agegroup_yearsall,sex_fmle,16.67404
kor,2019,agegroup_yearsall,sex_mle,40.21252
kor,2020,agegroup_yearsall,sex_btsx,27.15565
kor,2020,agegroup_yearsall,sex_fmle,16.77137
kor,2020,agegroup_yearsall,sex_mle,37.56063
kor,2021,agegroup_yearsall,sex_btsx,27.5297
kor,2021,agegroup_yearsall,sex_fmle,16.94111
kor,2021,agegroup_yearsall,sex_mle,38.15754
kwt,2000,agegroup_yearsall,sex_btsx,3.18976
kwt,2000,agegroup_yearsall,sex_fmle,2.50712
kwt,2000,agegroup_yearsall,sex_mle,3.67442
kwt,2001,agegroup_yearsall,sex_btsx,3.73381
kwt,2001,agegroup_yearsall,sex_fmle,3.39401
kwt,2001,agegroup_yearsall,sex_mle,3.97342
kwt,2002,agegroup_yearsall,sex_btsx,4.52096
kwt,2002,agegroup_yearsall,sex_fmle,4.076
kwt,2002,agegroup_yearsall,sex_mle,4.83261
kwt,2003,agegroup_yearsall,sex_btsx,4.0115
kwt,2003,agegroup_yearsall,sex_fmle,3.72093
kwt,2003,agegroup_yearsall,sex_mle,4.21364
kwt,2004,agegroup_yearsall,sex_btsx,3.79749
kwt,2004,agegroup_yearsall,sex_fmle,3.21701
kwt,2004,agegroup_yearsall,sex_mle,4.19851
kwt,2005,agegroup_yearsall,sex_btsx,3.40938
kwt,2005,agegroup_yearsall,sex_fmle,2.62152
kwt,2005,agegroup_yearsall,sex_mle,3.95589
kwt,2006,agegroup_yearsall,sex_btsx,2.77227
kwt,2006,agegroup_yearsall,sex_fmle,1.81685
kwt,2006,agegroup_yearsall,sex_mle,3.44729
kwt,2007,agegroup_yearsall,sex_btsx,1.51671
kwt,2007,agegroup_yearsall,sex_fmle,0.73667
kwt,2007,agegroup_yearsall,sex_mle,2.07917
kwt,2008,agegroup_yearsall,sex_btsx,1.56862
kwt,2008,agegroup_yearsall,sex_fmle,0.65658
kwt,2008,agegroup_yearsall,sex_mle,2.23828
kwt,2009,agegroup_yearsall,sex_btsx,1.44382
kwt,2009,agegroup_yearsall,sex_fmle,0.58878
kwt,2009,agegroup_yearsall,sex_mle,2.08175
kwt,2010,agegroup_yearsall,sex_btsx,1.34186
kwt,2010,agegroup_yearsall,sex_fmle,0.58847
kwt,2010,agegroup_yearsall,sex_mle,1.91175
kwt,2011,agegroup_yearsall,sex_btsx,1.12794
kwt,2011,agegroup_yearsall,sex_fmle,0.5065
kwt,2011,agegroup_yearsall,sex_mle,1.59701
kwt,2012,agegroup_yearsall,sex_btsx,1.32096
kwt,2012,agegroup_yearsall,sex_fmle,0.52392
kwt,2012,agegroup_yearsall,sex_mle,1.91479
kwt,2013,agegroup_yearsall,sex_btsx,1.35431
kwt,2013,agegroup_yearsall,sex_fmle,0.50937
kwt,2013,agegroup_yearsall,sex_mle,1.97698
kwt,2014,agegroup_yearsall,sex_btsx,1.44191
kwt,2014,agegroup_yearsall,sex_fmle,0.51234
kwt,2014,agegroup_yearsall,sex_mle,2.11369
kwt,2015,agegroup_yearsall,sex_btsx,1.91362
kwt,2015,agegroup_yearsall,sex_fmle,0.58626
kwt,2015,agegroup_yearsall,sex_mle,2.84564
kwt,2016,agegroup_yearsall,sex_btsx,1.84543
kwt,2016,agegroup_yearsall,sex_fmle,0.57956
kwt,2016,agegroup_yearsall,sex_mle,2.70228
kwt,2017,agegroup_yearsall,sex_btsx,1.89997
kwt,2017,agegroup_yearsall,sex_fmle,0.57725
kwt,2017,agegroup_yearsall,sex_mle,2.75669
kwt,2018,agegroup_yearsall,sex_btsx,1.81291
kwt,2018,agegroup_yearsall,sex_fmle,0.54194
kwt,2018,agegroup_yearsall,sex_mle,2.60609
kwt,2019,agegroup_years15_19,sex_btsx,1.51
kwt,2019,agegroup_years15_19,sex_fmle,0.51
kwt,2019,agegroup_years15_19,sex_mle,2.35
kwt,2019,agegroup_years15_24,sex_btsx,2.15
kwt,2019,agegroup_years15_24,sex_fmle,0.72
kwt,2019,agegroup_years15_24,sex_mle,3.32
kwt,2019,agegroup_years15_29,sex_btsx,2.6
kwt,2019,agegroup_years15_29,sex_fmle,0.9
kwt,2019,agegroup_years15_29,sex_mle,3.86
kwt,2019,agegroup_years25_34,sex_btsx,3.44
kwt,2019,agegroup_years25_34,sex_fmle,1.18
kwt,2019,agegroup_years25_34,sex_mle,4.87
kwt,2019,agegroup_years30_49,sex_btsx,4.01
kwt,2019,agegroup_years30_49,sex_fmle,1.08
kwt,2019,agegroup_years30_49,sex_mle,5.68
kwt,2019,agegroup_years35_44,sex_btsx,4.18
kwt,2019,agegroup_years35_44,sex_fmle,1.18
kwt,2019,agegroup_years35_44,sex_mle,5.81
kwt,2019,agegroup_years45_54,sex_btsx,3.99
kwt,2019,agegroup_years45_54,sex_fmle,0.76
kwt,2019,agegroup_years45_54,sex_mle,5.76
kwt,2019,agegroup_years55_64,sex_btsx,3.78
kwt,2019,agegroup_years55_64,sex_fmle,0.73
kwt,2019,agegroup_years55_64,sex_mle,5.28
kwt,2019,agegroup_years65_74,sex_btsx,3.88
kwt,2019,agegroup_years65_74,sex_fmle,1.03
kwt,2019,agegroup_years65_74,sex_mle,5.55
kwt,2019,agegroup_years75_84,sex_btsx,4.8
kwt,2019,agegroup_years75_84,sex_fmle,1.24
kwt,2019,agegroup_years75_84,sex_mle,7.34
kwt,2019,agegroup_years85plus,sex_btsx,22.04
kwt,2019,agegroup_years85plus,sex_fmle,6.14
kwt,2019,agegroup_years85plus,sex_mle,35.41
kwt,2019,agegroup_yearsall,sex_btsx,1.89963
kwt,2019,agegroup_yearsall,sex_fmle,0.54553
kwt,2019,agegroup_yearsall,sex_mle,2.74083
kwt,2020,agegroup_yearsall,sex_btsx,2.19277
kwt,2020,agegroup_yearsall,sex_fmle,0.26857
kwt,2020,agegroup_yearsall,sex_mle,3.42609
kwt,2021,agegroup_yearsall,sex_btsx,2.30511
kwt,2021,agegroup_yearsall,sex_fmle,0.34356
kwt,2021,agegroup_yearsall,sex_mle,3.57714
lao,2000,agegroup_yearsall,sex_btsx,5.70002
lao,2000,agegroup_yearsall,sex_fmle,3.39111
lao,2000,agegroup_yearsall,sex_mle,7.97504
lao,2001,agegroup_yearsall,sex_btsx,5.66562
lao,2001,agegroup_yearsall,sex_fmle,3.39917
lao,2001,agegroup_yearsall,sex_mle,7.89807
lao,2002,agegroup_yearsall,sex_btsx,5.42914
lao,2002,agegroup_yearsall,sex_fmle,3.27183
lao,2002,agegroup_yearsall,sex_mle,7.55366
lao,2003,agegroup_yearsall,sex_btsx,5.09066
lao,2003,agegroup_yearsall,sex_fmle,3.15482
lao,2003,agegroup_yearsall,sex_mle,6.99705
lao,2004,agegroup_yearsall,sex_btsx,4.98093
lao,2004,agegroup_yearsall,sex_fmle,3.02656
lao,2004,agegroup_yearsall,sex_mle,6.90591
lao,2005,agegroup_yearsall,sex_btsx,5.21331
lao,2005,agegroup_yearsall,sex_fmle,3.14452
lao,2005,agegroup_yearsall,sex_mle,7.25165
lao,2006,agegroup_yearsall,sex_btsx,5.09114
lao,2006,agegroup_yearsall,sex_fmle,3.04089
lao,2006,agegroup_yearsall,sex_mle,7.112
lao,2007,agegroup_yearsall,sex_btsx,4.84629
lao,2007,agegroup_yearsall,sex_fmle,2.92069
lao,2007,agegroup_yearsall,sex_mle,6.74505
lao,2008,agegroup_yearsall,sex_btsx,5.14924
lao,2008,agegroup_yearsall,sex_fmle,3.12017
lao,2008,agegroup_yearsall,sex_mle,7.15081
lao,2009,agegroup_yearsall,sex_btsx,4.99949
lao,2009,agegroup_yearsall,sex_fmle,3.00095
lao,2009,agegroup_yearsall,sex_mle,6.97157
lao,2010,agegroup_yearsall,sex_btsx,4.95592
lao,2010,agegroup_yearsall,sex_fmle,3.00807
lao,2010,agegroup_yearsall,sex_mle,6.87848
lao,2011,agegroup_yearsall,sex_btsx,4.87394
lao,2011,agegroup_yearsall,sex_fmle,2.97163
lao,2011,agegroup_yearsall,sex_mle,6.75194
lao,2012,agegroup_yearsall,sex_btsx,4.80878
lao,2012,agegroup_yearsall,sex_fmle,2.93421
lao,2012,agegroup_yearsall,sex_mle,6.65966
lao,2013,agegroup_yearsall,sex_btsx,4.74933
lao,2013,agegroup_yearsall,sex_fmle,2.86728
lao,2013,agegroup_yearsall,sex_mle,6.60781
lao,2014,agegroup_yearsall,sex_btsx,4.77934
lao,2014,agegroup_yearsall,sex_fmle,2.89292
lao,2014,agegroup_yearsall,sex_mle,6.64234
lao,2015,agegroup_yearsall,sex_btsx,4.68867
lao,2015,agegroup_yearsall,sex_fmle,2.81665
lao,2015,agegroup_yearsall,sex_mle,6.53769
lao,2016,agegroup_yearsall,sex_btsx,4.63148
lao,2016,agegroup_yearsall,sex_fmle,2.77332
lao,2016,agegroup_yearsall,sex_mle,6.46712
lao,2017,agegroup_yearsall,sex_btsx,4.5775
lao,2017,agegroup_yearsall,sex_fmle,2.73667
lao,2017,agegroup_yearsall,sex_mle,6.39636
lao,2018,agegroup_yearsall,sex_btsx,4.57256
lao,2018,agegroup_yearsall,sex_fmle,2.72527
lao,2018,agegroup_yearsall,sex_mle,6.39815
lao,2019,agegroup_years15_19,sex_btsx,5.97
lao,2019,agegroup_years15_19,sex_fmle,4.65
lao,2019,agegroup_years15_19,sex_mle,7.26
lao,2019,agegroup_years15_24,sex_btsx,7.63
lao,2019,agegroup_years15_24,sex_fmle,5.14
lao,2019,agegroup_years15_24,sex_mle,10.07
lao,2019,agegroup_years15_29,sex_btsx,7.77
lao,2019,agegroup_years15_29,sex_fmle,4.92
lao,2019,agegroup_years15_29,sex_mle,10.56
lao,2019,agegroup_years25_34,sex_btsx,8.16
lao,2019,agegroup_years25_34,sex_fmle,4.48
lao,2019,agegroup_years25_34,sex_mle,11.79
lao,2019,agegroup_years30_49,sex_btsx,7.45
lao,2019,agegroup_years30_49,sex_fmle,4.06
lao,2019,agegroup_years30_49,sex_mle,10.83
lao,2019,agegroup_years35_44,sex_btsx,7.09
lao,2019,agegroup_years35_44,sex_fmle,3.95
lao,2019,agegroup_years35_44,sex_mle,10.24
lao,2019,agegroup_years45_54,sex_btsx,7.01
lao,2019,agegroup_years45_54,sex_fmle,3.67
lao,2019,agegroup_years45_54,sex_mle,10.36
lao,2019,agegroup_years55_64,sex_btsx,7.94
lao,2019,agegroup_years55_64,sex_fmle,4.03
lao,2019,agegroup_years55_64,sex_mle,11.85
lao,2019,agegroup_years65_74,sex_btsx,9.6
lao,2019,agegroup_years65_74,sex_fmle,5.22
lao,2019,agegroup_years65_74,sex_mle,14.84
lao,2019,agegroup_years75_84,sex_btsx,11.09
lao,2019,agegroup_years75_84,sex_fmle,5.75
lao,2019,agegroup_years75_84,sex_mle,18.47
lao,2019,agegroup_years85plus,sex_btsx,24.72
lao,2019,agegroup_years85plus,sex_fmle,12.99
lao,2019,agegroup_years85plus,sex_mle,44.02
lao,2019,agegroup_yearsall,sex_btsx,4.55274
lao,2019,agegroup_yearsall,sex_fmle,2.68652
lao,2019,agegroup_yearsall,sex_mle,6.39743
lao,2020,agegroup_yearsall,sex_btsx,3.96366
lao,2020,agegroup_yearsall,sex_fmle,2.36985
lao,2020,agegroup_yearsall,sex_mle,5.53982
lao,2021,agegroup_yearsall,sex_btsx,4.57814
lao,2021,agegroup_yearsall,sex_fmle,2.58675
lao,2021,agegroup_yearsall,sex_mle,6.54841
lbn,2000,agegroup_yearsall,sex_btsx,0.94389
lbn,2000,agegroup_yearsall,sex_fmle,0.94235
lbn,2000,agegroup_yearsall,sex_mle,0.94547
lbn,2001,agegroup_yearsall,sex_btsx,0.91104
lbn,2001,agegroup_yearsall,sex_fmle,0.89822
lbn,2001,agegroup_yearsall,sex_mle,0.92405
lbn,2002,agegroup_yearsall,sex_btsx,0.88597
lbn,2002,agegroup_yearsall,sex_fmle,0.85282
lbn,2002,agegroup_yearsall,sex_mle,0.91956
lbn,2003,agegroup_yearsall,sex_btsx,0.87477
lbn,2003,agegroup_yearsall,sex_fmle,0.83484
lbn,2003,agegroup_yearsall,sex_mle,0.91522
lbn,2004,agegroup_yearsall,sex_btsx,0.86348
lbn,2004,agegroup_yearsall,sex_fmle,0.79285
lbn,2004,agegroup_yearsall,sex_mle,0.93499
lbn,2005,agegroup_yearsall,sex_btsx,0.86506
lbn,2005,agegroup_yearsall,sex_fmle,0.77728
lbn,2005,agegroup_yearsall,sex_mle,0.95388
lbn,2006,agegroup_yearsall,sex_btsx,0.86011
lbn,2006,agegroup_yearsall,sex_fmle,0.7641
lbn,2006,agegroup_yearsall,sex_mle,0.95723
lbn,2007,agegroup_yearsall,sex_btsx,0.8509
lbn,2007,agegroup_yearsall,sex_fmle,0.72521
lbn,2007,agegroup_yearsall,sex_mle,0.97804
lbn,2008,agegroup_yearsall,sex_btsx,0.84901
lbn,2008,agegroup_yearsall,sex_fmle,0.70796
lbn,2008,agegroup_yearsall,sex_mle,0.99166
lbn,2009,agegroup_yearsall,sex_btsx,0.84198
lbn,2009,agegroup_yearsall,sex_fmle,0.68707
lbn,2009,agegroup_yearsall,sex_mle,0.99859
lbn,2010,agegroup_yearsall,sex_btsx,0.83513
lbn,2010,agegroup_yearsall,sex_fmle,0.67082
lbn,2010,agegroup_yearsall,sex_mle,1.00115
lbn,2011,agegroup_yearsall,sex_btsx,0.84316
lbn,2011,agegroup_yearsall,sex_fmle,0.66359
lbn,2011,agegroup_yearsall,sex_mle,1.02448
lbn,2012,agegroup_yearsall,sex_btsx,0.84812
lbn,2012,agegroup_yearsall,sex_fmle,0.66072
lbn,2012,agegroup_yearsall,sex_mle,1.03721
lbn,2013,agegroup_yearsall,sex_btsx,0.85214
lbn,2013,agegroup_yearsall,sex_fmle,0.6585
lbn,2013,agegroup_yearsall,sex_mle,1.04739
lbn,2014,agegroup_yearsall,sex_btsx,0.83294
lbn,2014,agegroup_yearsall,sex_fmle,0.63457
lbn,2014,agegroup_yearsall,sex_mle,1.03279
lbn,2015,agegroup_yearsall,sex_btsx,0.81188
lbn,2015,agegroup_yearsall,sex_fmle,0.61895
lbn,2015,agegroup_yearsall,sex_mle,1.00699
lbn,2016,agegroup_yearsall,sex_btsx,0.75896
lbn,2016,agegroup_yearsall,sex_fmle,0.57584
lbn,2016,agegroup_yearsall,sex_mle,0.94579
lbn,2017,agegroup_yearsall,sex_btsx,0.74275
lbn,2017,agegroup_yearsall,sex_fmle,0.56912
lbn,2017,agegroup_yearsall,sex_mle,0.92162
lbn,2018,agegroup_yearsall,sex_btsx,0.69677
lbn,2018,agegroup_yearsall,sex_fmle,0.5246
lbn,2018,agegroup_yearsall,sex_mle,0.87598
lbn,2019,agegroup_years15_19,sex_btsx,2.76
lbn,2019,agegroup_years15_19,sex_fmle,2.08
lbn,2019,agegroup_years15_19,sex_mle,3.42
lbn,2019,agegroup_years15_24,sex_btsx,3.6
lbn,2019,agegroup_years15_24,sex_fmle,2.43
lbn,2019,agegroup_years15_24,sex_mle,4.78
lbn,2019,agegroup_years15_29,sex_btsx,3.81
lbn,2019,agegroup_years15_29,sex_fmle,2.51
lbn,2019,agegroup_years15_29,sex_mle,5.15
lbn,2019,agegroup_years25_34,sex_btsx,3.95
lbn,2019,agegroup_years25_34,sex_fmle,2.56
lbn,2019,agegroup_years25_34,sex_mle,5.54
lbn,2019,agegroup_years30_49,sex_btsx,3.35
lbn,2019,agegroup_years30_49,sex_fmle,2.15
lbn,2019,agegroup_years30_49,sex_mle,4.63
lbn,2019,agegroup_years35_44,sex_btsx,3.34
lbn,2019,agegroup_years35_44,sex_fmle,2.2
lbn,2019,agegroup_years35_44,sex_mle,4.55
lbn,2019,agegroup_years45_54,sex_btsx,3.1
lbn,2019,agegroup_years45_54,sex_fmle,1.52
lbn,2019,agegroup_years45_54,sex_mle,4.49
lbn,2019,agegroup_years55_64,sex_btsx,3.74
lbn,2019,agegroup_years55_64,sex_fmle,1.71
lbn,2019,agegroup_years55_64,sex_mle,5.32
lbn,2019,agegroup_years65_74,sex_btsx,4.42
lbn,2019,agegroup_years65_74,sex_fmle,2.43
lbn,2019,agegroup_years65_74,sex_mle,6.65
lbn,2019,agegroup_years75_84,sex_btsx,5.22
lbn,2019,agegroup_years75_84,sex_fmle,2.86
lbn,2019,agegroup_years75_84,sex_mle,8.08
lbn,2019,agegroup_years85plus,sex_btsx,9.08
lbn,2019,agegroup_years85plus,sex_fmle,4.9
lbn,2019,agegroup_years85plus,sex_mle,15.97
lbn,2019,agegroup_yearsall,sex_btsx,0.69501
lbn,2019,agegroup_yearsall,sex_fmle,0.51422
lbn,2019,agegroup_yearsall,sex_mle,0.88531
lbn,2020,agegroup_yearsall,sex_btsx,0.79036
lbn,2020,agegroup_yearsall,sex_fmle,0.62071
lbn,2020,agegroup_yearsall,sex_mle,0.96995
lbn,2021,agegroup_yearsall,sex_btsx,0.70191
lbn,2021,agegroup_yearsall,sex_fmle,0.55336
lbn,2021,agegroup_yearsall,sex_mle,0.85915
lbr,2000,agegroup_yearsall,sex_btsx,5.10193
lbr,2000,agegroup_yearsall,sex_fmle,3.35771
lbr,2000,agegroup_yearsall,sex_mle,6.87934
lbr,2001,agegroup_yearsall,sex_btsx,4.98547
lbr,2001,agegroup_yearsall,sex_fmle,3.28833
lbr,2001,agegroup_yearsall,sex_mle,6.71432
lbr,2002,agegroup_yearsall,sex_btsx,5.21139
lbr,2002,agegroup_yearsall,sex_fmle,3.47562
lbr,2002,agegroup_yearsall,sex_mle,6.97876
lbr,2003,agegroup_yearsall,sex_btsx,4.87203
lbr,2003,agegroup_yearsall,sex_fmle,3.22735
lbr,2003,agegroup_yearsall,sex_mle,6.54648
lbr,2004,agegroup_yearsall,sex_btsx,5.22903
lbr,2004,agegroup_yearsall,sex_fmle,3.65017
lbr,2004,agegroup_yearsall,sex_mle,6.83614
lbr,2005,agegroup_yearsall,sex_btsx,4.9542
lbr,2005,agegroup_yearsall,sex_fmle,3.47889
lbr,2005,agegroup_yearsall,sex_mle,6.45485
lbr,2006,agegroup_yearsall,sex_btsx,5.07396
lbr,2006,agegroup_yearsall,sex_fmle,3.51886
lbr,2006,agegroup_yearsall,sex_mle,6.6546
lbr,2007,agegroup_yearsall,sex_btsx,5.07413
lbr,2007,agegroup_yearsall,sex_fmle,3.51166
lbr,2007,agegroup_yearsall,sex_mle,6.66104
lbr,2008,agegroup_yearsall,sex_btsx,5.18836
lbr,2008,agegroup_yearsall,sex_fmle,3.67737
lbr,2008,agegroup_yearsall,sex_mle,6.72175
lbr,2009,agegroup_yearsall,sex_btsx,5.48844
lbr,2009,agegroup_yearsall,sex_fmle,3.87926
lbr,2009,agegroup_yearsall,sex_mle,7.12017
lbr,2010,agegroup_yearsall,sex_btsx,5.79656
lbr,2010,agegroup_yearsall,sex_fmle,4.1224
lbr,2010,agegroup_yearsall,sex_mle,7.49288
lbr,2011,agegroup_yearsall,sex_btsx,6.13353
lbr,2011,agegroup_yearsall,sex_fmle,4.33359
lbr,2011,agegroup_yearsall,sex_mle,7.95554
lbr,2012,agegroup_yearsall,sex_btsx,6.02234
lbr,2012,agegroup_yearsall,sex_fmle,4.16073
lbr,2012,agegroup_yearsall,sex_mle,7.90498
lbr,2013,agegroup_yearsall,sex_btsx,5.87555
lbr,2013,agegroup_yearsall,sex_fmle,4.10224
lbr,2013,agegroup_yearsall,sex_mle,7.66742
lbr,2014,agegroup_yearsall,sex_btsx,5.75231
lbr,2014,agegroup_yearsall,sex_fmle,3.79817
lbr,2014,agegroup_yearsall,sex_mle,7.72539
lbr,2015,agegroup_yearsall,sex_btsx,5.79848
lbr,2015,agegroup_yearsall,sex_fmle,4.01918
lbr,2015,agegroup_yearsall,sex_mle,7.59365
lbr,2016,agegroup_yearsall,sex_btsx,5.82739
lbr,2016,agegroup_yearsall,sex_fmle,4.138
lbr,2016,agegroup_yearsall,sex_mle,7.53058
lbr,2017,agegroup_yearsall,sex_btsx,5.95319
lbr,2017,agegroup_yearsall,sex_fmle,4.27067
lbr,2017,agegroup_yearsall,sex_mle,7.64823
lbr,2018,agegroup_yearsall,sex_btsx,5.87288
lbr,2018,agegroup_yearsall,sex_fmle,4.10292
lbr,2018,agegroup_yearsall,sex_mle,7.65477
lbr,2019,agegroup_years15_19,sex_btsx,2.19
lbr,2019,agegroup_years15_19,sex_fmle,1.5
lbr,2019,agegroup_years15_19,sex_mle,2.87
lbr,2019,agegroup_years15_24,sex_btsx,2.92
lbr,2019,agegroup_years15_24,sex_fmle,1.81
lbr,2019,agegroup_years15_24,sex_mle,4
lbr,2019,agegroup_years15_29,sex_btsx,3.32
lbr,2019,agegroup_years15_29,sex_fmle,1.93
lbr,2019,agegroup_years15_29,sex_mle,4.67
lbr,2019,agegroup_years25_34,sex_btsx,4.49
lbr,2019,agegroup_years25_34,sex_fmle,2.25
lbr,2019,agegroup_years25_34,sex_mle,6.7
lbr,2019,agegroup_years30_49,sex_btsx,5.91
lbr,2019,agegroup_years30_49,sex_fmle,3.28
lbr,2019,agegroup_years30_49,sex_mle,8.51
lbr,2019,agegroup_years35_44,sex_btsx,5.86
lbr,2019,agegroup_years35_44,sex_fmle,3.24
lbr,2019,agegroup_years35_44,sex_mle,8.46
lbr,2019,agegroup_years45_54,sex_btsx,9.12
lbr,2019,agegroup_years45_54,sex_fmle,5.84
lbr,2019,agegroup_years45_54,sex_mle,12.46
lbr,2019,agegroup_years55_64,sex_btsx,14.72
lbr,2019,agegroup_years55_64,sex_fmle,14.13
lbr,2019,agegroup_years55_64,sex_mle,15.39
lbr,2019,agegroup_years65_74,sex_btsx,29.36
lbr,2019,agegroup_years65_74,sex_fmle,25.25
lbr,2019,agegroup_years65_74,sex_mle,34.38
lbr,2019,agegroup_years75_84,sex_btsx,41.86
lbr,2019,agegroup_years75_84,sex_fmle,34.47
lbr,2019,agegroup_years75_84,sex_mle,51.3
lbr,2019,agegroup_years85plus,sex_btsx,132.24
lbr,2019,agegroup_years85plus,sex_fmle,101.3
lbr,2019,agegroup_years85plus,sex_mle,175.55
lbr,2019,agegroup_yearsall,sex_btsx,5.87271
lbr,2019,agegroup_yearsall,sex_fmle,3.95701
lbr,2019,agegroup_yearsall,sex_mle,7.80004
lbr,2020,agegroup_yearsall,sex_btsx,5.88944
lbr,2020,agegroup_yearsall,sex_fmle,3.84533
lbr,2020,agegroup_yearsall,sex_mle,7.94481
lbr,2021,agegroup_yearsall,sex_btsx,5.96626
lbr,2021,agegroup_yearsall,sex_fmle,3.91814
lbr,2021,agegroup_yearsall,sex_mle,8.02452
lby,2000,agegroup_yearsall,sex_btsx,4.63144
lby,2000,agegroup_yearsall,sex_fmle,2.99199
lby,2000,agegroup_yearsall,sex_mle,6.06267
lby,2001,agegroup_yearsall,sex_btsx,5.27797
lby,2001,agegroup_yearsall,sex_fmle,3.15886
lby,2001,agegroup_yearsall,sex_mle,7.15963
lby,2002,agegroup_yearsall,sex_btsx,4.82143
lby,2002,agegroup_yearsall,sex_fmle,2.94771
lby,2002,agegroup_yearsall,sex_mle,6.51289
lby,2003,agegroup_yearsall,sex_btsx,4.91389
lby,2003,agegroup_yearsall,sex_fmle,2.93557
lby,2003,agegroup_yearsall,sex_mle,6.72856
lby,2004,agegroup_yearsall,sex_btsx,4.46868
lby,2004,agegroup_yearsall,sex_fmle,2.79162
lby,2004,agegroup_yearsall,sex_mle,6.03099
lby,2005,agegroup_yearsall,sex_btsx,4.27791
lby,2005,agegroup_yearsall,sex_fmle,2.71738
lby,2005,agegroup_yearsall,sex_mle,5.75331
lby,2006,agegroup_yearsall,sex_btsx,3.63584
lby,2006,agegroup_yearsall,sex_fmle,2.50776
lby,2006,agegroup_yearsall,sex_mle,4.7102
lby,2007,agegroup_yearsall,sex_btsx,4.13919
lby,2007,agegroup_yearsall,sex_fmle,2.68541
lby,2007,agegroup_yearsall,sex_mle,5.52372
lby,2008,agegroup_yearsall,sex_btsx,4.65787
lby,2008,agegroup_yearsall,sex_fmle,2.85623
lby,2008,agegroup_yearsall,sex_mle,6.37309
lby,2009,agegroup_yearsall,sex_btsx,5.13278
lby,2009,agegroup_yearsall,sex_fmle,3.16659
lby,2009,agegroup_yearsall,sex_mle,7.00438
lby,2010,agegroup_yearsall,sex_btsx,5.22098
lby,2010,agegroup_yearsall,sex_fmle,3.24515
lby,2010,agegroup_yearsall,sex_mle,7.10212
lby,2011,agegroup_yearsall,sex_btsx,6.55494
lby,2011,agegroup_yearsall,sex_fmle,3.62837
lby,2011,agegroup_yearsall,sex_mle,9.33846
lby,2012,agegroup_yearsall,sex_btsx,4.36312
lby,2012,agegroup_yearsall,sex_fmle,2.72998
lby,2012,agegroup_yearsall,sex_mle,5.91567
lby,2013,agegroup_yearsall,sex_btsx,3.83447
lby,2013,agegroup_yearsall,sex_fmle,2.49436
lby,2013,agegroup_yearsall,sex_mle,5.11043
lby,2014,agegroup_yearsall,sex_btsx,5.74654
lby,2014,agegroup_yearsall,sex_fmle,2.99948
lby,2014,agegroup_yearsall,sex_mle,8.36711
lby,2015,agegroup_yearsall,sex_btsx,5.91996
lby,2015,agegroup_yearsall,sex_fmle,3.00069
lby,2015,agegroup_yearsall,sex_mle,8.71154
lby,2016,agegroup_yearsall,sex_btsx,5.61871
lby,2016,agegroup_yearsall,sex_fmle,3.07623
lby,2016,agegroup_yearsall,sex_mle,8.05599
lby,2017,agegroup_yearsall,sex_btsx,6.28815
lby,2017,agegroup_yearsall,sex_fmle,3.33271
lby,2017,agegroup_yearsall,sex_mle,9.1256
lby,2018,agegroup_yearsall,sex_btsx,6.4872
lby,2018,agegroup_yearsall,sex_fmle,3.39655
lby,2018,agegroup_yearsall,sex_mle,9.45676
lby,2019,agegroup_years15_19,sex_btsx,3.1
lby,2019,agegroup_years15_19,sex_fmle,2.39
lby,2019,agegroup_years15_19,sex_mle,3.78
lby,2019,agegroup_years15_24,sex_btsx,4.05
lby,2019,agegroup_years15_24,sex_fmle,2.93
lby,2019,agegroup_years15_24,sex_mle,5.12
lby,2019,agegroup_years15_29,sex_btsx,4.84
lby,2019,agegroup_years15_29,sex_fmle,3.24
lby,2019,agegroup_years15_29,sex_mle,6.4
lby,2019,agegroup_years25_34,sex_btsx,6.6
lby,2019,agegroup_years25_34,sex_fmle,3.98
lby,2019,agegroup_years25_34,sex_mle,9.21
lby,2019,agegroup_years30_49,sex_btsx,7.38
lby,2019,agegroup_years30_49,sex_fmle,4.72
lby,2019,agegroup_years30_49,sex_mle,9.97
lby,2019,agegroup_years35_44,sex_btsx,7.7
lby,2019,agegroup_years35_44,sex_fmle,5.06
lby,2019,agegroup_years35_44,sex_mle,10.28
lby,2019,agegroup_years45_54,sex_btsx,6.69
lby,2019,agegroup_years45_54,sex_fmle,4.11
lby,2019,agegroup_years45_54,sex_mle,9.15
lby,2019,agegroup_years55_64,sex_btsx,5.34
lby,2019,agegroup_years55_64,sex_fmle,3.23
lby,2019,agegroup_years55_64,sex_mle,7.6
lby,2019,agegroup_years65_74,sex_btsx,5.55
lby,2019,agegroup_years65_74,sex_fmle,3.75
lby,2019,agegroup_years65_74,sex_mle,7.62
lby,2019,agegroup_years75_84,sex_btsx,5.63
lby,2019,agegroup_years75_84,sex_fmle,3.27
lby,2019,agegroup_years75_84,sex_mle,8.62
lby,2019,agegroup_years85plus,sex_btsx,10.66
lby,2019,agegroup_years85plus,sex_fmle,5.65
lby,2019,agegroup_years85plus,sex_mle,18.54
lby,2019,agegroup_yearsall,sex_btsx,5.94651
lby,2019,agegroup_yearsall,sex_fmle,3.25938
lby,2019,agegroup_yearsall,sex_mle,8.53156
lby,2020,agegroup_yearsall,sex_btsx,4.96354
lby,2020,agegroup_yearsall,sex_fmle,2.79127
lby,2020,agegroup_yearsall,sex_mle,7.05675
lby,2021,agegroup_yearsall,sex_btsx,5.0049
lby,2021,agegroup_yearsall,sex_fmle,2.71088
lby,2021,agegroup_yearsall,sex_mle,7.21885
lca,2000,agegroup_yearsall,sex_btsx,7.28107
lca,2000,agegroup_yearsall,sex_fmle,1.81142
lca,2000,agegroup_yearsall,sex_mle,12.83088
lca,2001,agegroup_yearsall,sex_btsx,7.31416
lca,2001,agegroup_yearsall,sex_fmle,1.68102
lca,2001,agegroup_yearsall,sex_mle,13.02223
lca,2002,agegroup_yearsall,sex_btsx,6.76336
lca,2002,agegroup_yearsall,sex_fmle,1.60583
lca,2002,agegroup_yearsall,sex_mle,11.98346
lca,2003,agegroup_yearsall,sex_btsx,7.10064
lca,2003,agegroup_yearsall,sex_fmle,1.53558
lca,2003,agegroup_yearsall,sex_mle,12.72873
lca,2004,agegroup_yearsall,sex_btsx,6.61529
lca,2004,agegroup_yearsall,sex_fmle,1.4198
lca,2004,agegroup_yearsall,sex_mle,11.86533
lca,2005,agegroup_yearsall,sex_btsx,6.68321
lca,2005,agegroup_yearsall,sex_fmle,1.36735
lca,2005,agegroup_yearsall,sex_mle,12.05136
lca,2006,agegroup_yearsall,sex_btsx,6.88706
lca,2006,agegroup_yearsall,sex_fmle,1.31034
lca,2006,agegroup_yearsall,sex_mle,12.51582
lca,2007,agegroup_yearsall,sex_btsx,6.46219
lca,2007,agegroup_yearsall,sex_fmle,1.31819
lca,2007,agegroup_yearsall,sex_mle,11.64454
lca,2008,agegroup_yearsall,sex_btsx,6.50933
lca,2008,agegroup_yearsall,sex_fmle,1.36653
lca,2008,agegroup_yearsall,sex_mle,11.67302
lca,2009,agegroup_yearsall,sex_btsx,6.67189
lca,2009,agegroup_yearsall,sex_fmle,1.37543
lca,2009,agegroup_yearsall,sex_mle,11.9726
lca,2010,agegroup_yearsall,sex_btsx,7.55759
lca,2010,agegroup_yearsall,sex_fmle,1.58192
lca,2010,agegroup_yearsall,sex_mle,13.53291
lca,2011,agegroup_yearsall,sex_btsx,6.86995
lca,2011,agegroup_yearsall,sex_fmle,1.48066
lca,2011,agegroup_yearsall,sex_mle,12.26634
lca,2012,agegroup_yearsall,sex_btsx,8.19965
lca,2012,agegroup_yearsall,sex_fmle,1.62478
lca,2012,agegroup_yearsall,sex_mle,14.79191
lca,2013,agegroup_yearsall,sex_btsx,7.3899
lca,2013,agegroup_yearsall,sex_fmle,1.44085
lca,2013,agegroup_yearsall,sex_mle,13.36232
lca,2014,agegroup_yearsall,sex_btsx,7.44044
lca,2014,agegroup_yearsall,sex_fmle,1.28407
lca,2014,agegroup_yearsall,sex_mle,13.63027
lca,2015,agegroup_yearsall,sex_btsx,7.71562
lca,2015,agegroup_yearsall,sex_fmle,1.19084
lca,2015,agegroup_yearsall,sex_mle,14.28606
lca,2016,agegroup_yearsall,sex_btsx,7.44038
lca,2016,agegroup_yearsall,sex_fmle,1.1885
lca,2016,agegroup_yearsall,sex_mle,13.74587
lca,2017,agegroup_yearsall,sex_btsx,7.10668
lca,2017,agegroup_yearsall,sex_fmle,1.18566
lca,2017,agegroup_yearsall,sex_mle,13.08959
lca,2018,agegroup_yearsall,sex_btsx,6.93358
lca,2018,agegroup_yearsall,sex_fmle,1.18426
lca,2018,agegroup_yearsall,sex_mle,12.75446
lca,2019,agegroup_years15_19,sex_btsx,2.38
lca,2019,agegroup_years15_19,sex_fmle,0.93
lca,2019,agegroup_years15_19,sex_mle,3.82
lca,2019,agegroup_years15_24,sex_btsx,4.84
lca,2019,agegroup_years15_24,sex_fmle,1.32
lca,2019,agegroup_years15_24,sex_mle,8.34
lca,2019,agegroup_years15_29,sex_btsx,5.41
lca,2019,agegroup_years15_29,sex_fmle,1.45
lca,2019,agegroup_years15_29,sex_mle,9.37
lca,2019,agegroup_years25_34,sex_btsx,7.76
lca,2019,agegroup_years25_34,sex_fmle,1.75
lca,2019,agegroup_years25_34,sex_mle,13.91
lca,2019,agegroup_years30_49,sex_btsx,10.05
lca,2019,agegroup_years30_49,sex_fmle,2.14
lca,2019,agegroup_years30_49,sex_mle,18.45
lca,2019,agegroup_years35_44,sex_btsx,10.22
lca,2019,agegroup_years35_44,sex_fmle,2.17
lca,2019,agegroup_years35_44,sex_mle,18.72
lca,2019,agegroup_years45_54,sex_btsx,9.69
lca,2019,agegroup_years45_54,sex_fmle,2.3
lca,2019,agegroup_years45_54,sex_mle,17.63
lca,2019,agegroup_years55_64,sex_btsx,11
lca,2019,agegroup_years55_64,sex_fmle,2.17
lca,2019,agegroup_years55_64,sex_mle,20.55
lca,2019,agegroup_years65_74,sex_btsx,13.35
lca,2019,agegroup_years65_74,sex_fmle,2.67
lca,2019,agegroup_years65_74,sex_mle,24.74
lca,2019,agegroup_years75_84,sex_btsx,20.68
lca,2019,agegroup_years75_84,sex_fmle,2.64
lca,2019,agegroup_years75_84,sex_mle,40.03
lca,2019,agegroup_years85plus,sex_btsx,30.1
lca,2019,agegroup_years85plus,sex_fmle,3.36
lca,2019,agegroup_years85plus,sex_mle,56.43
lca,2019,agegroup_yearsall,sex_btsx,7.22977
lca,2019,agegroup_yearsall,sex_fmle,1.21267
lca,2019,agegroup_yearsall,sex_mle,13.33364
lca,2020,agegroup_yearsall,sex_btsx,7.33712
lca,2020,agegroup_yearsall,sex_fmle,1.21489
lca,2020,agegroup_yearsall,sex_mle,13.56178
lca,2021,agegroup_yearsall,sex_btsx,5.26623
lca,2021,agegroup_yearsall,sex_fmle,1.29234
lca,2021,agegroup_yearsall,sex_mle,9.31661
lka,2000,agegroup_yearsall,sex_btsx,38.89828
lka,2000,agegroup_yearsall,sex_fmle,15.04741
lka,2000,agegroup_yearsall,sex_mle,62.99702
lka,2001,agegroup_yearsall,sex_btsx,33.75726
lka,2001,agegroup_yearsall,sex_fmle,12.53245
lka,2001,agegroup_yearsall,sex_mle,55.25748
lka,2002,agegroup_yearsall,sex_btsx,29.9527
lka,2002,agegroup_yearsall,sex_fmle,11.62499
lka,2002,agegroup_yearsall,sex_mle,48.58701
lka,2003,agegroup_yearsall,sex_btsx,28.1905
lka,2003,agegroup_yearsall,sex_fmle,11.17394
lka,2003,agegroup_yearsall,sex_mle,45.56618
lka,2004,agegroup_yearsall,sex_btsx,25.17738
lka,2004,agegroup_yearsall,sex_fmle,10.16349
lka,2004,agegroup_yearsall,sex_mle,40.5708
lka,2005,agegroup_yearsall,sex_btsx,25.40251
lka,2005,agegroup_yearsall,sex_fmle,9.69985
lka,2005,agegroup_yearsall,sex_mle,41.56622
lka,2006,agegroup_yearsall,sex_btsx,24.14022
lka,2006,agegroup_yearsall,sex_fmle,9.01279
lka,2006,agegroup_yearsall,sex_mle,39.77569
lka,2007,agegroup_yearsall,sex_btsx,22.03011
lka,2007,agegroup_yearsall,sex_fmle,8.29173
lka,2007,agegroup_yearsall,sex_mle,36.29154
lka,2008,agegroup_yearsall,sex_btsx,21.22991
lka,2008,agegroup_yearsall,sex_fmle,7.82722
lka,2008,agegroup_yearsall,sex_mle,35.20774
lka,2009,agegroup_yearsall,sex_btsx,18.99176
lka,2009,agegroup_yearsall,sex_fmle,8.0947
lka,2009,agegroup_yearsall,sex_mle,30.41406
lka,2010,agegroup_yearsall,sex_btsx,17.33741
lka,2010,agegroup_yearsall,sex_fmle,7.5806
lka,2010,agegroup_yearsall,sex_mle,27.61497
lka,2011,agegroup_yearsall,sex_btsx,18.15215
lka,2011,agegroup_yearsall,sex_fmle,7.75563
lka,2011,agegroup_yearsall,sex_mle,29.15046
lka,2012,agegroup_yearsall,sex_btsx,17.08322
lka,2012,agegroup_yearsall,sex_fmle,7.14121
lka,2012,agegroup_yearsall,sex_mle,27.62455
lka,2013,agegroup_yearsall,sex_btsx,16.00481
lka,2013,agegroup_yearsall,sex_fmle,6.67731
lka,2013,agegroup_yearsall,sex_mle,25.89986
lka,2014,agegroup_yearsall,sex_btsx,15.02821
lka,2014,agegroup_yearsall,sex_fmle,6.29097
lka,2014,agegroup_yearsall,sex_mle,24.30216
lka,2015,agegroup_yearsall,sex_btsx,14.79542
lka,2015,agegroup_yearsall,sex_fmle,6.14414
lka,2015,agegroup_yearsall,sex_mle,23.98362
lka,2016,agegroup_yearsall,sex_btsx,15.10393
lka,2016,agegroup_yearsall,sex_fmle,6.30018
lka,2016,agegroup_yearsall,sex_mle,24.45952
lka,2017,agegroup_yearsall,sex_btsx,15.19743
lka,2017,agegroup_yearsall,sex_fmle,6.27872
lka,2017,agegroup_yearsall,sex_mle,24.68072
lka,2018,agegroup_yearsall,sex_btsx,15.4559
lka,2018,agegroup_yearsall,sex_fmle,6.30919
lka,2018,agegroup_yearsall,sex_mle,25.1874
lka,2019,agegroup_years15_19,sex_btsx,11.63
lka,2019,agegroup_years15_19,sex_fmle,11.33
lka,2019,agegroup_years15_19,sex_mle,11.94
lka,2019,agegroup_years15_24,sex_btsx,14.08
lka,2019,agegroup_years15_24,sex_fmle,12.45
lka,2019,agegroup_years15_24,sex_mle,15.72
lka,2019,agegroup_years15_29,sex_btsx,13.91
lka,2019,agegroup_years15_29,sex_fmle,10.9
lka,2019,agegroup_years15_29,sex_mle,17.03
lka,2019,agegroup_years25_34,sex_btsx,12.77
lka,2019,agegroup_years25_34,sex_fmle,7.34
lka,2019,agegroup_years25_34,sex_mle,18.91
lka,2019,agegroup_years30_49,sex_btsx,13.37
lka,2019,agegroup_years30_49,sex_fmle,6.17
lka,2019,agegroup_years30_49,sex_mle,21.35
lka,2019,agegroup_years35_44,sex_btsx,13.18
lka,2019,agegroup_years35_44,sex_fmle,6.01
lka,2019,agegroup_years35_44,sex_mle,21.11
lka,2019,agegroup_years45_54,sex_btsx,17.14
lka,2019,agegroup_years45_54,sex_fmle,5.3
lka,2019,agegroup_years45_54,sex_mle,29.65
lka,2019,agegroup_years55_64,sex_btsx,21.93
lka,2019,agegroup_years55_64,sex_fmle,5.34
lka,2019,agegroup_years55_64,sex_mle,40.83
lka,2019,agegroup_years65_74,sex_btsx,32.42
lka,2019,agegroup_years65_74,sex_fmle,9.38
lka,2019,agegroup_years65_74,sex_mle,61.63
lka,2019,agegroup_years75_84,sex_btsx,38.87
lka,2019,agegroup_years75_84,sex_fmle,12.05
lka,2019,agegroup_years75_84,sex_mle,81.06
lka,2019,agegroup_years85plus,sex_btsx,43.44
lka,2019,agegroup_years85plus,sex_fmle,15.36
lka,2019,agegroup_years85plus,sex_mle,88.92
lka,2019,agegroup_yearsall,sex_btsx,15.94353
lka,2019,agegroup_yearsall,sex_fmle,6.44168
lka,2019,agegroup_yearsall,sex_mle,26.05817
lka,2020,agegroup_yearsall,sex_btsx,12.4353
lka,2020,agegroup_yearsall,sex_fmle,5.12938
lka,2020,agegroup_yearsall,sex_mle,20.21576
lka,2021,agegroup_yearsall,sex_btsx,14.74318
lka,2021,agegroup_yearsall,sex_fmle,5.85288
lka,2021,agegroup_yearsall,sex_mle,24.21571
lso,2000,agegroup_yearsall,sex_btsx,12.67766
lso,2000,agegroup_yearsall,sex_fmle,6.86196
lso,2000,agegroup_yearsall,sex_mle,18.8202
lso,2001,agegroup_yearsall,sex_btsx,11.43311
lso,2001,agegroup_yearsall,sex_fmle,4.64331
lso,2001,agegroup_yearsall,sex_mle,18.60512
lso,2002,agegroup_yearsall,sex_btsx,12.62254
lso,2002,agegroup_yearsall,sex_fmle,5.84834
lso,2002,agegroup_yearsall,sex_mle,19.77866
lso,2003,agegroup_yearsall,sex_btsx,14.76835
lso,2003,agegroup_yearsall,sex_fmle,7.9851
lso,2003,agegroup_yearsall,sex_mle,21.93445
lso,2004,agegroup_yearsall,sex_btsx,15.533
lso,2004,agegroup_yearsall,sex_fmle,7.6407
lso,2004,agegroup_yearsall,sex_mle,23.87305
lso,2005,agegroup_yearsall,sex_btsx,17.15904
lso,2005,agegroup_yearsall,sex_fmle,9.86666
lso,2005,agegroup_yearsall,sex_mle,24.86925
lso,2006,agegroup_yearsall,sex_btsx,19.01457
lso,2006,agegroup_yearsall,sex_fmle,16.48133
lso,2006,agegroup_yearsall,sex_mle,21.69278
lso,2007,agegroup_yearsall,sex_btsx,21.38585
lso,2007,agegroup_yearsall,sex_fmle,17.1415
lso,2007,agegroup_yearsall,sex_mle,25.8729
lso,2008,agegroup_yearsall,sex_btsx,16.41876
lso,2008,agegroup_yearsall,sex_fmle,14.57558
lso,2008,agegroup_yearsall,sex_mle,18.36824
lso,2009,agegroup_yearsall,sex_btsx,15.8151
lso,2009,agegroup_yearsall,sex_fmle,13.48336
lso,2009,agegroup_yearsall,sex_mle,18.28199
lso,2010,agegroup_yearsall,sex_btsx,25.99457
lso,2010,agegroup_yearsall,sex_fmle,15.5555
lso,2010,agegroup_yearsall,sex_mle,37.0405
lso,2011,agegroup_yearsall,sex_btsx,27.34052
lso,2011,agegroup_yearsall,sex_fmle,16.18029
lso,2011,agegroup_yearsall,sex_mle,39.15126
lso,2012,agegroup_yearsall,sex_btsx,21.71384
lso,2012,agegroup_yearsall,sex_fmle,14.50365
lso,2012,agegroup_yearsall,sex_mle,29.34517
lso,2013,agegroup_yearsall,sex_btsx,24.13548
lso,2013,agegroup_yearsall,sex_fmle,15.78368
lso,2013,agegroup_yearsall,sex_mle,32.97432
lso,2014,agegroup_yearsall,sex_btsx,27.95616
lso,2014,agegroup_yearsall,sex_fmle,17.77323
lso,2014,agegroup_yearsall,sex_mle,38.73059
lso,2015,agegroup_yearsall,sex_btsx,27.87277
lso,2015,agegroup_yearsall,sex_fmle,17.56321
lso,2015,agegroup_yearsall,sex_mle,38.77864
lso,2016,agegroup_yearsall,sex_btsx,26.72669
lso,2016,agegroup_yearsall,sex_fmle,16.18765
lso,2016,agegroup_yearsall,sex_mle,37.87122
lso,2017,agegroup_yearsall,sex_btsx,26.06679
lso,2017,agegroup_yearsall,sex_fmle,14.96004
lso,2017,agegroup_yearsall,sex_mle,37.80537
lso,2018,agegroup_yearsall,sex_btsx,27.88441
lso,2018,agegroup_yearsall,sex_fmle,16.27521
lso,2018,agegroup_yearsall,sex_mle,40.1476
lso,2019,agegroup_years15_19,sex_btsx,30.49
lso,2019,agegroup_years15_19,sex_fmle,16.72
lso,2019,agegroup_years15_19,sex_mle,44.23
lso,2019,agegroup_years15_24,sex_btsx,34.04
lso,2019,agegroup_years15_24,sex_fmle,19.13
lso,2019,agegroup_years15_24,sex_mle,48.8
lso,2019,agegroup_years15_29,sex_btsx,44.06
lso,2019,agegroup_years15_29,sex_fmle,25.81
lso,2019,agegroup_years15_29,sex_mle,62.03
lso,2019,agegroup_years25_34,sex_btsx,83.93
lso,2019,agegroup_years25_34,sex_fmle,48.32
lso,2019,agegroup_years25_34,sex_mle,117.8
lso,2019,agegroup_years30_49,sex_btsx,165.17
lso,2019,agegroup_years30_49,sex_fmle,65.32
lso,2019,agegroup_years30_49,sex_mle,257.75
lso,2019,agegroup_years35_44,sex_btsx,188.16
lso,2019,agegroup_years35_44,sex_fmle,70.11
lso,2019,agegroup_years35_44,sex_mle,294.09
lso,2019,agegroup_years45_54,sex_btsx,201.61
lso,2019,agegroup_years45_54,sex_fmle,62.24
lso,2019,agegroup_years45_54,sex_mle,354.38
lso,2019,agegroup_years55_64,sex_btsx,130.92
lso,2019,agegroup_years55_64,sex_fmle,40.34
lso,2019,agegroup_years55_64,sex_mle,254.71
lso,2019,agegroup_years65_74,sex_btsx,107.1
lso,2019,agegroup_years65_74,sex_fmle,39.71
lso,2019,agegroup_years65_74,sex_mle,210.64
lso,2019,agegroup_years75_84,sex_btsx,107.54
lso,2019,agegroup_years75_84,sex_fmle,51.74
lso,2019,agegroup_years75_84,sex_mle,228.66
lso,2019,agegroup_years85plus,sex_btsx,166.96
lso,2019,agegroup_years85plus,sex_fmle,76.58
lso,2019,agegroup_years85plus,sex_mle,600.74
lso,2019,agegroup_yearsall,sex_btsx,28.76971
lso,2019,agegroup_yearsall,sex_fmle,16.67036
lso,2019,agegroup_yearsall,sex_mle,41.54451
lso,2020,agegroup_yearsall,sex_btsx,33.37877
lso,2020,agegroup_yearsall,sex_fmle,18.19939
lso,2020,agegroup_yearsall,sex_mle,49.39688
lso,2021,agegroup_yearsall,sex_btsx,28.66132
lso,2021,agegroup_yearsall,sex_fmle,16.62951
lso,2021,agegroup_yearsall,sex_mle,41.35106
ltu,2000,agegroup_yearsall,sex_btsx,50.40488
ltu,2000,agegroup_yearsall,sex_fmle,18.47797
ltu,2000,agegroup_yearsall,sex_mle,86.71052
ltu,2001,agegroup_yearsall,sex_btsx,47.386
ltu,2001,agegroup_yearsall,sex_fmle,16.40811
ltu,2001,agegroup_yearsall,sex_mle,82.70775
ltu,2002,agegroup_yearsall,sex_btsx,47.57504
ltu,2002,agegroup_yearsall,sex_fmle,14.12288
ltu,2002,agegroup_yearsall,sex_mle,85.7943
ltu,2003,agegroup_yearsall,sex_btsx,45.7027
ltu,2003,agegroup_yearsall,sex_fmle,15.35609
ltu,2003,agegroup_yearsall,sex_mle,80.42865
ltu,2004,agegroup_yearsall,sex_btsx,43.82399
ltu,2004,agegroup_yearsall,sex_fmle,15.46633
ltu,2004,agegroup_yearsall,sex_mle,76.32979
ltu,2005,agegroup_yearsall,sex_btsx,43.2113
ltu,2005,agegroup_yearsall,sex_fmle,14.59334
ltu,2005,agegroup_yearsall,sex_mle,76.11095
ltu,2006,agegroup_yearsall,sex_btsx,35.40331
ltu,2006,agegroup_yearsall,sex_fmle,12.39361
ltu,2006,agegroup_yearsall,sex_mle,61.96292
ltu,2007,agegroup_yearsall,sex_btsx,34.50852
ltu,2007,agegroup_yearsall,sex_fmle,11.32801
ltu,2007,agegroup_yearsall,sex_mle,61.35383
ltu,2008,agegroup_yearsall,sex_btsx,38.15835
ltu,2008,agegroup_yearsall,sex_fmle,12.5271
ltu,2008,agegroup_yearsall,sex_mle,67.89662
ltu,2009,agegroup_yearsall,sex_btsx,39.25703
ltu,2009,agegroup_yearsall,sex_fmle,12.19963
ltu,2009,agegroup_yearsall,sex_mle,70.74179
ltu,2010,agegroup_yearsall,sex_btsx,37.47441
ltu,2010,agegroup_yearsall,sex_fmle,12.97488
ltu,2010,agegroup_yearsall,sex_mle,66.08597
ltu,2011,agegroup_yearsall,sex_btsx,38.31856
ltu,2011,agegroup_yearsall,sex_fmle,14.25008
ltu,2011,agegroup_yearsall,sex_mle,66.48184
ltu,2012,agegroup_yearsall,sex_btsx,35.08015
ltu,2012,agegroup_yearsall,sex_fmle,12.50289
ltu,2012,agegroup_yearsall,sex_mle,61.51974
ltu,2013,agegroup_yearsall,sex_btsx,40.76936
ltu,2013,agegroup_yearsall,sex_fmle,14.00276
ltu,2013,agegroup_yearsall,sex_mle,72.11323
ltu,2014,agegroup_yearsall,sex_btsx,35.50723
ltu,2014,agegroup_yearsall,sex_fmle,11.54833
ltu,2014,agegroup_yearsall,sex_mle,63.55116
ltu,2015,agegroup_yearsall,sex_btsx,34.49336
ltu,2015,agegroup_yearsall,sex_fmle,11.8707
ltu,2015,agegroup_yearsall,sex_mle,60.99395
ltu,2016,agegroup_yearsall,sex_btsx,32.33963
ltu,2016,agegroup_yearsall,sex_fmle,9.51647
ltu,2016,agegroup_yearsall,sex_mle,59.0818
ltu,2017,agegroup_yearsall,sex_btsx,29.52678
ltu,2017,agegroup_yearsall,sex_fmle,11.40475
ltu,2017,agegroup_yearsall,sex_mle,50.69552
ltu,2018,agegroup_yearsall,sex_btsx,27.40435
ltu,2018,agegroup_yearsall,sex_fmle,10.08719
ltu,2018,agegroup_yearsall,sex_mle,47.51508
ltu,2019,agegroup_years15_19,sex_btsx,11.71
ltu,2019,agegroup_years15_19,sex_fmle,4.03
ltu,2019,agegroup_years15_19,sex_mle,18.93
ltu,2019,agegroup_years15_24,sex_btsx,13.19
ltu,2019,agegroup_years15_24,sex_fmle,4.29
ltu,2019,agegroup_years15_24,sex_mle,21.57
ltu,2019,agegroup_years15_29,sex_btsx,16.84
ltu,2019,agegroup_years15_29,sex_fmle,4.28
ltu,2019,agegroup_years15_29,sex_mle,28.54
ltu,2019,agegroup_years25_34,sex_btsx,26.45
ltu,2019,agegroup_years25_34,sex_fmle,7.21
ltu,2019,agegroup_years25_34,sex_mle,44.19
ltu,2019,agegroup_years30_49,sex_btsx,29.4
ltu,2019,agegroup_years30_49,sex_fmle,8.14
ltu,2019,agegroup_years30_49,sex_mle,50.61
ltu,2019,agegroup_years35_44,sex_btsx,29.97
ltu,2019,agegroup_years35_44,sex_fmle,7.25
ltu,2019,agegroup_years35_44,sex_mle,52.52
ltu,2019,agegroup_years45_54,sex_btsx,30.88
ltu,2019,agegroup_years45_54,sex_fmle,9.46
ltu,2019,agegroup_years45_54,sex_mle,54.29
ltu,2019,agegroup_years55_64,sex_btsx,35.57
ltu,2019,agegroup_years55_64,sex_fmle,11.32
ltu,2019,agegroup_years55_64,sex_mle,65.71
ltu,2019,agegroup_years65_74,sex_btsx,38.45
ltu,2019,agegroup_years65_74,sex_fmle,14.84
ltu,2019,agegroup_years65_74,sex_mle,76.86
ltu,2019,agegroup_years75_84,sex_btsx,35.64
ltu,2019,agegroup_years75_84,sex_fmle,17.41
ltu,2019,agegroup_years75_84,sex_mle,72.64
ltu,2019,agegroup_years85plus,sex_btsx,32.03
ltu,2019,agegroup_years85plus,sex_fmle,12.86
ltu,2019,agegroup_years85plus,sex_mle,98.72
ltu,2019,agegroup_yearsall,sex_btsx,26.32802
ltu,2019,agegroup_yearsall,sex_fmle,9.23079
ltu,2019,agegroup_yearsall,sex_mle,45.98603
ltu,2020,agegroup_yearsall,sex_btsx,24.51666
ltu,2020,agegroup_yearsall,sex_fmle,10.05817
ltu,2020,agegroup_yearsall,sex_mle,40.93559
ltu,2021,agegroup_yearsall,sex_btsx,22.12234
ltu,2021,agegroup_yearsall,sex_fmle,9.1609
ltu,2021,agegroup_yearsall,sex_mle,36.73471
lux,2000,agegroup_yearsall,sex_btsx,15.0642
lux,2000,agegroup_yearsall,sex_fmle,8.82406
lux,2000,agegroup_yearsall,sex_mle,21.48465
lux,2001,agegroup_yearsall,sex_btsx,15.77208
lux,2001,agegroup_yearsall,sex_fmle,8.87693
lux,2001,agegroup_yearsall,sex_mle,22.87416
lux,2002,agegroup_yearsall,sex_btsx,15.14166
lux,2002,agegroup_yearsall,sex_fmle,8.14221
lux,2002,agegroup_yearsall,sex_mle,22.34605
lux,2003,agegroup_yearsall,sex_btsx,15.05935
lux,2003,agegroup_yearsall,sex_fmle,8.65979
lux,2003,agegroup_yearsall,sex_mle,21.63039
lux,2004,agegroup_yearsall,sex_btsx,11.56676
lux,2004,agegroup_yearsall,sex_fmle,5.60682
lux,2004,agegroup_yearsall,sex_mle,17.66475
lux,2005,agegroup_yearsall,sex_btsx,12.86431
lux,2005,agegroup_yearsall,sex_fmle,6.53502
lux,2005,agegroup_yearsall,sex_mle,19.32793
lux,2006,agegroup_yearsall,sex_btsx,14.13839
lux,2006,agegroup_yearsall,sex_fmle,7.22815
lux,2006,agegroup_yearsall,sex_mle,21.18747
lux,2007,agegroup_yearsall,sex_btsx,13.45985
lux,2007,agegroup_yearsall,sex_fmle,7.48607
lux,2007,agegroup_yearsall,sex_mle,19.54676
lux,2008,agegroup_yearsall,sex_btsx,13.02526
lux,2008,agegroup_yearsall,sex_fmle,7.3302
lux,2008,agegroup_yearsall,sex_mle,18.81687
lux,2009,agegroup_yearsall,sex_btsx,11.02429
lux,2009,agegroup_yearsall,sex_fmle,5.88115
lux,2009,agegroup_yearsall,sex_mle,16.23833
lux,2010,agegroup_yearsall,sex_btsx,11.68707
lux,2010,agegroup_yearsall,sex_fmle,6.47428
lux,2010,agegroup_yearsall,sex_mle,16.95746
lux,2011,agegroup_yearsall,sex_btsx,11.99006
lux,2011,agegroup_yearsall,sex_fmle,7.51334
lux,2011,agegroup_yearsall,sex_mle,16.49898
lux,2012,agegroup_yearsall,sex_btsx,11.29294
lux,2012,agegroup_yearsall,sex_fmle,7.65243
lux,2012,agegroup_yearsall,sex_mle,14.94375
lux,2013,agegroup_yearsall,sex_btsx,11.27582
lux,2013,agegroup_yearsall,sex_fmle,6.9947
lux,2013,agegroup_yearsall,sex_mle,15.55485
lux,2014,agegroup_yearsall,sex_btsx,12.57068
lux,2014,agegroup_yearsall,sex_fmle,8.66089
lux,2014,agegroup_yearsall,sex_mle,16.46982
lux,2015,agegroup_yearsall,sex_btsx,12.34262
lux,2015,agegroup_yearsall,sex_fmle,7.56009
lux,2015,agegroup_yearsall,sex_mle,17.09863
lux,2016,agegroup_yearsall,sex_btsx,10.22213
lux,2016,agegroup_yearsall,sex_fmle,6.17063
lux,2016,agegroup_yearsall,sex_mle,14.24059
lux,2017,agegroup_yearsall,sex_btsx,9.955
lux,2017,agegroup_yearsall,sex_fmle,6.31064
lux,2017,agegroup_yearsall,sex_mle,13.56428
lux,2018,agegroup_yearsall,sex_btsx,10.07447
lux,2018,agegroup_yearsall,sex_fmle,6.91372
lux,2018,agegroup_yearsall,sex_mle,13.20043
lux,2019,agegroup_years15_19,sex_btsx,5.12
lux,2019,agegroup_years15_19,sex_fmle,6.8
lux,2019,agegroup_years15_19,sex_mle,3.54
lux,2019,agegroup_years15_24,sex_btsx,5.25
lux,2019,agegroup_years15_24,sex_fmle,4.41
lux,2019,agegroup_years15_24,sex_mle,6.04
lux,2019,agegroup_years15_29,sex_btsx,6.33
lux,2019,agegroup_years15_29,sex_fmle,5.16
lux,2019,agegroup_years15_29,sex_mle,7.44
lux,2019,agegroup_years25_34,sex_btsx,6.44
lux,2019,agegroup_years25_34,sex_fmle,3.69
lux,2019,agegroup_years25_34,sex_mle,9.1
lux,2019,agegroup_years30_49,sex_btsx,10.34
lux,2019,agegroup_years30_49,sex_fmle,6.4
lux,2019,agegroup_years30_49,sex_mle,14.1
lux,2019,agegroup_years35_44,sex_btsx,11.87
lux,2019,agegroup_years35_44,sex_fmle,7.03
lux,2019,agegroup_years35_44,sex_mle,16.51
lux,2019,agegroup_years45_54,sex_btsx,13.8
lux,2019,agegroup_years45_54,sex_fmle,8.87
lux,2019,agegroup_years45_54,sex_mle,18.24
lux,2019,agegroup_years55_64,sex_btsx,19.61
lux,2019,agegroup_years55_64,sex_fmle,9.58
lux,2019,agegroup_years55_64,sex_mle,29.24
lux,2019,agegroup_years65_74,sex_btsx,19.49
lux,2019,agegroup_years65_74,sex_fmle,12.06
lux,2019,agegroup_years65_74,sex_mle,27.12
lux,2019,agegroup_years75_84,sex_btsx,24.62
lux,2019,agegroup_years75_84,sex_fmle,14.8
lux,2019,agegroup_years75_84,sex_mle,37.25
lux,2019,agegroup_years85plus,sex_btsx,20.04
lux,2019,agegroup_years85plus,sex_fmle,4.95
lux,2019,agegroup_years85plus,sex_mle,49.58
lux,2019,agegroup_yearsall,sex_btsx,11.15993
lux,2019,agegroup_yearsall,sex_fmle,6.95537
lux,2019,agegroup_yearsall,sex_mle,15.31459
lux,2020,agegroup_yearsall,sex_btsx,9.68683
lux,2020,agegroup_yearsall,sex_fmle,5.44489
lux,2020,agegroup_yearsall,sex_mle,13.87507
lux,2021,agegroup_yearsall,sex_btsx,8.22451
lux,2021,agegroup_yearsall,sex_fmle,4.26758
lux,2021,agegroup_yearsall,sex_mle,12.12651
lva,2000,agegroup_yearsall,sex_btsx,34.82475
lva,2000,agegroup_yearsall,sex_fmle,12.89464
lva,2000,agegroup_yearsall,sex_mle,60.54977
lva,2001,agegroup_yearsall,sex_btsx,32.29328
lva,2001,agegroup_yearsall,sex_fmle,11.52484
lva,2001,agegroup_yearsall,sex_mle,56.71126
lva,2002,agegroup_yearsall,sex_btsx,31.60169
lva,2002,agegroup_yearsall,sex_fmle,12.84087
lva,2002,agegroup_yearsall,sex_mle,53.72215
lva,2003,agegroup_yearsall,sex_btsx,29.36922
lva,2003,agegroup_yearsall,sex_fmle,11.15132
lva,2003,agegroup_yearsall,sex_mle,50.87378
lva,2004,agegroup_yearsall,sex_btsx,26.96057
lva,2004,agegroup_yearsall,sex_fmle,9.49122
lva,2004,agegroup_yearsall,sex_mle,47.57963
lva,2005,agegroup_yearsall,sex_btsx,26.72268
lva,2005,agegroup_yearsall,sex_fmle,10.23357
lva,2005,agegroup_yearsall,sex_mle,46.18445
lva,2006,agegroup_yearsall,sex_btsx,23.2163
lva,2006,agegroup_yearsall,sex_fmle,7.14975
lva,2006,agegroup_yearsall,sex_mle,42.1684
lva,2007,agegroup_yearsall,sex_btsx,20.95137
lva,2007,agegroup_yearsall,sex_fmle,8.10149
lva,2007,agegroup_yearsall,sex_mle,36.08603
lva,2008,agegroup_yearsall,sex_btsx,26.53947
lva,2008,agegroup_yearsall,sex_fmle,9.29844
lva,2008,agegroup_yearsall,sex_mle,46.84507
lva,2009,agegroup_yearsall,sex_btsx,26.42033
lva,2009,agegroup_yearsall,sex_fmle,9.25433
lva,2009,agegroup_yearsall,sex_mle,46.70154
lva,2010,agegroup_yearsall,sex_btsx,22.72206
lva,2010,agegroup_yearsall,sex_fmle,6.01491
lva,2010,agegroup_yearsall,sex_mle,42.5422
lva,2011,agegroup_yearsall,sex_btsx,22.77686
lva,2011,agegroup_yearsall,sex_fmle,7.24972
lva,2011,agegroup_yearsall,sex_mle,41.22511
lva,2012,agegroup_yearsall,sex_btsx,23.62347
lva,2012,agegroup_yearsall,sex_fmle,7.29789
lva,2012,agegroup_yearsall,sex_mle,42.9864
lva,2013,agegroup_yearsall,sex_btsx,20.75467
lva,2013,agegroup_yearsall,sex_fmle,6.21827
lva,2013,agegroup_yearsall,sex_mle,37.9602
lva,2014,agegroup_yearsall,sex_btsx,20.91631
lva,2014,agegroup_yearsall,sex_fmle,7.16651
lva,2014,agegroup_yearsall,sex_mle,37.15925
lva,2015,agegroup_yearsall,sex_btsx,21.67794
lva,2015,agegroup_yearsall,sex_fmle,8.40446
lva,2015,agegroup_yearsall,sex_mle,37.32378
lva,2016,agegroup_yearsall,sex_btsx,21.04376
lva,2016,agegroup_yearsall,sex_fmle,8.02666
lva,2016,agegroup_yearsall,sex_mle,36.372
lva,2017,agegroup_yearsall,sex_btsx,21.03604
lva,2017,agegroup_yearsall,sex_fmle,8.17151
lva,2017,agegroup_yearsall,sex_mle,36.1647
lva,2018,agegroup_yearsall,sex_btsx,18.05919
lva,2018,agegroup_yearsall,sex_fmle,4.28671
lva,2018,agegroup_yearsall,sex_mle,34.20327
lva,2019,agegroup_years15_19,sex_btsx,7.11
lva,2019,agegroup_years15_19,sex_fmle,1.69
lva,2019,agegroup_years15_19,sex_mle,12.36
lva,2019,agegroup_years15_24,sex_btsx,10.01
lva,2019,agegroup_years15_24,sex_fmle,1.74
lva,2019,agegroup_years15_24,sex_mle,17.84
lva,2019,agegroup_years15_29,sex_btsx,14.97
lva,2019,agegroup_years15_29,sex_fmle,4.22
lva,2019,agegroup_years15_29,sex_mle,25.12
lva,2019,agegroup_years25_34,sex_btsx,22.22
lva,2019,agegroup_years25_34,sex_fmle,7.1
lva,2019,agegroup_years25_34,sex_mle,36.57
lva,2019,agegroup_years30_49,sex_btsx,24.17
lva,2019,agegroup_years30_49,sex_fmle,5.67
lva,2019,agegroup_years30_49,sex_mle,42.74
lva,2019,agegroup_years35_44,sex_btsx,24.46
lva,2019,agegroup_years35_44,sex_fmle,5.94
lva,2019,agegroup_years35_44,sex_mle,43.01
lva,2019,agegroup_years45_54,sex_btsx,28.85
lva,2019,agegroup_years45_54,sex_fmle,6.15
lva,2019,agegroup_years45_54,sex_mle,53.52
lva,2019,agegroup_years55_64,sex_btsx,26.71
lva,2019,agegroup_years55_64,sex_fmle,7.03
lva,2019,agegroup_years55_64,sex_mle,51.2
lva,2019,agegroup_years65_74,sex_btsx,21.48
lva,2019,agegroup_years65_74,sex_fmle,8.35
lva,2019,agegroup_years65_74,sex_mle,42.95
lva,2019,agegroup_years75_84,sex_btsx,26.93
lva,2019,agegroup_years75_84,sex_fmle,13.16
lva,2019,agegroup_years75_84,sex_mle,57.96
lva,2019,agegroup_years85plus,sex_btsx,25.59
lva,2019,agegroup_years85plus,sex_fmle,10.53
lva,2019,agegroup_years85plus,sex_mle,80.18
lva,2019,agegroup_yearsall,sex_btsx,17.16161
lva,2019,agegroup_yearsall,sex_fmle,6.87445
lva,2019,agegroup_yearsall,sex_mle,29.17473
lva,2020,agegroup_yearsall,sex_btsx,18.00622
lva,2020,agegroup_yearsall,sex_fmle,6.18476
lva,2020,agegroup_yearsall,sex_mle,31.77419
lva,2021,agegroup_yearsall,sex_btsx,15.20641
lva,2021,agegroup_yearsall,sex_fmle,4.63356
lva,2021,agegroup_yearsall,sex_mle,27.49896
mar,2000,agegroup_yearsall,sex_btsx,4.51196
mar,2000,agegroup_yearsall,sex_fmle,4.63263
mar,2000,agegroup_yearsall,sex_mle,4.39194
mar,2001,agegroup_yearsall,sex_btsx,4.32454
mar,2001,agegroup_yearsall,sex_fmle,4.38272
mar,2001,agegroup_yearsall,sex_mle,4.26675
mar,2002,agegroup_yearsall,sex_btsx,4.27914
mar,2002,agegroup_yearsall,sex_fmle,4.40552
mar,2002,agegroup_yearsall,sex_mle,4.15372
mar,2003,agegroup_yearsall,sex_btsx,4.46339
mar,2003,agegroup_yearsall,sex_fmle,4.62338
mar,2003,agegroup_yearsall,sex_mle,4.30479
mar,2004,agegroup_yearsall,sex_btsx,4.3466
mar,2004,agegroup_yearsall,sex_fmle,4.40965
mar,2004,agegroup_yearsall,sex_mle,4.28411
mar,2005,agegroup_yearsall,sex_btsx,4.3886
mar,2005,agegroup_yearsall,sex_fmle,4.4448
mar,2005,agegroup_yearsall,sex_mle,4.33291
mar,2006,agegroup_yearsall,sex_btsx,4.25095
mar,2006,agegroup_yearsall,sex_fmle,4.20419
mar,2006,agegroup_yearsall,sex_mle,4.29723
mar,2007,agegroup_yearsall,sex_btsx,3.94132
mar,2007,agegroup_yearsall,sex_fmle,3.74193
mar,2007,agegroup_yearsall,sex_mle,4.13854
mar,2008,agegroup_yearsall,sex_btsx,3.95662
mar,2008,agegroup_yearsall,sex_fmle,3.7364
mar,2008,agegroup_yearsall,sex_mle,4.17421
mar,2009,agegroup_yearsall,sex_btsx,4.05889
mar,2009,agegroup_yearsall,sex_fmle,3.84778
mar,2009,agegroup_yearsall,sex_mle,4.26724
mar,2010,agegroup_yearsall,sex_btsx,3.99806
mar,2010,agegroup_yearsall,sex_fmle,3.74938
mar,2010,agegroup_yearsall,sex_mle,4.24324
mar,2011,agegroup_yearsall,sex_btsx,3.96639
mar,2011,agegroup_yearsall,sex_fmle,3.58598
mar,2011,agegroup_yearsall,sex_mle,4.34112
mar,2012,agegroup_yearsall,sex_btsx,3.88718
mar,2012,agegroup_yearsall,sex_fmle,3.50327
mar,2012,agegroup_yearsall,sex_mle,4.26508
mar,2013,agegroup_yearsall,sex_btsx,3.80357
mar,2013,agegroup_yearsall,sex_fmle,3.4112
mar,2013,agegroup_yearsall,sex_mle,4.18955
mar,2014,agegroup_yearsall,sex_btsx,3.68292
mar,2014,agegroup_yearsall,sex_fmle,3.2496
mar,2014,agegroup_yearsall,sex_mle,4.10889
mar,2015,agegroup_yearsall,sex_btsx,3.56739
mar,2015,agegroup_yearsall,sex_fmle,3.11233
mar,2015,agegroup_yearsall,sex_mle,4.01439
mar,2016,agegroup_yearsall,sex_btsx,3.46054
mar,2016,agegroup_yearsall,sex_fmle,3.01612
mar,2016,agegroup_yearsall,sex_mle,3.89688
mar,2017,agegroup_yearsall,sex_btsx,3.31578
mar,2017,agegroup_yearsall,sex_fmle,2.86109
mar,2017,agegroup_yearsall,sex_mle,3.7621
mar,2018,agegroup_yearsall,sex_btsx,3.24597
mar,2018,agegroup_yearsall,sex_fmle,2.77179
mar,2018,agegroup_yearsall,sex_mle,3.71116
mar,2019,agegroup_years15_19,sex_btsx,6.75
mar,2019,agegroup_years15_19,sex_fmle,4.62
mar,2019,agegroup_years15_19,sex_mle,8.79
mar,2019,agegroup_years15_24,sex_btsx,7.99
mar,2019,agegroup_years15_24,sex_fmle,5.43
mar,2019,agegroup_years15_24,sex_mle,10.45
mar,2019,agegroup_years15_29,sex_btsx,8.18
mar,2019,agegroup_years15_29,sex_fmle,5.65
mar,2019,agegroup_years15_29,sex_mle,10.63
mar,2019,agegroup_years25_34,sex_btsx,8.71
mar,2019,agegroup_years25_34,sex_fmle,6.19
mar,2019,agegroup_years25_34,sex_mle,11.24
mar,2019,agegroup_years30_49,sex_btsx,10.21
mar,2019,agegroup_years30_49,sex_fmle,7.35
mar,2019,agegroup_years30_49,sex_mle,13.33
mar,2019,agegroup_years35_44,sex_btsx,10.93
mar,2019,agegroup_years35_44,sex_fmle,8.01
mar,2019,agegroup_years35_44,sex_mle,14.16
mar,2019,agegroup_years45_54,sex_btsx,10.17
mar,2019,agegroup_years45_54,sex_fmle,6.57
mar,2019,agegroup_years45_54,sex_mle,14.18
mar,2019,agegroup_years55_64,sex_btsx,10.76
mar,2019,agegroup_years55_64,sex_fmle,5.51
mar,2019,agegroup_years55_64,sex_mle,16.08
mar,2019,agegroup_years65_74,sex_btsx,11.87
mar,2019,agegroup_years65_74,sex_fmle,5.56
mar,2019,agegroup_years65_74,sex_mle,18.24
mar,2019,agegroup_years75_84,sex_btsx,11.56
mar,2019,agegroup_years75_84,sex_fmle,5.16
mar,2019,agegroup_years75_84,sex_mle,20.16
mar,2019,agegroup_years85plus,sex_btsx,28.45
mar,2019,agegroup_years85plus,sex_fmle,11.68
mar,2019,agegroup_years85plus,sex_mle,61.69
mar,2019,agegroup_yearsall,sex_btsx,3.2159
mar,2019,agegroup_yearsall,sex_fmle,2.71115
mar,2019,agegroup_yearsall,sex_mle,3.71076
mar,2020,agegroup_yearsall,sex_btsx,2.90119
mar,2020,agegroup_yearsall,sex_fmle,2.3455
mar,2020,agegroup_yearsall,sex_mle,3.44606
mar,2021,agegroup_yearsall,sex_btsx,2.91303
mar,2021,agegroup_yearsall,sex_fmle,2.42591
mar,2021,agegroup_yearsall,sex_mle,3.39096
mda,2000,agegroup_yearsall,sex_btsx,19.1606
mda,2000,agegroup_yearsall,sex_fmle,5.20003
mda,2000,agegroup_yearsall,sex_mle,35.31549
mda,2001,agegroup_yearsall,sex_btsx,21.15954
mda,2001,agegroup_yearsall,sex_fmle,6.572
mda,2001,agegroup_yearsall,sex_mle,38.06891
mda,2002,agegroup_yearsall,sex_btsx,19.84562
mda,2002,agegroup_yearsall,sex_fmle,6.63049
mda,2002,agegroup_yearsall,sex_mle,35.19003
mda,2003,agegroup_yearsall,sex_btsx,20.86923
mda,2003,agegroup_yearsall,sex_fmle,6.03932
mda,2003,agegroup_yearsall,sex_mle,38.1203
mda,2004,agegroup_yearsall,sex_btsx,20.53984
mda,2004,agegroup_yearsall,sex_fmle,6.49073
mda,2004,agegroup_yearsall,sex_mle,36.9055
mda,2005,agegroup_yearsall,sex_btsx,21.73711
mda,2005,agegroup_yearsall,sex_fmle,6.59129
mda,2005,agegroup_yearsall,sex_mle,39.36705
mda,2006,agegroup_yearsall,sex_btsx,21.81001
mda,2006,agegroup_yearsall,sex_fmle,6.34115
mda,2006,agegroup_yearsall,sex_mle,39.77519
mda,2007,agegroup_yearsall,sex_btsx,19.15313
mda,2007,agegroup_yearsall,sex_fmle,5.46281
mda,2007,agegroup_yearsall,sex_mle,35.02155
mda,2008,agegroup_yearsall,sex_btsx,20.93022
mda,2008,agegroup_yearsall,sex_fmle,6.84977
mda,2008,agegroup_yearsall,sex_mle,37.22342
mda,2009,agegroup_yearsall,sex_btsx,21.25054
mda,2009,agegroup_yearsall,sex_fmle,5.92107
mda,2009,agegroup_yearsall,sex_mle,38.96458
mda,2010,agegroup_yearsall,sex_btsx,21.8059
mda,2010,agegroup_yearsall,sex_fmle,6.094
mda,2010,agegroup_yearsall,sex_mle,39.94118
mda,2011,agegroup_yearsall,sex_btsx,15.49002
mda,2011,agegroup_yearsall,sex_fmle,4.4279
mda,2011,agegroup_yearsall,sex_mle,28.24496
mda,2012,agegroup_yearsall,sex_btsx,16.70908
mda,2012,agegroup_yearsall,sex_fmle,5.85729
mda,2012,agegroup_yearsall,sex_mle,29.20759
mda,2013,agegroup_yearsall,sex_btsx,15.99261
mda,2013,agegroup_yearsall,sex_fmle,5.02121
mda,2013,agegroup_yearsall,sex_mle,28.61413
mda,2014,agegroup_yearsall,sex_btsx,16.17504
mda,2014,agegroup_yearsall,sex_fmle,4.61576
mda,2014,agegroup_yearsall,sex_mle,29.48353
mda,2015,agegroup_yearsall,sex_btsx,14.8717
mda,2015,agegroup_yearsall,sex_fmle,5.04324
mda,2015,agegroup_yearsall,sex_mle,26.21888
mda,2016,agegroup_yearsall,sex_btsx,14.76423
mda,2016,agegroup_yearsall,sex_fmle,4.65636
mda,2016,agegroup_yearsall,sex_mle,26.46445
mda,2017,agegroup_yearsall,sex_btsx,13.55233
mda,2017,agegroup_yearsall,sex_fmle,3.87475
mda,2017,agegroup_yearsall,sex_mle,24.78251
mda,2018,agegroup_yearsall,sex_btsx,13.07096
mda,2018,agegroup_yearsall,sex_fmle,3.65944
mda,2018,agegroup_yearsall,sex_mle,24.01646
mda,2019,agegroup_years15_19,sex_btsx,7.58
mda,2019,agegroup_years15_19,sex_fmle,3.57
mda,2019,agegroup_years15_19,sex_mle,11.33
mda,2019,agegroup_years15_24,sex_btsx,8.87
mda,2019,agegroup_years15_24,sex_fmle,2.45
mda,2019,agegroup_years15_24,sex_mle,14.98
mda,2019,agegroup_years15_29,sex_btsx,9.9
mda,2019,agegroup_years15_29,sex_fmle,2.66
mda,2019,agegroup_years15_29,sex_mle,16.83
mda,2019,agegroup_years25_34,sex_btsx,11.9
mda,2019,agegroup_years25_34,sex_fmle,2.83
mda,2019,agegroup_years25_34,sex_mle,20.67
mda,2019,agegroup_years30_49,sex_btsx,16.49
mda,2019,agegroup_years30_49,sex_fmle,3.81
mda,2019,agegroup_years30_49,sex_mle,29.19
mda,2019,agegroup_years35_44,sex_btsx,16.04
mda,2019,agegroup_years35_44,sex_fmle,3.69
mda,2019,agegroup_years35_44,sex_mle,28.36
mda,2019,agegroup_years45_54,sex_btsx,24.08
mda,2019,agegroup_years45_54,sex_fmle,4.93
mda,2019,agegroup_years45_54,sex_mle,45.25
mda,2019,agegroup_years55_64,sex_btsx,27.04
mda,2019,agegroup_years55_64,sex_fmle,7.12
mda,2019,agegroup_years55_64,sex_mle,52.06
mda,2019,agegroup_years65_74,sex_btsx,17.36
mda,2019,agegroup_years65_74,sex_fmle,7.37
mda,2019,agegroup_years65_74,sex_mle,32.09
mda,2019,agegroup_years75_84,sex_btsx,15.3
mda,2019,agegroup_years75_84,sex_fmle,6.87
mda,2019,agegroup_years75_84,sex_mle,32.79
mda,2019,agegroup_years85plus,sex_btsx,18.4
mda,2019,agegroup_years85plus,sex_fmle,9.33
mda,2019,agegroup_years85plus,sex_mle,42.98
mda,2019,agegroup_yearsall,sex_btsx,12.68467
mda,2019,agegroup_yearsall,sex_fmle,3.99489
mda,2019,agegroup_yearsall,sex_mle,22.81223
mda,2020,agegroup_yearsall,sex_btsx,11.61623
mda,2020,agegroup_yearsall,sex_fmle,3.71092
mda,2020,agegroup_yearsall,sex_mle,20.85095
mda,2021,agegroup_yearsall,sex_btsx,14.14252
mda,2021,agegroup_yearsall,sex_fmle,5.01991
mda,2021,agegroup_yearsall,sex_mle,24.82049
mdg,2000,agegroup_yearsall,sex_btsx,5.8102
mdg,2000,agegroup_yearsall,sex_fmle,3.41436
mdg,2000,agegroup_yearsall,sex_mle,8.1918
mdg,2001,agegroup_yearsall,sex_btsx,5.86413
mdg,2001,agegroup_yearsall,sex_fmle,3.51265
mdg,2001,agegroup_yearsall,sex_mle,8.20149
mdg,2002,agegroup_yearsall,sex_btsx,5.99668
mdg,2002,agegroup_yearsall,sex_fmle,3.57575
mdg,2002,agegroup_yearsall,sex_mle,8.40293
mdg,2003,agegroup_yearsall,sex_btsx,5.99355
mdg,2003,agegroup_yearsall,sex_fmle,3.48336
mdg,2003,agegroup_yearsall,sex_mle,8.48845
mdg,2004,agegroup_yearsall,sex_btsx,6.10799
mdg,2004,agegroup_yearsall,sex_fmle,3.56768
mdg,2004,agegroup_yearsall,sex_mle,8.63279
mdg,2005,agegroup_yearsall,sex_btsx,6.19731
mdg,2005,agegroup_yearsall,sex_fmle,3.62512
mdg,2005,agegroup_yearsall,sex_mle,8.75382
mdg,2006,agegroup_yearsall,sex_btsx,6.17696
mdg,2006,agegroup_yearsall,sex_fmle,3.59672
mdg,2006,agegroup_yearsall,sex_mle,8.7415
mdg,2007,agegroup_yearsall,sex_btsx,6.04434
mdg,2007,agegroup_yearsall,sex_fmle,3.51142
mdg,2007,agegroup_yearsall,sex_mle,8.56192
mdg,2008,agegroup_yearsall,sex_btsx,5.98241
mdg,2008,agegroup_yearsall,sex_fmle,3.46472
mdg,2008,agegroup_yearsall,sex_mle,8.48489
mdg,2009,agegroup_yearsall,sex_btsx,5.91925
mdg,2009,agegroup_yearsall,sex_fmle,3.41732
mdg,2009,agegroup_yearsall,sex_mle,8.40608
mdg,2010,agegroup_yearsall,sex_btsx,5.94367
mdg,2010,agegroup_yearsall,sex_fmle,3.46156
mdg,2010,agegroup_yearsall,sex_mle,8.41073
mdg,2011,agegroup_yearsall,sex_btsx,5.95194
mdg,2011,agegroup_yearsall,sex_fmle,3.4451
mdg,2011,agegroup_yearsall,sex_mle,8.44351
mdg,2012,agegroup_yearsall,sex_btsx,5.81206
mdg,2012,agegroup_yearsall,sex_fmle,3.39684
mdg,2012,agegroup_yearsall,sex_mle,8.21251
mdg,2013,agegroup_yearsall,sex_btsx,5.81881
mdg,2013,agegroup_yearsall,sex_fmle,3.39439
mdg,2013,agegroup_yearsall,sex_mle,8.22831
mdg,2014,agegroup_yearsall,sex_btsx,5.92155
mdg,2014,agegroup_yearsall,sex_fmle,3.44347
mdg,2014,agegroup_yearsall,sex_mle,8.38428
mdg,2015,agegroup_yearsall,sex_btsx,5.79989
mdg,2015,agegroup_yearsall,sex_fmle,3.35498
mdg,2015,agegroup_yearsall,sex_mle,8.22954
mdg,2016,agegroup_yearsall,sex_btsx,5.89052
mdg,2016,agegroup_yearsall,sex_fmle,3.38898
mdg,2016,agegroup_yearsall,sex_mle,8.37625
mdg,2017,agegroup_yearsall,sex_btsx,5.88353
mdg,2017,agegroup_yearsall,sex_fmle,3.40146
mdg,2017,agegroup_yearsall,sex_mle,8.3497
mdg,2018,agegroup_yearsall,sex_btsx,5.91633
mdg,2018,agegroup_yearsall,sex_fmle,3.40911
mdg,2018,agegroup_yearsall,sex_mle,8.40728
mdg,2019,agegroup_years15_19,sex_btsx,2.61
mdg,2019,agegroup_years15_19,sex_fmle,1.71
mdg,2019,agegroup_years15_19,sex_mle,3.52
mdg,2019,agegroup_years15_24,sex_btsx,3.43
mdg,2019,agegroup_years15_24,sex_fmle,1.95
mdg,2019,agegroup_years15_24,sex_mle,4.92
mdg,2019,agegroup_years15_29,sex_btsx,3.82
mdg,2019,agegroup_years15_29,sex_fmle,2.13
mdg,2019,agegroup_years15_29,sex_mle,5.51
mdg,2019,agegroup_years25_34,sex_btsx,4.76
mdg,2019,agegroup_years25_34,sex_fmle,2.68
mdg,2019,agegroup_years25_34,sex_mle,6.85
mdg,2019,agegroup_years30_49,sex_btsx,6.85
mdg,2019,agegroup_years30_49,sex_fmle,4.05
mdg,2019,agegroup_years30_49,sex_mle,9.66
mdg,2019,agegroup_years35_44,sex_btsx,6.45
mdg,2019,agegroup_years35_44,sex_fmle,3.9
mdg,2019,agegroup_years35_44,sex_mle,9.01
mdg,2019,agegroup_years45_54,sex_btsx,13.49
mdg,2019,agegroup_years45_54,sex_fmle,8.26
mdg,2019,agegroup_years45_54,sex_mle,18.91
mdg,2019,agegroup_years55_64,sex_btsx,21.7
mdg,2019,agegroup_years55_64,sex_fmle,13.92
mdg,2019,agegroup_years55_64,sex_mle,30.15
mdg,2019,agegroup_years65_74,sex_btsx,33.38
mdg,2019,agegroup_years65_74,sex_fmle,19.51
mdg,2019,agegroup_years65_74,sex_mle,49.41
mdg,2019,agegroup_years75_84,sex_btsx,48.38
mdg,2019,agegroup_years75_84,sex_fmle,25.9
mdg,2019,agegroup_years75_84,sex_mle,76.8
mdg,2019,agegroup_years85plus,sex_btsx,100.87
mdg,2019,agegroup_years85plus,sex_fmle,51.23
mdg,2019,agegroup_years85plus,sex_mle,160.72
mdg,2019,agegroup_yearsall,sex_btsx,5.95713
mdg,2019,agegroup_yearsall,sex_fmle,3.42763
mdg,2019,agegroup_yearsall,sex_mle,8.47003
mdg,2020,agegroup_yearsall,sex_btsx,6.30069
mdg,2020,agegroup_yearsall,sex_fmle,3.50349
mdg,2020,agegroup_yearsall,sex_mle,9.07971
mdg,2021,agegroup_yearsall,sex_btsx,6.09028
mdg,2021,agegroup_yearsall,sex_fmle,3.47736
mdg,2021,agegroup_yearsall,sex_mle,8.68651
mdv,2000,agegroup_yearsall,sex_btsx,2.91572
mdv,2000,agegroup_yearsall,sex_fmle,0.96641
mdv,2000,agegroup_yearsall,sex_mle,4.68262
mdv,2001,agegroup_yearsall,sex_btsx,2.86675
mdv,2001,agegroup_yearsall,sex_fmle,0.93505
mdv,2001,agegroup_yearsall,sex_mle,4.6185
mdv,2002,agegroup_yearsall,sex_btsx,2.79848
mdv,2002,agegroup_yearsall,sex_fmle,0.85422
mdv,2002,agegroup_yearsall,sex_mle,4.56182
mdv,2003,agegroup_yearsall,sex_btsx,2.7954
mdv,2003,agegroup_yearsall,sex_fmle,0.82461
mdv,2003,agegroup_yearsall,sex_mle,4.58197
mdv,2004,agegroup_yearsall,sex_btsx,2.33781
mdv,2004,agegroup_yearsall,sex_fmle,0.68121
mdv,2004,agegroup_yearsall,sex_mle,3.83832
mdv,2005,agegroup_yearsall,sex_btsx,2.44964
mdv,2005,agegroup_yearsall,sex_fmle,0.69071
mdv,2005,agegroup_yearsall,sex_mle,4.04074
mdv,2006,agegroup_yearsall,sex_btsx,2.64479
mdv,2006,agegroup_yearsall,sex_fmle,0.67861
mdv,2006,agegroup_yearsall,sex_mle,4.39741
mdv,2007,agegroup_yearsall,sex_btsx,2.65446
mdv,2007,agegroup_yearsall,sex_fmle,0.67162
mdv,2007,agegroup_yearsall,sex_mle,4.36852
mdv,2008,agegroup_yearsall,sex_btsx,2.78058
mdv,2008,agegroup_yearsall,sex_fmle,0.66938
mdv,2008,agegroup_yearsall,sex_mle,4.54711
mdv,2009,agegroup_yearsall,sex_btsx,2.77505
mdv,2009,agegroup_yearsall,sex_fmle,0.66766
mdv,2009,agegroup_yearsall,sex_mle,4.48482
mdv,2010,agegroup_yearsall,sex_btsx,2.71265
mdv,2010,agegroup_yearsall,sex_fmle,0.66369
mdv,2010,agegroup_yearsall,sex_mle,4.32715
mdv,2011,agegroup_yearsall,sex_btsx,2.71652
mdv,2011,agegroup_yearsall,sex_fmle,0.63724
mdv,2011,agegroup_yearsall,sex_mle,4.31002
mdv,2012,agegroup_yearsall,sex_btsx,2.76682
mdv,2012,agegroup_yearsall,sex_fmle,0.60998
mdv,2012,agegroup_yearsall,sex_mle,4.37661
mdv,2013,agegroup_yearsall,sex_btsx,2.59403
mdv,2013,agegroup_yearsall,sex_fmle,0.56517
mdv,2013,agegroup_yearsall,sex_mle,4.07053
mdv,2014,agegroup_yearsall,sex_btsx,2.67245
mdv,2014,agegroup_yearsall,sex_fmle,0.5361
mdv,2014,agegroup_yearsall,sex_mle,4.18979
mdv,2015,agegroup_yearsall,sex_btsx,2.52868
mdv,2015,agegroup_yearsall,sex_fmle,0.51328
mdv,2015,agegroup_yearsall,sex_mle,3.92633
mdv,2016,agegroup_yearsall,sex_btsx,2.6189
mdv,2016,agegroup_yearsall,sex_fmle,0.48986
mdv,2016,agegroup_yearsall,sex_mle,4.06125
mdv,2017,agegroup_yearsall,sex_btsx,2.39659
mdv,2017,agegroup_yearsall,sex_fmle,0.4801
mdv,2017,agegroup_yearsall,sex_mle,3.66615
mdv,2018,agegroup_yearsall,sex_btsx,2.04242
mdv,2018,agegroup_yearsall,sex_fmle,0.44841
mdv,2018,agegroup_yearsall,sex_mle,3.0758
mdv,2019,agegroup_years15_19,sex_btsx,3.22
mdv,2019,agegroup_years15_19,sex_fmle,1.21
mdv,2019,agegroup_years15_19,sex_mle,4.85
mdv,2019,agegroup_years15_24,sex_btsx,3.19
mdv,2019,agegroup_years15_24,sex_fmle,1.24
mdv,2019,agegroup_years15_24,sex_mle,4.2
mdv,2019,agegroup_years15_29,sex_btsx,3.69
mdv,2019,agegroup_years15_29,sex_fmle,1.34
mdv,2019,agegroup_years15_29,sex_mle,4.66
mdv,2019,agegroup_years25_34,sex_btsx,3.76
mdv,2019,agegroup_years25_34,sex_fmle,1.2
mdv,2019,agegroup_years25_34,sex_mle,4.69
mdv,2019,agegroup_years30_49,sex_btsx,2.62
mdv,2019,agegroup_years30_49,sex_fmle,0.7
mdv,2019,agegroup_years30_49,sex_mle,3.58
mdv,2019,agegroup_years35_44,sex_btsx,2.02
mdv,2019,agegroup_years35_44,sex_fmle,0.57
mdv,2019,agegroup_years35_44,sex_mle,2.81
mdv,2019,agegroup_years45_54,sex_btsx,2.28
mdv,2019,agegroup_years45_54,sex_fmle,0.68
mdv,2019,agegroup_years45_54,sex_mle,3.44
mdv,2019,agegroup_years55_64,sex_btsx,3.15
mdv,2019,agegroup_years55_64,sex_fmle,1.08
mdv,2019,agegroup_years55_64,sex_mle,5.09
mdv,2019,agegroup_years65_74,sex_btsx,6.94
mdv,2019,agegroup_years65_74,sex_fmle,2.03
mdv,2019,agegroup_years65_74,sex_mle,11.4
mdv,2019,agegroup_years75_84,sex_btsx,12.2
mdv,2019,agegroup_years75_84,sex_fmle,2.62
mdv,2019,agegroup_years75_84,sex_mle,21.18
mdv,2019,agegroup_years85plus,sex_btsx,27.51
mdv,2019,agegroup_years85plus,sex_fmle,6.15
mdv,2019,agegroup_years85plus,sex_mle,45.12
mdv,2019,agegroup_yearsall,sex_btsx,2.51266
mdv,2019,agegroup_yearsall,sex_fmle,0.52222
mdv,2019,agegroup_yearsall,sex_mle,3.77659
mdv,2020,agegroup_yearsall,sex_btsx,1.93177
mdv,2020,agegroup_yearsall,sex_fmle,0.43485
mdv,2020,agegroup_yearsall,sex_mle,2.86359
mdv,2021,agegroup_yearsall,sex_btsx,1.46855
mdv,2021,agegroup_yearsall,sex_fmle,0.32335
mdv,2021,agegroup_yearsall,sex_mle,2.16781
mex,2000,agegroup_yearsall,sex_btsx,3.70327
mex,2000,agegroup_yearsall,sex_fmle,1.14953
mex,2000,agegroup_yearsall,sex_mle,6.37928
mex,2001,agegroup_yearsall,sex_btsx,3.95287
mex,2001,agegroup_yearsall,sex_fmle,1.42207
mex,2001,agegroup_yearsall,sex_mle,6.60643
mex,2002,agegroup_yearsall,sex_btsx,4.00473
mex,2002,agegroup_yearsall,sex_fmle,1.36947
mex,2002,agegroup_yearsall,sex_mle,6.76771
mex,2003,agegroup_yearsall,sex_btsx,4.10963
mex,2003,agegroup_yearsall,sex_fmle,1.41186
mex,2003,agegroup_yearsall,sex_mle,6.93802
mex,2004,agegroup_yearsall,sex_btsx,4.11297
mex,2004,agegroup_yearsall,sex_fmle,1.37249
mex,2004,agegroup_yearsall,sex_mle,6.98593
mex,2005,agegroup_yearsall,sex_btsx,4.24198
mex,2005,agegroup_yearsall,sex_fmle,1.45598
mex,2005,agegroup_yearsall,sex_mle,7.16237
mex,2006,agegroup_yearsall,sex_btsx,4.06369
mex,2006,agegroup_yearsall,sex_fmle,1.36549
mex,2006,agegroup_yearsall,sex_mle,6.89161
mex,2007,agegroup_yearsall,sex_btsx,4.11636
mex,2007,agegroup_yearsall,sex_fmle,1.55778
mex,2007,agegroup_yearsall,sex_mle,6.79712
mex,2008,agegroup_yearsall,sex_btsx,4.40103
mex,2008,agegroup_yearsall,sex_fmle,1.74085
mex,2008,agegroup_yearsall,sex_mle,7.18715
mex,2009,agegroup_yearsall,sex_btsx,4.66245
mex,2009,agegroup_yearsall,sex_fmle,1.88265
mex,2009,agegroup_yearsall,sex_mle,7.57283
mex,2010,agegroup_yearsall,sex_btsx,4.48942
mex,2010,agegroup_yearsall,sex_fmle,1.72544
mex,2010,agegroup_yearsall,sex_mle,7.38272
mex,2011,agegroup_yearsall,sex_btsx,5.25541
mex,2011,agegroup_yearsall,sex_fmle,2.09523
mex,2011,agegroup_yearsall,sex_mle,8.5634
mex,2012,agegroup_yearsall,sex_btsx,4.87101
mex,2012,agegroup_yearsall,sex_fmle,1.96877
mex,2012,agegroup_yearsall,sex_mle,7.90983
mex,2013,agegroup_yearsall,sex_btsx,5.212
mex,2013,agegroup_yearsall,sex_fmle,1.9865
mex,2013,agegroup_yearsall,sex_mle,8.59104
mex,2014,agegroup_yearsall,sex_btsx,5.6623
mex,2014,agegroup_yearsall,sex_fmle,2.29387
mex,2014,agegroup_yearsall,sex_mle,9.19384
mex,2015,agegroup_yearsall,sex_btsx,5.61447
mex,2015,agegroup_yearsall,sex_fmle,2.29469
mex,2015,agegroup_yearsall,sex_mle,9.0995
mex,2016,agegroup_yearsall,sex_btsx,5.51418
mex,2016,agegroup_yearsall,sex_fmle,2.10654
mex,2016,agegroup_yearsall,sex_mle,9.09709
mex,2017,agegroup_yearsall,sex_btsx,5.6711
mex,2017,agegroup_yearsall,sex_fmle,2.15605
mex,2017,agegroup_yearsall,sex_mle,9.37244
mex,2018,agegroup_yearsall,sex_btsx,5.80491
mex,2018,agegroup_yearsall,sex_fmle,2.26219
mex,2018,agegroup_yearsall,sex_mle,9.53992
mex,2019,agegroup_years15_19,sex_btsx,6.61
mex,2019,agegroup_years15_19,sex_fmle,4.1
mex,2019,agegroup_years15_19,sex_mle,9.06
mex,2019,agegroup_years15_24,sex_btsx,7.08
mex,2019,agegroup_years15_24,sex_fmle,3.96
mex,2019,agegroup_years15_24,sex_mle,10.13
mex,2019,agegroup_years15_29,sex_btsx,7.26
mex,2019,agegroup_years15_29,sex_fmle,3.77
mex,2019,agegroup_years15_29,sex_mle,10.72
mex,2019,agegroup_years25_34,sex_btsx,7.45
mex,2019,agegroup_years25_34,sex_fmle,2.98
mex,2019,agegroup_years25_34,sex_mle,12.08
mex,2019,agegroup_years30_49,sex_btsx,7.39
mex,2019,agegroup_years30_49,sex_fmle,2.51
mex,2019,agegroup_years30_49,sex_mle,12.75
mex,2019,agegroup_years35_44,sex_btsx,7.91
mex,2019,agegroup_years35_44,sex_fmle,2.76
mex,2019,agegroup_years35_44,sex_mle,13.61
mex,2019,agegroup_years45_54,sex_btsx,6.27
mex,2019,agegroup_years45_54,sex_fmle,1.75
mex,2019,agegroup_years45_54,sex_mle,11.36
mex,2019,agegroup_years55_64,sex_btsx,5.14
mex,2019,agegroup_years55_64,sex_fmle,1.56
mex,2019,agegroup_years55_64,sex_mle,9.2
mex,2019,agegroup_years65_74,sex_btsx,5.67
mex,2019,agegroup_years65_74,sex_fmle,1.4
mex,2019,agegroup_years65_74,sex_mle,10.67
mex,2019,agegroup_years75_84,sex_btsx,7.83
mex,2019,agegroup_years75_84,sex_fmle,2.67
mex,2019,agegroup_years75_84,sex_mle,14.33
mex,2019,agegroup_years85plus,sex_btsx,10.03
mex,2019,agegroup_years85plus,sex_fmle,3.47
mex,2019,agegroup_years85plus,sex_mle,19.83
mex,2019,agegroup_yearsall,sex_btsx,6.15305
mex,2019,agegroup_yearsall,sex_fmle,2.32992
mex,2019,agegroup_yearsall,sex_mle,10.18827
mex,2020,agegroup_yearsall,sex_btsx,6.35756
mex,2020,agegroup_yearsall,sex_fmle,2.33555
mex,2020,agegroup_yearsall,sex_mle,10.6098
mex,2021,agegroup_yearsall,sex_btsx,6.95021
mex,2021,agegroup_yearsall,sex_fmle,2.59849
mex,2021,agegroup_yearsall,sex_mle,11.56091
mkd,2000,agegroup_yearsall,sex_btsx,7.44519
mkd,2000,agegroup_yearsall,sex_fmle,4.64445
mkd,2000,agegroup_yearsall,sex_mle,10.38175
mkd,2001,agegroup_yearsall,sex_btsx,9.9584
mkd,2001,agegroup_yearsall,sex_fmle,4.03479
mkd,2001,agegroup_yearsall,sex_mle,16.14244
mkd,2002,agegroup_yearsall,sex_btsx,7.74422
mkd,2002,agegroup_yearsall,sex_fmle,4.88789
mkd,2002,agegroup_yearsall,sex_mle,10.71949
mkd,2003,agegroup_yearsall,sex_btsx,7.1859
mkd,2003,agegroup_yearsall,sex_fmle,4.36984
mkd,2003,agegroup_yearsall,sex_mle,10.11773
mkd,2004,agegroup_yearsall,sex_btsx,8.50982
mkd,2004,agegroup_yearsall,sex_fmle,5.74369
mkd,2004,agegroup_yearsall,sex_mle,11.38783
mkd,2005,agegroup_yearsall,sex_btsx,6.84288
mkd,2005,agegroup_yearsall,sex_fmle,4.01338
mkd,2005,agegroup_yearsall,sex_mle,9.78493
mkd,2006,agegroup_yearsall,sex_btsx,7.79518
mkd,2006,agegroup_yearsall,sex_fmle,4.20003
mkd,2006,agegroup_yearsall,sex_mle,11.53139
mkd,2007,agegroup_yearsall,sex_btsx,7.4204
mkd,2007,agegroup_yearsall,sex_fmle,4.40844
mkd,2007,agegroup_yearsall,sex_mle,10.54899
mkd,2008,agegroup_yearsall,sex_btsx,7.41848
mkd,2008,agegroup_yearsall,sex_fmle,4.30746
mkd,2008,agegroup_yearsall,sex_mle,10.64813
mkd,2009,agegroup_yearsall,sex_btsx,7.70915
mkd,2009,agegroup_yearsall,sex_fmle,4.07119
mkd,2009,agegroup_yearsall,sex_mle,11.4838
mkd,2010,agegroup_yearsall,sex_btsx,5.67794
mkd,2010,agegroup_yearsall,sex_fmle,3.405
mkd,2010,agegroup_yearsall,sex_mle,8.03514
mkd,2011,agegroup_yearsall,sex_btsx,5.9738
mkd,2011,agegroup_yearsall,sex_fmle,3.11287
mkd,2011,agegroup_yearsall,sex_mle,8.93935
mkd,2012,agegroup_yearsall,sex_btsx,8.06239
mkd,2012,agegroup_yearsall,sex_fmle,5.05197
mkd,2012,agegroup_yearsall,sex_mle,11.18111
mkd,2013,agegroup_yearsall,sex_btsx,7.73339
mkd,2013,agegroup_yearsall,sex_fmle,3.32821
mkd,2013,agegroup_yearsall,sex_mle,12.29477
mkd,2014,agegroup_yearsall,sex_btsx,6.36082
mkd,2014,agegroup_yearsall,sex_fmle,3.35339
mkd,2014,agegroup_yearsall,sex_mle,9.47726
mkd,2015,agegroup_yearsall,sex_btsx,5.40863
mkd,2015,agegroup_yearsall,sex_fmle,3.16849
mkd,2015,agegroup_yearsall,sex_mle,7.73466
mkd,2016,agegroup_yearsall,sex_btsx,5.87543
mkd,2016,agegroup_yearsall,sex_fmle,2.71361
mkd,2016,agegroup_yearsall,sex_mle,9.1661
mkd,2017,agegroup_yearsall,sex_btsx,5.32349
mkd,2017,agegroup_yearsall,sex_fmle,3.23158
mkd,2017,agegroup_yearsall,sex_mle,7.5064
mkd,2018,agegroup_yearsall,sex_btsx,5.45782
mkd,2018,agegroup_yearsall,sex_fmle,2.49989
mkd,2018,agegroup_yearsall,sex_mle,8.55311
mkd,2019,agegroup_years15_19,sex_btsx,3.35
mkd,2019,agegroup_years15_19,sex_fmle,2.11
mkd,2019,agegroup_years15_19,sex_mle,4.51
mkd,2019,agegroup_years15_24,sex_btsx,2.96
mkd,2019,agegroup_years15_24,sex_fmle,2.17
mkd,2019,agegroup_years15_24,sex_mle,3.72
mkd,2019,agegroup_years15_29,sex_btsx,4.49
mkd,2019,agegroup_years15_29,sex_fmle,2.26
mkd,2019,agegroup_years15_29,sex_mle,6.6
mkd,2019,agegroup_years25_34,sex_btsx,7.03
mkd,2019,agegroup_years25_34,sex_fmle,3.4
mkd,2019,agegroup_years25_34,sex_mle,10.47
mkd,2019,agegroup_years30_49,sex_btsx,7.47
mkd,2019,agegroup_years30_49,sex_fmle,3.56
mkd,2019,agegroup_years30_49,sex_mle,11.22
mkd,2019,agegroup_years35_44,sex_btsx,6.76
mkd,2019,agegroup_years35_44,sex_fmle,2.32
mkd,2019,agegroup_years35_44,sex_mle,10.99
mkd,2019,agegroup_years45_54,sex_btsx,12.38
mkd,2019,agegroup_years45_54,sex_fmle,4.49
mkd,2019,agegroup_years45_54,sex_mle,20.12
mkd,2019,agegroup_years55_64,sex_btsx,14.45
mkd,2019,agegroup_years55_64,sex_fmle,8.74
mkd,2019,agegroup_years55_64,sex_mle,20.34
mkd,2019,agegroup_years65_74,sex_btsx,20.17
mkd,2019,agegroup_years65_74,sex_fmle,9.89
mkd,2019,agegroup_years65_74,sex_mle,32.05
mkd,2019,agegroup_years75_84,sex_btsx,25.43
mkd,2019,agegroup_years75_84,sex_fmle,12.87
mkd,2019,agegroup_years75_84,sex_mle,42.83
mkd,2019,agegroup_years85plus,sex_btsx,58.64
mkd,2019,agegroup_years85plus,sex_fmle,34.07
mkd,2019,agegroup_years85plus,sex_mle,98.13
mkd,2019,agegroup_yearsall,sex_btsx,5.01671
mkd,2019,agegroup_yearsall,sex_fmle,2.7114
mkd,2019,agegroup_yearsall,sex_mle,7.43611
mkd,2020,agegroup_yearsall,sex_btsx,5.21406
mkd,2020,agegroup_yearsall,sex_fmle,2.46591
mkd,2020,agegroup_yearsall,sex_mle,8.10843
mkd,2021,agegroup_yearsall,sex_btsx,5.78062
mkd,2021,agegroup_yearsall,sex_fmle,3.76327
mkd,2021,agegroup_yearsall,sex_mle,7.91014
mli,2000,agegroup_yearsall,sex_btsx,4.03012
mli,2000,agegroup_yearsall,sex_fmle,3.01379
mli,2000,agegroup_yearsall,sex_mle,5.03168
mli,2001,agegroup_yearsall,sex_btsx,4.09237
mli,2001,agegroup_yearsall,sex_fmle,3.06328
mli,2001,agegroup_yearsall,sex_mle,5.10554
mli,2002,agegroup_yearsall,sex_btsx,4.06795
mli,2002,agegroup_yearsall,sex_fmle,3.00679
mli,2002,agegroup_yearsall,sex_mle,5.11191
mli,2003,agegroup_yearsall,sex_btsx,3.9856
mli,2003,agegroup_yearsall,sex_fmle,2.90305
mli,2003,agegroup_yearsall,sex_mle,5.04996
mli,2004,agegroup_yearsall,sex_btsx,3.95741
mli,2004,agegroup_yearsall,sex_fmle,2.83181
mli,2004,agegroup_yearsall,sex_mle,5.06358
mli,2005,agegroup_yearsall,sex_btsx,3.92852
mli,2005,agegroup_yearsall,sex_fmle,2.74484
mli,2005,agegroup_yearsall,sex_mle,5.09135
mli,2006,agegroup_yearsall,sex_btsx,3.94227
mli,2006,agegroup_yearsall,sex_fmle,2.70997
mli,2006,agegroup_yearsall,sex_mle,5.1525
mli,2007,agegroup_yearsall,sex_btsx,4.05937
mli,2007,agegroup_yearsall,sex_fmle,2.73889
mli,2007,agegroup_yearsall,sex_mle,5.35587
mli,2008,agegroup_yearsall,sex_btsx,4.12896
mli,2008,agegroup_yearsall,sex_fmle,2.73167
mli,2008,agegroup_yearsall,sex_mle,5.50064
mli,2009,agegroup_yearsall,sex_btsx,4.18868
mli,2009,agegroup_yearsall,sex_fmle,2.73785
mli,2009,agegroup_yearsall,sex_mle,5.61263
mli,2010,agegroup_yearsall,sex_btsx,4.14051
mli,2010,agegroup_yearsall,sex_fmle,2.67032
mli,2010,agegroup_yearsall,sex_mle,5.58315
mli,2011,agegroup_yearsall,sex_btsx,4.13769
mli,2011,agegroup_yearsall,sex_fmle,2.68044
mli,2011,agegroup_yearsall,sex_mle,5.56736
mli,2012,agegroup_yearsall,sex_btsx,4.23385
mli,2012,agegroup_yearsall,sex_fmle,2.68495
mli,2012,agegroup_yearsall,sex_mle,5.7532
mli,2013,agegroup_yearsall,sex_btsx,4.22939
mli,2013,agegroup_yearsall,sex_fmle,2.69626
mli,2013,agegroup_yearsall,sex_mle,5.73314
mli,2014,agegroup_yearsall,sex_btsx,4.20213
mli,2014,agegroup_yearsall,sex_fmle,2.70235
mli,2014,agegroup_yearsall,sex_mle,5.67314
mli,2015,agegroup_yearsall,sex_btsx,4.24772
mli,2015,agegroup_yearsall,sex_fmle,2.7433
mli,2015,agegroup_yearsall,sex_mle,5.72325
mli,2016,agegroup_yearsall,sex_btsx,4.20898
mli,2016,agegroup_yearsall,sex_fmle,2.77876
mli,2016,agegroup_yearsall,sex_mle,5.61171
mli,2017,agegroup_yearsall,sex_btsx,4.19735
mli,2017,agegroup_yearsall,sex_fmle,2.75326
mli,2017,agegroup_yearsall,sex_mle,5.61366
mli,2018,agegroup_yearsall,sex_btsx,4.12485
mli,2018,agegroup_yearsall,sex_fmle,2.70266
mli,2018,agegroup_yearsall,sex_mle,5.51972
mli,2019,agegroup_years15_19,sex_btsx,2.6
mli,2019,agegroup_years15_19,sex_fmle,1.93
mli,2019,agegroup_years15_19,sex_mle,3.25
mli,2019,agegroup_years15_24,sex_btsx,2.89
mli,2019,agegroup_years15_24,sex_fmle,2.04
mli,2019,agegroup_years15_24,sex_mle,3.72
mli,2019,agegroup_years15_29,sex_btsx,3.16
mli,2019,agegroup_years15_29,sex_fmle,2.14
mli,2019,agegroup_years15_29,sex_mle,4.16
mli,2019,agegroup_years25_34,sex_btsx,4.04
mli,2019,agegroup_years25_34,sex_fmle,2.34
mli,2019,agegroup_years25_34,sex_mle,5.73
mli,2019,agegroup_years30_49,sex_btsx,6.17
mli,2019,agegroup_years30_49,sex_fmle,3.37
mli,2019,agegroup_years30_49,sex_mle,9.01
mli,2019,agegroup_years35_44,sex_btsx,6.09
mli,2019,agegroup_years35_44,sex_fmle,3.29
mli,2019,agegroup_years35_44,sex_mle,8.94
mli,2019,agegroup_years45_54,sex_btsx,11.7
mli,2019,agegroup_years45_54,sex_fmle,7.23
mli,2019,agegroup_years45_54,sex_mle,16.51
mli,2019,agegroup_years55_64,sex_btsx,18.22
mli,2019,agegroup_years55_64,sex_fmle,15.05
mli,2019,agegroup_years55_64,sex_mle,22.03
mli,2019,agegroup_years65_74,sex_btsx,29.48
mli,2019,agegroup_years65_74,sex_fmle,24.33
mli,2019,agegroup_years65_74,sex_mle,36.04
mli,2019,agegroup_years75_84,sex_btsx,40.03
mli,2019,agegroup_years75_84,sex_fmle,31.97
mli,2019,agegroup_years75_84,sex_mle,50.36
mli,2019,agegroup_years85plus,sex_btsx,115.69
mli,2019,agegroup_years85plus,sex_fmle,91.58
mli,2019,agegroup_years85plus,sex_mle,144.5
mli,2019,agegroup_yearsall,sex_btsx,4.03248
mli,2019,agegroup_yearsall,sex_fmle,2.68857
mli,2019,agegroup_yearsall,sex_mle,5.35064
mli,2020,agegroup_yearsall,sex_btsx,4.05298
mli,2020,agegroup_yearsall,sex_fmle,2.70444
mli,2020,agegroup_yearsall,sex_mle,5.37591
mli,2021,agegroup_yearsall,sex_btsx,4.15653
mli,2021,agegroup_yearsall,sex_fmle,2.78881
mli,2021,agegroup_yearsall,sex_mle,5.49856
mlt,2000,agegroup_yearsall,sex_btsx,6.79623
mlt,2000,agegroup_yearsall,sex_fmle,2.89066
mlt,2000,agegroup_yearsall,sex_mle,10.77809
mlt,2001,agegroup_yearsall,sex_btsx,7.27655
mlt,2001,agegroup_yearsall,sex_fmle,4.55704
mlt,2001,agegroup_yearsall,sex_mle,10.04715
mlt,2002,agegroup_yearsall,sex_btsx,5.61955
mlt,2002,agegroup_yearsall,sex_fmle,3.28366
mlt,2002,agegroup_yearsall,sex_mle,7.99708
mlt,2003,agegroup_yearsall,sex_btsx,5.42751
mlt,2003,agegroup_yearsall,sex_fmle,3.76426
mlt,2003,agegroup_yearsall,sex_mle,7.11869
mlt,2004,agegroup_yearsall,sex_btsx,5.65892
mlt,2004,agegroup_yearsall,sex_fmle,3.05973
mlt,2004,agegroup_yearsall,sex_mle,8.29901
mlt,2005,agegroup_yearsall,sex_btsx,5.50232
mlt,2005,agegroup_yearsall,sex_fmle,2.82541
mlt,2005,agegroup_yearsall,sex_mle,8.21812
mlt,2006,agegroup_yearsall,sex_btsx,6.3761
mlt,2006,agegroup_yearsall,sex_fmle,1.76086
mlt,2006,agegroup_yearsall,sex_mle,11.05515
mlt,2007,agegroup_yearsall,sex_btsx,5.45529
mlt,2007,agegroup_yearsall,sex_fmle,1.89793
mlt,2007,agegroup_yearsall,sex_mle,9.06072
mlt,2008,agegroup_yearsall,sex_btsx,6.38159
mlt,2008,agegroup_yearsall,sex_fmle,1.54558
mlt,2008,agegroup_yearsall,sex_mle,11.28025
mlt,2009,agegroup_yearsall,sex_btsx,7.05912
mlt,2009,agegroup_yearsall,sex_fmle,1.60457
mlt,2009,agegroup_yearsall,sex_mle,12.58129
mlt,2010,agegroup_yearsall,sex_btsx,7.61123
mlt,2010,agegroup_yearsall,sex_fmle,1.61674
mlt,2010,agegroup_yearsall,sex_mle,13.67654
mlt,2011,agegroup_yearsall,sex_btsx,7.06012
mlt,2011,agegroup_yearsall,sex_fmle,2.14768
mlt,2011,agegroup_yearsall,sex_mle,12.02722
mlt,2012,agegroup_yearsall,sex_btsx,6.06015
mlt,2012,agegroup_yearsall,sex_fmle,1.98031
mlt,2012,agegroup_yearsall,sex_mle,10.17434
mlt,2013,agegroup_yearsall,sex_btsx,7.06222
mlt,2013,agegroup_yearsall,sex_fmle,2.71517
mlt,2013,agegroup_yearsall,sex_mle,11.42543
mlt,2014,agegroup_yearsall,sex_btsx,7.05488
mlt,2014,agegroup_yearsall,sex_fmle,2.37371
mlt,2014,agegroup_yearsall,sex_mle,11.7247
mlt,2015,agegroup_yearsall,sex_btsx,7.02705
mlt,2015,agegroup_yearsall,sex_fmle,2.77887
mlt,2015,agegroup_yearsall,sex_mle,11.23922
mlt,2016,agegroup_yearsall,sex_btsx,6.00854
mlt,2016,agegroup_yearsall,sex_fmle,2.43687
mlt,2016,agegroup_yearsall,sex_mle,9.53705
mlt,2017,agegroup_yearsall,sex_btsx,5.18167
mlt,2017,agegroup_yearsall,sex_fmle,1.80033
mlt,2017,agegroup_yearsall,sex_mle,8.50116
mlt,2018,agegroup_yearsall,sex_btsx,5.00605
mlt,2018,agegroup_yearsall,sex_fmle,1.63472
mlt,2018,agegroup_yearsall,sex_mle,8.27002
mlt,2019,agegroup_years15_19,sex_btsx,4.01
mlt,2019,agegroup_years15_19,sex_fmle,4.53
mlt,2019,agegroup_years15_19,sex_mle,3.52
mlt,2019,agegroup_years15_24,sex_btsx,3.65
mlt,2019,agegroup_years15_24,sex_fmle,2.04
mlt,2019,agegroup_years15_24,sex_mle,5.16
mlt,2019,agegroup_years15_29,sex_btsx,4.73
mlt,2019,agegroup_years15_29,sex_fmle,1.6
mlt,2019,agegroup_years15_29,sex_mle,7.65
mlt,2019,agegroup_years25_34,sex_btsx,7.05
mlt,2019,agegroup_years25_34,sex_fmle,3.11
mlt,2019,agegroup_years25_34,sex_mle,10.67
mlt,2019,agegroup_years30_49,sex_btsx,10.28
mlt,2019,agegroup_years30_49,sex_fmle,4.29
mlt,2019,agegroup_years30_49,sex_mle,15.89
mlt,2019,agegroup_years35_44,sex_btsx,10.7
mlt,2019,agegroup_years35_44,sex_fmle,4.95
mlt,2019,agegroup_years35_44,sex_mle,16.08
mlt,2019,agegroup_years45_54,sex_btsx,10.38
mlt,2019,agegroup_years45_54,sex_fmle,2.76
mlt,2019,agegroup_years45_54,sex_mle,17.68
mlt,2019,agegroup_years55_64,sex_btsx,6.79
mlt,2019,agegroup_years55_64,sex_fmle,2.7
mlt,2019,agegroup_years55_64,sex_mle,10.9
mlt,2019,agegroup_years65_74,sex_btsx,3.34
mlt,2019,agegroup_years65_74,sex_fmle,1.14
mlt,2019,agegroup_years65_74,sex_mle,5.66
mlt,2019,agegroup_years75_84,sex_btsx,5.47
mlt,2019,agegroup_years75_84,sex_fmle,0.76
mlt,2019,agegroup_years75_84,sex_mle,11.51
mlt,2019,agegroup_years85plus,sex_btsx,9.88
mlt,2019,agegroup_years85plus,sex_fmle,0
mlt,2019,agegroup_years85plus,sex_mle,30.18
mlt,2019,agegroup_yearsall,sex_btsx,5.94768
mlt,2019,agegroup_yearsall,sex_fmle,1.92901
mlt,2019,agegroup_yearsall,sex_mle,9.7559
mlt,2020,agegroup_yearsall,sex_btsx,5.68855
mlt,2020,agegroup_yearsall,sex_fmle,3.49567
mlt,2020,agegroup_yearsall,sex_mle,7.73033
mlt,2021,agegroup_yearsall,sex_btsx,6.46708
mlt,2021,agegroup_yearsall,sex_fmle,4.3975
mlt,2021,agegroup_yearsall,sex_mle,8.38362
mmr,2000,agegroup_yearsall,sex_btsx,3.93345
mmr,2000,agegroup_yearsall,sex_fmle,1.87804
mmr,2000,agegroup_yearsall,sex_mle,5.98521
mmr,2001,agegroup_yearsall,sex_btsx,3.86758
mmr,2001,agegroup_yearsall,sex_fmle,1.78227
mmr,2001,agegroup_yearsall,sex_mle,5.95037
mmr,2002,agegroup_yearsall,sex_btsx,3.87943
mmr,2002,agegroup_yearsall,sex_fmle,1.79735
mmr,2002,agegroup_yearsall,sex_mle,5.96013
mmr,2003,agegroup_yearsall,sex_btsx,3.82949
mmr,2003,agegroup_yearsall,sex_fmle,1.76554
mmr,2003,agegroup_yearsall,sex_mle,5.89317
mmr,2004,agegroup_yearsall,sex_btsx,3.84268
mmr,2004,agegroup_yearsall,sex_fmle,1.71998
mmr,2004,agegroup_yearsall,sex_mle,5.96616
mmr,2005,agegroup_yearsall,sex_btsx,3.79453
mmr,2005,agegroup_yearsall,sex_fmle,1.68361
mmr,2005,agegroup_yearsall,sex_mle,5.90722
mmr,2006,agegroup_yearsall,sex_btsx,3.74821
mmr,2006,agegroup_yearsall,sex_fmle,1.61248
mmr,2006,agegroup_yearsall,sex_mle,5.8867
mmr,2007,agegroup_yearsall,sex_btsx,3.64069
mmr,2007,agegroup_yearsall,sex_fmle,1.5406
mmr,2007,agegroup_yearsall,sex_mle,5.74438
mmr,2008,agegroup_yearsall,sex_btsx,3.52723
mmr,2008,agegroup_yearsall,sex_fmle,1.48243
mmr,2008,agegroup_yearsall,sex_mle,5.57473
mmr,2009,agegroup_yearsall,sex_btsx,3.37726
mmr,2009,agegroup_yearsall,sex_fmle,1.38717
mmr,2009,agegroup_yearsall,sex_mle,5.36923
mmr,2010,agegroup_yearsall,sex_btsx,3.28665
mmr,2010,agegroup_yearsall,sex_fmle,1.31161
mmr,2010,agegroup_yearsall,sex_mle,5.26435
mmr,2011,agegroup_yearsall,sex_btsx,3.22997
mmr,2011,agegroup_yearsall,sex_fmle,1.24522
mmr,2011,agegroup_yearsall,sex_mle,5.21827
mmr,2012,agegroup_yearsall,sex_btsx,3.19228
mmr,2012,agegroup_yearsall,sex_fmle,1.21256
mmr,2012,agegroup_yearsall,sex_mle,5.17644
mmr,2013,agegroup_yearsall,sex_btsx,3.14169
mmr,2013,agegroup_yearsall,sex_fmle,1.16585
mmr,2013,agegroup_yearsall,sex_mle,5.12276
mmr,2014,agegroup_yearsall,sex_btsx,3.1393
mmr,2014,agegroup_yearsall,sex_fmle,1.17466
mmr,2014,agegroup_yearsall,sex_mle,5.10997
mmr,2015,agegroup_yearsall,sex_btsx,3.1212
mmr,2015,agegroup_yearsall,sex_fmle,1.15621
mmr,2015,agegroup_yearsall,sex_mle,5.09312
mmr,2016,agegroup_yearsall,sex_btsx,3.10042
mmr,2016,agegroup_yearsall,sex_fmle,1.13655
mmr,2016,agegroup_yearsall,sex_mle,5.0721
mmr,2017,agegroup_yearsall,sex_btsx,3.04358
mmr,2017,agegroup_yearsall,sex_fmle,1.10116
mmr,2017,agegroup_yearsall,sex_mle,4.99454
mmr,2018,agegroup_yearsall,sex_btsx,3.0535
mmr,2018,agegroup_yearsall,sex_fmle,1.10821
mmr,2018,agegroup_yearsall,sex_mle,5.00816
mmr,2019,agegroup_years15_19,sex_btsx,2.71
mmr,2019,agegroup_years15_19,sex_fmle,1.07
mmr,2019,agegroup_years15_19,sex_mle,4.34
mmr,2019,agegroup_years15_24,sex_btsx,3.39
mmr,2019,agegroup_years15_24,sex_fmle,1.17
mmr,2019,agegroup_years15_24,sex_mle,5.63
mmr,2019,agegroup_years15_29,sex_btsx,3.57
mmr,2019,agegroup_years15_29,sex_fmle,1.17
mmr,2019,agegroup_years15_29,sex_mle,6.01
mmr,2019,agegroup_years25_34,sex_btsx,4.03
mmr,2019,agegroup_years25_34,sex_fmle,1.21
mmr,2019,agegroup_years25_34,sex_mle,6.96
mmr,2019,agegroup_years30_49,sex_btsx,3.71
mmr,2019,agegroup_years30_49,sex_fmle,1.2
mmr,2019,agegroup_years30_49,sex_mle,6.41
mmr,2019,agegroup_years35_44,sex_btsx,3.74
mmr,2019,agegroup_years35_44,sex_fmle,1.15
mmr,2019,agegroup_years35_44,sex_mle,6.51
mmr,2019,agegroup_years45_54,sex_btsx,3.31
mmr,2019,agegroup_years45_54,sex_fmle,1.29
mmr,2019,agegroup_years45_54,sex_mle,5.63
mmr,2019,agegroup_years55_64,sex_btsx,4.06
mmr,2019,agegroup_years55_64,sex_fmle,1.61
mmr,2019,agegroup_years55_64,sex_mle,7.17
mmr,2019,agegroup_years65_74,sex_btsx,5.46
mmr,2019,agegroup_years65_74,sex_fmle,2.56
mmr,2019,agegroup_years65_74,sex_mle,9.53
mmr,2019,agegroup_years75_84,sex_btsx,6.42
mmr,2019,agegroup_years75_84,sex_fmle,3.28
mmr,2019,agegroup_years75_84,sex_mle,11.48
mmr,2019,agegroup_years85plus,sex_btsx,12.59
mmr,2019,agegroup_years85plus,sex_fmle,6.83
mmr,2019,agegroup_years85plus,sex_mle,24.7
mmr,2019,agegroup_yearsall,sex_btsx,3.06289
mmr,2019,agegroup_yearsall,sex_fmle,1.10622
mmr,2019,agegroup_yearsall,sex_mle,5.02985
mmr,2020,agegroup_yearsall,sex_btsx,2.89326
mmr,2020,agegroup_yearsall,sex_fmle,1.04352
mmr,2020,agegroup_yearsall,sex_mle,4.75379
mmr,2021,agegroup_yearsall,sex_btsx,2.89401
mmr,2021,agegroup_yearsall,sex_fmle,1.02273
mmr,2021,agegroup_yearsall,sex_mle,4.77756
mne,2000,agegroup_yearsall,sex_btsx,16.14034
mne,2000,agegroup_yearsall,sex_fmle,8.14877
mne,2000,agegroup_yearsall,sex_mle,24.79933
mne,2001,agegroup_yearsall,sex_btsx,15.50965
mne,2001,agegroup_yearsall,sex_fmle,8.0229
mne,2001,agegroup_yearsall,sex_mle,23.65392
mne,2002,agegroup_yearsall,sex_btsx,15.92822
mne,2002,agegroup_yearsall,sex_fmle,8.22392
mne,2002,agegroup_yearsall,sex_mle,24.34097
mne,2003,agegroup_yearsall,sex_btsx,15.57341
mne,2003,agegroup_yearsall,sex_fmle,8.04605
mne,2003,agegroup_yearsall,sex_mle,23.81765
mne,2004,agegroup_yearsall,sex_btsx,15.81339
mne,2004,agegroup_yearsall,sex_fmle,8.05289
mne,2004,agegroup_yearsall,sex_mle,24.30989
mne,2005,agegroup_yearsall,sex_btsx,15.73073
mne,2005,agegroup_yearsall,sex_fmle,7.80822
mne,2005,agegroup_yearsall,sex_mle,24.3802
mne,2006,agegroup_yearsall,sex_btsx,15.6866
mne,2006,agegroup_yearsall,sex_fmle,7.61843
mne,2006,agegroup_yearsall,sex_mle,24.47307
mne,2007,agegroup_yearsall,sex_btsx,14.70522
mne,2007,agegroup_yearsall,sex_fmle,7.11273
mne,2007,agegroup_yearsall,sex_mle,22.95402
mne,2008,agegroup_yearsall,sex_btsx,14.39695
mne,2008,agegroup_yearsall,sex_fmle,6.94004
mne,2008,agegroup_yearsall,sex_mle,22.47992
mne,2009,agegroup_yearsall,sex_btsx,14.38059
mne,2009,agegroup_yearsall,sex_fmle,6.85979
mne,2009,agegroup_yearsall,sex_mle,22.51482
mne,2010,agegroup_yearsall,sex_btsx,13.88874
mne,2010,agegroup_yearsall,sex_fmle,6.71889
mne,2010,agegroup_yearsall,sex_mle,21.62977
mne,2011,agegroup_yearsall,sex_btsx,14.21247
mne,2011,agegroup_yearsall,sex_fmle,6.839
mne,2011,agegroup_yearsall,sex_mle,22.16336
mne,2012,agegroup_yearsall,sex_btsx,13.80622
mne,2012,agegroup_yearsall,sex_fmle,6.7421
mne,2012,agegroup_yearsall,sex_mle,21.41729
mne,2013,agegroup_yearsall,sex_btsx,13.19941
mne,2013,agegroup_yearsall,sex_fmle,6.54359
mne,2013,agegroup_yearsall,sex_mle,20.3659
mne,2014,agegroup_yearsall,sex_btsx,13.09046
mne,2014,agegroup_yearsall,sex_fmle,6.40543
mne,2014,agegroup_yearsall,sex_mle,20.28433
mne,2015,agegroup_yearsall,sex_btsx,12.95542
mne,2015,agegroup_yearsall,sex_fmle,6.23253
mne,2015,agegroup_yearsall,sex_mle,20.18716
mne,2016,agegroup_yearsall,sex_btsx,12.71647
mne,2016,agegroup_yearsall,sex_fmle,6.00872
mne,2016,agegroup_yearsall,sex_mle,19.93029
mne,2017,agegroup_yearsall,sex_btsx,13.32827
mne,2017,agegroup_yearsall,sex_fmle,6.05258
mne,2017,agegroup_yearsall,sex_mle,21.15345
mne,2018,agegroup_yearsall,sex_btsx,13.53986
mne,2018,agegroup_yearsall,sex_fmle,6.05451
mne,2018,agegroup_yearsall,sex_mle,21.59134
mne,2019,agegroup_years15_19,sex_btsx,5.4
mne,2019,agegroup_years15_19,sex_fmle,3.77
mne,2019,agegroup_years15_19,sex_mle,6.9
mne,2019,agegroup_years15_24,sex_btsx,11.16
mne,2019,agegroup_years15_24,sex_fmle,6.14
mne,2019,agegroup_years15_24,sex_mle,15.76
mne,2019,agegroup_years15_29,sex_btsx,12.6
mne,2019,agegroup_years15_29,sex_fmle,6.64
mne,2019,agegroup_years15_29,sex_mle,18.07
mne,2019,agegroup_years25_34,sex_btsx,14.62
mne,2019,agegroup_years25_34,sex_fmle,8.46
mne,2019,agegroup_years25_34,sex_mle,20.41
mne,2019,agegroup_years30_49,sex_btsx,18.39
mne,2019,agegroup_years30_49,sex_fmle,9.4
mne,2019,agegroup_years30_49,sex_mle,27.44
mne,2019,agegroup_years35_44,sex_btsx,18.65
mne,2019,agegroup_years35_44,sex_fmle,9.73
mne,2019,agegroup_years35_44,sex_mle,27.65
mne,2019,agegroup_years45_54,sex_btsx,25.65
mne,2019,agegroup_years45_54,sex_fmle,10.53
mne,2019,agegroup_years45_54,sex_mle,41.38
mne,2019,agegroup_years55_64,sex_btsx,33.98
mne,2019,agegroup_years55_64,sex_fmle,14.73
mne,2019,agegroup_years55_64,sex_mle,54.06
mne,2019,agegroup_years65_74,sex_btsx,38.49
mne,2019,agegroup_years65_74,sex_fmle,17.39
mne,2019,agegroup_years65_74,sex_mle,63.92
mne,2019,agegroup_years75_84,sex_btsx,52.4
mne,2019,agegroup_years75_84,sex_fmle,26.5
mne,2019,agegroup_years75_84,sex_mle,92.82
mne,2019,agegroup_years85plus,sex_btsx,94.67
mne,2019,agegroup_years85plus,sex_fmle,45.78
mne,2019,agegroup_years85plus,sex_mle,182.94
mne,2019,agegroup_yearsall,sex_btsx,14.131
mne,2019,agegroup_yearsall,sex_fmle,6.37574
mne,2019,agegroup_yearsall,sex_mle,22.47487
mne,2020,agegroup_yearsall,sex_btsx,15.19571
mne,2020,agegroup_yearsall,sex_fmle,7.08315
mne,2020,agegroup_yearsall,sex_mle,23.93242
mne,2021,agegroup_yearsall,sex_btsx,11.30898
mne,2021,agegroup_yearsall,sex_fmle,5.98047
mne,2021,agegroup_yearsall,sex_mle,17.05371
mng,2000,agegroup_yearsall,sex_btsx,16.24362
mng,2000,agegroup_yearsall,sex_fmle,6.4042
mng,2000,agegroup_yearsall,sex_mle,26.47586
mng,2001,agegroup_yearsall,sex_btsx,16.20293
mng,2001,agegroup_yearsall,sex_fmle,5.99456
mng,2001,agegroup_yearsall,sex_mle,26.78372
mng,2002,agegroup_yearsall,sex_btsx,15.79672
mng,2002,agegroup_yearsall,sex_fmle,5.73199
mng,2002,agegroup_yearsall,sex_mle,26.19704
mng,2003,agegroup_yearsall,sex_btsx,17.1376
mng,2003,agegroup_yearsall,sex_fmle,5.91223
mng,2003,agegroup_yearsall,sex_mle,28.70668
mng,2004,agegroup_yearsall,sex_btsx,17.68401
mng,2004,agegroup_yearsall,sex_fmle,5.91209
mng,2004,agegroup_yearsall,sex_mle,29.78891
mng,2005,agegroup_yearsall,sex_btsx,18.23755
mng,2005,agegroup_yearsall,sex_fmle,5.92261
mng,2005,agegroup_yearsall,sex_mle,30.87612
mng,2006,agegroup_yearsall,sex_btsx,18.10361
mng,2006,agegroup_yearsall,sex_fmle,5.72851
mng,2006,agegroup_yearsall,sex_mle,30.7819
mng,2007,agegroup_yearsall,sex_btsx,18.12202
mng,2007,agegroup_yearsall,sex_fmle,5.56917
mng,2007,agegroup_yearsall,sex_mle,30.96066
mng,2008,agegroup_yearsall,sex_btsx,18.50017
mng,2008,agegroup_yearsall,sex_fmle,5.53495
mng,2008,agegroup_yearsall,sex_mle,31.73665
mng,2009,agegroup_yearsall,sex_btsx,18.97503
mng,2009,agegroup_yearsall,sex_fmle,5.85509
mng,2009,agegroup_yearsall,sex_mle,32.34407
mng,2010,agegroup_yearsall,sex_btsx,19.92252
mng,2010,agegroup_yearsall,sex_fmle,6.20682
mng,2010,agegroup_yearsall,sex_mle,33.87521
mng,2011,agegroup_yearsall,sex_btsx,22.16592
mng,2011,agegroup_yearsall,sex_fmle,6.703
mng,2011,agegroup_yearsall,sex_mle,37.9011
mng,2012,agegroup_yearsall,sex_btsx,21.19126
mng,2012,agegroup_yearsall,sex_fmle,6.16415
mng,2012,agegroup_yearsall,sex_mle,36.50904
mng,2013,agegroup_yearsall,sex_btsx,19.42509
mng,2013,agegroup_yearsall,sex_fmle,5.72483
mng,2013,agegroup_yearsall,sex_mle,33.39905
mng,2014,agegroup_yearsall,sex_btsx,18.29529
mng,2014,agegroup_yearsall,sex_fmle,5.33876
mng,2014,agegroup_yearsall,sex_mle,31.50048
mng,2015,agegroup_yearsall,sex_btsx,18.62585
mng,2015,agegroup_yearsall,sex_fmle,5.3055
mng,2015,agegroup_yearsall,sex_mle,32.17447
mng,2016,agegroup_yearsall,sex_btsx,18.4824
mng,2016,agegroup_yearsall,sex_fmle,5.37256
mng,2016,agegroup_yearsall,sex_mle,31.77642
mng,2017,agegroup_yearsall,sex_btsx,17.89559
mng,2017,agegroup_yearsall,sex_fmle,5.35911
mng,2017,agegroup_yearsall,sex_mle,30.55945
mng,2018,agegroup_yearsall,sex_btsx,17.14657
mng,2018,agegroup_yearsall,sex_fmle,4.97885
mng,2018,agegroup_yearsall,sex_mle,29.38333
mng,2019,agegroup_years15_19,sex_btsx,13.94
mng,2019,agegroup_years15_19,sex_fmle,8.86
mng,2019,agegroup_years15_19,sex_mle,18.94
mng,2019,agegroup_years15_24,sex_btsx,20.1
mng,2019,agegroup_years15_24,sex_fmle,9.58
mng,2019,agegroup_years15_24,sex_mle,30.46
mng,2019,agegroup_years15_29,sex_btsx,25.11
mng,2019,agegroup_years15_29,sex_fmle,9.66
mng,2019,agegroup_years15_29,sex_mle,40.38
mng,2019,agegroup_years25_34,sex_btsx,33.54
mng,2019,agegroup_years25_34,sex_fmle,8.87
mng,2019,agegroup_years25_34,sex_mle,58.13
mng,2019,agegroup_years30_49,sex_btsx,30.21
mng,2019,agegroup_years30_49,sex_fmle,7.09
mng,2019,agegroup_years30_49,sex_mle,53.62
mng,2019,agegroup_years35_44,sex_btsx,30.02
mng,2019,agegroup_years35_44,sex_fmle,6.56
mng,2019,agegroup_years35_44,sex_mle,53.58
mng,2019,agegroup_years45_54,sex_btsx,23.17
mng,2019,agegroup_years45_54,sex_fmle,6.53
mng,2019,agegroup_years45_54,sex_mle,41.1
mng,2019,agegroup_years55_64,sex_btsx,15.16
mng,2019,agegroup_years55_64,sex_fmle,4.54
mng,2019,agegroup_years55_64,sex_mle,28.22
mng,2019,agegroup_years65_74,sex_btsx,13.3
mng,2019,agegroup_years65_74,sex_fmle,4.6
mng,2019,agegroup_years65_74,sex_mle,24.75
mng,2019,agegroup_years75_84,sex_btsx,14.41
mng,2019,agegroup_years75_84,sex_fmle,4.45
mng,2019,agegroup_years75_84,sex_mle,29.8
mng,2019,agegroup_years85plus,sex_btsx,26.81
mng,2019,agegroup_years85plus,sex_fmle,8.19
mng,2019,agegroup_years85plus,sex_mle,70.13
mng,2019,agegroup_yearsall,sex_btsx,17.32934
mng,2019,agegroup_yearsall,sex_fmle,4.82886
mng,2019,agegroup_yearsall,sex_mle,29.84017
mng,2020,agegroup_yearsall,sex_btsx,18.83673
mng,2020,agegroup_yearsall,sex_fmle,4.57555
mng,2020,agegroup_yearsall,sex_mle,33.08857
mng,2021,agegroup_yearsall,sex_btsx,18.49847
mng,2021,agegroup_yearsall,sex_fmle,4.84885
mng,2021,agegroup_yearsall,sex_mle,32.16284
moz,2000,agegroup_yearsall,sex_btsx,6.5014
moz,2000,agegroup_yearsall,sex_fmle,2.59095
moz,2000,agegroup_yearsall,sex_mle,10.68611
moz,2001,agegroup_yearsall,sex_btsx,6.27612
moz,2001,agegroup_yearsall,sex_fmle,2.53852
moz,2001,agegroup_yearsall,sex_mle,10.28331
moz,2002,agegroup_yearsall,sex_btsx,6.35734
moz,2002,agegroup_yearsall,sex_fmle,2.47478
moz,2002,agegroup_yearsall,sex_mle,10.5271
moz,2003,agegroup_yearsall,sex_btsx,6.26354
moz,2003,agegroup_yearsall,sex_fmle,2.39972
moz,2003,agegroup_yearsall,sex_mle,10.41916
moz,2004,agegroup_yearsall,sex_btsx,6.28278
moz,2004,agegroup_yearsall,sex_fmle,2.35051
moz,2004,agegroup_yearsall,sex_mle,10.51693
moz,2005,agegroup_yearsall,sex_btsx,6.45021
moz,2005,agegroup_yearsall,sex_fmle,2.32262
moz,2005,agegroup_yearsall,sex_mle,10.89856
moz,2006,agegroup_yearsall,sex_btsx,6.87594
moz,2006,agegroup_yearsall,sex_fmle,2.29234
moz,2006,agegroup_yearsall,sex_mle,11.81859
moz,2007,agegroup_yearsall,sex_btsx,7.5819
moz,2007,agegroup_yearsall,sex_fmle,2.58149
moz,2007,agegroup_yearsall,sex_mle,12.97655
moz,2008,agegroup_yearsall,sex_btsx,8.12136
moz,2008,agegroup_yearsall,sex_fmle,3.30131
moz,2008,agegroup_yearsall,sex_mle,13.32339
moz,2009,agegroup_yearsall,sex_btsx,8.60645
moz,2009,agegroup_yearsall,sex_fmle,3.81543
moz,2009,agegroup_yearsall,sex_mle,13.77809
moz,2010,agegroup_yearsall,sex_btsx,9.09861
moz,2010,agegroup_yearsall,sex_fmle,4.33097
moz,2010,agegroup_yearsall,sex_mle,14.24487
moz,2011,agegroup_yearsall,sex_btsx,9.34193
moz,2011,agegroup_yearsall,sex_fmle,4.661
moz,2011,agegroup_yearsall,sex_mle,14.3913
moz,2012,agegroup_yearsall,sex_btsx,9.29657
moz,2012,agegroup_yearsall,sex_fmle,4.52062
moz,2012,agegroup_yearsall,sex_mle,14.44261
moz,2013,agegroup_yearsall,sex_btsx,9.83586
moz,2013,agegroup_yearsall,sex_fmle,4.7413
moz,2013,agegroup_yearsall,sex_mle,15.31882
moz,2014,agegroup_yearsall,sex_btsx,10.65095
moz,2014,agegroup_yearsall,sex_fmle,5.34038
moz,2014,agegroup_yearsall,sex_mle,16.3594
moz,2015,agegroup_yearsall,sex_btsx,10.93427
moz,2015,agegroup_yearsall,sex_fmle,5.78077
moz,2015,agegroup_yearsall,sex_mle,16.46711
moz,2016,agegroup_yearsall,sex_btsx,11.91953
moz,2016,agegroup_yearsall,sex_fmle,6.16488
moz,2016,agegroup_yearsall,sex_mle,18.08966
moz,2017,agegroup_yearsall,sex_btsx,12.47961
moz,2017,agegroup_yearsall,sex_fmle,6.43326
moz,2017,agegroup_yearsall,sex_mle,18.95217
moz,2018,agegroup_yearsall,sex_btsx,12.46407
moz,2018,agegroup_yearsall,sex_fmle,6.66204
moz,2018,agegroup_yearsall,sex_mle,18.66617
moz,2019,agegroup_years15_19,sex_btsx,9.16
moz,2019,agegroup_years15_19,sex_fmle,5.92
moz,2019,agegroup_years15_19,sex_mle,12.44
moz,2019,agegroup_years15_24,sex_btsx,11.67
moz,2019,agegroup_years15_24,sex_fmle,6.31
moz,2019,agegroup_years15_24,sex_mle,17.12
moz,2019,agegroup_years15_29,sex_btsx,13.08
moz,2019,agegroup_years15_29,sex_fmle,6.19
moz,2019,agegroup_years15_29,sex_mle,20.12
moz,2019,agegroup_years25_34,sex_btsx,18.96
moz,2019,agegroup_years25_34,sex_fmle,6.68
moz,2019,agegroup_years25_34,sex_mle,31.73
moz,2019,agegroup_years30_49,sex_btsx,25.24
moz,2019,agegroup_years30_49,sex_fmle,8.61
moz,2019,agegroup_years30_49,sex_mle,43.87
moz,2019,agegroup_years35_44,sex_btsx,25.23
moz,2019,agegroup_years35_44,sex_fmle,8.79
moz,2019,agegroup_years35_44,sex_mle,43.63
moz,2019,agegroup_years45_54,sex_btsx,38.34
moz,2019,agegroup_years45_54,sex_fmle,12.79
moz,2019,agegroup_years45_54,sex_mle,71.98
moz,2019,agegroup_years55_64,sex_btsx,49.43
moz,2019,agegroup_years55_64,sex_fmle,19.14
moz,2019,agegroup_years55_64,sex_mle,90.32
moz,2019,agegroup_years65_74,sex_btsx,61.22
moz,2019,agegroup_years65_74,sex_fmle,25.22
moz,2019,agegroup_years65_74,sex_mle,116.34
moz,2019,agegroup_years75_84,sex_btsx,89.76
moz,2019,agegroup_years75_84,sex_fmle,34.75
moz,2019,agegroup_years75_84,sex_mle,196.73
moz,2019,agegroup_years85plus,sex_btsx,246.09
moz,2019,agegroup_years85plus,sex_fmle,88.14
moz,2019,agegroup_years85plus,sex_mle,646.03
moz,2019,agegroup_yearsall,sex_btsx,11.59363
moz,2019,agegroup_yearsall,sex_fmle,6.35899
moz,2019,agegroup_yearsall,sex_mle,17.18316
moz,2020,agegroup_yearsall,sex_btsx,10.79211
moz,2020,agegroup_yearsall,sex_fmle,6.16076
moz,2020,agegroup_yearsall,sex_mle,15.7315
moz,2021,agegroup_yearsall,sex_btsx,10.60589
moz,2021,agegroup_yearsall,sex_fmle,5.95781
moz,2021,agegroup_yearsall,sex_mle,15.55643
mrt,2000,agegroup_yearsall,sex_btsx,2.73414
mrt,2000,agegroup_yearsall,sex_fmle,1.87817
mrt,2000,agegroup_yearsall,sex_mle,3.59461
mrt,2001,agegroup_yearsall,sex_btsx,2.76211
mrt,2001,agegroup_yearsall,sex_fmle,1.9607
mrt,2001,agegroup_yearsall,sex_mle,3.56946
mrt,2002,agegroup_yearsall,sex_btsx,2.7282
mrt,2002,agegroup_yearsall,sex_fmle,1.95703
mrt,2002,agegroup_yearsall,sex_mle,3.50836
mrt,2003,agegroup_yearsall,sex_btsx,2.66945
mrt,2003,agegroup_yearsall,sex_fmle,1.91556
mrt,2003,agegroup_yearsall,sex_mle,3.43501
mrt,2004,agegroup_yearsall,sex_btsx,2.68132
mrt,2004,agegroup_yearsall,sex_fmle,1.92645
mrt,2004,agegroup_yearsall,sex_mle,3.45061
mrt,2005,agegroup_yearsall,sex_btsx,2.63939
mrt,2005,agegroup_yearsall,sex_fmle,1.87299
mrt,2005,agegroup_yearsall,sex_mle,3.42301
mrt,2006,agegroup_yearsall,sex_btsx,2.65504
mrt,2006,agegroup_yearsall,sex_fmle,1.87361
mrt,2006,agegroup_yearsall,sex_mle,3.45642
mrt,2007,agegroup_yearsall,sex_btsx,2.52659
mrt,2007,agegroup_yearsall,sex_fmle,1.68127
mrt,2007,agegroup_yearsall,sex_mle,3.39575
mrt,2008,agegroup_yearsall,sex_btsx,2.50116
mrt,2008,agegroup_yearsall,sex_fmle,1.65534
mrt,2008,agegroup_yearsall,sex_mle,3.37461
mrt,2009,agegroup_yearsall,sex_btsx,2.59425
mrt,2009,agegroup_yearsall,sex_fmle,1.67564
mrt,2009,agegroup_yearsall,sex_mle,3.54849
mrt,2010,agegroup_yearsall,sex_btsx,2.62934
mrt,2010,agegroup_yearsall,sex_fmle,1.66845
mrt,2010,agegroup_yearsall,sex_mle,3.63293
mrt,2011,agegroup_yearsall,sex_btsx,2.64307
mrt,2011,agegroup_yearsall,sex_fmle,1.64471
mrt,2011,agegroup_yearsall,sex_mle,3.69088
mrt,2012,agegroup_yearsall,sex_btsx,2.80884
mrt,2012,agegroup_yearsall,sex_fmle,1.71629
mrt,2012,agegroup_yearsall,sex_mle,3.96036
mrt,2013,agegroup_yearsall,sex_btsx,2.8138
mrt,2013,agegroup_yearsall,sex_fmle,1.73788
mrt,2013,agegroup_yearsall,sex_mle,3.94925
mrt,2014,agegroup_yearsall,sex_btsx,2.77928
mrt,2014,agegroup_yearsall,sex_fmle,1.75453
mrt,2014,agegroup_yearsall,sex_mle,3.85925
mrt,2015,agegroup_yearsall,sex_btsx,2.72537
mrt,2015,agegroup_yearsall,sex_fmle,1.72954
mrt,2015,agegroup_yearsall,sex_mle,3.77337
mrt,2016,agegroup_yearsall,sex_btsx,2.75425
mrt,2016,agegroup_yearsall,sex_fmle,1.78904
mrt,2016,agegroup_yearsall,sex_mle,3.76851
mrt,2017,agegroup_yearsall,sex_btsx,2.76289
mrt,2017,agegroup_yearsall,sex_fmle,1.77551
mrt,2017,agegroup_yearsall,sex_mle,3.7988
mrt,2018,agegroup_yearsall,sex_btsx,2.75073
mrt,2018,agegroup_yearsall,sex_fmle,1.75766
mrt,2018,agegroup_yearsall,sex_mle,3.79097
mrt,2019,agegroup_years15_19,sex_btsx,1.34
mrt,2019,agegroup_years15_19,sex_fmle,0.85
mrt,2019,agegroup_years15_19,sex_mle,1.83
mrt,2019,agegroup_years15_24,sex_btsx,1.79
mrt,2019,agegroup_years15_24,sex_fmle,0.98
mrt,2019,agegroup_years15_24,sex_mle,2.58
mrt,2019,agegroup_years15_29,sex_btsx,2.11
mrt,2019,agegroup_years15_29,sex_fmle,1.05
mrt,2019,agegroup_years15_29,sex_mle,3.14
mrt,2019,agegroup_years25_34,sex_btsx,2.95
mrt,2019,agegroup_years25_34,sex_fmle,1.22
mrt,2019,agegroup_years25_34,sex_mle,4.63
mrt,2019,agegroup_years30_49,sex_btsx,3.61
mrt,2019,agegroup_years30_49,sex_fmle,1.9
mrt,2019,agegroup_years30_49,sex_mle,5.29
mrt,2019,agegroup_years35_44,sex_btsx,3.63
mrt,2019,agegroup_years35_44,sex_fmle,1.87
mrt,2019,agegroup_years35_44,sex_mle,5.36
mrt,2019,agegroup_years45_54,sex_btsx,5.81
mrt,2019,agegroup_years45_54,sex_fmle,4.31
mrt,2019,agegroup_years45_54,sex_mle,7.35
mrt,2019,agegroup_years55_64,sex_btsx,12.38
mrt,2019,agegroup_years55_64,sex_fmle,10.49
mrt,2019,agegroup_years55_64,sex_mle,14.48
mrt,2019,agegroup_years65_74,sex_btsx,23.67
mrt,2019,agegroup_years65_74,sex_fmle,18.78
mrt,2019,agegroup_years65_74,sex_mle,29.92
mrt,2019,agegroup_years75_84,sex_btsx,35.85
mrt,2019,agegroup_years75_84,sex_fmle,26.49
mrt,2019,agegroup_years75_84,sex_mle,50.12
mrt,2019,agegroup_years85plus,sex_btsx,87.12
mrt,2019,agegroup_years85plus,sex_fmle,59.89
mrt,2019,agegroup_years85plus,sex_mle,133.05
mrt,2019,agegroup_yearsall,sex_btsx,2.7497
mrt,2019,agegroup_yearsall,sex_fmle,1.72941
mrt,2019,agegroup_yearsall,sex_mle,3.81678
mrt,2020,agegroup_yearsall,sex_btsx,2.67444
mrt,2020,agegroup_yearsall,sex_fmle,1.67471
mrt,2020,agegroup_yearsall,sex_mle,3.71855
mrt,2021,agegroup_yearsall,sex_btsx,2.70782
mrt,2021,agegroup_yearsall,sex_fmle,1.72155
mrt,2021,agegroup_yearsall,sex_mle,3.73649
mus,2000,agegroup_yearsall,sex_btsx,12.13652
mus,2000,agegroup_yearsall,sex_fmle,5.14359
mus,2000,agegroup_yearsall,sex_mle,18.98129
mus,2001,agegroup_yearsall,sex_btsx,10.19024
mus,2001,agegroup_yearsall,sex_fmle,6.32903
mus,2001,agegroup_yearsall,sex_mle,13.9747
mus,2002,agegroup_yearsall,sex_btsx,11.57241
mus,2002,agegroup_yearsall,sex_fmle,4.98282
mus,2002,agegroup_yearsall,sex_mle,18.03931
mus,2003,agegroup_yearsall,sex_btsx,7.86258
mus,2003,agegroup_yearsall,sex_fmle,4.07249
mus,2003,agegroup_yearsall,sex_mle,11.58686
mus,2004,agegroup_yearsall,sex_btsx,8.4228
mus,2004,agegroup_yearsall,sex_fmle,3.88402
mus,2004,agegroup_yearsall,sex_mle,12.8884
mus,2005,agegroup_yearsall,sex_btsx,9.20918
mus,2005,agegroup_yearsall,sex_fmle,4.04828
mus,2005,agegroup_yearsall,sex_mle,14.29347
mus,2006,agegroup_yearsall,sex_btsx,9.74297
mus,2006,agegroup_yearsall,sex_fmle,4.36806
mus,2006,agegroup_yearsall,sex_mle,15.04497
mus,2007,agegroup_yearsall,sex_btsx,10.67822
mus,2007,agegroup_yearsall,sex_fmle,5.26245
mus,2007,agegroup_yearsall,sex_mle,16.02739
mus,2008,agegroup_yearsall,sex_btsx,6.9779
mus,2008,agegroup_yearsall,sex_fmle,1.93649
mus,2008,agegroup_yearsall,sex_mle,11.96428
mus,2009,agegroup_yearsall,sex_btsx,9.49376
mus,2009,agegroup_yearsall,sex_fmle,3.62511
mus,2009,agegroup_yearsall,sex_mle,15.3075
mus,2010,agegroup_yearsall,sex_btsx,7.90704
mus,2010,agegroup_yearsall,sex_fmle,3.18091
mus,2010,agegroup_yearsall,sex_mle,12.59682
mus,2011,agegroup_yearsall,sex_btsx,9.62241
mus,2011,agegroup_yearsall,sex_fmle,4.03511
mus,2011,agegroup_yearsall,sex_mle,15.17619
mus,2012,agegroup_yearsall,sex_btsx,9.95467
mus,2012,agegroup_yearsall,sex_fmle,4.55502
mus,2012,agegroup_yearsall,sex_mle,15.32476
mus,2013,agegroup_yearsall,sex_btsx,8.48474
mus,2013,agegroup_yearsall,sex_fmle,2.6019
mus,2013,agegroup_yearsall,sex_mle,14.33246
mus,2014,agegroup_yearsall,sex_btsx,10.5352
mus,2014,agegroup_yearsall,sex_fmle,3.89687
mus,2014,agegroup_yearsall,sex_mle,17.1309
mus,2015,agegroup_yearsall,sex_btsx,8.35834
mus,2015,agegroup_yearsall,sex_fmle,4.03588
mus,2015,agegroup_yearsall,sex_mle,12.65148
mus,2016,agegroup_yearsall,sex_btsx,8.33394
mus,2016,agegroup_yearsall,sex_fmle,2.68519
mus,2016,agegroup_yearsall,sex_mle,13.94257
mus,2017,agegroup_yearsall,sex_btsx,9.45738
mus,2017,agegroup_yearsall,sex_fmle,3.99555
mus,2017,agegroup_yearsall,sex_mle,14.87917
mus,2018,agegroup_yearsall,sex_btsx,8.97651
mus,2018,agegroup_yearsall,sex_fmle,4.2612
mus,2018,agegroup_yearsall,sex_mle,13.6567
mus,2019,agegroup_years15_19,sex_btsx,4.67
mus,2019,agegroup_years15_19,sex_fmle,2.31
mus,2019,agegroup_years15_19,sex_mle,6.95
mus,2019,agegroup_years15_24,sex_btsx,13.65
mus,2019,agegroup_years15_24,sex_fmle,5.11
mus,2019,agegroup_years15_24,sex_mle,21.97
mus,2019,agegroup_years15_29,sex_btsx,14.04
mus,2019,agegroup_years15_29,sex_fmle,4.05
mus,2019,agegroup_years15_29,sex_mle,23.82
mus,2019,agegroup_years25_34,sex_btsx,14.07
mus,2019,agegroup_years25_34,sex_fmle,3.4
mus,2019,agegroup_years25_34,sex_mle,24.66
mus,2019,agegroup_years30_49,sex_btsx,11.76
mus,2019,agegroup_years30_49,sex_fmle,2.79
mus,2019,agegroup_years30_49,sex_mle,20.62
mus,2019,agegroup_years35_44,sex_btsx,13.16
mus,2019,agegroup_years35_44,sex_fmle,2.99
mus,2019,agegroup_years35_44,sex_mle,23.15
mus,2019,agegroup_years45_54,sex_btsx,11.79
mus,2019,agegroup_years45_54,sex_fmle,3.16
mus,2019,agegroup_years45_54,sex_mle,20.4
mus,2019,agegroup_years55_64,sex_btsx,4.74
mus,2019,agegroup_years55_64,sex_fmle,1.11
mus,2019,agegroup_years55_64,sex_mle,8.57
mus,2019,agegroup_years65_74,sex_btsx,11.87
mus,2019,agegroup_years65_74,sex_fmle,4.22
mus,2019,agegroup_years65_74,sex_mle,20.98
mus,2019,agegroup_years75_84,sex_btsx,5.45
mus,2019,agegroup_years75_84,sex_fmle,0
mus,2019,agegroup_years75_84,sex_mle,13.54
mus,2019,agegroup_years85plus,sex_btsx,9.16
mus,2019,agegroup_years85plus,sex_fmle,0
mus,2019,agegroup_years85plus,sex_mle,29.57
mus,2019,agegroup_yearsall,sex_btsx,9.76227
mus,2019,agegroup_yearsall,sex_fmle,2.67694
mus,2019,agegroup_yearsall,sex_mle,16.79588
mus,2020,agegroup_yearsall,sex_btsx,11.40563
mus,2020,agegroup_yearsall,sex_fmle,2.94892
mus,2020,agegroup_yearsall,sex_mle,19.8054
mus,2021,agegroup_yearsall,sex_btsx,10.52019
mus,2021,agegroup_yearsall,sex_fmle,3.0455
mus,2021,agegroup_yearsall,sex_mle,17.95301
mwi,2000,agegroup_yearsall,sex_btsx,7.49018
mwi,2000,agegroup_yearsall,sex_fmle,3.08324
mwi,2000,agegroup_yearsall,sex_mle,12.1411
mwi,2001,agegroup_yearsall,sex_btsx,7.32472
mwi,2001,agegroup_yearsall,sex_fmle,2.91371
mwi,2001,agegroup_yearsall,sex_mle,11.98732
mwi,2002,agegroup_yearsall,sex_btsx,7.28033
mwi,2002,agegroup_yearsall,sex_fmle,2.68803
mwi,2002,agegroup_yearsall,sex_mle,12.14165
mwi,2003,agegroup_yearsall,sex_btsx,7.62285
mwi,2003,agegroup_yearsall,sex_fmle,3.24269
mwi,2003,agegroup_yearsall,sex_mle,12.26645
mwi,2004,agegroup_yearsall,sex_btsx,7.33395
mwi,2004,agegroup_yearsall,sex_fmle,2.71084
mwi,2004,agegroup_yearsall,sex_mle,12.242
mwi,2005,agegroup_yearsall,sex_btsx,7.50441
mwi,2005,agegroup_yearsall,sex_fmle,3.04913
mwi,2005,agegroup_yearsall,sex_mle,12.24001
mwi,2006,agegroup_yearsall,sex_btsx,7.75426
mwi,2006,agegroup_yearsall,sex_fmle,3.00896
mwi,2006,agegroup_yearsall,sex_mle,12.80281
mwi,2007,agegroup_yearsall,sex_btsx,7.53846
mwi,2007,agegroup_yearsall,sex_fmle,2.8912
mwi,2007,agegroup_yearsall,sex_mle,12.48454
mwi,2008,agegroup_yearsall,sex_btsx,6.89672
mwi,2008,agegroup_yearsall,sex_fmle,2.51239
mwi,2008,agegroup_yearsall,sex_mle,11.55901
mwi,2009,agegroup_yearsall,sex_btsx,6.777
mwi,2009,agegroup_yearsall,sex_fmle,2.51677
mwi,2009,agegroup_yearsall,sex_mle,11.29995
mwi,2010,agegroup_yearsall,sex_btsx,6.60035
mwi,2010,agegroup_yearsall,sex_fmle,2.44885
mwi,2010,agegroup_yearsall,sex_mle,11.00124
mwi,2011,agegroup_yearsall,sex_btsx,6.55134
mwi,2011,agegroup_yearsall,sex_fmle,2.41952
mwi,2011,agegroup_yearsall,sex_mle,10.92555
mwi,2012,agegroup_yearsall,sex_btsx,6.47455
mwi,2012,agegroup_yearsall,sex_fmle,2.33325
mwi,2012,agegroup_yearsall,sex_mle,10.85375
mwi,2013,agegroup_yearsall,sex_btsx,6.43828
mwi,2013,agegroup_yearsall,sex_fmle,2.41816
mwi,2013,agegroup_yearsall,sex_mle,10.68513
mwi,2014,agegroup_yearsall,sex_btsx,6.36457
mwi,2014,agegroup_yearsall,sex_fmle,2.42817
mwi,2014,agegroup_yearsall,sex_mle,10.51931
mwi,2015,agegroup_yearsall,sex_btsx,6.49302
mwi,2015,agegroup_yearsall,sex_fmle,2.40232
mwi,2015,agegroup_yearsall,sex_mle,10.80704
mwi,2016,agegroup_yearsall,sex_btsx,6.62969
mwi,2016,agegroup_yearsall,sex_fmle,2.44639
mwi,2016,agegroup_yearsall,sex_mle,11.03794
mwi,2017,agegroup_yearsall,sex_btsx,6.85283
mwi,2017,agegroup_yearsall,sex_fmle,2.48411
mwi,2017,agegroup_yearsall,sex_mle,11.45314
mwi,2018,agegroup_yearsall,sex_btsx,6.96398
mwi,2018,agegroup_yearsall,sex_fmle,2.50955
mwi,2018,agegroup_yearsall,sex_mle,11.65182
mwi,2019,agegroup_years15_19,sex_btsx,3.16
mwi,2019,agegroup_years15_19,sex_fmle,1.24
mwi,2019,agegroup_years15_19,sex_mle,5.08
mwi,2019,agegroup_years15_24,sex_btsx,4.16
mwi,2019,agegroup_years15_24,sex_fmle,1.33
mwi,2019,agegroup_years15_24,sex_mle,7.01
mwi,2019,agegroup_years15_29,sex_btsx,4.6
mwi,2019,agegroup_years15_29,sex_fmle,1.37
mwi,2019,agegroup_years15_29,sex_mle,7.87
mwi,2019,agegroup_years25_34,sex_btsx,5.65
mwi,2019,agegroup_years25_34,sex_fmle,1.54
mwi,2019,agegroup_years25_34,sex_mle,9.93
mwi,2019,agegroup_years30_49,sex_btsx,7.08
mwi,2019,agegroup_years30_49,sex_fmle,1.4
mwi,2019,agegroup_years30_49,sex_mle,13.06
mwi,2019,agegroup_years35_44,sex_btsx,6.67
mwi,2019,agegroup_years35_44,sex_fmle,0.67
mwi,2019,agegroup_years35_44,sex_mle,12.98
mwi,2019,agegroup_years45_54,sex_btsx,14.32
mwi,2019,agegroup_years45_54,sex_fmle,3.88
mwi,2019,agegroup_years45_54,sex_mle,25.76
mwi,2019,agegroup_years55_64,sex_btsx,25.45
mwi,2019,agegroup_years55_64,sex_fmle,6.91
mwi,2019,agegroup_years55_64,sex_mle,47.8
mwi,2019,agegroup_years65_74,sex_btsx,42.95
mwi,2019,agegroup_years65_74,sex_fmle,15.83
mwi,2019,agegroup_years65_74,sex_mle,80.38
mwi,2019,agegroup_years75_84,sex_btsx,61.75
mwi,2019,agegroup_years75_84,sex_fmle,26.55
mwi,2019,agegroup_years75_84,sex_mle,124.62
mwi,2019,agegroup_years85plus,sex_btsx,173.48
mwi,2019,agegroup_years85plus,sex_fmle,70.38
mwi,2019,agegroup_years85plus,sex_mle,419.83
mwi,2019,agegroup_yearsall,sex_btsx,7.265
mwi,2019,agegroup_yearsall,sex_fmle,2.63003
mwi,2019,agegroup_yearsall,sex_mle,12.14041
mwi,2020,agegroup_yearsall,sex_btsx,7.06831
mwi,2020,agegroup_yearsall,sex_fmle,2.68249
mwi,2020,agegroup_yearsall,sex_mle,11.67952
mwi,2021,agegroup_yearsall,sex_btsx,7.56846
mwi,2021,agegroup_yearsall,sex_fmle,2.90812
mwi,2021,agegroup_yearsall,sex_mle,12.46638
mys,2000,agegroup_yearsall,sex_btsx,4.40479
mys,2000,agegroup_yearsall,sex_fmle,2.15807
mys,2000,agegroup_yearsall,sex_mle,6.53178
mys,2001,agegroup_yearsall,sex_btsx,4.24652
mys,2001,agegroup_yearsall,sex_fmle,2.0538
mys,2001,agegroup_yearsall,sex_mle,6.3176
mys,2002,agegroup_yearsall,sex_btsx,4.19379
mys,2002,agegroup_yearsall,sex_fmle,2.04002
mys,2002,agegroup_yearsall,sex_mle,6.22252
mys,2003,agegroup_yearsall,sex_btsx,4.37
mys,2003,agegroup_yearsall,sex_fmle,2.07852
mys,2003,agegroup_yearsall,sex_mle,6.52275
mys,2004,agegroup_yearsall,sex_btsx,4.3729
mys,2004,agegroup_yearsall,sex_fmle,2.04822
mys,2004,agegroup_yearsall,sex_mle,6.55132
mys,2005,agegroup_yearsall,sex_btsx,4.27961
mys,2005,agegroup_yearsall,sex_fmle,2.00474
mys,2005,agegroup_yearsall,sex_mle,6.40611
mys,2006,agegroup_yearsall,sex_btsx,4.17195
mys,2006,agegroup_yearsall,sex_fmle,1.97126
mys,2006,agegroup_yearsall,sex_mle,6.22429
mys,2007,agegroup_yearsall,sex_btsx,4.12271
mys,2007,agegroup_yearsall,sex_fmle,1.94692
mys,2007,agegroup_yearsall,sex_mle,6.14726
mys,2008,agegroup_yearsall,sex_btsx,4.27854
mys,2008,agegroup_yearsall,sex_fmle,1.96225
mys,2008,agegroup_yearsall,sex_mle,6.42927
mys,2009,agegroup_yearsall,sex_btsx,4.38871
mys,2009,agegroup_yearsall,sex_fmle,2.00422
mys,2009,agegroup_yearsall,sex_mle,6.59834
mys,2010,agegroup_yearsall,sex_btsx,4.37965
mys,2010,agegroup_yearsall,sex_fmle,2.02842
mys,2010,agegroup_yearsall,sex_mle,6.55358
mys,2011,agegroup_yearsall,sex_btsx,4.36273
mys,2011,agegroup_yearsall,sex_fmle,2.00258
mys,2011,agegroup_yearsall,sex_mle,6.53844
mys,2012,agegroup_yearsall,sex_btsx,4.18383
mys,2012,agegroup_yearsall,sex_fmle,1.94866
mys,2012,agegroup_yearsall,sex_mle,6.23736
mys,2013,agegroup_yearsall,sex_btsx,4.12231
mys,2013,agegroup_yearsall,sex_fmle,1.94984
mys,2013,agegroup_yearsall,sex_mle,6.11164
mys,2014,agegroup_yearsall,sex_btsx,4.29978
mys,2014,agegroup_yearsall,sex_fmle,1.99633
mys,2014,agegroup_yearsall,sex_mle,6.40243
mys,2015,agegroup_yearsall,sex_btsx,4.78968
mys,2015,agegroup_yearsall,sex_fmle,2.18135
mys,2015,agegroup_yearsall,sex_mle,7.1638
mys,2016,agegroup_yearsall,sex_btsx,4.89433
mys,2016,agegroup_yearsall,sex_fmle,2.17675
mys,2016,agegroup_yearsall,sex_mle,7.36101
mys,2017,agegroup_yearsall,sex_btsx,5.06245
mys,2017,agegroup_yearsall,sex_fmle,2.25655
mys,2017,agegroup_yearsall,sex_mle,7.60272
mys,2018,agegroup_yearsall,sex_btsx,5.23726
mys,2018,agegroup_yearsall,sex_fmle,2.2336
mys,2018,agegroup_yearsall,sex_mle,7.9507
mys,2019,agegroup_years15_19,sex_btsx,2.96
mys,2019,agegroup_years15_19,sex_fmle,1.06
mys,2019,agegroup_years15_19,sex_mle,4.75
mys,2019,agegroup_years15_24,sex_btsx,4.03
mys,2019,agegroup_years15_24,sex_fmle,1.3
mys,2019,agegroup_years15_24,sex_mle,6.61
mys,2019,agegroup_years15_29,sex_btsx,4.66
mys,2019,agegroup_years15_29,sex_fmle,1.41
mys,2019,agegroup_years15_29,sex_mle,7.73
mys,2019,agegroup_years25_34,sex_btsx,6.35
mys,2019,agegroup_years25_34,sex_fmle,1.71
mys,2019,agegroup_years25_34,sex_mle,10.7
mys,2019,agegroup_years30_49,sex_btsx,6.59
mys,2019,agegroup_years30_49,sex_fmle,2.02
mys,2019,agegroup_years30_49,sex_mle,10.77
mys,2019,agegroup_years35_44,sex_btsx,6.28
mys,2019,agegroup_years35_44,sex_fmle,1.88
mys,2019,agegroup_years35_44,sex_mle,10.22
mys,2019,agegroup_years45_54,sex_btsx,7.38
mys,2019,agegroup_years45_54,sex_fmle,3
mys,2019,agegroup_years45_54,sex_mle,11.62
mys,2019,agegroup_years55_64,sex_btsx,10.52
mys,2019,agegroup_years55_64,sex_fmle,4.72
mys,2019,agegroup_years55_64,sex_mle,16.05
mys,2019,agegroup_years65_74,sex_btsx,15.56
mys,2019,agegroup_years65_74,sex_fmle,8.61
mys,2019,agegroup_years65_74,sex_mle,22.82
mys,2019,agegroup_years75_84,sex_btsx,20.65
mys,2019,agegroup_years75_84,sex_fmle,12.72
mys,2019,agegroup_years75_84,sex_mle,29.31
mys,2019,agegroup_years85plus,sex_btsx,36.71
mys,2019,agegroup_years85plus,sex_fmle,26.83
mys,2019,agegroup_years85plus,sex_mle,46.34
mys,2019,agegroup_yearsall,sex_btsx,5.35123
mys,2019,agegroup_yearsall,sex_fmle,2.24622
mys,2019,agegroup_yearsall,sex_mle,8.15055
mys,2020,agegroup_yearsall,sex_btsx,4.2624
mys,2020,agegroup_yearsall,sex_fmle,1.88581
mys,2020,agegroup_yearsall,sex_mle,6.40508
mys,2021,agegroup_yearsall,sex_btsx,5.65403
mys,2021,agegroup_yearsall,sex_fmle,2.18001
mys,2021,agegroup_yearsall,sex_mle,8.79337
nam,2000,agegroup_yearsall,sex_btsx,9.71476
nam,2000,agegroup_yearsall,sex_fmle,3.48217
nam,2000,agegroup_yearsall,sex_mle,16.40252
nam,2001,agegroup_yearsall,sex_btsx,9.76891
nam,2001,agegroup_yearsall,sex_fmle,3.63472
nam,2001,agegroup_yearsall,sex_mle,16.3498
nam,2002,agegroup_yearsall,sex_btsx,10.35765
nam,2002,agegroup_yearsall,sex_fmle,4.0252
nam,2002,agegroup_yearsall,sex_mle,17.14441
nam,2003,agegroup_yearsall,sex_btsx,10.56929
nam,2003,agegroup_yearsall,sex_fmle,4.05943
nam,2003,agegroup_yearsall,sex_mle,17.53827
nam,2004,agegroup_yearsall,sex_btsx,10.45009
nam,2004,agegroup_yearsall,sex_fmle,3.97581
nam,2004,agegroup_yearsall,sex_mle,17.37584
nam,2005,agegroup_yearsall,sex_btsx,10.344
nam,2005,agegroup_yearsall,sex_fmle,3.79204
nam,2005,agegroup_yearsall,sex_mle,17.34893
nam,2006,agegroup_yearsall,sex_btsx,9.95185
nam,2006,agegroup_yearsall,sex_fmle,3.67172
nam,2006,agegroup_yearsall,sex_mle,16.66387
nam,2007,agegroup_yearsall,sex_btsx,9.46106
nam,2007,agegroup_yearsall,sex_fmle,3.27984
nam,2007,agegroup_yearsall,sex_mle,16.06712
nam,2008,agegroup_yearsall,sex_btsx,9.20793
nam,2008,agegroup_yearsall,sex_fmle,3.01141
nam,2008,agegroup_yearsall,sex_mle,15.83139
nam,2009,agegroup_yearsall,sex_btsx,8.60731
nam,2009,agegroup_yearsall,sex_fmle,5.08411
nam,2009,agegroup_yearsall,sex_mle,12.37399
nam,2010,agegroup_yearsall,sex_btsx,8.50303
nam,2010,agegroup_yearsall,sex_fmle,4.723
nam,2010,agegroup_yearsall,sex_mle,12.54473
nam,2011,agegroup_yearsall,sex_btsx,8.99648
nam,2011,agegroup_yearsall,sex_fmle,3.38417
nam,2011,agegroup_yearsall,sex_mle,14.99689
nam,2012,agegroup_yearsall,sex_btsx,8.77899
nam,2012,agegroup_yearsall,sex_fmle,3.16515
nam,2012,agegroup_yearsall,sex_mle,14.77238
nam,2013,agegroup_yearsall,sex_btsx,8.9114
nam,2013,agegroup_yearsall,sex_fmle,3.55337
nam,2013,agegroup_yearsall,sex_mle,14.61703
nam,2014,agegroup_yearsall,sex_btsx,9.62436
nam,2014,agegroup_yearsall,sex_fmle,4.71551
nam,2014,agegroup_yearsall,sex_mle,14.83885
nam,2015,agegroup_yearsall,sex_btsx,9.51883
nam,2015,agegroup_yearsall,sex_fmle,4.7215
nam,2015,agegroup_yearsall,sex_mle,14.60333
nam,2016,agegroup_yearsall,sex_btsx,8.01852
nam,2016,agegroup_yearsall,sex_fmle,4.03806
nam,2016,agegroup_yearsall,sex_mle,12.22861
nam,2017,agegroup_yearsall,sex_btsx,8.87481
nam,2017,agegroup_yearsall,sex_fmle,3.3913
nam,2017,agegroup_yearsall,sex_mle,14.66353
nam,2018,agegroup_yearsall,sex_btsx,8.27959
nam,2018,agegroup_yearsall,sex_fmle,3.11816
nam,2018,agegroup_yearsall,sex_mle,13.71865
nam,2019,agegroup_years15_19,sex_btsx,6.89
nam,2019,agegroup_years15_19,sex_fmle,2.36
nam,2019,agegroup_years15_19,sex_mle,11.47
nam,2019,agegroup_years15_24,sex_btsx,7.77
nam,2019,agegroup_years15_24,sex_fmle,2.25
nam,2019,agegroup_years15_24,sex_mle,13.4
nam,2019,agegroup_years15_29,sex_btsx,8.11
nam,2019,agegroup_years15_29,sex_fmle,2.16
nam,2019,agegroup_years15_29,sex_mle,14.21
nam,2019,agegroup_years25_34,sex_btsx,9.45
nam,2019,agegroup_years25_34,sex_fmle,2.17
nam,2019,agegroup_years25_34,sex_mle,17.06
nam,2019,agegroup_years30_49,sex_btsx,17.39
nam,2019,agegroup_years30_49,sex_fmle,4.92
nam,2019,agegroup_years30_49,sex_mle,30.68
nam,2019,agegroup_years35_44,sex_btsx,18.28
nam,2019,agegroup_years35_44,sex_fmle,5.95
nam,2019,agegroup_years35_44,sex_mle,31.36
nam,2019,agegroup_years45_54,sex_btsx,29.07
nam,2019,agegroup_years45_54,sex_fmle,7.61
nam,2019,agegroup_years45_54,sex_mle,53.85
nam,2019,agegroup_years55_64,sex_btsx,26.47
nam,2019,agegroup_years55_64,sex_fmle,8.37
nam,2019,agegroup_years55_64,sex_mle,51.22
nam,2019,agegroup_years65_74,sex_btsx,27.88
nam,2019,agegroup_years65_74,sex_fmle,11.73
nam,2019,agegroup_years65_74,sex_mle,53.72
nam,2019,agegroup_years75_84,sex_btsx,38.01
nam,2019,agegroup_years75_84,sex_fmle,18.68
nam,2019,agegroup_years75_84,sex_mle,73.53
nam,2019,agegroup_years85plus,sex_btsx,72.22
nam,2019,agegroup_years85plus,sex_fmle,33.43
nam,2019,agegroup_years85plus,sex_mle,169.88
nam,2019,agegroup_yearsall,sex_btsx,8.29863
nam,2019,agegroup_yearsall,sex_fmle,2.66174
nam,2019,agegroup_yearsall,sex_mle,14.22985
nam,2020,agegroup_yearsall,sex_btsx,8.36008
nam,2020,agegroup_yearsall,sex_fmle,2.78306
nam,2020,agegroup_yearsall,sex_mle,14.22082
nam,2021,agegroup_yearsall,sex_btsx,8.58905
nam,2021,agegroup_yearsall,sex_fmle,3.56653
nam,2021,agegroup_yearsall,sex_mle,13.85971
ner,2000,agegroup_yearsall,sex_btsx,3.87437
ner,2000,agegroup_yearsall,sex_fmle,2.89157
ner,2000,agegroup_yearsall,sex_mle,4.83938
ner,2001,agegroup_yearsall,sex_btsx,3.98391
ner,2001,agegroup_yearsall,sex_fmle,2.93921
ner,2001,agegroup_yearsall,sex_mle,5.00837
ner,2002,agegroup_yearsall,sex_btsx,3.9145
ner,2002,agegroup_yearsall,sex_fmle,2.87486
ner,2002,agegroup_yearsall,sex_mle,4.93266
ner,2003,agegroup_yearsall,sex_btsx,3.99644
ner,2003,agegroup_yearsall,sex_fmle,2.87855
ner,2003,agegroup_yearsall,sex_mle,5.08993
ner,2004,agegroup_yearsall,sex_btsx,3.89726
ner,2004,agegroup_yearsall,sex_fmle,2.79385
ner,2004,agegroup_yearsall,sex_mle,4.97539
ner,2005,agegroup_yearsall,sex_btsx,4.05004
ner,2005,agegroup_yearsall,sex_fmle,2.83915
ner,2005,agegroup_yearsall,sex_mle,5.23202
ner,2006,agegroup_yearsall,sex_btsx,4.00665
ner,2006,agegroup_yearsall,sex_fmle,2.79262
ner,2006,agegroup_yearsall,sex_mle,5.19064
ner,2007,agegroup_yearsall,sex_btsx,4.10093
ner,2007,agegroup_yearsall,sex_fmle,2.81333
ner,2007,agegroup_yearsall,sex_mle,5.35567
ner,2008,agegroup_yearsall,sex_btsx,3.95808
ner,2008,agegroup_yearsall,sex_fmle,2.70534
ner,2008,agegroup_yearsall,sex_mle,5.17796
ner,2009,agegroup_yearsall,sex_btsx,4.06219
ner,2009,agegroup_yearsall,sex_fmle,2.67677
ner,2009,agegroup_yearsall,sex_mle,5.41028
ner,2010,agegroup_yearsall,sex_btsx,4.13454
ner,2010,agegroup_yearsall,sex_fmle,2.70124
ner,2010,agegroup_yearsall,sex_mle,5.52825
ner,2011,agegroup_yearsall,sex_btsx,4.27352
ner,2011,agegroup_yearsall,sex_fmle,2.77557
ner,2011,agegroup_yearsall,sex_mle,5.72919
ner,2012,agegroup_yearsall,sex_btsx,4.40495
ner,2012,agegroup_yearsall,sex_fmle,2.83958
ner,2012,agegroup_yearsall,sex_mle,5.92534
ner,2013,agegroup_yearsall,sex_btsx,4.48351
ner,2013,agegroup_yearsall,sex_fmle,2.90509
ner,2013,agegroup_yearsall,sex_mle,6.0159
ner,2014,agegroup_yearsall,sex_btsx,4.52197
ner,2014,agegroup_yearsall,sex_fmle,2.94172
ner,2014,agegroup_yearsall,sex_mle,6.05557
ner,2015,agegroup_yearsall,sex_btsx,4.51543
ner,2015,agegroup_yearsall,sex_fmle,2.91061
ner,2015,agegroup_yearsall,sex_mle,6.07249
ner,2016,agegroup_yearsall,sex_btsx,4.49207
ner,2016,agegroup_yearsall,sex_fmle,2.91083
ner,2016,agegroup_yearsall,sex_mle,6.02599
ner,2017,agegroup_yearsall,sex_btsx,4.4995
ner,2017,agegroup_yearsall,sex_fmle,2.95428
ner,2017,agegroup_yearsall,sex_mle,5.99823
ner,2018,agegroup_yearsall,sex_btsx,4.51222
ner,2018,agegroup_yearsall,sex_fmle,2.97011
ner,2018,agegroup_yearsall,sex_mle,6.00771
ner,2019,agegroup_years15_19,sex_btsx,2.98
ner,2019,agegroup_years15_19,sex_fmle,1.72
ner,2019,agegroup_years15_19,sex_mle,4.19
ner,2019,agegroup_years15_24,sex_btsx,3.24
ner,2019,agegroup_years15_24,sex_fmle,1.97
ner,2019,agegroup_years15_24,sex_mle,4.46
ner,2019,agegroup_years15_29,sex_btsx,3.53
ner,2019,agegroup_years15_29,sex_fmle,2.12
ner,2019,agegroup_years15_29,sex_mle,4.88
ner,2019,agegroup_years25_34,sex_btsx,4.5
ner,2019,agegroup_years25_34,sex_fmle,2.42
ner,2019,agegroup_years25_34,sex_mle,6.6
ner,2019,agegroup_years30_49,sex_btsx,6.97
ner,2019,agegroup_years30_49,sex_fmle,3.4
ner,2019,agegroup_years30_49,sex_mle,10.91
ner,2019,agegroup_years35_44,sex_btsx,6.75
ner,2019,agegroup_years35_44,sex_fmle,3.19
ner,2019,agegroup_years35_44,sex_mle,10.84
ner,2019,agegroup_years45_54,sex_btsx,14.27
ner,2019,agegroup_years45_54,sex_fmle,8.33
ner,2019,agegroup_years45_54,sex_mle,20.71
ner,2019,agegroup_years55_64,sex_btsx,23.78
ner,2019,agegroup_years55_64,sex_fmle,17.35
ner,2019,agegroup_years55_64,sex_mle,29.86
ner,2019,agegroup_years65_74,sex_btsx,39.88
ner,2019,agegroup_years65_74,sex_fmle,27.7
ner,2019,agegroup_years65_74,sex_mle,51.93
ner,2019,agegroup_years75_84,sex_btsx,51.89
ner,2019,agegroup_years75_84,sex_fmle,34.6
ner,2019,agegroup_years75_84,sex_mle,73.85
ner,2019,agegroup_years85plus,sex_btsx,170.41
ner,2019,agegroup_years85plus,sex_fmle,108.86
ner,2019,agegroup_years85plus,sex_mle,251.56
ner,2019,agegroup_yearsall,sex_btsx,4.54444
ner,2019,agegroup_yearsall,sex_fmle,2.97594
ner,2019,agegroup_yearsall,sex_mle,6.06533
ner,2020,agegroup_yearsall,sex_btsx,4.33445
ner,2020,agegroup_yearsall,sex_fmle,2.84717
ner,2020,agegroup_yearsall,sex_mle,5.77655
ner,2021,agegroup_yearsall,sex_btsx,4.476
ner,2021,agegroup_yearsall,sex_fmle,2.95734
ner,2021,agegroup_yearsall,sex_mle,5.94853
nga,2000,agegroup_yearsall,sex_btsx,5.27441
nga,2000,agegroup_yearsall,sex_fmle,1.99614
nga,2000,agegroup_yearsall,sex_mle,8.54281
nga,2001,agegroup_yearsall,sex_btsx,5.37127
nga,2001,agegroup_yearsall,sex_fmle,2.02392
nga,2001,agegroup_yearsall,sex_mle,8.70414
nga,2002,agegroup_yearsall,sex_btsx,5.21205
nga,2002,agegroup_yearsall,sex_fmle,1.96899
nga,2002,agegroup_yearsall,sex_mle,8.43642
nga,2003,agegroup_yearsall,sex_btsx,5.17918
nga,2003,agegroup_yearsall,sex_fmle,1.94222
nga,2003,agegroup_yearsall,sex_mle,8.3929
nga,2004,agegroup_yearsall,sex_btsx,5.25833
nga,2004,agegroup_yearsall,sex_fmle,1.92147
nga,2004,agegroup_yearsall,sex_mle,8.56665
nga,2005,agegroup_yearsall,sex_btsx,5.07689
nga,2005,agegroup_yearsall,sex_fmle,1.84965
nga,2005,agegroup_yearsall,sex_mle,8.27291
nga,2006,agegroup_yearsall,sex_btsx,5.19516
nga,2006,agegroup_yearsall,sex_fmle,1.84775
nga,2006,agegroup_yearsall,sex_mle,8.50734
nga,2007,agegroup_yearsall,sex_btsx,5.19221
nga,2007,agegroup_yearsall,sex_fmle,1.80145
nga,2007,agegroup_yearsall,sex_mle,8.54456
nga,2008,agegroup_yearsall,sex_btsx,5.12899
nga,2008,agegroup_yearsall,sex_fmle,1.72806
nga,2008,agegroup_yearsall,sex_mle,8.48866
nga,2009,agegroup_yearsall,sex_btsx,5.20091
nga,2009,agegroup_yearsall,sex_fmle,1.7157
nga,2009,agegroup_yearsall,sex_mle,8.64103
nga,2010,agegroup_yearsall,sex_btsx,5.07549
nga,2010,agegroup_yearsall,sex_fmle,1.66546
nga,2010,agegroup_yearsall,sex_mle,8.43892
nga,2011,agegroup_yearsall,sex_btsx,4.93606
nga,2011,agegroup_yearsall,sex_fmle,1.6256
nga,2011,agegroup_yearsall,sex_mle,8.19892
nga,2012,agegroup_yearsall,sex_btsx,4.80876
nga,2012,agegroup_yearsall,sex_fmle,1.57946
nga,2012,agegroup_yearsall,sex_mle,7.98931
nga,2013,agegroup_yearsall,sex_btsx,4.67057
nga,2013,agegroup_yearsall,sex_fmle,1.51351
nga,2013,agegroup_yearsall,sex_mle,7.77794
nga,2014,agegroup_yearsall,sex_btsx,4.62194
nga,2014,agegroup_yearsall,sex_fmle,1.45829
nga,2014,agegroup_yearsall,sex_mle,7.73387
nga,2015,agegroup_yearsall,sex_btsx,4.45754
nga,2015,agegroup_yearsall,sex_fmle,1.41223
nga,2015,agegroup_yearsall,sex_mle,7.45108
nga,2016,agegroup_yearsall,sex_btsx,4.42833
nga,2016,agegroup_yearsall,sex_fmle,1.41654
nga,2016,agegroup_yearsall,sex_mle,7.38678
nga,2017,agegroup_yearsall,sex_btsx,4.35548
nga,2017,agegroup_yearsall,sex_fmle,1.38921
nga,2017,agegroup_yearsall,sex_mle,7.26708
nga,2018,agegroup_yearsall,sex_btsx,4.43682
nga,2018,agegroup_yearsall,sex_fmle,1.39287
nga,2018,agegroup_yearsall,sex_mle,7.42256
nga,2019,agegroup_years15_19,sex_btsx,1.39
nga,2019,agegroup_years15_19,sex_fmle,0.76
nga,2019,agegroup_years15_19,sex_mle,2
nga,2019,agegroup_years15_24,sex_btsx,1.83
nga,2019,agegroup_years15_24,sex_fmle,0.85
nga,2019,agegroup_years15_24,sex_mle,2.79
nga,2019,agegroup_years15_29,sex_btsx,2.14
nga,2019,agegroup_years15_29,sex_fmle,0.81
nga,2019,agegroup_years15_29,sex_mle,3.43
nga,2019,agegroup_years25_34,sex_btsx,3.16
nga,2019,agegroup_years25_34,sex_fmle,0.93
nga,2019,agegroup_years25_34,sex_mle,5.33
nga,2019,agegroup_years30_49,sex_btsx,4.3
nga,2019,agegroup_years30_49,sex_fmle,1.87
nga,2019,agegroup_years30_49,sex_mle,6.67
nga,2019,agegroup_years35_44,sex_btsx,4.33
nga,2019,agegroup_years35_44,sex_fmle,1.69
nga,2019,agegroup_years35_44,sex_mle,6.9
nga,2019,agegroup_years45_54,sex_btsx,6.84
nga,2019,agegroup_years45_54,sex_fmle,4.49
nga,2019,agegroup_years45_54,sex_mle,9.2
nga,2019,agegroup_years55_64,sex_btsx,14.65
nga,2019,agegroup_years55_64,sex_fmle,9.94
nga,2019,agegroup_years55_64,sex_mle,19.62
nga,2019,agegroup_years65_74,sex_btsx,29.62
nga,2019,agegroup_years65_74,sex_fmle,18.61
nga,2019,agegroup_years65_74,sex_mle,41.78
nga,2019,agegroup_years75_84,sex_btsx,49.62
nga,2019,agegroup_years75_84,sex_fmle,25.97
nga,2019,agegroup_years75_84,sex_mle,76.47
nga,2019,agegroup_years85plus,sex_btsx,201.08
nga,2019,agegroup_years85plus,sex_fmle,93.9
nga,2019,agegroup_years85plus,sex_mle,330.86
nga,2019,agegroup_yearsall,sex_btsx,4.40652
nga,2019,agegroup_yearsall,sex_fmle,1.39143
nga,2019,agegroup_yearsall,sex_mle,7.36192
nga,2020,agegroup_yearsall,sex_btsx,4.55586
nga,2020,agegroup_yearsall,sex_fmle,1.46226
nga,2020,agegroup_yearsall,sex_mle,7.58645
nga,2021,agegroup_yearsall,sex_btsx,4.99334
nga,2021,agegroup_yearsall,sex_fmle,1.53364
nga,2021,agegroup_yearsall,sex_mle,8.38076
nic,2000,agegroup_yearsall,sex_btsx,7.58793
nic,2000,agegroup_yearsall,sex_fmle,5.26449
nic,2000,agegroup_yearsall,sex_mle,9.99685
nic,2001,agegroup_yearsall,sex_btsx,6.61419
nic,2001,agegroup_yearsall,sex_fmle,4.59611
nic,2001,agegroup_yearsall,sex_mle,8.70695
nic,2002,agegroup_yearsall,sex_btsx,6.47199
nic,2002,agegroup_yearsall,sex_fmle,4.13103
nic,2002,agegroup_yearsall,sex_mle,8.90021
nic,2003,agegroup_yearsall,sex_btsx,6.9726
nic,2003,agegroup_yearsall,sex_fmle,3.96265
nic,2003,agegroup_yearsall,sex_mle,10.09554
nic,2004,agegroup_yearsall,sex_btsx,6.55791
nic,2004,agegroup_yearsall,sex_fmle,3.61784
nic,2004,agegroup_yearsall,sex_mle,9.60909
nic,2005,agegroup_yearsall,sex_btsx,6.22637
nic,2005,agegroup_yearsall,sex_fmle,3.16597
nic,2005,agegroup_yearsall,sex_mle,9.40287
nic,2006,agegroup_yearsall,sex_btsx,5.53554
nic,2006,agegroup_yearsall,sex_fmle,2.62459
nic,2006,agegroup_yearsall,sex_mle,8.55667
nic,2007,agegroup_yearsall,sex_btsx,5.85924
nic,2007,agegroup_yearsall,sex_fmle,3.03247
nic,2007,agegroup_yearsall,sex_mle,8.79233
nic,2008,agegroup_yearsall,sex_btsx,5.9338
nic,2008,agegroup_yearsall,sex_fmle,3.4893
nic,2008,agegroup_yearsall,sex_mle,8.46956
nic,2009,agegroup_yearsall,sex_btsx,5.81908
nic,2009,agegroup_yearsall,sex_fmle,3.49758
nic,2009,agegroup_yearsall,sex_mle,8.22667
nic,2010,agegroup_yearsall,sex_btsx,5.44997
nic,2010,agegroup_yearsall,sex_fmle,2.70913
nic,2010,agegroup_yearsall,sex_mle,8.2917
nic,2011,agegroup_yearsall,sex_btsx,6.19658
nic,2011,agegroup_yearsall,sex_fmle,3.41207
nic,2011,agegroup_yearsall,sex_mle,9.0828
nic,2012,agegroup_yearsall,sex_btsx,5.05056
nic,2012,agegroup_yearsall,sex_fmle,2.66061
nic,2012,agegroup_yearsall,sex_mle,7.52715
nic,2013,agegroup_yearsall,sex_btsx,5.75493
nic,2013,agegroup_yearsall,sex_fmle,2.72861
nic,2013,agegroup_yearsall,sex_mle,8.89015
nic,2014,agegroup_yearsall,sex_btsx,5.17952
nic,2014,agegroup_yearsall,sex_fmle,2.3739
nic,2014,agegroup_yearsall,sex_mle,8.08521
nic,2015,agegroup_yearsall,sex_btsx,4.72137
nic,2015,agegroup_yearsall,sex_fmle,2.46102
nic,2015,agegroup_yearsall,sex_mle,7.06149
nic,2016,agegroup_yearsall,sex_btsx,4.84826
nic,2016,agegroup_yearsall,sex_fmle,1.94184
nic,2016,agegroup_yearsall,sex_mle,7.85611
nic,2017,agegroup_yearsall,sex_btsx,4.97558
nic,2017,agegroup_yearsall,sex_fmle,2.24144
nic,2017,agegroup_yearsall,sex_mle,7.80395
nic,2018,agegroup_yearsall,sex_btsx,5.27495
nic,2018,agegroup_yearsall,sex_fmle,2.31217
nic,2018,agegroup_yearsall,sex_mle,8.33877
nic,2019,agegroup_years15_19,sex_btsx,6.38
nic,2019,agegroup_years15_19,sex_fmle,3.8
nic,2019,agegroup_years15_19,sex_mle,8.78
nic,2019,agegroup_years15_24,sex_btsx,6.99
nic,2019,agegroup_years15_24,sex_fmle,3.75
nic,2019,agegroup_years15_24,sex_mle,10.04
nic,2019,agegroup_years15_29,sex_btsx,6.43
nic,2019,agegroup_years15_29,sex_fmle,3.49
nic,2019,agegroup_years15_29,sex_mle,9.23
nic,2019,agegroup_years25_34,sex_btsx,4.65
nic,2019,agegroup_years25_34,sex_fmle,2.23
nic,2019,agegroup_years25_34,sex_mle,7.05
nic,2019,agegroup_years30_49,sex_btsx,4.49
nic,2019,agegroup_years30_49,sex_fmle,1.99
nic,2019,agegroup_years30_49,sex_mle,7.18
nic,2019,agegroup_years35_44,sex_btsx,4.39
nic,2019,agegroup_years35_44,sex_fmle,2.19
nic,2019,agegroup_years35_44,sex_mle,6.79
nic,2019,agegroup_years45_54,sex_btsx,5.09
nic,2019,agegroup_years45_54,sex_fmle,1.71
nic,2019,agegroup_years45_54,sex_mle,9.12
nic,2019,agegroup_years55_64,sex_btsx,8.08
nic,2019,agegroup_years55_64,sex_fmle,0.97
nic,2019,agegroup_years55_64,sex_mle,16.74
nic,2019,agegroup_years65_74,sex_btsx,9.08
nic,2019,agegroup_years65_74,sex_fmle,1.05
nic,2019,agegroup_years65_74,sex_mle,19.39
nic,2019,agegroup_years75_84,sex_btsx,8.67
nic,2019,agegroup_years75_84,sex_fmle,4.16
nic,2019,agegroup_years75_84,sex_mle,14.75
nic,2019,agegroup_years85plus,sex_btsx,9.79
nic,2019,agegroup_years85plus,sex_fmle,6.11
nic,2019,agegroup_years85plus,sex_mle,16.47
nic,2019,agegroup_yearsall,sex_btsx,4.6513
nic,2019,agegroup_yearsall,sex_fmle,2.0838
nic,2019,agegroup_yearsall,sex_mle,7.30556
nic,2020,agegroup_yearsall,sex_btsx,3.64802
nic,2020,agegroup_yearsall,sex_fmle,1.84927
nic,2020,agegroup_yearsall,sex_mle,5.50765
nic,2021,agegroup_yearsall,sex_btsx,4.24405
nic,2021,agegroup_yearsall,sex_fmle,1.67526
nic,2021,agegroup_yearsall,sex_mle,6.90067
nld,2000,agegroup_yearsall,sex_btsx,9.52017
nld,2000,agegroup_yearsall,sex_fmle,6.3516
nld,2000,agegroup_yearsall,sex_mle,12.76956
nld,2001,agegroup_yearsall,sex_btsx,9.54865
nld,2001,agegroup_yearsall,sex_fmle,6.24671
nld,2001,agegroup_yearsall,sex_mle,12.93193
nld,2002,agegroup_yearsall,sex_btsx,9.96007
nld,2002,agegroup_yearsall,sex_fmle,6.45811
nld,2002,agegroup_yearsall,sex_mle,13.5463
nld,2003,agegroup_yearsall,sex_btsx,9.55124
nld,2003,agegroup_yearsall,sex_fmle,6.25476
nld,2003,agegroup_yearsall,sex_mle,12.92752
nld,2004,agegroup_yearsall,sex_btsx,9.64783
nld,2004,agegroup_yearsall,sex_fmle,6.26539
nld,2004,agegroup_yearsall,sex_mle,13.11427
nld,2005,agegroup_yearsall,sex_btsx,9.78626
nld,2005,agegroup_yearsall,sex_fmle,6.253
nld,2005,agegroup_yearsall,sex_mle,13.40982
nld,2006,agegroup_yearsall,sex_btsx,9.58047
nld,2006,agegroup_yearsall,sex_fmle,6.0256
nld,2006,agegroup_yearsall,sex_mle,13.22753
nld,2007,agegroup_yearsall,sex_btsx,8.44638
nld,2007,agegroup_yearsall,sex_fmle,5.08822
nld,2007,agegroup_yearsall,sex_mle,11.89183
nld,2008,agegroup_yearsall,sex_btsx,8.96719
nld,2008,agegroup_yearsall,sex_fmle,5.61021
nld,2008,agegroup_yearsall,sex_mle,12.40943
nld,2009,agegroup_yearsall,sex_btsx,9.41683
nld,2009,agegroup_yearsall,sex_fmle,5.71016
nld,2009,agegroup_yearsall,sex_mle,13.21399
nld,2010,agegroup_yearsall,sex_btsx,9.8338
nld,2010,agegroup_yearsall,sex_fmle,5.82994
nld,2010,agegroup_yearsall,sex_mle,13.93366
nld,2011,agegroup_yearsall,sex_btsx,10.07376
nld,2011,agegroup_yearsall,sex_fmle,6.2409
nld,2011,agegroup_yearsall,sex_mle,13.99707
nld,2012,agegroup_yearsall,sex_btsx,10.72222
nld,2012,agegroup_yearsall,sex_fmle,7.01829
nld,2012,agegroup_yearsall,sex_mle,14.51213
nld,2013,agegroup_yearsall,sex_btsx,11.82571
nld,2013,agegroup_yearsall,sex_fmle,7.43919
nld,2013,agegroup_yearsall,sex_mle,16.31248
nld,2014,agegroup_yearsall,sex_btsx,11.62603
nld,2014,agegroup_yearsall,sex_fmle,7.74559
nld,2014,agegroup_yearsall,sex_mle,15.59232
nld,2015,agegroup_yearsall,sex_btsx,11.78067
nld,2015,agegroup_yearsall,sex_fmle,7.92062
nld,2015,agegroup_yearsall,sex_mle,15.72186
nld,2016,agegroup_yearsall,sex_btsx,11.83357
nld,2016,agegroup_yearsall,sex_fmle,8.03876
nld,2016,agegroup_yearsall,sex_mle,15.70202
nld,2017,agegroup_yearsall,sex_btsx,11.92674
nld,2017,agegroup_yearsall,sex_fmle,8.09445
nld,2017,agegroup_yearsall,sex_mle,15.82856
nld,2018,agegroup_yearsall,sex_btsx,11.27898
nld,2018,agegroup_yearsall,sex_fmle,8.42545
nld,2018,agegroup_yearsall,sex_mle,14.18191
nld,2019,agegroup_years15_19,sex_btsx,4.99
nld,2019,agegroup_years15_19,sex_fmle,4.11
nld,2019,agegroup_years15_19,sex_mle,5.82
nld,2019,agegroup_years15_24,sex_btsx,6.37
nld,2019,agegroup_years15_24,sex_fmle,4.2
nld,2019,agegroup_years15_24,sex_mle,8.44
nld,2019,agegroup_years15_29,sex_btsx,7.68
nld,2019,agegroup_years15_29,sex_fmle,4.8
nld,2019,agegroup_years15_29,sex_mle,10.44
nld,2019,agegroup_years25_34,sex_btsx,10.51
nld,2019,agegroup_years25_34,sex_fmle,6.02
nld,2019,agegroup_years25_34,sex_mle,14.87
nld,2019,agegroup_years30_49,sex_btsx,13.01
nld,2019,agegroup_years30_49,sex_fmle,7.93
nld,2019,agegroup_years30_49,sex_mle,18.05
nld,2019,agegroup_years35_44,sex_btsx,12.58
nld,2019,agegroup_years35_44,sex_fmle,7.53
nld,2019,agegroup_years35_44,sex_mle,17.57
nld,2019,agegroup_years45_54,sex_btsx,17.37
nld,2019,agegroup_years45_54,sex_fmle,10.85
nld,2019,agegroup_years45_54,sex_mle,23.85
nld,2019,agegroup_years55_64,sex_btsx,18.46
nld,2019,agegroup_years55_64,sex_fmle,13.12
nld,2019,agegroup_years55_64,sex_mle,23.77
nld,2019,agegroup_years65_74,sex_btsx,14.01
nld,2019,agegroup_years65_74,sex_fmle,10.55
nld,2019,agegroup_years65_74,sex_mle,17.6
nld,2019,agegroup_years75_84,sex_btsx,16.47
nld,2019,agegroup_years75_84,sex_fmle,14.26
nld,2019,agegroup_years75_84,sex_mle,19.09
nld,2019,agegroup_years85plus,sex_btsx,19.54
nld,2019,agegroup_years85plus,sex_fmle,14.32
nld,2019,agegroup_years85plus,sex_mle,29.36
nld,2019,agegroup_yearsall,sex_btsx,11.04973
nld,2019,agegroup_yearsall,sex_fmle,7.49586
nld,2019,agegroup_yearsall,sex_mle,14.66123
nld,2020,agegroup_yearsall,sex_btsx,11.0635
nld,2020,agegroup_yearsall,sex_fmle,7.66274
nld,2020,agegroup_yearsall,sex_mle,14.51632
nld,2021,agegroup_yearsall,sex_btsx,11.50394
nld,2021,agegroup_yearsall,sex_fmle,7.61802
nld,2021,agegroup_yearsall,sex_mle,15.44687
nor,2000,agegroup_yearsall,sex_btsx,12.8306
nor,2000,agegroup_yearsall,sex_fmle,6.59503
nor,2000,agegroup_yearsall,sex_mle,19.18545
nor,2001,agegroup_yearsall,sex_btsx,12.79765
nor,2001,agegroup_yearsall,sex_fmle,6.9136
nor,2001,agegroup_yearsall,sex_mle,18.78831
nor,2002,agegroup_yearsall,sex_btsx,11.44342
nor,2002,agegroup_yearsall,sex_fmle,6.42533
nor,2002,agegroup_yearsall,sex_mle,16.55094
nor,2003,agegroup_yearsall,sex_btsx,11.57316
nor,2003,agegroup_yearsall,sex_fmle,6.3924
nor,2003,agegroup_yearsall,sex_mle,16.84479
nor,2004,agegroup_yearsall,sex_btsx,12.09697
nor,2004,agegroup_yearsall,sex_fmle,8.05223
nor,2004,agegroup_yearsall,sex_mle,16.21062
nor,2005,agegroup_yearsall,sex_btsx,12.11945
nor,2005,agegroup_yearsall,sex_fmle,8.16463
nor,2005,agegroup_yearsall,sex_mle,16.13852
nor,2006,agegroup_yearsall,sex_btsx,12.0002
nor,2006,agegroup_yearsall,sex_fmle,7.13992
nor,2006,agegroup_yearsall,sex_mle,16.92959
nor,2007,agegroup_yearsall,sex_btsx,10.91227
nor,2007,agegroup_yearsall,sex_fmle,7.17265
nor,2007,agegroup_yearsall,sex_mle,14.68972
nor,2008,agegroup_yearsall,sex_btsx,11.09834
nor,2008,agegroup_yearsall,sex_fmle,7.54434
nor,2008,agegroup_yearsall,sex_mle,14.67258
nor,2009,agegroup_yearsall,sex_btsx,12.51781
nor,2009,agegroup_yearsall,sex_fmle,7.26189
nor,2009,agegroup_yearsall,sex_mle,17.78902
nor,2010,agegroup_yearsall,sex_btsx,11.83676
nor,2010,agegroup_yearsall,sex_fmle,7.66252
nor,2010,agegroup_yearsall,sex_mle,16.014
nor,2011,agegroup_yearsall,sex_btsx,13.00432
nor,2011,agegroup_yearsall,sex_fmle,7.75364
nor,2011,agegroup_yearsall,sex_mle,18.24114
nor,2012,agegroup_yearsall,sex_btsx,10.98259
nor,2012,agegroup_yearsall,sex_fmle,6.70816
nor,2012,agegroup_yearsall,sex_mle,15.22963
nor,2013,agegroup_yearsall,sex_btsx,11.43241
nor,2013,agegroup_yearsall,sex_fmle,7.72084
nor,2013,agegroup_yearsall,sex_mle,15.11044
nor,2014,agegroup_yearsall,sex_btsx,11.21858
nor,2014,agegroup_yearsall,sex_fmle,6.49635
nor,2014,agegroup_yearsall,sex_mle,15.88824
nor,2015,agegroup_yearsall,sex_btsx,11.92389
nor,2015,agegroup_yearsall,sex_fmle,8.30712
nor,2015,agegroup_yearsall,sex_mle,15.49356
nor,2016,agegroup_yearsall,sex_btsx,12.22729
nor,2016,agegroup_yearsall,sex_fmle,8.37027
nor,2016,agegroup_yearsall,sex_mle,16.02854
nor,2017,agegroup_yearsall,sex_btsx,11.7468
nor,2017,agegroup_yearsall,sex_fmle,7.89327
nor,2017,agegroup_yearsall,sex_mle,15.54143
nor,2018,agegroup_yearsall,sex_btsx,13.3477
nor,2018,agegroup_yearsall,sex_fmle,8.24811
nor,2018,agegroup_yearsall,sex_mle,18.36795
nor,2019,agegroup_years15_19,sex_btsx,5.41
nor,2019,agegroup_years15_19,sex_fmle,5.5
nor,2019,agegroup_years15_19,sex_mle,5.33
nor,2019,agegroup_years15_24,sex_btsx,7.74
nor,2019,agegroup_years15_24,sex_fmle,6.16
nor,2019,agegroup_years15_24,sex_mle,9.24
nor,2019,agegroup_years15_29,sex_btsx,9.18
nor,2019,agegroup_years15_29,sex_fmle,6.23
nor,2019,agegroup_years15_29,sex_mle,11.96
nor,2019,agegroup_years25_34,sex_btsx,13.2
nor,2019,agegroup_years25_34,sex_fmle,6.83
nor,2019,agegroup_years25_34,sex_mle,19.26
nor,2019,agegroup_years30_49,sex_btsx,14.47
nor,2019,agegroup_years30_49,sex_fmle,8.12
nor,2019,agegroup_years30_49,sex_mle,20.44
nor,2019,agegroup_years35_44,sex_btsx,13.41
nor,2019,agegroup_years35_44,sex_fmle,7.59
nor,2019,agegroup_years35_44,sex_mle,18.84
nor,2019,agegroup_years45_54,sex_btsx,17.03
nor,2019,agegroup_years45_54,sex_fmle,10.38
nor,2019,agegroup_years45_54,sex_mle,23.28
nor,2019,agegroup_years55_64,sex_btsx,18.14
nor,2019,agegroup_years55_64,sex_fmle,12.07
nor,2019,agegroup_years55_64,sex_mle,24.01
nor,2019,agegroup_years65_74,sex_btsx,13.69
nor,2019,agegroup_years65_74,sex_fmle,10.33
nor,2019,agegroup_years65_74,sex_mle,17.12
nor,2019,agegroup_years75_84,sex_btsx,13.92
nor,2019,agegroup_years75_84,sex_fmle,8.27
nor,2019,agegroup_years75_84,sex_mle,20.76
nor,2019,agegroup_years85plus,sex_btsx,14.18
nor,2019,agegroup_years85plus,sex_fmle,8.12
nor,2019,agegroup_years85plus,sex_mle,25.5
nor,2019,agegroup_yearsall,sex_btsx,12.57468
nor,2019,agegroup_yearsall,sex_fmle,7.45179
nor,2019,agegroup_yearsall,sex_mle,17.61444
nor,2020,agegroup_yearsall,sex_btsx,12.52131
nor,2020,agegroup_yearsall,sex_fmle,7.3434
nor,2020,agegroup_yearsall,sex_mle,17.61086
nor,2021,agegroup_yearsall,sex_btsx,13.18888
nor,2021,agegroup_yearsall,sex_fmle,7.41233
nor,2021,agegroup_yearsall,sex_mle,18.86314
npl,2000,agegroup_yearsall,sex_btsx,9.91652
npl,2000,agegroup_yearsall,sex_fmle,6.79359
npl,2000,agegroup_yearsall,sex_mle,12.9951
npl,2001,agegroup_yearsall,sex_btsx,9.63566
npl,2001,agegroup_yearsall,sex_fmle,6.72857
npl,2001,agegroup_yearsall,sex_mle,12.51121
npl,2002,agegroup_yearsall,sex_btsx,9.48113
npl,2002,agegroup_yearsall,sex_fmle,6.69857
npl,2002,agegroup_yearsall,sex_mle,12.24414
npl,2003,agegroup_yearsall,sex_btsx,9.44918
npl,2003,agegroup_yearsall,sex_fmle,6.88993
npl,2003,agegroup_yearsall,sex_mle,12.00164
npl,2004,agegroup_yearsall,sex_btsx,9.40889
npl,2004,agegroup_yearsall,sex_fmle,6.89621
npl,2004,agegroup_yearsall,sex_mle,11.92715
npl,2005,agegroup_yearsall,sex_btsx,9.52778
npl,2005,agegroup_yearsall,sex_fmle,6.98955
npl,2005,agegroup_yearsall,sex_mle,12.08531
npl,2006,agegroup_yearsall,sex_btsx,9.63619
npl,2006,agegroup_yearsall,sex_fmle,7.10205
npl,2006,agegroup_yearsall,sex_mle,12.20449
npl,2007,agegroup_yearsall,sex_btsx,9.57065
npl,2007,agegroup_yearsall,sex_fmle,6.94917
npl,2007,agegroup_yearsall,sex_mle,12.24411
npl,2008,agegroup_yearsall,sex_btsx,9.31709
npl,2008,agegroup_yearsall,sex_fmle,7.25701
npl,2008,agegroup_yearsall,sex_mle,11.43146
npl,2009,agegroup_yearsall,sex_btsx,9.66769
npl,2009,agegroup_yearsall,sex_fmle,7.54674
npl,2009,agegroup_yearsall,sex_mle,11.85859
npl,2010,agegroup_yearsall,sex_btsx,10.08013
npl,2010,agegroup_yearsall,sex_fmle,7.80786
npl,2010,agegroup_yearsall,sex_mle,12.4423
npl,2011,agegroup_yearsall,sex_btsx,10.41773
npl,2011,agegroup_yearsall,sex_fmle,8.05483
npl,2011,agegroup_yearsall,sex_mle,12.89028
npl,2012,agegroup_yearsall,sex_btsx,10.23671
npl,2012,agegroup_yearsall,sex_fmle,7.73106
npl,2012,agegroup_yearsall,sex_mle,12.87723
npl,2013,agegroup_yearsall,sex_btsx,10.64692
npl,2013,agegroup_yearsall,sex_fmle,7.94772
npl,2013,agegroup_yearsall,sex_mle,13.51223
npl,2014,agegroup_yearsall,sex_btsx,10.64528
npl,2014,agegroup_yearsall,sex_fmle,7.91871
npl,2014,agegroup_yearsall,sex_mle,13.55847
npl,2015,agegroup_yearsall,sex_btsx,10.63209
npl,2015,agegroup_yearsall,sex_fmle,7.7638
npl,2015,agegroup_yearsall,sex_mle,13.71061
npl,2016,agegroup_yearsall,sex_btsx,10.35958
npl,2016,agegroup_yearsall,sex_fmle,7.71265
npl,2016,agegroup_yearsall,sex_mle,13.21436
npl,2017,agegroup_yearsall,sex_btsx,10.58115
npl,2017,agegroup_yearsall,sex_fmle,7.69323
npl,2017,agegroup_yearsall,sex_mle,13.71678
npl,2018,agegroup_yearsall,sex_btsx,10.5975
npl,2018,agegroup_yearsall,sex_fmle,7.74098
npl,2018,agegroup_yearsall,sex_mle,13.71827
npl,2019,agegroup_years15_19,sex_btsx,9.38
npl,2019,agegroup_years15_19,sex_fmle,2.78
npl,2019,agegroup_years15_19,sex_mle,15.98
npl,2019,agegroup_years15_24,sex_btsx,11.26
npl,2019,agegroup_years15_24,sex_fmle,2.84
npl,2019,agegroup_years15_24,sex_mle,20.21
npl,2019,agegroup_years15_29,sex_btsx,11.3
npl,2019,agegroup_years15_29,sex_fmle,2.92
npl,2019,agegroup_years15_29,sex_mle,20.95
npl,2019,agegroup_years25_34,sex_btsx,9.82
npl,2019,agegroup_years25_34,sex_fmle,3.01
npl,2019,agegroup_years25_34,sex_mle,20.41
npl,2019,agegroup_years30_49,sex_btsx,10.32
npl,2019,agegroup_years30_49,sex_fmle,3.61
npl,2019,agegroup_years30_49,sex_mle,21.24
npl,2019,agegroup_years35_44,sex_btsx,10.08
npl,2019,agegroup_years35_44,sex_fmle,3.64
npl,2019,agegroup_years35_44,sex_mle,21.12
npl,2019,agegroup_years45_54,sex_btsx,15.6
npl,2019,agegroup_years45_54,sex_fmle,4.81
npl,2019,agegroup_years45_54,sex_mle,29.05
npl,2019,agegroup_years55_64,sex_btsx,18.37
npl,2019,agegroup_years55_64,sex_fmle,3.94
npl,2019,agegroup_years55_64,sex_mle,34.98
npl,2019,agegroup_years65_74,sex_btsx,17.28
npl,2019,agegroup_years65_74,sex_fmle,5.65
npl,2019,agegroup_years65_74,sex_mle,31.06
npl,2019,agegroup_years75_84,sex_btsx,21.06
npl,2019,agegroup_years75_84,sex_fmle,9.02
npl,2019,agegroup_years75_84,sex_mle,35.43
npl,2019,agegroup_years85plus,sex_btsx,37.38
npl,2019,agegroup_years85plus,sex_fmle,18.16
npl,2019,agegroup_years85plus,sex_mle,64.87
npl,2019,agegroup_yearsall,sex_btsx,10.55694
npl,2019,agegroup_yearsall,sex_fmle,7.59947
npl,2019,agegroup_yearsall,sex_mle,13.77811
npl,2020,agegroup_yearsall,sex_btsx,9.80303
npl,2020,agegroup_yearsall,sex_fmle,6.84775
npl,2020,agegroup_yearsall,sex_mle,12.98754
npl,2021,agegroup_yearsall,sex_btsx,10.13987
npl,2021,agegroup_yearsall,sex_fmle,7.16013
npl,2021,agegroup_yearsall,sex_mle,13.32779
nzl,2000,agegroup_yearsall,sex_btsx,12.55887
nzl,2000,agegroup_yearsall,sex_fmle,4.62685
nzl,2000,agegroup_yearsall,sex_mle,20.78492
nzl,2001,agegroup_yearsall,sex_btsx,13.85446
nzl,2001,agegroup_yearsall,sex_fmle,6.96029
nzl,2001,agegroup_yearsall,sex_mle,21.01491
nzl,2002,agegroup_yearsall,sex_btsx,12.39253
nzl,2002,agegroup_yearsall,sex_fmle,6.16281
nzl,2002,agegroup_yearsall,sex_mle,18.86519
nzl,2003,agegroup_yearsall,sex_btsx,13.70136
nzl,2003,agegroup_yearsall,sex_fmle,7.8201
nzl,2003,agegroup_yearsall,sex_mle,19.81307
nzl,2004,agegroup_yearsall,sex_btsx,12.69654
nzl,2004,agegroup_yearsall,sex_fmle,5.92707
nzl,2004,agegroup_yearsall,sex_mle,19.73767
nzl,2005,agegroup_yearsall,sex_btsx,12.9851
nzl,2005,agegroup_yearsall,sex_fmle,6.70558
nzl,2005,agegroup_yearsall,sex_mle,19.52582
nzl,2006,agegroup_yearsall,sex_btsx,13.1615
nzl,2006,agegroup_yearsall,sex_fmle,7.07502
nzl,2006,agegroup_yearsall,sex_mle,19.50998
nzl,2007,agegroup_yearsall,sex_btsx,12.27085
nzl,2007,agegroup_yearsall,sex_fmle,6.27178
nzl,2007,agegroup_yearsall,sex_mle,18.53475
nzl,2008,agegroup_yearsall,sex_btsx,12.35442
nzl,2008,agegroup_yearsall,sex_fmle,6.50159
nzl,2008,agegroup_yearsall,sex_mle,18.46864
nzl,2009,agegroup_yearsall,sex_btsx,11.45687
nzl,2009,agegroup_yearsall,sex_fmle,5.43874
nzl,2009,agegroup_yearsall,sex_mle,17.74447
nzl,2010,agegroup_yearsall,sex_btsx,12.54098
nzl,2010,agegroup_yearsall,sex_fmle,7.11725
nzl,2010,agegroup_yearsall,sex_mle,18.20899
nzl,2011,agegroup_yearsall,sex_btsx,11.38828
nzl,2011,agegroup_yearsall,sex_fmle,5.50921
nzl,2011,agegroup_yearsall,sex_mle,17.53453
nzl,2012,agegroup_yearsall,sex_btsx,12.62726
nzl,2012,agegroup_yearsall,sex_fmle,6.82736
nzl,2012,agegroup_yearsall,sex_mle,18.6915
nzl,2013,agegroup_yearsall,sex_btsx,12.09812
nzl,2013,agegroup_yearsall,sex_fmle,6.95724
nzl,2013,agegroup_yearsall,sex_mle,17.46373
nzl,2014,agegroup_yearsall,sex_btsx,11.68981
nzl,2014,agegroup_yearsall,sex_fmle,5.9937
nzl,2014,agegroup_yearsall,sex_mle,17.60344
nzl,2015,agegroup_yearsall,sex_btsx,11.94135
nzl,2015,agegroup_yearsall,sex_fmle,6.63587
nzl,2015,agegroup_yearsall,sex_mle,17.41115
nzl,2016,agegroup_yearsall,sex_btsx,12.46966
nzl,2016,agegroup_yearsall,sex_fmle,6.47098
nzl,2016,agegroup_yearsall,sex_mle,18.61783
nzl,2017,agegroup_yearsall,sex_btsx,12.83187
nzl,2017,agegroup_yearsall,sex_fmle,6.64284
nzl,2017,agegroup_yearsall,sex_mle,19.14677
nzl,2018,agegroup_yearsall,sex_btsx,11.73025
nzl,2018,agegroup_yearsall,sex_fmle,6.13308
nzl,2018,agegroup_yearsall,sex_mle,17.42257
nzl,2019,agegroup_years15_19,sex_btsx,10.61
nzl,2019,agegroup_years15_19,sex_fmle,8.19
nzl,2019,agegroup_years15_19,sex_mle,12.94
nzl,2019,agegroup_years15_24,sex_btsx,12.53
nzl,2019,agegroup_years15_24,sex_fmle,7.9
nzl,2019,agegroup_years15_24,sex_mle,16.94
nzl,2019,agegroup_years15_29,sex_btsx,13.92
nzl,2019,agegroup_years15_29,sex_fmle,7.27
nzl,2019,agegroup_years15_29,sex_mle,20.25
nzl,2019,agegroup_years25_34,sex_btsx,15.06
nzl,2019,agegroup_years25_34,sex_fmle,6.3
nzl,2019,agegroup_years25_34,sex_mle,23.68
nzl,2019,agegroup_years30_49,sex_btsx,14.18
nzl,2019,agegroup_years30_49,sex_fmle,7.39
nzl,2019,agegroup_years30_49,sex_mle,21.49
nzl,2019,agegroup_years35_44,sex_btsx,14.25
nzl,2019,agegroup_years35_44,sex_fmle,7.27
nzl,2019,agegroup_years35_44,sex_mle,21.87
nzl,2019,agegroup_years45_54,sex_btsx,15.24
nzl,2019,agegroup_years45_54,sex_fmle,8.61
nzl,2019,agegroup_years45_54,sex_mle,22.53
nzl,2019,agegroup_years55_64,sex_btsx,13.87
nzl,2019,agegroup_years55_64,sex_fmle,6.25
nzl,2019,agegroup_years55_64,sex_mle,22.04
nzl,2019,agegroup_years65_74,sex_btsx,8.24
nzl,2019,agegroup_years65_74,sex_fmle,3.97
nzl,2019,agegroup_years65_74,sex_mle,12.8
nzl,2019,agegroup_years75_84,sex_btsx,10.83
nzl,2019,agegroup_years75_84,sex_fmle,4.17
nzl,2019,agegroup_years75_84,sex_mle,18.63
nzl,2019,agegroup_years85plus,sex_btsx,12.54
nzl,2019,agegroup_years85plus,sex_fmle,3.33
nzl,2019,agegroup_years85plus,sex_mle,26.84
nzl,2019,agegroup_yearsall,sex_btsx,11.81099
nzl,2019,agegroup_yearsall,sex_fmle,6.1382
nzl,2019,agegroup_yearsall,sex_mle,17.56941
nzl,2020,agegroup_yearsall,sex_btsx,11.34768
nzl,2020,agegroup_yearsall,sex_fmle,5.96094
nzl,2020,agegroup_yearsall,sex_mle,16.81229
nzl,2021,agegroup_yearsall,sex_btsx,11.92408
nzl,2021,agegroup_yearsall,sex_fmle,6.07959
nzl,2021,agegroup_yearsall,sex_mle,17.85232
omn,2000,agegroup_yearsall,sex_btsx,2.33135
omn,2000,agegroup_yearsall,sex_fmle,0.67432
omn,2000,agegroup_yearsall,sex_mle,3.51583
omn,2001,agegroup_yearsall,sex_btsx,2.3258
omn,2001,agegroup_yearsall,sex_fmle,0.67535
omn,2001,agegroup_yearsall,sex_mle,3.51539
omn,2002,agegroup_yearsall,sex_btsx,2.12461
omn,2002,agegroup_yearsall,sex_fmle,0.63484
omn,2002,agegroup_yearsall,sex_mle,3.20708
omn,2003,agegroup_yearsall,sex_btsx,2.16427
omn,2003,agegroup_yearsall,sex_fmle,0.62595
omn,2003,agegroup_yearsall,sex_mle,3.29036
omn,2004,agegroup_yearsall,sex_btsx,2.03754
omn,2004,agegroup_yearsall,sex_fmle,0.59819
omn,2004,agegroup_yearsall,sex_mle,3.09293
omn,2005,agegroup_yearsall,sex_btsx,2.02879
omn,2005,agegroup_yearsall,sex_fmle,0.59291
omn,2005,agegroup_yearsall,sex_mle,3.07801
omn,2006,agegroup_yearsall,sex_btsx,1.9782
omn,2006,agegroup_yearsall,sex_fmle,0.54408
omn,2006,agegroup_yearsall,sex_mle,3.02277
omn,2007,agegroup_yearsall,sex_btsx,1.76286
omn,2007,agegroup_yearsall,sex_fmle,0.41516
omn,2007,agegroup_yearsall,sex_mle,2.74154
omn,2008,agegroup_yearsall,sex_btsx,1.65562
omn,2008,agegroup_yearsall,sex_fmle,0.35293
omn,2008,agegroup_yearsall,sex_mle,2.59899
omn,2009,agegroup_yearsall,sex_btsx,1.02303
omn,2009,agegroup_yearsall,sex_fmle,0.31922
omn,2009,agegroup_yearsall,sex_mle,1.53142
omn,2010,agegroup_yearsall,sex_btsx,1.81458
omn,2010,agegroup_yearsall,sex_fmle,0.39094
omn,2010,agegroup_yearsall,sex_mle,2.83512
omn,2011,agegroup_yearsall,sex_btsx,1.95312
omn,2011,agegroup_yearsall,sex_fmle,0.3843
omn,2011,agegroup_yearsall,sex_mle,2.96704
omn,2012,agegroup_yearsall,sex_btsx,2.04768
omn,2012,agegroup_yearsall,sex_fmle,0.38154
omn,2012,agegroup_yearsall,sex_mle,2.99605
omn,2013,agegroup_yearsall,sex_btsx,1.94972
omn,2013,agegroup_yearsall,sex_fmle,0.3678
omn,2013,agegroup_yearsall,sex_mle,2.81291
omn,2014,agegroup_yearsall,sex_btsx,2.0441
omn,2014,agegroup_yearsall,sex_fmle,0.3853
omn,2014,agegroup_yearsall,sex_mle,2.95077
omn,2015,agegroup_yearsall,sex_btsx,1.68874
omn,2015,agegroup_yearsall,sex_fmle,0.35962
omn,2015,agegroup_yearsall,sex_mle,2.41152
omn,2016,agegroup_yearsall,sex_btsx,1.81415
omn,2016,agegroup_yearsall,sex_fmle,0.35923
omn,2016,agegroup_yearsall,sex_mle,2.591
omn,2017,agegroup_yearsall,sex_btsx,1.91201
omn,2017,agegroup_yearsall,sex_fmle,0.35925
omn,2017,agegroup_yearsall,sex_mle,2.73703
omn,2018,agegroup_yearsall,sex_btsx,2.04916
omn,2018,agegroup_yearsall,sex_fmle,0.35577
omn,2018,agegroup_yearsall,sex_mle,2.9696
omn,2019,agegroup_years15_19,sex_btsx,6.07
omn,2019,agegroup_years15_19,sex_fmle,1.67
omn,2019,agegroup_years15_19,sex_mle,11.26
omn,2019,agegroup_years15_24,sex_btsx,9.77
omn,2019,agegroup_years15_24,sex_fmle,2.01
omn,2019,agegroup_years15_24,sex_mle,15.51
omn,2019,agegroup_years15_29,sex_btsx,8.62
omn,2019,agegroup_years15_29,sex_fmle,1.86
omn,2019,agegroup_years15_29,sex_mle,11.83
omn,2019,agegroup_years25_34,sex_btsx,7.03
omn,2019,agegroup_years25_34,sex_fmle,1.49
omn,2019,agegroup_years25_34,sex_mle,8.77
omn,2019,agegroup_years30_49,sex_btsx,5.17
omn,2019,agegroup_years30_49,sex_fmle,1.06
omn,2019,agegroup_years30_49,sex_mle,6.63
omn,2019,agegroup_years35_44,sex_btsx,4.57
omn,2019,agegroup_years35_44,sex_fmle,0.95
omn,2019,agegroup_years35_44,sex_mle,6
omn,2019,agegroup_years45_54,sex_btsx,3.25
omn,2019,agegroup_years45_54,sex_fmle,0.8
omn,2019,agegroup_years45_54,sex_mle,4.25
omn,2019,agegroup_years55_64,sex_btsx,3.3
omn,2019,agegroup_years55_64,sex_fmle,1.35
omn,2019,agegroup_years55_64,sex_mle,4.26
omn,2019,agegroup_years65_74,sex_btsx,5.27
omn,2019,agegroup_years65_74,sex_fmle,2.33
omn,2019,agegroup_years65_74,sex_mle,8.55
omn,2019,agegroup_years75_84,sex_btsx,9.5
omn,2019,agegroup_years75_84,sex_fmle,2.45
omn,2019,agegroup_years75_84,sex_mle,15.96
omn,2019,agegroup_years85plus,sex_btsx,16.06
omn,2019,agegroup_years85plus,sex_fmle,2.68
omn,2019,agegroup_years85plus,sex_mle,38.88
omn,2019,agegroup_yearsall,sex_btsx,2.00213
omn,2019,agegroup_yearsall,sex_fmle,0.34416
omn,2019,agegroup_yearsall,sex_mle,2.94884
omn,2020,agegroup_yearsall,sex_btsx,1.20818
omn,2020,agegroup_yearsall,sex_fmle,0.25853
omn,2020,agegroup_yearsall,sex_mle,1.7876
omn,2021,agegroup_yearsall,sex_btsx,0.90892
omn,2021,agegroup_yearsall,sex_fmle,0.21119
omn,2021,agegroup_yearsall,sex_mle,1.35263
pak,2000,agegroup_yearsall,sex_btsx,6.94797
pak,2000,agegroup_yearsall,sex_fmle,3.55742
pak,2000,agegroup_yearsall,sex_mle,10.12446
pak,2001,agegroup_yearsall,sex_btsx,6.87361
pak,2001,agegroup_yearsall,sex_fmle,3.40543
pak,2001,agegroup_yearsall,sex_mle,10.12347
pak,2002,agegroup_yearsall,sex_btsx,6.97881
pak,2002,agegroup_yearsall,sex_fmle,3.54509
pak,2002,agegroup_yearsall,sex_mle,10.20216
pak,2003,agegroup_yearsall,sex_btsx,6.80361
pak,2003,agegroup_yearsall,sex_fmle,3.50448
pak,2003,agegroup_yearsall,sex_mle,9.90613
pak,2004,agegroup_yearsall,sex_btsx,6.97934
pak,2004,agegroup_yearsall,sex_fmle,3.56979
pak,2004,agegroup_yearsall,sex_mle,10.18835
pak,2005,agegroup_yearsall,sex_btsx,7.03046
pak,2005,agegroup_yearsall,sex_fmle,3.74142
pak,2005,agegroup_yearsall,sex_mle,10.12872
pak,2006,agegroup_yearsall,sex_btsx,7.00611
pak,2006,agegroup_yearsall,sex_fmle,3.79626
pak,2006,agegroup_yearsall,sex_mle,10.03347
pak,2007,agegroup_yearsall,sex_btsx,6.85945
pak,2007,agegroup_yearsall,sex_fmle,3.70511
pak,2007,agegroup_yearsall,sex_mle,9.839
pak,2008,agegroup_yearsall,sex_btsx,6.86471
pak,2008,agegroup_yearsall,sex_fmle,3.73592
pak,2008,agegroup_yearsall,sex_mle,9.82472
pak,2009,agegroup_yearsall,sex_btsx,6.75686
pak,2009,agegroup_yearsall,sex_fmle,3.69599
pak,2009,agegroup_yearsall,sex_mle,9.65714
pak,2010,agegroup_yearsall,sex_btsx,6.33866
pak,2010,agegroup_yearsall,sex_fmle,3.29557
pak,2010,agegroup_yearsall,sex_mle,9.22609
pak,2011,agegroup_yearsall,sex_btsx,6.25616
pak,2011,agegroup_yearsall,sex_fmle,3.30109
pak,2011,agegroup_yearsall,sex_mle,9.06377
pak,2012,agegroup_yearsall,sex_btsx,6.4326
pak,2012,agegroup_yearsall,sex_fmle,3.54384
pak,2012,agegroup_yearsall,sex_mle,9.18049
pak,2013,agegroup_yearsall,sex_btsx,5.82132
pak,2013,agegroup_yearsall,sex_fmle,3.03841
pak,2013,agegroup_yearsall,sex_mle,8.4714
pak,2014,agegroup_yearsall,sex_btsx,6.33436
pak,2014,agegroup_yearsall,sex_fmle,3.43273
pak,2014,agegroup_yearsall,sex_mle,9.10036
pak,2015,agegroup_yearsall,sex_btsx,6.40597
pak,2015,agegroup_yearsall,sex_fmle,3.47869
pak,2015,agegroup_yearsall,sex_mle,9.19919
pak,2016,agegroup_yearsall,sex_btsx,6.38881
pak,2016,agegroup_yearsall,sex_fmle,3.46241
pak,2016,agegroup_yearsall,sex_mle,9.18382
pak,2017,agegroup_yearsall,sex_btsx,6.37343
pak,2017,agegroup_yearsall,sex_fmle,3.45942
pak,2017,agegroup_yearsall,sex_mle,9.15927
pak,2018,agegroup_yearsall,sex_btsx,6.2223
pak,2018,agegroup_yearsall,sex_fmle,3.41503
pak,2018,agegroup_yearsall,sex_mle,8.9088
pak,2019,agegroup_years15_19,sex_btsx,10.03
pak,2019,agegroup_years15_19,sex_fmle,6.22
pak,2019,agegroup_years15_19,sex_mle,13.54
pak,2019,agegroup_years15_24,sex_btsx,13.15
pak,2019,agegroup_years15_24,sex_fmle,6.74
pak,2019,agegroup_years15_24,sex_mle,19.11
pak,2019,agegroup_years15_29,sex_btsx,14.74
pak,2019,agegroup_years15_29,sex_fmle,7.09
pak,2019,agegroup_years15_29,sex_mle,21.9
pak,2019,agegroup_years25_34,sex_btsx,17.07
pak,2019,agegroup_years25_34,sex_fmle,7.29
pak,2019,agegroup_years25_34,sex_mle,26.41
pak,2019,agegroup_years30_49,sex_btsx,13.75
pak,2019,agegroup_years30_49,sex_fmle,6.76
pak,2019,agegroup_years30_49,sex_mle,20.45
pak,2019,agegroup_years35_44,sex_btsx,13.28
pak,2019,agegroup_years35_44,sex_fmle,6.94
pak,2019,agegroup_years35_44,sex_mle,19.37
pak,2019,agegroup_years45_54,sex_btsx,10.97
pak,2019,agegroup_years45_54,sex_fmle,5.88
pak,2019,agegroup_years45_54,sex_mle,15.89
pak,2019,agegroup_years55_64,sex_btsx,9.28
pak,2019,agegroup_years55_64,sex_fmle,4.3
pak,2019,agegroup_years55_64,sex_mle,14.14
pak,2019,agegroup_years65_74,sex_btsx,9.03
pak,2019,agegroup_years65_74,sex_fmle,4.8
pak,2019,agegroup_years65_74,sex_mle,13.17
pak,2019,agegroup_years75_84,sex_btsx,12.58
pak,2019,agegroup_years75_84,sex_fmle,5.93
pak,2019,agegroup_years75_84,sex_mle,18.92
pak,2019,agegroup_years85plus,sex_btsx,28.89
pak,2019,agegroup_years85plus,sex_fmle,12.6
pak,2019,agegroup_years85plus,sex_mle,42.89
pak,2019,agegroup_yearsall,sex_btsx,6.08986
pak,2019,agegroup_yearsall,sex_fmle,3.34611
pak,2019,agegroup_yearsall,sex_mle,8.71819
pak,2020,agegroup_yearsall,sex_btsx,5.43162
pak,2020,agegroup_yearsall,sex_fmle,3.08502
pak,2020,agegroup_yearsall,sex_mle,7.68225
pak,2021,agegroup_yearsall,sex_btsx,5.63959
pak,2021,agegroup_yearsall,sex_fmle,3.16235
pak,2021,agegroup_yearsall,sex_mle,8.02026
pan,2000,agegroup_yearsall,sex_btsx,4.66208
pan,2000,agegroup_yearsall,sex_fmle,1.19502
pan,2000,agegroup_yearsall,sex_mle,8.09275
pan,2001,agegroup_yearsall,sex_btsx,5.0416
pan,2001,agegroup_yearsall,sex_fmle,1.43066
pan,2001,agegroup_yearsall,sex_mle,8.61638
pan,2002,agegroup_yearsall,sex_btsx,4.90596
pan,2002,agegroup_yearsall,sex_fmle,1.95835
pan,2002,agegroup_yearsall,sex_mle,7.82537
pan,2003,agegroup_yearsall,sex_btsx,5.67756
pan,2003,agegroup_yearsall,sex_fmle,1.17971
pan,2003,agegroup_yearsall,sex_mle,10.13427
pan,2004,agegroup_yearsall,sex_btsx,5.53658
pan,2004,agegroup_yearsall,sex_fmle,1.90517
pan,2004,agegroup_yearsall,sex_mle,9.1363
pan,2005,agegroup_yearsall,sex_btsx,4.79333
pan,2005,agegroup_yearsall,sex_fmle,1.46641
pan,2005,agegroup_yearsall,sex_mle,8.09268
pan,2006,agegroup_yearsall,sex_btsx,5.44672
pan,2006,agegroup_yearsall,sex_fmle,0.75964
pan,2006,agegroup_yearsall,sex_mle,10.09717
pan,2007,agegroup_yearsall,sex_btsx,4.83024
pan,2007,agegroup_yearsall,sex_fmle,1.24669
pan,2007,agegroup_yearsall,sex_mle,8.38763
pan,2008,agegroup_yearsall,sex_btsx,5.22334
pan,2008,agegroup_yearsall,sex_fmle,1.9525
pan,2008,agegroup_yearsall,sex_mle,8.47213
pan,2009,agegroup_yearsall,sex_btsx,4.79764
pan,2009,agegroup_yearsall,sex_fmle,1.54644
pan,2009,agegroup_yearsall,sex_mle,8.02891
pan,2010,agegroup_yearsall,sex_btsx,3.93727
pan,2010,agegroup_yearsall,sex_fmle,1.12849
pan,2010,agegroup_yearsall,sex_mle,6.73058
pan,2011,agegroup_yearsall,sex_btsx,3.90154
pan,2011,agegroup_yearsall,sex_fmle,1.12083
pan,2011,agegroup_yearsall,sex_mle,6.66859
pan,2012,agegroup_yearsall,sex_btsx,3.55103
pan,2012,agegroup_yearsall,sex_fmle,0.95697
pan,2012,agegroup_yearsall,sex_mle,6.13375
pan,2013,agegroup_yearsall,sex_btsx,3.39861
pan,2013,agegroup_yearsall,sex_fmle,0.70594
pan,2013,agegroup_yearsall,sex_mle,6.08062
pan,2014,agegroup_yearsall,sex_btsx,4.0473
pan,2014,agegroup_yearsall,sex_fmle,1.14603
pan,2014,agegroup_yearsall,sex_mle,6.93807
pan,2015,agegroup_yearsall,sex_btsx,2.75822
pan,2015,agegroup_yearsall,sex_fmle,1.10579
pan,2015,agegroup_yearsall,sex_mle,4.40506
pan,2016,agegroup_yearsall,sex_btsx,3.0949
pan,2016,agegroup_yearsall,sex_fmle,0.95917
pan,2016,agegroup_yearsall,sex_mle,5.22377
pan,2017,agegroup_yearsall,sex_btsx,3.02988
pan,2017,agegroup_yearsall,sex_fmle,0.87669
pan,2017,agegroup_yearsall,sex_mle,5.17644
pan,2018,agegroup_yearsall,sex_btsx,2.84992
pan,2018,agegroup_yearsall,sex_fmle,0.88054
pan,2018,agegroup_yearsall,sex_mle,4.81356
pan,2019,agegroup_years15_19,sex_btsx,3.3
pan,2019,agegroup_years15_19,sex_fmle,2.47
pan,2019,agegroup_years15_19,sex_mle,4.11
pan,2019,agegroup_years15_24,sex_btsx,3.29
pan,2019,agegroup_years15_24,sex_fmle,2.08
pan,2019,agegroup_years15_24,sex_mle,4.46
pan,2019,agegroup_years15_29,sex_btsx,3.43
pan,2019,agegroup_years15_29,sex_fmle,1.84
pan,2019,agegroup_years15_29,sex_mle,4.98
pan,2019,agegroup_years25_34,sex_btsx,3.35
pan,2019,agegroup_years25_34,sex_fmle,1.17
pan,2019,agegroup_years25_34,sex_mle,5.51
pan,2019,agegroup_years30_49,sex_btsx,2.93
pan,2019,agegroup_years30_49,sex_fmle,0.63
pan,2019,agegroup_years30_49,sex_mle,5.22
pan,2019,agegroup_years35_44,sex_btsx,2.76
pan,2019,agegroup_years35_44,sex_fmle,0.47
pan,2019,agegroup_years35_44,sex_mle,5.03
pan,2019,agegroup_years45_54,sex_btsx,3.31
pan,2019,agegroup_years45_54,sex_fmle,0.56
pan,2019,agegroup_years45_54,sex_mle,6.09
pan,2019,agegroup_years55_64,sex_btsx,5.65
pan,2019,agegroup_years55_64,sex_fmle,1.76
pan,2019,agegroup_years55_64,sex_mle,9.71
pan,2019,agegroup_years65_74,sex_btsx,4.8
pan,2019,agegroup_years65_74,sex_fmle,1.49
pan,2019,agegroup_years65_74,sex_mle,8.46
pan,2019,agegroup_years75_84,sex_btsx,7.16
pan,2019,agegroup_years75_84,sex_fmle,1.85
pan,2019,agegroup_years75_84,sex_mle,13.49
pan,2019,agegroup_years85plus,sex_btsx,8.83
pan,2019,agegroup_years85plus,sex_fmle,2.69
pan,2019,agegroup_years85plus,sex_mle,16.97
pan,2019,agegroup_yearsall,sex_btsx,2.55067
pan,2019,agegroup_yearsall,sex_fmle,0.43904
pan,2019,agegroup_yearsall,sex_mle,4.65673
pan,2020,agegroup_yearsall,sex_btsx,2.44702
pan,2020,agegroup_yearsall,sex_fmle,0.70652
pan,2020,agegroup_yearsall,sex_mle,4.18403
pan,2021,agegroup_yearsall,sex_btsx,3.28997
pan,2021,agegroup_yearsall,sex_fmle,0.98844
pan,2021,agegroup_yearsall,sex_mle,5.58875
per,2000,agegroup_yearsall,sex_btsx,1.03733
per,2000,agegroup_yearsall,sex_fmle,0.83212
per,2000,agegroup_yearsall,sex_mle,1.24212
per,2001,agegroup_yearsall,sex_btsx,1.20244
per,2001,agegroup_yearsall,sex_fmle,0.94426
per,2001,agegroup_yearsall,sex_mle,1.45999
per,2002,agegroup_yearsall,sex_btsx,1.39534
per,2002,agegroup_yearsall,sex_fmle,0.88259
per,2002,agegroup_yearsall,sex_mle,1.90658
per,2003,agegroup_yearsall,sex_btsx,1.27476
per,2003,agegroup_yearsall,sex_fmle,0.71303
per,2003,agegroup_yearsall,sex_mle,1.8346
per,2004,agegroup_yearsall,sex_btsx,1.08392
per,2004,agegroup_yearsall,sex_fmle,0.6206
per,2004,agegroup_yearsall,sex_mle,1.54552
per,2005,agegroup_yearsall,sex_btsx,0.77221
per,2005,agegroup_yearsall,sex_fmle,0.63827
per,2005,agegroup_yearsall,sex_mle,0.90562
per,2006,agegroup_yearsall,sex_btsx,1.02384
per,2006,agegroup_yearsall,sex_fmle,0.88795
per,2006,agegroup_yearsall,sex_mle,1.15913
per,2007,agegroup_yearsall,sex_btsx,1.56932
per,2007,agegroup_yearsall,sex_fmle,1.11991
per,2007,agegroup_yearsall,sex_mle,2.01656
per,2008,agegroup_yearsall,sex_btsx,1.49525
per,2008,agegroup_yearsall,sex_fmle,1.01916
per,2008,agegroup_yearsall,sex_mle,1.96936
per,2009,agegroup_yearsall,sex_btsx,0.60125
per,2009,agegroup_yearsall,sex_fmle,0.35333
per,2009,agegroup_yearsall,sex_mle,0.84859
per,2010,agegroup_yearsall,sex_btsx,1.09394
per,2010,agegroup_yearsall,sex_fmle,0.64237
per,2010,agegroup_yearsall,sex_mle,1.54519
per,2011,agegroup_yearsall,sex_btsx,2.13877
per,2011,agegroup_yearsall,sex_fmle,1.39734
per,2011,agegroup_yearsall,sex_mle,2.88073
per,2012,agegroup_yearsall,sex_btsx,2.56605
per,2012,agegroup_yearsall,sex_fmle,1.78926
per,2012,agegroup_yearsall,sex_mle,3.34434
per,2013,agegroup_yearsall,sex_btsx,1.29757
per,2013,agegroup_yearsall,sex_fmle,0.76764
per,2013,agegroup_yearsall,sex_mle,1.82912
per,2014,agegroup_yearsall,sex_btsx,1.54291
per,2014,agegroup_yearsall,sex_fmle,1.08121
per,2014,agegroup_yearsall,sex_mle,2.00644
per,2015,agegroup_yearsall,sex_btsx,0.96303
per,2015,agegroup_yearsall,sex_fmle,0.70289
per,2015,agegroup_yearsall,sex_mle,1.22437
per,2016,agegroup_yearsall,sex_btsx,1.42041
per,2016,agegroup_yearsall,sex_fmle,0.9168
per,2016,agegroup_yearsall,sex_mle,1.92648
per,2017,agegroup_yearsall,sex_btsx,1.40996
per,2017,agegroup_yearsall,sex_fmle,0.86809
per,2017,agegroup_yearsall,sex_mle,1.95464
per,2018,agegroup_yearsall,sex_btsx,1.80437
per,2018,agegroup_yearsall,sex_fmle,1.07693
per,2018,agegroup_yearsall,sex_mle,2.53593
per,2019,agegroup_years15_19,sex_btsx,2.76
per,2019,agegroup_years15_19,sex_fmle,2.74
per,2019,agegroup_years15_19,sex_mle,2.79
per,2019,agegroup_years15_24,sex_btsx,3.23
per,2019,agegroup_years15_24,sex_fmle,2.54
per,2019,agegroup_years15_24,sex_mle,3.97
per,2019,agegroup_years15_29,sex_btsx,3.58
per,2019,agegroup_years15_29,sex_fmle,2.34
per,2019,agegroup_years15_29,sex_mle,4.88
per,2019,agegroup_years25_34,sex_btsx,4.1
per,2019,agegroup_years25_34,sex_fmle,1.74
per,2019,agegroup_years25_34,sex_mle,6.42
per,2019,agegroup_years30_49,sex_btsx,3.65
per,2019,agegroup_years30_49,sex_fmle,1.43
per,2019,agegroup_years30_49,sex_mle,5.79
per,2019,agegroup_years35_44,sex_btsx,3.6
per,2019,agegroup_years35_44,sex_fmle,1.37
per,2019,agegroup_years35_44,sex_mle,5.75
per,2019,agegroup_years45_54,sex_btsx,3.28
per,2019,agegroup_years45_54,sex_fmle,1.36
per,2019,agegroup_years45_54,sex_mle,5.19
per,2019,agegroup_years55_64,sex_btsx,3.43
per,2019,agegroup_years55_64,sex_fmle,1.3
per,2019,agegroup_years55_64,sex_mle,5.63
per,2019,agegroup_years65_74,sex_btsx,3.98
per,2019,agegroup_years65_74,sex_fmle,1.82
per,2019,agegroup_years65_74,sex_mle,6.3
per,2019,agegroup_years75_84,sex_btsx,4.64
per,2019,agegroup_years75_84,sex_fmle,2.52
per,2019,agegroup_years75_84,sex_mle,7.09
per,2019,agegroup_years85plus,sex_btsx,6.27
per,2019,agegroup_years85plus,sex_fmle,3.34
per,2019,agegroup_years85plus,sex_mle,10.75
per,2019,agegroup_yearsall,sex_btsx,2.19134
per,2019,agegroup_yearsall,sex_fmle,1.39514
per,2019,agegroup_yearsall,sex_mle,2.99244
per,2020,agegroup_yearsall,sex_btsx,1.49976
per,2020,agegroup_yearsall,sex_fmle,0.64202
per,2020,agegroup_yearsall,sex_mle,2.36407
per,2021,agegroup_yearsall,sex_btsx,1.5378
per,2021,agegroup_yearsall,sex_fmle,0.80537
per,2021,agegroup_yearsall,sex_mle,2.27733
phl,2000,agegroup_yearsall,sex_btsx,2.01074
phl,2000,agegroup_yearsall,sex_fmle,1.01703
phl,2000,agegroup_yearsall,sex_mle,2.99477
phl,2001,agegroup_yearsall,sex_btsx,1.72849
phl,2001,agegroup_yearsall,sex_fmle,0.7863
phl,2001,agegroup_yearsall,sex_mle,2.66098
phl,2002,agegroup_yearsall,sex_btsx,1.95617
phl,2002,agegroup_yearsall,sex_fmle,0.96709
phl,2002,agegroup_yearsall,sex_mle,2.93543
phl,2003,agegroup_yearsall,sex_btsx,2.23925
phl,2003,agegroup_yearsall,sex_fmle,1.14546
phl,2003,agegroup_yearsall,sex_mle,3.32261
phl,2004,agegroup_yearsall,sex_btsx,2.18514
phl,2004,agegroup_yearsall,sex_fmle,1.04186
phl,2004,agegroup_yearsall,sex_mle,3.31796
phl,2005,agegroup_yearsall,sex_btsx,2.39777
phl,2005,agegroup_yearsall,sex_fmle,1.12466
phl,2005,agegroup_yearsall,sex_mle,3.65985
phl,2006,agegroup_yearsall,sex_btsx,2.4431
phl,2006,agegroup_yearsall,sex_fmle,1.04029
phl,2006,agegroup_yearsall,sex_mle,3.83571
phl,2007,agegroup_yearsall,sex_btsx,2.33894
phl,2007,agegroup_yearsall,sex_fmle,1.07946
phl,2007,agegroup_yearsall,sex_mle,3.59077
phl,2008,agegroup_yearsall,sex_btsx,2.47649
phl,2008,agegroup_yearsall,sex_fmle,1.08138
phl,2008,agegroup_yearsall,sex_mle,3.86439
phl,2009,agegroup_yearsall,sex_btsx,2.81715
phl,2009,agegroup_yearsall,sex_fmle,1.40204
phl,2009,agegroup_yearsall,sex_mle,4.22616
phl,2010,agegroup_yearsall,sex_btsx,2.84764
phl,2010,agegroup_yearsall,sex_fmle,1.32539
phl,2010,agegroup_yearsall,sex_mle,4.36208
phl,2011,agegroup_yearsall,sex_btsx,3.17376
phl,2011,agegroup_yearsall,sex_fmle,1.50542
phl,2011,agegroup_yearsall,sex_mle,4.83213
phl,2012,agegroup_yearsall,sex_btsx,2.9162
phl,2012,agegroup_yearsall,sex_fmle,1.32833
phl,2012,agegroup_yearsall,sex_mle,4.4929
phl,2013,agegroup_yearsall,sex_btsx,2.81049
phl,2013,agegroup_yearsall,sex_fmle,1.22546
phl,2013,agegroup_yearsall,sex_mle,4.38277
phl,2014,agegroup_yearsall,sex_btsx,2.71519
phl,2014,agegroup_yearsall,sex_fmle,1.07245
phl,2014,agegroup_yearsall,sex_mle,4.34458
phl,2015,agegroup_yearsall,sex_btsx,3.14923
phl,2015,agegroup_yearsall,sex_fmle,1.38089
phl,2015,agegroup_yearsall,sex_mle,4.90552
phl,2016,agegroup_yearsall,sex_btsx,3.21507
phl,2016,agegroup_yearsall,sex_fmle,1.3485
phl,2016,agegroup_yearsall,sex_mle,5.07287
phl,2017,agegroup_yearsall,sex_btsx,3.25668
phl,2017,agegroup_yearsall,sex_fmle,1.51756
phl,2017,agegroup_yearsall,sex_mle,4.99192
phl,2018,agegroup_yearsall,sex_btsx,3.61263
phl,2018,agegroup_yearsall,sex_fmle,1.67995
phl,2018,agegroup_yearsall,sex_mle,5.54689
phl,2019,agegroup_years15_19,sex_btsx,1.75
phl,2019,agegroup_years15_19,sex_fmle,1.5
phl,2019,agegroup_years15_19,sex_mle,1.98
phl,2019,agegroup_years15_24,sex_btsx,1.98
phl,2019,agegroup_years15_24,sex_fmle,1.21
phl,2019,agegroup_years15_24,sex_mle,2.72
phl,2019,agegroup_years15_29,sex_btsx,2.21
phl,2019,agegroup_years15_29,sex_fmle,1.33
phl,2019,agegroup_years15_29,sex_mle,3.05
phl,2019,agegroup_years25_34,sex_btsx,3.01
phl,2019,agegroup_years25_34,sex_fmle,1.41
phl,2019,agegroup_years25_34,sex_mle,4.58
phl,2019,agegroup_years30_49,sex_btsx,2.89
phl,2019,agegroup_years30_49,sex_fmle,1.11
phl,2019,agegroup_years30_49,sex_mle,4.65
phl,2019,agegroup_years35_44,sex_btsx,2.72
phl,2019,agegroup_years35_44,sex_fmle,1.07
phl,2019,agegroup_years35_44,sex_mle,4.35
phl,2019,agegroup_years45_54,sex_btsx,2.63
phl,2019,agegroup_years45_54,sex_fmle,0.86
phl,2019,agegroup_years45_54,sex_mle,4.41
phl,2019,agegroup_years55_64,sex_btsx,2.84
phl,2019,agegroup_years55_64,sex_fmle,0.87
phl,2019,agegroup_years55_64,sex_mle,4.96
phl,2019,agegroup_years65_74,sex_btsx,4.81
phl,2019,agegroup_years65_74,sex_fmle,2.67
phl,2019,agegroup_years65_74,sex_mle,7.48
phl,2019,agegroup_years75_84,sex_btsx,9.33
phl,2019,agegroup_years75_84,sex_fmle,5.47
phl,2019,agegroup_years75_84,sex_mle,15.69
phl,2019,agegroup_years85plus,sex_btsx,19.24
phl,2019,agegroup_years85plus,sex_fmle,12.81
phl,2019,agegroup_years85plus,sex_mle,34.81
phl,2019,agegroup_yearsall,sex_btsx,3.04222
phl,2019,agegroup_yearsall,sex_fmle,1.31361
phl,2019,agegroup_yearsall,sex_mle,4.77737
phl,2020,agegroup_yearsall,sex_btsx,3.17072
phl,2020,agegroup_yearsall,sex_fmle,1.46107
phl,2020,agegroup_yearsall,sex_mle,4.88864
phl,2021,agegroup_yearsall,sex_btsx,3.49261
phl,2021,agegroup_yearsall,sex_fmle,1.7666
phl,2021,agegroup_yearsall,sex_mle,5.22661
png,2000,agegroup_yearsall,sex_btsx,1.73179
png,2000,agegroup_yearsall,sex_fmle,1.35404
png,2000,agegroup_yearsall,sex_mle,2.07927
png,2001,agegroup_yearsall,sex_btsx,1.67571
png,2001,agegroup_yearsall,sex_fmle,1.26843
png,2001,agegroup_yearsall,sex_mle,2.05078
png,2002,agegroup_yearsall,sex_btsx,1.73091
png,2002,agegroup_yearsall,sex_fmle,1.36629
png,2002,agegroup_yearsall,sex_mle,2.06679
png,2003,agegroup_yearsall,sex_btsx,1.65439
png,2003,agegroup_yearsall,sex_fmle,1.25915
png,2003,agegroup_yearsall,sex_mle,2.01861
png,2004,agegroup_yearsall,sex_btsx,1.65601
png,2004,agegroup_yearsall,sex_fmle,1.30109
png,2004,agegroup_yearsall,sex_mle,1.98317
png,2005,agegroup_yearsall,sex_btsx,1.6758
png,2005,agegroup_yearsall,sex_fmle,1.33208
png,2005,agegroup_yearsall,sex_mle,1.99272
png,2006,agegroup_yearsall,sex_btsx,1.68643
png,2006,agegroup_yearsall,sex_fmle,1.36225
png,2006,agegroup_yearsall,sex_mle,1.98543
png,2007,agegroup_yearsall,sex_btsx,1.65152
png,2007,agegroup_yearsall,sex_fmle,1.40123
png,2007,agegroup_yearsall,sex_mle,1.88243
png,2008,agegroup_yearsall,sex_btsx,1.62644
png,2008,agegroup_yearsall,sex_fmle,1.40746
png,2008,agegroup_yearsall,sex_mle,1.82853
png,2009,agegroup_yearsall,sex_btsx,1.62614
png,2009,agegroup_yearsall,sex_fmle,1.28726
png,2009,agegroup_yearsall,sex_mle,1.939
png,2010,agegroup_yearsall,sex_btsx,1.70535
png,2010,agegroup_yearsall,sex_fmle,1.32267
png,2010,agegroup_yearsall,sex_mle,2.05882
png,2011,agegroup_yearsall,sex_btsx,1.73348
png,2011,agegroup_yearsall,sex_fmle,1.29309
png,2011,agegroup_yearsall,sex_mle,2.14056
png,2012,agegroup_yearsall,sex_btsx,1.7029
png,2012,agegroup_yearsall,sex_fmle,1.37286
png,2012,agegroup_yearsall,sex_mle,2.00829
png,2013,agegroup_yearsall,sex_btsx,1.74766
png,2013,agegroup_yearsall,sex_fmle,1.47081
png,2013,agegroup_yearsall,sex_mle,2.00414
png,2014,agegroup_yearsall,sex_btsx,1.9402
png,2014,agegroup_yearsall,sex_fmle,1.59651
png,2014,agegroup_yearsall,sex_mle,2.25905
png,2015,agegroup_yearsall,sex_btsx,1.98613
png,2015,agegroup_yearsall,sex_fmle,1.64734
png,2015,agegroup_yearsall,sex_mle,2.3009
png,2016,agegroup_yearsall,sex_btsx,1.99529
png,2016,agegroup_yearsall,sex_fmle,1.64099
png,2016,agegroup_yearsall,sex_mle,2.32497
png,2017,agegroup_yearsall,sex_btsx,1.92225
png,2017,agegroup_yearsall,sex_fmle,1.59402
png,2017,agegroup_yearsall,sex_mle,2.22817
png,2018,agegroup_yearsall,sex_btsx,1.98186
png,2018,agegroup_yearsall,sex_fmle,1.63537
png,2018,agegroup_yearsall,sex_mle,2.30531
png,2019,agegroup_years15_19,sex_btsx,2.59
png,2019,agegroup_years15_19,sex_fmle,1.59
png,2019,agegroup_years15_19,sex_mle,3.53
png,2019,agegroup_years15_24,sex_btsx,2.98
png,2019,agegroup_years15_24,sex_fmle,1.7
png,2019,agegroup_years15_24,sex_mle,4.19
png,2019,agegroup_years15_29,sex_btsx,3.22
png,2019,agegroup_years15_29,sex_fmle,1.82
png,2019,agegroup_years15_29,sex_mle,4.53
png,2019,agegroup_years25_34,sex_btsx,4.03
png,2019,agegroup_years25_34,sex_fmle,1.95
png,2019,agegroup_years25_34,sex_mle,6.02
png,2019,agegroup_years30_49,sex_btsx,5.24
png,2019,agegroup_years30_49,sex_fmle,2.34
png,2019,agegroup_years30_49,sex_mle,8.02
png,2019,agegroup_years35_44,sex_btsx,5.95
png,2019,agegroup_years35_44,sex_fmle,2.73
png,2019,agegroup_years35_44,sex_mle,9.04
png,2019,agegroup_years45_54,sex_btsx,4.7
png,2019,agegroup_years45_54,sex_fmle,2.52
png,2019,agegroup_years45_54,sex_mle,6.84
png,2019,agegroup_years55_64,sex_btsx,5.88
png,2019,agegroup_years55_64,sex_fmle,3.98
png,2019,agegroup_years55_64,sex_mle,7.88
png,2019,agegroup_years65_74,sex_btsx,7.05
png,2019,agegroup_years65_74,sex_fmle,4.16
png,2019,agegroup_years65_74,sex_mle,10.33
png,2019,agegroup_years75_84,sex_btsx,6.13
png,2019,agegroup_years75_84,sex_fmle,3.65
png,2019,agegroup_years75_84,sex_mle,9.02
png,2019,agegroup_years85plus,sex_btsx,13.98
png,2019,agegroup_years85plus,sex_fmle,6.53
png,2019,agegroup_years85plus,sex_mle,23.24
png,2019,agegroup_yearsall,sex_btsx,2.07129
png,2019,agegroup_yearsall,sex_fmle,1.67615
png,2019,agegroup_yearsall,sex_mle,2.44076
png,2020,agegroup_yearsall,sex_btsx,1.6947
png,2020,agegroup_yearsall,sex_fmle,1.39511
png,2020,agegroup_yearsall,sex_mle,1.97537
png,2021,agegroup_yearsall,sex_btsx,1.81787
png,2021,agegroup_yearsall,sex_fmle,1.40458
png,2021,agegroup_yearsall,sex_mle,2.20588
pol,2000,agegroup_yearsall,sex_btsx,17.02595
pol,2000,agegroup_yearsall,sex_fmle,5.46494
pol,2000,agegroup_yearsall,sex_mle,29.31844
pol,2001,agegroup_yearsall,sex_btsx,17.24147
pol,2001,agegroup_yearsall,sex_fmle,4.78169
pol,2001,agegroup_yearsall,sex_mle,30.49815
pol,2002,agegroup_yearsall,sex_btsx,17.38252
pol,2002,agegroup_yearsall,sex_fmle,5.57731
pol,2002,agegroup_yearsall,sex_mle,29.95152
pol,2003,agegroup_yearsall,sex_btsx,17.09533
pol,2003,agegroup_yearsall,sex_fmle,5.00742
pol,2003,agegroup_yearsall,sex_mle,29.97456
pol,2004,agegroup_yearsall,sex_btsx,17.66739
pol,2004,agegroup_yearsall,sex_fmle,5.08124
pol,2004,agegroup_yearsall,sex_mle,31.08901
pol,2005,agegroup_yearsall,sex_btsx,17.79853
pol,2005,agegroup_yearsall,sex_fmle,5.15545
pol,2005,agegroup_yearsall,sex_mle,31.29418
pol,2006,agegroup_yearsall,sex_btsx,17.16361
pol,2006,agegroup_yearsall,sex_fmle,4.88806
pol,2006,agegroup_yearsall,sex_mle,30.28385
pol,2007,agegroup_yearsall,sex_btsx,15.77165
pol,2007,agegroup_yearsall,sex_fmle,4.64684
pol,2007,agegroup_yearsall,sex_mle,27.68027
pol,2008,agegroup_yearsall,sex_btsx,17.11567
pol,2008,agegroup_yearsall,sex_fmle,4.68615
pol,2008,agegroup_yearsall,sex_mle,30.43562
pol,2009,agegroup_yearsall,sex_btsx,19.23083
pol,2009,agegroup_yearsall,sex_fmle,5.39683
pol,2009,agegroup_yearsall,sex_mle,34.12851
pol,2010,agegroup_yearsall,sex_btsx,18.65998
pol,2010,agegroup_yearsall,sex_fmle,4.82872
pol,2010,agegroup_yearsall,sex_mle,33.52919
pol,2011,agegroup_yearsall,sex_btsx,18.07941
pol,2011,agegroup_yearsall,sex_fmle,4.36644
pol,2011,agegroup_yearsall,sex_mle,32.69646
pol,2012,agegroup_yearsall,sex_btsx,18.5716
pol,2012,agegroup_yearsall,sex_fmle,4.54257
pol,2012,agegroup_yearsall,sex_mle,33.4894
pol,2013,agegroup_yearsall,sex_btsx,18.24518
pol,2013,agegroup_yearsall,sex_fmle,4.72992
pol,2013,agegroup_yearsall,sex_mle,32.61325
pol,2014,agegroup_yearsall,sex_btsx,17.37237
pol,2014,agegroup_yearsall,sex_fmle,4.60237
pol,2014,agegroup_yearsall,sex_mle,30.94426
pol,2015,agegroup_yearsall,sex_btsx,15.8459
pol,2015,agegroup_yearsall,sex_fmle,4.04467
pol,2015,agegroup_yearsall,sex_mle,28.38419
pol,2016,agegroup_yearsall,sex_btsx,13.81248
pol,2016,agegroup_yearsall,sex_fmle,3.34563
pol,2016,agegroup_yearsall,sex_mle,24.92945
pol,2017,agegroup_yearsall,sex_btsx,13.25213
pol,2017,agegroup_yearsall,sex_fmle,3.38957
pol,2017,agegroup_yearsall,sex_mle,23.72357
pol,2018,agegroup_yearsall,sex_btsx,13.473
pol,2018,agegroup_yearsall,sex_fmle,3.31373
pol,2018,agegroup_yearsall,sex_mle,24.25509
pol,2019,agegroup_years15_19,sex_btsx,5.26
pol,2019,agegroup_years15_19,sex_fmle,2.6
pol,2019,agegroup_years15_19,sex_mle,7.83
pol,2019,agegroup_years15_24,sex_btsx,8.54
pol,2019,agegroup_years15_24,sex_fmle,2.34
pol,2019,agegroup_years15_24,sex_mle,14.53
pol,2019,agegroup_years15_29,sex_btsx,9.74
pol,2019,agegroup_years15_29,sex_fmle,2.32
pol,2019,agegroup_years15_29,sex_mle,16.87
pol,2019,agegroup_years25_34,sex_btsx,12.05
pol,2019,agegroup_years25_34,sex_fmle,2.26
pol,2019,agegroup_years25_34,sex_mle,21.18
pol,2019,agegroup_years30_49,sex_btsx,12.65
pol,2019,agegroup_years30_49,sex_fmle,2.89
pol,2019,agegroup_years30_49,sex_mle,21.99
pol,2019,agegroup_years35_44,sex_btsx,12.28
pol,2019,agegroup_years35_44,sex_fmle,2.73
pol,2019,agegroup_years35_44,sex_mle,21.4
pol,2019,agegroup_years45_54,sex_btsx,15.35
pol,2019,agegroup_years45_54,sex_fmle,4.44
pol,2019,agegroup_years45_54,sex_mle,26.34
pol,2019,agegroup_years55_64,sex_btsx,17.86
pol,2019,agegroup_years55_64,sex_fmle,4.82
pol,2019,agegroup_years55_64,sex_mle,32.22
pol,2019,agegroup_years65_74,sex_btsx,13.35
pol,2019,agegroup_years65_74,sex_fmle,3.97
pol,2019,agegroup_years65_74,sex_mle,25.56
pol,2019,agegroup_years75_84,sex_btsx,11.71
pol,2019,agegroup_years75_84,sex_fmle,4.2
pol,2019,agegroup_years75_84,sex_mle,25.06
pol,2019,agegroup_years85plus,sex_btsx,13.48
pol,2019,agegroup_years85plus,sex_fmle,4.41
pol,2019,agegroup_years85plus,sex_mle,36.47
pol,2019,agegroup_yearsall,sex_btsx,13.70163
pol,2019,agegroup_yearsall,sex_fmle,3.55657
pol,2019,agegroup_yearsall,sex_mle,24.46401
pol,2020,agegroup_yearsall,sex_btsx,13.87548
pol,2020,agegroup_yearsall,sex_fmle,3.61357
pol,2020,agegroup_yearsall,sex_mle,24.76548
pol,2021,agegroup_yearsall,sex_btsx,13.66797
pol,2021,agegroup_yearsall,sex_fmle,3.84376
pol,2021,agegroup_yearsall,sex_mle,24.10604
pri,2000,agegroup_yearsall,sex_btsx,7.98937
pri,2000,agegroup_yearsall,sex_fmle,1.40258
pri,2000,agegroup_yearsall,sex_mle,15.08063
pri,2001,agegroup_yearsall,sex_btsx,7.45277
pri,2001,agegroup_yearsall,sex_fmle,1.86169
pri,2001,agegroup_yearsall,sex_mle,13.47654
pri,2002,agegroup_yearsall,sex_btsx,6.23414
pri,2002,agegroup_yearsall,sex_fmle,1.89237
pri,2002,agegroup_yearsall,sex_mle,10.91611
pri,2003,agegroup_yearsall,sex_btsx,6.79663
pri,2003,agegroup_yearsall,sex_fmle,1.14095
pri,2003,agegroup_yearsall,sex_mle,12.90075
pri,2004,agegroup_yearsall,sex_btsx,7.26796
pri,2004,agegroup_yearsall,sex_fmle,1.23514
pri,2004,agegroup_yearsall,sex_mle,13.78436
pri,2005,agegroup_yearsall,sex_btsx,7.49916
pri,2005,agegroup_yearsall,sex_fmle,2.13473
pri,2005,agegroup_yearsall,sex_mle,13.2987
pri,2006,agegroup_yearsall,sex_btsx,6.8167
pri,2006,agegroup_yearsall,sex_fmle,1.04599
pri,2006,agegroup_yearsall,sex_mle,13.06155
pri,2007,agegroup_yearsall,sex_btsx,7.0065
pri,2007,agegroup_yearsall,sex_fmle,2.26876
pri,2007,agegroup_yearsall,sex_mle,12.13911
pri,2008,agegroup_yearsall,sex_btsx,7.87972
pri,2008,agegroup_yearsall,sex_fmle,2.48349
pri,2008,agegroup_yearsall,sex_mle,13.73258
pri,2009,agegroup_yearsall,sex_btsx,8.7022
pri,2009,agegroup_yearsall,sex_fmle,1.73236
pri,2009,agegroup_yearsall,sex_mle,16.27058
pri,2010,agegroup_yearsall,sex_btsx,7.43169
pri,2010,agegroup_yearsall,sex_fmle,2.44845
pri,2010,agegroup_yearsall,sex_mle,12.85003
pri,2011,agegroup_yearsall,sex_btsx,6.73528
pri,2011,agegroup_yearsall,sex_fmle,2.38273
pri,2011,agegroup_yearsall,sex_mle,11.47616
pri,2012,agegroup_yearsall,sex_btsx,6.48649
pri,2012,agegroup_yearsall,sex_fmle,2.43699
pri,2012,agegroup_yearsall,sex_mle,10.90643
pri,2013,agegroup_yearsall,sex_btsx,6.67956
pri,2013,agegroup_yearsall,sex_fmle,2.26564
pri,2013,agegroup_yearsall,sex_mle,11.50736
pri,2014,agegroup_yearsall,sex_btsx,5.94713
pri,2014,agegroup_yearsall,sex_fmle,1.86923
pri,2014,agegroup_yearsall,sex_mle,10.41716
pri,2015,agegroup_yearsall,sex_btsx,6.3328
pri,2015,agegroup_yearsall,sex_fmle,1.59051
pri,2015,agegroup_yearsall,sex_mle,11.54387
pri,2016,agegroup_yearsall,sex_btsx,5.22891
pri,2016,agegroup_yearsall,sex_fmle,1.37922
pri,2016,agegroup_yearsall,sex_mle,9.47027
pri,2017,agegroup_yearsall,sex_btsx,6.99098
pri,2017,agegroup_yearsall,sex_fmle,1.91517
pri,2017,agegroup_yearsall,sex_mle,12.60651
pri,2018,agegroup_yearsall,sex_btsx,5.75938
pri,2018,agegroup_yearsall,sex_fmle,1.50697
pri,2018,agegroup_yearsall,sex_mle,10.48292
pri,2019,agegroup_yearsall,sex_btsx,5.71605
pri,2019,agegroup_yearsall,sex_fmle,1.66477
pri,2019,agegroup_yearsall,sex_mle,10.22601
pri,2020,agegroup_yearsall,sex_btsx,5.91141
pri,2020,agegroup_yearsall,sex_fmle,1.85419
pri,2020,agegroup_yearsall,sex_mle,10.43912
pri,2021,agegroup_yearsall,sex_btsx,5.42161
pri,2021,agegroup_yearsall,sex_fmle,1.8519
pri,2021,agegroup_yearsall,sex_mle,9.41466
prk,2000,agegroup_yearsall,sex_btsx,8.54955
prk,2000,agegroup_yearsall,sex_fmle,8.19919
prk,2000,agegroup_yearsall,sex_mle,8.91715
prk,2001,agegroup_yearsall,sex_btsx,8.45139
prk,2001,agegroup_yearsall,sex_fmle,8.09725
prk,2001,agegroup_yearsall,sex_mle,8.82273
prk,2002,agegroup_yearsall,sex_btsx,8.50497
prk,2002,agegroup_yearsall,sex_fmle,8.16975
prk,2002,agegroup_yearsall,sex_mle,8.85631
prk,2003,agegroup_yearsall,sex_btsx,8.33119
prk,2003,agegroup_yearsall,sex_fmle,7.99379
prk,2003,agegroup_yearsall,sex_mle,8.68469
prk,2004,agegroup_yearsall,sex_btsx,8.24693
prk,2004,agegroup_yearsall,sex_fmle,7.89451
prk,2004,agegroup_yearsall,sex_mle,8.61608
prk,2005,agegroup_yearsall,sex_btsx,8.19445
prk,2005,agegroup_yearsall,sex_fmle,7.8235
prk,2005,agegroup_yearsall,sex_mle,8.58295
prk,2006,agegroup_yearsall,sex_btsx,8.27582
prk,2006,agegroup_yearsall,sex_fmle,7.89209
prk,2006,agegroup_yearsall,sex_mle,8.67766
prk,2007,agegroup_yearsall,sex_btsx,8.62205
prk,2007,agegroup_yearsall,sex_fmle,8.19031
prk,2007,agegroup_yearsall,sex_mle,9.0741
prk,2008,agegroup_yearsall,sex_btsx,9.1993
prk,2008,agegroup_yearsall,sex_fmle,8.59289
prk,2008,agegroup_yearsall,sex_mle,9.83399
prk,2009,agegroup_yearsall,sex_btsx,9.39625
prk,2009,agegroup_yearsall,sex_fmle,8.6872
prk,2009,agegroup_yearsall,sex_mle,10.13786
prk,2010,agegroup_yearsall,sex_btsx,9.81529
prk,2010,agegroup_yearsall,sex_fmle,8.91128
prk,2010,agegroup_yearsall,sex_mle,10.75985
prk,2011,agegroup_yearsall,sex_btsx,10.00569
prk,2011,agegroup_yearsall,sex_fmle,8.97404
prk,2011,agegroup_yearsall,sex_mle,11.0822
prk,2012,agegroup_yearsall,sex_btsx,9.96371
prk,2012,agegroup_yearsall,sex_fmle,8.88927
prk,2012,agegroup_yearsall,sex_mle,11.0831
prk,2013,agegroup_yearsall,sex_btsx,10.1524
prk,2013,agegroup_yearsall,sex_fmle,8.93597
prk,2013,agegroup_yearsall,sex_mle,11.4175
prk,2014,agegroup_yearsall,sex_btsx,10.28412
prk,2014,agegroup_yearsall,sex_fmle,8.97194
prk,2014,agegroup_yearsall,sex_mle,11.64613
prk,2015,agegroup_yearsall,sex_btsx,10.67795
prk,2015,agegroup_yearsall,sex_fmle,9.14757
prk,2015,agegroup_yearsall,sex_mle,12.26314
prk,2016,agegroup_yearsall,sex_btsx,10.69523
prk,2016,agegroup_yearsall,sex_fmle,9.07133
prk,2016,agegroup_yearsall,sex_mle,12.3739
prk,2017,agegroup_yearsall,sex_btsx,10.23987
prk,2017,agegroup_yearsall,sex_fmle,8.73877
prk,2017,agegroup_yearsall,sex_mle,11.78888
prk,2018,agegroup_yearsall,sex_btsx,9.84442
prk,2018,agegroup_yearsall,sex_fmle,8.4524
prk,2018,agegroup_yearsall,sex_mle,11.27883
prk,2019,agegroup_years15_19,sex_btsx,4.77
prk,2019,agegroup_years15_19,sex_fmle,3.43
prk,2019,agegroup_years15_19,sex_mle,6.06
prk,2019,agegroup_years15_24,sex_btsx,6.03
prk,2019,agegroup_years15_24,sex_fmle,4.01
prk,2019,agegroup_years15_24,sex_mle,7.96
prk,2019,agegroup_years15_29,sex_btsx,6.56
prk,2019,agegroup_years15_29,sex_fmle,4.5
prk,2019,agegroup_years15_29,sex_mle,8.54
prk,2019,agegroup_years25_34,sex_btsx,7.4
prk,2019,agegroup_years25_34,sex_fmle,5.57
prk,2019,agegroup_years25_34,sex_mle,9.17
prk,2019,agegroup_years30_49,sex_btsx,8.54
prk,2019,agegroup_years30_49,sex_fmle,7
prk,2019,agegroup_years30_49,sex_mle,10.06
prk,2019,agegroup_years35_44,sex_btsx,8.1
prk,2019,agegroup_years35_44,sex_fmle,6.78
prk,2019,agegroup_years35_44,sex_mle,9.4
prk,2019,agegroup_years45_54,sex_btsx,11.13
prk,2019,agegroup_years45_54,sex_fmle,9.16
prk,2019,agegroup_years45_54,sex_mle,13.11
prk,2019,agegroup_years55_64,sex_btsx,18.95
prk,2019,agegroup_years55_64,sex_fmle,14.29
prk,2019,agegroup_years55_64,sex_mle,24.03
prk,2019,agegroup_years65_74,sex_btsx,22.64
prk,2019,agegroup_years65_74,sex_fmle,16.28
prk,2019,agegroup_years65_74,sex_mle,32.15
prk,2019,agegroup_years75_84,sex_btsx,26.97
prk,2019,agegroup_years75_84,sex_fmle,21.02
prk,2019,agegroup_years75_84,sex_mle,41.36
prk,2019,agegroup_years85plus,sex_btsx,64.94
prk,2019,agegroup_years85plus,sex_fmle,45.94
prk,2019,agegroup_years85plus,sex_mle,188.41
prk,2019,agegroup_yearsall,sex_btsx,10.05149
prk,2019,agegroup_yearsall,sex_fmle,8.53379
prk,2019,agegroup_yearsall,sex_mle,11.61366
prk,2020,agegroup_yearsall,sex_btsx,9.28807
prk,2020,agegroup_yearsall,sex_fmle,7.98719
prk,2020,agegroup_yearsall,sex_mle,10.62582
prk,2021,agegroup_yearsall,sex_btsx,9.3083
prk,2021,agegroup_yearsall,sex_fmle,8.1148
prk,2021,agegroup_yearsall,sex_mle,10.53383
prt,2000,agegroup_yearsall,sex_btsx,7.4978
prt,2000,agegroup_yearsall,sex_fmle,3.04103
prt,2000,agegroup_yearsall,sex_mle,12.27603
prt,2001,agegroup_yearsall,sex_btsx,8.70696
prt,2001,agegroup_yearsall,sex_fmle,3.93805
prt,2001,agegroup_yearsall,sex_mle,13.81493
prt,2002,agegroup_yearsall,sex_btsx,12.32572
prt,2002,agegroup_yearsall,sex_fmle,5.22233
prt,2002,agegroup_yearsall,sex_mle,19.94096
prt,2003,agegroup_yearsall,sex_btsx,11.77992
prt,2003,agegroup_yearsall,sex_fmle,5.32025
prt,2003,agegroup_yearsall,sex_mle,18.71891
prt,2004,agegroup_yearsall,sex_btsx,10.54658
prt,2004,agegroup_yearsall,sex_fmle,4.99371
prt,2004,agegroup_yearsall,sex_mle,16.52098
prt,2005,agegroup_yearsall,sex_btsx,11.31183
prt,2005,agegroup_yearsall,sex_fmle,5.29505
prt,2005,agegroup_yearsall,sex_mle,17.79512
prt,2006,agegroup_yearsall,sex_btsx,11.39157
prt,2006,agegroup_yearsall,sex_fmle,5.15215
prt,2006,agegroup_yearsall,sex_mle,18.12533
prt,2007,agegroup_yearsall,sex_btsx,12.61327
prt,2007,agegroup_yearsall,sex_fmle,6.65655
prt,2007,agegroup_yearsall,sex_mle,19.05353
prt,2008,agegroup_yearsall,sex_btsx,13.03143
prt,2008,agegroup_yearsall,sex_fmle,6.19527
prt,2008,agegroup_yearsall,sex_mle,20.44114
prt,2009,agegroup_yearsall,sex_btsx,13.01322
prt,2009,agegroup_yearsall,sex_fmle,6.14758
prt,2009,agegroup_yearsall,sex_mle,20.47761
prt,2010,agegroup_yearsall,sex_btsx,13.57589
prt,2010,agegroup_yearsall,sex_fmle,6.63529
prt,2010,agegroup_yearsall,sex_mle,21.14442
prt,2011,agegroup_yearsall,sex_btsx,12.27264
prt,2011,agegroup_yearsall,sex_fmle,5.40902
prt,2011,agegroup_yearsall,sex_mle,19.7774
prt,2012,agegroup_yearsall,sex_btsx,13.50088
prt,2012,agegroup_yearsall,sex_fmle,5.58909
prt,2012,agegroup_yearsall,sex_mle,22.17664
prt,2013,agegroup_yearsall,sex_btsx,12.50468
prt,2013,agegroup_yearsall,sex_fmle,5.87219
prt,2013,agegroup_yearsall,sex_mle,19.80386
prt,2014,agegroup_yearsall,sex_btsx,14.23242
prt,2014,agegroup_yearsall,sex_fmle,6.97998
prt,2014,agegroup_yearsall,sex_mle,22.24053
prt,2015,agegroup_yearsall,sex_btsx,13.24754
prt,2015,agegroup_yearsall,sex_fmle,7.81587
prt,2015,agegroup_yearsall,sex_mle,19.25734
prt,2016,agegroup_yearsall,sex_btsx,11.37794
prt,2016,agegroup_yearsall,sex_fmle,5.1865
prt,2016,agegroup_yearsall,sex_mle,18.23276
prt,2017,agegroup_yearsall,sex_btsx,12.09575
prt,2017,agegroup_yearsall,sex_fmle,6.04322
prt,2017,agegroup_yearsall,sex_mle,18.79926
prt,2018,agegroup_yearsall,sex_btsx,11.83395
prt,2018,agegroup_yearsall,sex_fmle,6.28515
prt,2018,agegroup_yearsall,sex_mle,17.98554
prt,2019,agegroup_years15_19,sex_btsx,1.87
prt,2019,agegroup_years15_19,sex_fmle,1.2
prt,2019,agegroup_years15_19,sex_mle,2.52
prt,2019,agegroup_years15_24,sex_btsx,2.93
prt,2019,agegroup_years15_24,sex_fmle,1.63
prt,2019,agegroup_years15_24,sex_mle,4.22
prt,2019,agegroup_years15_29,sex_btsx,3.86
prt,2019,agegroup_years15_29,sex_fmle,2.06
prt,2019,agegroup_years15_29,sex_mle,5.66
prt,2019,agegroup_years25_34,sex_btsx,6.34
prt,2019,agegroup_years25_34,sex_fmle,2.79
prt,2019,agegroup_years25_34,sex_mle,10.04
prt,2019,agegroup_years30_49,sex_btsx,9.47
prt,2019,agegroup_years30_49,sex_fmle,4.32
prt,2019,agegroup_years30_49,sex_mle,14.97
prt,2019,agegroup_years35_44,sex_btsx,8
prt,2019,agegroup_years35_44,sex_fmle,3.38
prt,2019,agegroup_years35_44,sex_mle,12.92
prt,2019,agegroup_years45_54,sex_btsx,15.14
prt,2019,agegroup_years45_54,sex_fmle,7.55
prt,2019,agegroup_years45_54,sex_mle,23.41
prt,2019,agegroup_years55_64,sex_btsx,14.99
prt,2019,agegroup_years55_64,sex_fmle,7.24
prt,2019,agegroup_years55_64,sex_mle,23.83
prt,2019,agegroup_years65_74,sex_btsx,16.79
prt,2019,agegroup_years65_74,sex_fmle,9.12
prt,2019,agegroup_years65_74,sex_mle,26.12
prt,2019,agegroup_years75_84,sex_btsx,26.89
prt,2019,agegroup_years75_84,sex_fmle,12.09
prt,2019,agegroup_years75_84,sex_mle,48.23
prt,2019,agegroup_years85plus,sex_btsx,31.84
prt,2019,agegroup_years85plus,sex_fmle,12.7
prt,2019,agegroup_years85plus,sex_mle,70.76
prt,2019,agegroup_yearsall,sex_btsx,12.65944
prt,2019,agegroup_yearsall,sex_fmle,6.3179
prt,2019,agegroup_yearsall,sex_mle,19.68476
prt,2020,agegroup_yearsall,sex_btsx,12.08416
prt,2020,agegroup_yearsall,sex_fmle,5.99839
prt,2020,agegroup_yearsall,sex_mle,18.80861
prt,2021,agegroup_yearsall,sex_btsx,11.51811
prt,2021,agegroup_yearsall,sex_fmle,5.92853
prt,2021,agegroup_yearsall,sex_mle,17.67398
pry,2000,agegroup_yearsall,sex_btsx,3.29878
pry,2000,agegroup_yearsall,sex_fmle,2.48085
pry,2000,agegroup_yearsall,sex_mle,4.10042
pry,2001,agegroup_yearsall,sex_btsx,3.20099
pry,2001,agegroup_yearsall,sex_fmle,2.58439
pry,2001,agegroup_yearsall,sex_mle,3.80528
pry,2002,agegroup_yearsall,sex_btsx,3.83222
pry,2002,agegroup_yearsall,sex_fmle,3.5216
pry,2002,agegroup_yearsall,sex_mle,4.13662
pry,2003,agegroup_yearsall,sex_btsx,3.66317
pry,2003,agegroup_yearsall,sex_fmle,2.40542
pry,2003,agegroup_yearsall,sex_mle,4.89595
pry,2004,agegroup_yearsall,sex_btsx,4.53353
pry,2004,agegroup_yearsall,sex_fmle,3.03986
pry,2004,agegroup_yearsall,sex_mle,5.99819
pry,2005,agegroup_yearsall,sex_btsx,4.58453
pry,2005,agegroup_yearsall,sex_fmle,3.69461
pry,2005,agegroup_yearsall,sex_mle,5.45758
pry,2006,agegroup_yearsall,sex_btsx,4.54866
pry,2006,agegroup_yearsall,sex_fmle,2.8566
pry,2006,agegroup_yearsall,sex_mle,6.20952
pry,2007,agegroup_yearsall,sex_btsx,4.27049
pry,2007,agegroup_yearsall,sex_fmle,2.8015
pry,2007,agegroup_yearsall,sex_mle,5.71322
pry,2008,agegroup_yearsall,sex_btsx,3.85899
pry,2008,agegroup_yearsall,sex_fmle,2.55784
pry,2008,agegroup_yearsall,sex_mle,5.13767
pry,2009,agegroup_yearsall,sex_btsx,4.97128
pry,2009,agegroup_yearsall,sex_fmle,2.74895
pry,2009,agegroup_yearsall,sex_mle,7.15661
pry,2010,agegroup_yearsall,sex_btsx,4.15494
pry,2010,agegroup_yearsall,sex_fmle,2.4886
pry,2010,agegroup_yearsall,sex_mle,5.79457
pry,2011,agegroup_yearsall,sex_btsx,5.31104
pry,2011,agegroup_yearsall,sex_fmle,2.99273
pry,2011,agegroup_yearsall,sex_mle,7.59351
pry,2012,agegroup_yearsall,sex_btsx,5.33195
pry,2012,agegroup_yearsall,sex_fmle,3.6396
pry,2012,agegroup_yearsall,sex_mle,6.99911
pry,2013,agegroup_yearsall,sex_btsx,5.58307
pry,2013,agegroup_yearsall,sex_fmle,2.93844
pry,2013,agegroup_yearsall,sex_mle,8.18995
pry,2014,agegroup_yearsall,sex_btsx,6.8054
pry,2014,agegroup_yearsall,sex_fmle,4.20724
pry,2014,agegroup_yearsall,sex_mle,9.36819
pry,2015,agegroup_yearsall,sex_btsx,6.54087
pry,2015,agegroup_yearsall,sex_fmle,3.56652
pry,2015,agegroup_yearsall,sex_mle,9.47678
pry,2016,agegroup_yearsall,sex_btsx,5.7792
pry,2016,agegroup_yearsall,sex_fmle,3.0488
pry,2016,agegroup_yearsall,sex_mle,8.47624
pry,2017,agegroup_yearsall,sex_btsx,6.23522
pry,2017,agegroup_yearsall,sex_fmle,3.54564
pry,2017,agegroup_yearsall,sex_mle,8.894
pry,2018,agegroup_yearsall,sex_btsx,7.39451
pry,2018,agegroup_yearsall,sex_fmle,4.00746
pry,2018,agegroup_yearsall,sex_mle,10.74539
pry,2019,agegroup_years15_19,sex_btsx,8.38
pry,2019,agegroup_years15_19,sex_fmle,6.76
pry,2019,agegroup_years15_19,sex_mle,9.93
pry,2019,agegroup_years15_24,sex_btsx,9.26
pry,2019,agegroup_years15_24,sex_fmle,5.3
pry,2019,agegroup_years15_24,sex_mle,13.05
pry,2019,agegroup_years15_29,sex_btsx,9.14
pry,2019,agegroup_years15_29,sex_fmle,4.82
pry,2019,agegroup_years15_29,sex_mle,13.26
pry,2019,agegroup_years25_34,sex_btsx,8.16
pry,2019,agegroup_years25_34,sex_fmle,3.14
pry,2019,agegroup_years25_34,sex_mle,12.98
pry,2019,agegroup_years30_49,sex_btsx,6.28
pry,2019,agegroup_years30_49,sex_fmle,2.98
pry,2019,agegroup_years30_49,sex_mle,9.44
pry,2019,agegroup_years35_44,sex_btsx,6.09
pry,2019,agegroup_years35_44,sex_fmle,3.09
pry,2019,agegroup_years35_44,sex_mle,8.96
pry,2019,agegroup_years45_54,sex_btsx,6.7
pry,2019,agegroup_years45_54,sex_fmle,3.85
pry,2019,agegroup_years45_54,sex_mle,9.46
pry,2019,agegroup_years55_64,sex_btsx,8.79
pry,2019,agegroup_years55_64,sex_fmle,3.04
pry,2019,agegroup_years55_64,sex_mle,14.44
pry,2019,agegroup_years65_74,sex_btsx,9.84
pry,2019,agegroup_years65_74,sex_fmle,5.01
pry,2019,agegroup_years65_74,sex_mle,14.74
pry,2019,agegroup_years75_84,sex_btsx,7.16
pry,2019,agegroup_years75_84,sex_fmle,2.68
pry,2019,agegroup_years75_84,sex_mle,12.4
pry,2019,agegroup_years85plus,sex_btsx,10.04
pry,2019,agegroup_years85plus,sex_fmle,3.86
pry,2019,agegroup_years85plus,sex_mle,19.24
pry,2019,agegroup_yearsall,sex_btsx,7.92623
pry,2019,agegroup_yearsall,sex_fmle,4.07198
pry,2019,agegroup_yearsall,sex_mle,11.74221
pry,2020,agegroup_yearsall,sex_btsx,6.28132
pry,2020,agegroup_yearsall,sex_fmle,3.76803
pry,2020,agegroup_yearsall,sex_mle,8.77188
pry,2021,agegroup_yearsall,sex_btsx,6.35506
pry,2021,agegroup_yearsall,sex_fmle,4.68569
pry,2021,agegroup_yearsall,sex_mle,8.01144
pse,2000,agegroup_yearsall,sex_btsx,0.63085
pse,2000,agegroup_yearsall,sex_fmle,0.29301
pse,2000,agegroup_yearsall,sex_mle,0.96158
pse,2001,agegroup_yearsall,sex_btsx,0.63751
pse,2001,agegroup_yearsall,sex_fmle,0.28874
pse,2001,agegroup_yearsall,sex_mle,0.97977
pse,2002,agegroup_yearsall,sex_btsx,0.6619
pse,2002,agegroup_yearsall,sex_fmle,0.29022
pse,2002,agegroup_yearsall,sex_mle,1.02808
pse,2003,agegroup_yearsall,sex_btsx,0.63688
pse,2003,agegroup_yearsall,sex_fmle,0.28416
pse,2003,agegroup_yearsall,sex_mle,0.98585
pse,2004,agegroup_yearsall,sex_btsx,0.636
pse,2004,agegroup_yearsall,sex_fmle,0.27738
pse,2004,agegroup_yearsall,sex_mle,0.99225
pse,2005,agegroup_yearsall,sex_btsx,0.62506
pse,2005,agegroup_yearsall,sex_fmle,0.27533
pse,2005,agegroup_yearsall,sex_mle,0.97362
pse,2006,agegroup_yearsall,sex_btsx,0.58588
pse,2006,agegroup_yearsall,sex_fmle,0.26071
pse,2006,agegroup_yearsall,sex_mle,0.91078
pse,2007,agegroup_yearsall,sex_btsx,0.62861
pse,2007,agegroup_yearsall,sex_fmle,0.26254
pse,2007,agegroup_yearsall,sex_mle,0.99512
pse,2008,agegroup_yearsall,sex_btsx,0.59343
pse,2008,agegroup_yearsall,sex_fmle,0.25904
pse,2008,agegroup_yearsall,sex_mle,0.92884
pse,2009,agegroup_yearsall,sex_btsx,0.5506
pse,2009,agegroup_yearsall,sex_fmle,0.25657
pse,2009,agegroup_yearsall,sex_mle,0.84609
pse,2010,agegroup_yearsall,sex_btsx,0.52978
pse,2010,agegroup_yearsall,sex_fmle,0.25429
pse,2010,agegroup_yearsall,sex_mle,0.80715
pse,2011,agegroup_yearsall,sex_btsx,0.56972
pse,2011,agegroup_yearsall,sex_fmle,0.24527
pse,2011,agegroup_yearsall,sex_mle,0.89692
pse,2012,agegroup_yearsall,sex_btsx,0.66882
pse,2012,agegroup_yearsall,sex_fmle,0.25421
pse,2012,agegroup_yearsall,sex_mle,1.08767
pse,2013,agegroup_yearsall,sex_btsx,0.79776
pse,2013,agegroup_yearsall,sex_fmle,0.26617
pse,2013,agegroup_yearsall,sex_mle,1.33566
pse,2014,agegroup_yearsall,sex_btsx,0.92073
pse,2014,agegroup_yearsall,sex_fmle,0.26103
pse,2014,agegroup_yearsall,sex_mle,1.58945
pse,2015,agegroup_yearsall,sex_btsx,0.76045
pse,2015,agegroup_yearsall,sex_fmle,0.2586
pse,2015,agegroup_yearsall,sex_mle,1.26992
pse,2016,agegroup_yearsall,sex_btsx,0.64855
pse,2016,agegroup_yearsall,sex_fmle,0.26804
pse,2016,agegroup_yearsall,sex_mle,1.03521
pse,2017,agegroup_yearsall,sex_btsx,0.66039
pse,2017,agegroup_yearsall,sex_fmle,0.26396
pse,2017,agegroup_yearsall,sex_mle,1.06314
pse,2018,agegroup_yearsall,sex_btsx,0.68364
pse,2018,agegroup_yearsall,sex_fmle,0.25708
pse,2018,agegroup_yearsall,sex_mle,1.11652
pse,2019,agegroup_yearsall,sex_btsx,0.6561
pse,2019,agegroup_yearsall,sex_fmle,0.27042
pse,2019,agegroup_yearsall,sex_mle,1.04708
pse,2020,agegroup_yearsall,sex_btsx,0.64413
pse,2020,agegroup_yearsall,sex_fmle,0.26409
pse,2020,agegroup_yearsall,sex_mle,1.02905
pse,2021,agegroup_yearsall,sex_btsx,0.65115
pse,2021,agegroup_yearsall,sex_fmle,0.23388
pse,2021,agegroup_yearsall,sex_mle,1.07345
qat,2000,agegroup_yearsall,sex_btsx,13.18396
qat,2000,agegroup_yearsall,sex_fmle,3.33556
qat,2000,agegroup_yearsall,sex_mle,17.75503
qat,2001,agegroup_yearsall,sex_btsx,13.52316
qat,2001,agegroup_yearsall,sex_fmle,3.4236
qat,2001,agegroup_yearsall,sex_mle,18.18089
qat,2002,agegroup_yearsall,sex_btsx,13.27372
qat,2002,agegroup_yearsall,sex_fmle,3.04892
qat,2002,agegroup_yearsall,sex_mle,17.96184
qat,2003,agegroup_yearsall,sex_btsx,11.76252
qat,2003,agegroup_yearsall,sex_fmle,2.56626
qat,2003,agegroup_yearsall,sex_mle,15.95573
qat,2004,agegroup_yearsall,sex_btsx,10.79742
qat,2004,agegroup_yearsall,sex_fmle,2.36475
qat,2004,agegroup_yearsall,sex_mle,14.7495
qat,2005,agegroup_yearsall,sex_btsx,9.89612
qat,2005,agegroup_yearsall,sex_fmle,2.11884
qat,2005,agegroup_yearsall,sex_mle,13.50135
qat,2006,agegroup_yearsall,sex_btsx,9.44602
qat,2006,agegroup_yearsall,sex_fmle,2.03275
qat,2006,agegroup_yearsall,sex_mle,12.4012
qat,2007,agegroup_yearsall,sex_btsx,10.51667
qat,2007,agegroup_yearsall,sex_fmle,1.98202
qat,2007,agegroup_yearsall,sex_mle,13.38918
qat,2008,agegroup_yearsall,sex_btsx,10.20267
qat,2008,agegroup_yearsall,sex_fmle,1.70774
qat,2008,agegroup_yearsall,sex_mle,12.85867
qat,2009,agegroup_yearsall,sex_btsx,9.95335
qat,2009,agegroup_yearsall,sex_fmle,1.54415
qat,2009,agegroup_yearsall,sex_mle,12.60023
qat,2010,agegroup_yearsall,sex_btsx,9.46976
qat,2010,agegroup_yearsall,sex_fmle,1.51277
qat,2010,agegroup_yearsall,sex_mle,12.05755
qat,2011,agegroup_yearsall,sex_btsx,8.77523
qat,2011,agegroup_yearsall,sex_fmle,1.38449
qat,2011,agegroup_yearsall,sex_mle,11.2571
qat,2012,agegroup_yearsall,sex_btsx,8.1192
qat,2012,agegroup_yearsall,sex_fmle,1.30017
qat,2012,agegroup_yearsall,sex_mle,10.48018
qat,2013,agegroup_yearsall,sex_btsx,7.69091
qat,2013,agegroup_yearsall,sex_fmle,1.24486
qat,2013,agegroup_yearsall,sex_mle,9.94517
qat,2014,agegroup_yearsall,sex_btsx,7.61045
qat,2014,agegroup_yearsall,sex_fmle,1.23412
qat,2014,agegroup_yearsall,sex_mle,9.77821
qat,2015,agegroup_yearsall,sex_btsx,7.54283
qat,2015,agegroup_yearsall,sex_fmle,1.27553
qat,2015,agegroup_yearsall,sex_mle,9.60132
qat,2016,agegroup_yearsall,sex_btsx,7.68714
qat,2016,agegroup_yearsall,sex_fmle,1.27655
qat,2016,agegroup_yearsall,sex_mle,9.78089
qat,2017,agegroup_yearsall,sex_btsx,7.47676
qat,2017,agegroup_yearsall,sex_fmle,1.23961
qat,2017,agegroup_yearsall,sex_mle,9.56031
qat,2018,agegroup_yearsall,sex_btsx,7.28354
qat,2018,agegroup_yearsall,sex_fmle,1.18703
qat,2018,agegroup_yearsall,sex_mle,9.39158
qat,2019,agegroup_years15_19,sex_btsx,4.12
qat,2019,agegroup_years15_19,sex_fmle,1.42
qat,2019,agegroup_years15_19,sex_mle,5.96
qat,2019,agegroup_years15_24,sex_btsx,6.94
qat,2019,agegroup_years15_24,sex_fmle,1.88
qat,2019,agegroup_years15_24,sex_mle,8.7
qat,2019,agegroup_years15_29,sex_btsx,7.41
qat,2019,agegroup_years15_29,sex_fmle,2.33
qat,2019,agegroup_years15_29,sex_mle,8.7
qat,2019,agegroup_years25_34,sex_btsx,7.33
qat,2019,agegroup_years25_34,sex_fmle,3.04
qat,2019,agegroup_years25_34,sex_mle,8.25
qat,2019,agegroup_years30_49,sex_btsx,7.05
qat,2019,agegroup_years30_49,sex_fmle,2.58
qat,2019,agegroup_years30_49,sex_mle,8.26
qat,2019,agegroup_years35_44,sex_btsx,7.48
qat,2019,agegroup_years35_44,sex_fmle,2.63
qat,2019,agegroup_years35_44,sex_mle,8.93
qat,2019,agegroup_years45_54,sex_btsx,5.3
qat,2019,agegroup_years45_54,sex_fmle,0.92
qat,2019,agegroup_years45_54,sex_mle,6.39
qat,2019,agegroup_years55_64,sex_btsx,3.03
qat,2019,agegroup_years55_64,sex_fmle,0.78
qat,2019,agegroup_years55_64,sex_mle,3.57
qat,2019,agegroup_years65_74,sex_btsx,4.65
qat,2019,agegroup_years65_74,sex_fmle,3.14
qat,2019,agegroup_years65_74,sex_mle,5.15
qat,2019,agegroup_years75_84,sex_btsx,10.27
qat,2019,agegroup_years75_84,sex_fmle,6.01
qat,2019,agegroup_years75_84,sex_mle,14.96
qat,2019,agegroup_years85plus,sex_btsx,22.26
qat,2019,agegroup_years85plus,sex_fmle,14.74
qat,2019,agegroup_years85plus,sex_mle,29.88
qat,2019,agegroup_yearsall,sex_btsx,6.96413
qat,2019,agegroup_yearsall,sex_fmle,1.15345
qat,2019,agegroup_yearsall,sex_mle,9.0819
qat,2020,agegroup_yearsall,sex_btsx,5.27944
qat,2020,agegroup_yearsall,sex_fmle,0.92271
qat,2020,agegroup_yearsall,sex_mle,6.96455
qat,2021,agegroup_yearsall,sex_btsx,4.69762
qat,2021,agegroup_yearsall,sex_fmle,0.77137
qat,2021,agegroup_yearsall,sex_mle,6.23801
rou,2000,agegroup_yearsall,sex_btsx,12.8063
rou,2000,agegroup_yearsall,sex_fmle,4.61718
rou,2000,agegroup_yearsall,sex_mle,21.66549
rou,2001,agegroup_yearsall,sex_btsx,12.1529
rou,2001,agegroup_yearsall,sex_fmle,3.93602
rou,2001,agegroup_yearsall,sex_mle,21.06223
rou,2002,agegroup_yearsall,sex_btsx,14.10143
rou,2002,agegroup_yearsall,sex_fmle,4.79147
rou,2002,agegroup_yearsall,sex_mle,24.20487
rou,2003,agegroup_yearsall,sex_btsx,13.43663
rou,2003,agegroup_yearsall,sex_fmle,4.66618
rou,2003,agegroup_yearsall,sex_mle,22.94457
rou,2004,agegroup_yearsall,sex_btsx,12.66141
rou,2004,agegroup_yearsall,sex_fmle,4.11593
rou,2004,agegroup_yearsall,sex_mle,21.91088
rou,2005,agegroup_yearsall,sex_btsx,12.1903
rou,2005,agegroup_yearsall,sex_fmle,4.35854
rou,2005,agegroup_yearsall,sex_mle,20.65353
rou,2006,agegroup_yearsall,sex_btsx,12.81709
rou,2006,agegroup_yearsall,sex_fmle,4.52004
rou,2006,agegroup_yearsall,sex_mle,21.76957
rou,2007,agegroup_yearsall,sex_btsx,11.48586
rou,2007,agegroup_yearsall,sex_fmle,4.14156
rou,2007,agegroup_yearsall,sex_mle,19.3998
rou,2008,agegroup_yearsall,sex_btsx,11.69771
rou,2008,agegroup_yearsall,sex_fmle,4.1682
rou,2008,agegroup_yearsall,sex_mle,19.80248
rou,2009,agegroup_yearsall,sex_btsx,12.20532
rou,2009,agegroup_yearsall,sex_fmle,3.60722
rou,2009,agegroup_yearsall,sex_mle,21.45312
rou,2010,agegroup_yearsall,sex_btsx,13.2047
rou,2010,agegroup_yearsall,sex_fmle,4.48765
rou,2010,agegroup_yearsall,sex_mle,22.57426
rou,2011,agegroup_yearsall,sex_btsx,12.11823
rou,2011,agegroup_yearsall,sex_fmle,3.76147
rou,2011,agegroup_yearsall,sex_mle,21.09284
rou,2012,agegroup_yearsall,sex_btsx,12.59581
rou,2012,agegroup_yearsall,sex_fmle,3.53323
rou,2012,agegroup_yearsall,sex_mle,22.318
rou,2013,agegroup_yearsall,sex_btsx,12.23396
rou,2013,agegroup_yearsall,sex_fmle,3.66612
rou,2013,agegroup_yearsall,sex_mle,21.41464
rou,2014,agegroup_yearsall,sex_btsx,11.32713
rou,2014,agegroup_yearsall,sex_fmle,3.29951
rou,2014,agegroup_yearsall,sex_mle,19.91837
rou,2015,agegroup_yearsall,sex_btsx,11.5165
rou,2015,agegroup_yearsall,sex_fmle,3.53258
rou,2015,agegroup_yearsall,sex_mle,20.0505
rou,2016,agegroup_yearsall,sex_btsx,10.30511
rou,2016,agegroup_yearsall,sex_fmle,3.29358
rou,2016,agegroup_yearsall,sex_mle,17.79228
rou,2017,agegroup_yearsall,sex_btsx,10.09983
rou,2017,agegroup_yearsall,sex_fmle,3.45479
rou,2017,agegroup_yearsall,sex_mle,17.18988
rou,2018,agegroup_yearsall,sex_btsx,10.22121
rou,2018,agegroup_yearsall,sex_fmle,3.35417
rou,2018,agegroup_yearsall,sex_mle,17.54138
rou,2019,agegroup_years15_19,sex_btsx,4.46
rou,2019,agegroup_years15_19,sex_fmle,1.87
rou,2019,agegroup_years15_19,sex_mle,6.91
rou,2019,agegroup_years15_24,sex_btsx,4.66
rou,2019,agegroup_years15_24,sex_fmle,1.47
rou,2019,agegroup_years15_24,sex_mle,7.64
rou,2019,agegroup_years15_29,sex_btsx,5.12
rou,2019,agegroup_years15_29,sex_fmle,1.66
rou,2019,agegroup_years15_29,sex_mle,8.33
rou,2019,agegroup_years25_34,sex_btsx,6.3
rou,2019,agegroup_years25_34,sex_fmle,2.19
rou,2019,agegroup_years25_34,sex_mle,10.06
rou,2019,agegroup_years30_49,sex_btsx,9.91
rou,2019,agegroup_years30_49,sex_fmle,3.11
rou,2019,agegroup_years30_49,sex_mle,16.38
rou,2019,agegroup_years35_44,sex_btsx,9.9
rou,2019,agegroup_years35_44,sex_fmle,2.86
rou,2019,agegroup_years35_44,sex_mle,16.66
rou,2019,agegroup_years45_54,sex_btsx,14.92
rou,2019,agegroup_years45_54,sex_fmle,4.36
rou,2019,agegroup_years45_54,sex_mle,25.36
rou,2019,agegroup_years55_64,sex_btsx,15.34
rou,2019,agegroup_years55_64,sex_fmle,4.75
rou,2019,agegroup_years55_64,sex_mle,27.27
rou,2019,agegroup_years65_74,sex_btsx,14.52
rou,2019,agegroup_years65_74,sex_fmle,4.81
rou,2019,agegroup_years65_74,sex_mle,27.41
rou,2019,agegroup_years75_84,sex_btsx,14.91
rou,2019,agegroup_years75_84,sex_fmle,6.87
rou,2019,agegroup_years75_84,sex_mle,28.87
rou,2019,agegroup_years85plus,sex_btsx,22.02
rou,2019,agegroup_years85plus,sex_fmle,11.63
rou,2019,agegroup_years85plus,sex_mle,41.54
rou,2019,agegroup_yearsall,sex_btsx,9.17093
rou,2019,agegroup_yearsall,sex_fmle,2.51992
rou,2019,agegroup_yearsall,sex_mle,16.25396
rou,2020,agegroup_yearsall,sex_btsx,9.74429
rou,2020,agegroup_yearsall,sex_fmle,3.11715
rou,2020,agegroup_yearsall,sex_mle,16.79581
rou,2021,agegroup_yearsall,sex_btsx,9.62397
rou,2021,agegroup_yearsall,sex_fmle,3.29312
rou,2021,agegroup_yearsall,sex_mle,16.36125
rus,2000,agegroup_yearsall,sex_btsx,53.05821
rus,2000,agegroup_yearsall,sex_fmle,16.04985
rus,2000,agegroup_yearsall,sex_mle,95.20445
rus,2001,agegroup_yearsall,sex_btsx,51.79269
rus,2001,agegroup_yearsall,sex_fmle,15.56811
rus,2001,agegroup_yearsall,sex_mle,93.15738
rus,2002,agegroup_yearsall,sex_btsx,50.71784
rus,2002,agegroup_yearsall,sex_fmle,15.53752
rus,2002,agegroup_yearsall,sex_mle,91.00728
rus,2003,agegroup_yearsall,sex_btsx,49.34872
rus,2003,agegroup_yearsall,sex_fmle,15.20354
rus,2003,agegroup_yearsall,sex_mle,88.56446
rus,2004,agegroup_yearsall,sex_btsx,47.43951
rus,2004,agegroup_yearsall,sex_fmle,14.62684
rus,2004,agegroup_yearsall,sex_mle,85.24459
rus,2005,agegroup_yearsall,sex_btsx,45.16576
rus,2005,agegroup_yearsall,sex_fmle,14.11505
rus,2005,agegroup_yearsall,sex_mle,81.05926
rus,2006,agegroup_yearsall,sex_btsx,41.4382
rus,2006,agegroup_yearsall,sex_fmle,13.19528
rus,2006,agegroup_yearsall,sex_mle,74.17486
rus,2007,agegroup_yearsall,sex_btsx,39.63375
rus,2007,agegroup_yearsall,sex_fmle,13.11331
rus,2007,agegroup_yearsall,sex_mle,70.42033
rus,2008,agegroup_yearsall,sex_btsx,38.38922
rus,2008,agegroup_yearsall,sex_fmle,12.98441
rus,2008,agegroup_yearsall,sex_mle,67.90388
rus,2009,agegroup_yearsall,sex_btsx,36.84133
rus,2009,agegroup_yearsall,sex_fmle,12.5107
rus,2009,agegroup_yearsall,sex_mle,65.11678
rus,2010,agegroup_yearsall,sex_btsx,35.78193
rus,2010,agegroup_yearsall,sex_fmle,12.1724
rus,2010,agegroup_yearsall,sex_mle,63.21342
rus,2011,agegroup_yearsall,sex_btsx,34.61356
rus,2011,agegroup_yearsall,sex_fmle,11.80524
rus,2011,agegroup_yearsall,sex_mle,61.09622
rus,2012,agegroup_yearsall,sex_btsx,33.60477
rus,2012,agegroup_yearsall,sex_fmle,11.58675
rus,2012,agegroup_yearsall,sex_mle,59.14454
rus,2013,agegroup_yearsall,sex_btsx,32.83412
rus,2013,agegroup_yearsall,sex_fmle,11.13543
rus,2013,agegroup_yearsall,sex_mle,57.97621
rus,2014,agegroup_yearsall,sex_btsx,32.61443
rus,2014,agegroup_yearsall,sex_fmle,11.12054
rus,2014,agegroup_yearsall,sex_mle,57.49756
rus,2015,agegroup_yearsall,sex_btsx,31.12448
rus,2015,agegroup_yearsall,sex_fmle,10.91511
rus,2015,agegroup_yearsall,sex_mle,54.50444
rus,2016,agegroup_yearsall,sex_btsx,30.19818
rus,2016,agegroup_yearsall,sex_fmle,10.61221
rus,2016,agegroup_yearsall,sex_mle,52.8369
rus,2017,agegroup_yearsall,sex_btsx,27.29849
rus,2017,agegroup_yearsall,sex_fmle,9.66468
rus,2017,agegroup_yearsall,sex_mle,47.66052
rus,2018,agegroup_yearsall,sex_btsx,25.89874
rus,2018,agegroup_yearsall,sex_fmle,9.27096
rus,2018,agegroup_yearsall,sex_mle,45.08411
rus,2019,agegroup_years15_19,sex_btsx,14.11
rus,2019,agegroup_years15_19,sex_fmle,7.26
rus,2019,agegroup_years15_19,sex_mle,20.67
rus,2019,agegroup_years15_24,sex_btsx,17.81
rus,2019,agegroup_years15_24,sex_fmle,6.99
rus,2019,agegroup_years15_24,sex_mle,28.18
rus,2019,agegroup_years15_29,sex_btsx,19.38
rus,2019,agegroup_years15_29,sex_fmle,6.64
rus,2019,agegroup_years15_29,sex_mle,31.64
rus,2019,agegroup_years25_34,sex_btsx,26.86
rus,2019,agegroup_years25_34,sex_fmle,7.52
rus,2019,agegroup_years25_34,sex_mle,45.86
rus,2019,agegroup_years30_49,sex_btsx,36.88
rus,2019,agegroup_years30_49,sex_fmle,10.69
rus,2019,agegroup_years30_49,sex_mle,64.08
rus,2019,agegroup_years35_44,sex_btsx,40.67
rus,2019,agegroup_years35_44,sex_fmle,11.52
rus,2019,agegroup_years35_44,sex_mle,71.11
rus,2019,agegroup_years45_54,sex_btsx,34.43
rus,2019,agegroup_years45_54,sex_fmle,10.89
rus,2019,agegroup_years45_54,sex_mle,60.93
rus,2019,agegroup_years55_64,sex_btsx,28.27
rus,2019,agegroup_years55_64,sex_fmle,9.17
rus,2019,agegroup_years55_64,sex_mle,53.36
rus,2019,agegroup_years65_74,sex_btsx,27.77
rus,2019,agegroup_years65_74,sex_fmle,11.14
rus,2019,agegroup_years65_74,sex_mle,55.52
rus,2019,agegroup_years75_84,sex_btsx,34.08
rus,2019,agegroup_years75_84,sex_fmle,18.74
rus,2019,agegroup_years75_84,sex_mle,73.19
rus,2019,agegroup_years85plus,sex_btsx,58.6
rus,2019,agegroup_years85plus,sex_fmle,31.45
rus,2019,agegroup_years85plus,sex_mle,161.05
rus,2019,agegroup_yearsall,sex_btsx,24.46898
rus,2019,agegroup_yearsall,sex_fmle,8.70143
rus,2019,agegroup_yearsall,sex_mle,42.65682
rus,2020,agegroup_yearsall,sex_btsx,21.01111
rus,2020,agegroup_yearsall,sex_fmle,7.40339
rus,2020,agegroup_yearsall,sex_mle,36.70491
rus,2021,agegroup_yearsall,sex_btsx,21.37479
rus,2021,agegroup_yearsall,sex_fmle,8.09375
rus,2021,agegroup_yearsall,sex_mle,36.68325
rwa,2000,agegroup_yearsall,sex_btsx,13.46159
rwa,2000,agegroup_yearsall,sex_fmle,6.97133
rwa,2000,agegroup_yearsall,sex_mle,20.56419
rwa,2001,agegroup_yearsall,sex_btsx,12.0059
rwa,2001,agegroup_yearsall,sex_fmle,6.31812
rwa,2001,agegroup_yearsall,sex_mle,18.25676
rwa,2002,agegroup_yearsall,sex_btsx,10.9872
rwa,2002,agegroup_yearsall,sex_fmle,5.86934
rwa,2002,agegroup_yearsall,sex_mle,16.62823
rwa,2003,agegroup_yearsall,sex_btsx,9.76146
rwa,2003,agegroup_yearsall,sex_fmle,5.27441
rwa,2003,agegroup_yearsall,sex_mle,14.69858
rwa,2004,agegroup_yearsall,sex_btsx,8.64269
rwa,2004,agegroup_yearsall,sex_fmle,4.5885
rwa,2004,agegroup_yearsall,sex_mle,13.08341
rwa,2005,agegroup_yearsall,sex_btsx,8.19518
rwa,2005,agegroup_yearsall,sex_fmle,4.45199
rwa,2005,agegroup_yearsall,sex_mle,12.27849
rwa,2006,agegroup_yearsall,sex_btsx,7.94097
rwa,2006,agegroup_yearsall,sex_fmle,4.47416
rwa,2006,agegroup_yearsall,sex_mle,11.70879
rwa,2007,agegroup_yearsall,sex_btsx,8.01257
rwa,2007,agegroup_yearsall,sex_fmle,4.60315
rwa,2007,agegroup_yearsall,sex_mle,11.70544
rwa,2008,agegroup_yearsall,sex_btsx,7.91676
rwa,2008,agegroup_yearsall,sex_fmle,4.57654
rwa,2008,agegroup_yearsall,sex_mle,11.52328
rwa,2009,agegroup_yearsall,sex_btsx,7.66386
rwa,2009,agegroup_yearsall,sex_fmle,4.44441
rwa,2009,agegroup_yearsall,sex_mle,11.12966
rwa,2010,agegroup_yearsall,sex_btsx,7.62389
rwa,2010,agegroup_yearsall,sex_fmle,4.37886
rwa,2010,agegroup_yearsall,sex_mle,11.10707
rwa,2011,agegroup_yearsall,sex_btsx,7.6057
rwa,2011,agegroup_yearsall,sex_fmle,4.33145
rwa,2011,agegroup_yearsall,sex_mle,11.11026
rwa,2012,agegroup_yearsall,sex_btsx,7.63695
rwa,2012,agegroup_yearsall,sex_fmle,4.3556
rwa,2012,agegroup_yearsall,sex_mle,11.14016
rwa,2013,agegroup_yearsall,sex_btsx,7.61582
rwa,2013,agegroup_yearsall,sex_fmle,4.34858
rwa,2013,agegroup_yearsall,sex_mle,11.0969
rwa,2014,agegroup_yearsall,sex_btsx,7.75758
rwa,2014,agegroup_yearsall,sex_fmle,4.36849
rwa,2014,agegroup_yearsall,sex_mle,11.36254
rwa,2015,agegroup_yearsall,sex_btsx,7.83679
rwa,2015,agegroup_yearsall,sex_fmle,4.38917
rwa,2015,agegroup_yearsall,sex_mle,11.49853
rwa,2016,agegroup_yearsall,sex_btsx,7.9366
rwa,2016,agegroup_yearsall,sex_fmle,4.42353
rwa,2016,agegroup_yearsall,sex_mle,11.66271
rwa,2017,agegroup_yearsall,sex_btsx,8.11099
rwa,2017,agegroup_yearsall,sex_fmle,4.52504
rwa,2017,agegroup_yearsall,sex_mle,11.90954
rwa,2018,agegroup_yearsall,sex_btsx,8.12024
rwa,2018,agegroup_yearsall,sex_fmle,4.48741
rwa,2018,agegroup_yearsall,sex_mle,11.96387
rwa,2019,agegroup_years15_19,sex_btsx,2.75
rwa,2019,agegroup_years15_19,sex_fmle,1.78
rwa,2019,agegroup_years15_19,sex_mle,3.74
rwa,2019,agegroup_years15_24,sex_btsx,3.56
rwa,2019,agegroup_years15_24,sex_fmle,2.03
rwa,2019,agegroup_years15_24,sex_mle,5.11
rwa,2019,agegroup_years15_29,sex_btsx,3.97
rwa,2019,agegroup_years15_29,sex_fmle,2.14
rwa,2019,agegroup_years15_29,sex_mle,5.84
rwa,2019,agegroup_years25_34,sex_btsx,5.17
rwa,2019,agegroup_years25_34,sex_fmle,2.35
rwa,2019,agegroup_years25_34,sex_mle,8.09
rwa,2019,agegroup_years30_49,sex_btsx,6.92
rwa,2019,agegroup_years30_49,sex_fmle,2.84
rwa,2019,agegroup_years30_49,sex_mle,11.34
rwa,2019,agegroup_years35_44,sex_btsx,6.68
rwa,2019,agegroup_years35_44,sex_fmle,2.71
rwa,2019,agegroup_years35_44,sex_mle,11.09
rwa,2019,agegroup_years45_54,sex_btsx,13.86
rwa,2019,agegroup_years45_54,sex_fmle,6.45
rwa,2019,agegroup_years45_54,sex_mle,21.71
rwa,2019,agegroup_years55_64,sex_btsx,21.54
rwa,2019,agegroup_years55_64,sex_fmle,11.68
rwa,2019,agegroup_years55_64,sex_mle,31.83
rwa,2019,agegroup_years65_74,sex_btsx,33.23
rwa,2019,agegroup_years65_74,sex_fmle,20.41
rwa,2019,agegroup_years65_74,sex_mle,50.46
rwa,2019,agegroup_years75_84,sex_btsx,51.86
rwa,2019,agegroup_years75_84,sex_fmle,31.22
rwa,2019,agegroup_years75_84,sex_mle,85.77
rwa,2019,agegroup_years85plus,sex_btsx,82.7
rwa,2019,agegroup_years85plus,sex_fmle,47.58
rwa,2019,agegroup_years85plus,sex_mle,141.46
rwa,2019,agegroup_yearsall,sex_btsx,8.2857
rwa,2019,agegroup_yearsall,sex_fmle,4.58483
rwa,2019,agegroup_yearsall,sex_mle,12.19676
rwa,2020,agegroup_yearsall,sex_btsx,7.8869
rwa,2020,agegroup_yearsall,sex_fmle,4.33722
rwa,2020,agegroup_yearsall,sex_mle,11.63384
rwa,2021,agegroup_yearsall,sex_btsx,8.67783
rwa,2021,agegroup_yearsall,sex_fmle,4.76717
rwa,2021,agegroup_yearsall,sex_mle,12.80112
sau,2000,agegroup_yearsall,sex_btsx,2.30418
sau,2000,agegroup_yearsall,sex_fmle,2.09952
sau,2000,agegroup_yearsall,sex_mle,2.47394
sau,2001,agegroup_yearsall,sex_btsx,2.39506
sau,2001,agegroup_yearsall,sex_fmle,2.23323
sau,2001,agegroup_yearsall,sex_mle,2.52423
sau,2002,agegroup_yearsall,sex_btsx,2.44968
sau,2002,agegroup_yearsall,sex_fmle,2.30039
sau,2002,agegroup_yearsall,sex_mle,2.56477
sau,2003,agegroup_yearsall,sex_btsx,2.38147
sau,2003,agegroup_yearsall,sex_fmle,2.18782
sau,2003,agegroup_yearsall,sex_mle,2.52606
sau,2004,agegroup_yearsall,sex_btsx,2.27514
sau,2004,agegroup_yearsall,sex_fmle,2.01689
sau,2004,agegroup_yearsall,sex_mle,2.46244
sau,2005,agegroup_yearsall,sex_btsx,2.17244
sau,2005,agegroup_yearsall,sex_fmle,1.87432
sau,2005,agegroup_yearsall,sex_mle,2.38297
sau,2006,agegroup_yearsall,sex_btsx,2.06175
sau,2006,agegroup_yearsall,sex_fmle,1.69575
sau,2006,agegroup_yearsall,sex_mle,2.31398
sau,2007,agegroup_yearsall,sex_btsx,1.91167
sau,2007,agegroup_yearsall,sex_fmle,1.47253
sau,2007,agegroup_yearsall,sex_mle,2.20759
sau,2008,agegroup_yearsall,sex_btsx,1.75182
sau,2008,agegroup_yearsall,sex_fmle,1.27298
sau,2008,agegroup_yearsall,sex_mle,2.06792
sau,2009,agegroup_yearsall,sex_btsx,1.58724
sau,2009,agegroup_yearsall,sex_fmle,1.08819
sau,2009,agegroup_yearsall,sex_mle,1.91049
sau,2010,agegroup_yearsall,sex_btsx,1.38063
sau,2010,agegroup_yearsall,sex_fmle,0.93144
sau,2010,agegroup_yearsall,sex_mle,1.66654
sau,2011,agegroup_yearsall,sex_btsx,1.14865
sau,2011,agegroup_yearsall,sex_fmle,0.76556
sau,2011,agegroup_yearsall,sex_mle,1.38858
sau,2012,agegroup_yearsall,sex_btsx,0.97551
sau,2012,agegroup_yearsall,sex_fmle,0.66148
sau,2012,agegroup_yearsall,sex_mle,1.16926
sau,2013,agegroup_yearsall,sex_btsx,0.92749
sau,2013,agegroup_yearsall,sex_fmle,0.62785
sau,2013,agegroup_yearsall,sex_mle,1.10979
sau,2014,agegroup_yearsall,sex_btsx,0.96489
sau,2014,agegroup_yearsall,sex_fmle,0.6351
sau,2014,agegroup_yearsall,sex_mle,1.16292
sau,2015,agegroup_yearsall,sex_btsx,0.9012
sau,2015,agegroup_yearsall,sex_fmle,0.63984
sau,2015,agegroup_yearsall,sex_mle,1.0562
sau,2016,agegroup_yearsall,sex_btsx,0.91392
sau,2016,agegroup_yearsall,sex_fmle,0.66763
sau,2016,agegroup_yearsall,sex_mle,1.05971
sau,2017,agegroup_yearsall,sex_btsx,1.02754
sau,2017,agegroup_yearsall,sex_fmle,0.70794
sau,2017,agegroup_yearsall,sex_mle,1.2205
sau,2018,agegroup_yearsall,sex_btsx,1.10082
sau,2018,agegroup_yearsall,sex_fmle,0.73044
sau,2018,agegroup_yearsall,sex_mle,1.33143
sau,2019,agegroup_years15_19,sex_btsx,1.86
sau,2019,agegroup_years15_19,sex_fmle,0.86
sau,2019,agegroup_years15_19,sex_mle,2.82
sau,2019,agegroup_years15_24,sex_btsx,3.88
sau,2019,agegroup_years15_24,sex_fmle,1.43
sau,2019,agegroup_years15_24,sex_mle,6.16
sau,2019,agegroup_years15_29,sex_btsx,5.63
sau,2019,agegroup_years15_29,sex_fmle,1.92
sau,2019,agegroup_years15_29,sex_mle,8.89
sau,2019,agegroup_years25_34,sex_btsx,8.77
sau,2019,agegroup_years25_34,sex_fmle,2.96
sau,2019,agegroup_years25_34,sex_mle,13.11
sau,2019,agegroup_years30_49,sex_btsx,9.54
sau,2019,agegroup_years30_49,sex_fmle,3.47
sau,2019,agegroup_years30_49,sex_mle,13.18
sau,2019,agegroup_years35_44,sex_btsx,10.01
sau,2019,agegroup_years35_44,sex_fmle,3.7
sau,2019,agegroup_years35_44,sex_mle,13.69
sau,2019,agegroup_years45_54,sex_btsx,8.56
sau,2019,agegroup_years45_54,sex_fmle,3.03
sau,2019,agegroup_years45_54,sex_mle,11.34
sau,2019,agegroup_years55_64,sex_btsx,7.2
sau,2019,agegroup_years55_64,sex_fmle,2.24
sau,2019,agegroup_years55_64,sex_mle,9.74
sau,2019,agegroup_years65_74,sex_btsx,5.96
sau,2019,agegroup_years65_74,sex_fmle,2.16
sau,2019,agegroup_years65_74,sex_mle,9.05
sau,2019,agegroup_years75_84,sex_btsx,5.59
sau,2019,agegroup_years75_84,sex_fmle,1.92
sau,2019,agegroup_years75_84,sex_mle,9.29
sau,2019,agegroup_years85plus,sex_btsx,9.72
sau,2019,agegroup_years85plus,sex_fmle,3.5
sau,2019,agegroup_years85plus,sex_mle,17.25
sau,2019,agegroup_yearsall,sex_btsx,1.08913
sau,2019,agegroup_yearsall,sex_fmle,0.72448
sau,2019,agegroup_yearsall,sex_mle,1.32062
sau,2020,agegroup_yearsall,sex_btsx,1.05838
sau,2020,agegroup_yearsall,sex_fmle,0.55519
sau,2020,agegroup_yearsall,sex_mle,1.38159
sau,2021,agegroup_yearsall,sex_btsx,0.94924
sau,2021,agegroup_yearsall,sex_fmle,0.65625
sau,2021,agegroup_yearsall,sex_mle,1.13866
sdn,2000,agegroup_yearsall,sex_btsx,4.00908
sdn,2000,agegroup_yearsall,sex_fmle,3.65235
sdn,2000,agegroup_yearsall,sex_mle,4.36571
sdn,2001,agegroup_yearsall,sex_btsx,3.95949
sdn,2001,agegroup_yearsall,sex_fmle,3.58471
sdn,2001,agegroup_yearsall,sex_mle,4.33449
sdn,2002,agegroup_yearsall,sex_btsx,3.88395
sdn,2002,agegroup_yearsall,sex_fmle,3.435
sdn,2002,agegroup_yearsall,sex_mle,4.33365
sdn,2003,agegroup_yearsall,sex_btsx,3.78584
sdn,2003,agegroup_yearsall,sex_fmle,3.29013
sdn,2003,agegroup_yearsall,sex_mle,4.28314
sdn,2004,agegroup_yearsall,sex_btsx,3.70746
sdn,2004,agegroup_yearsall,sex_fmle,3.15668
sdn,2004,agegroup_yearsall,sex_mle,4.2611
sdn,2005,agegroup_yearsall,sex_btsx,3.63869
sdn,2005,agegroup_yearsall,sex_fmle,3.07194
sdn,2005,agegroup_yearsall,sex_mle,4.20958
sdn,2006,agegroup_yearsall,sex_btsx,3.55777
sdn,2006,agegroup_yearsall,sex_fmle,2.97107
sdn,2006,agegroup_yearsall,sex_mle,4.14965
sdn,2007,agegroup_yearsall,sex_btsx,3.52218
sdn,2007,agegroup_yearsall,sex_fmle,2.89458
sdn,2007,agegroup_yearsall,sex_mle,4.15594
sdn,2008,agegroup_yearsall,sex_btsx,3.55182
sdn,2008,agegroup_yearsall,sex_fmle,2.8705
sdn,2008,agegroup_yearsall,sex_mle,4.24028
sdn,2009,agegroup_yearsall,sex_btsx,3.77582
sdn,2009,agegroup_yearsall,sex_fmle,2.80821
sdn,2009,agegroup_yearsall,sex_mle,4.7539
sdn,2010,agegroup_yearsall,sex_btsx,3.49129
sdn,2010,agegroup_yearsall,sex_fmle,2.75264
sdn,2010,agegroup_yearsall,sex_mle,4.23812
sdn,2011,agegroup_yearsall,sex_btsx,3.6738
sdn,2011,agegroup_yearsall,sex_fmle,2.81424
sdn,2011,agegroup_yearsall,sex_mle,4.54318
sdn,2012,agegroup_yearsall,sex_btsx,3.51074
sdn,2012,agegroup_yearsall,sex_fmle,2.73616
sdn,2012,agegroup_yearsall,sex_mle,4.29446
sdn,2013,agegroup_yearsall,sex_btsx,3.68342
sdn,2013,agegroup_yearsall,sex_fmle,2.75431
sdn,2013,agegroup_yearsall,sex_mle,4.62396
sdn,2014,agegroup_yearsall,sex_btsx,3.5479
sdn,2014,agegroup_yearsall,sex_fmle,2.71015
sdn,2014,agegroup_yearsall,sex_mle,4.39639
sdn,2015,agegroup_yearsall,sex_btsx,3.50001
sdn,2015,agegroup_yearsall,sex_fmle,2.67146
sdn,2015,agegroup_yearsall,sex_mle,4.33946
sdn,2016,agegroup_yearsall,sex_btsx,3.44658
sdn,2016,agegroup_yearsall,sex_fmle,2.66232
sdn,2016,agegroup_yearsall,sex_mle,4.24147
sdn,2017,agegroup_yearsall,sex_btsx,3.47157
sdn,2017,agegroup_yearsall,sex_fmle,2.65799
sdn,2017,agegroup_yearsall,sex_mle,4.29637
sdn,2018,agegroup_yearsall,sex_btsx,3.52787
sdn,2018,agegroup_yearsall,sex_fmle,2.66934
sdn,2018,agegroup_yearsall,sex_mle,4.39843
sdn,2019,agegroup_years15_19,sex_btsx,3.99
sdn,2019,agegroup_years15_19,sex_fmle,3.2
sdn,2019,agegroup_years15_19,sex_mle,4.75
sdn,2019,agegroup_years15_24,sex_btsx,5.3
sdn,2019,agegroup_years15_24,sex_fmle,4.02
sdn,2019,agegroup_years15_24,sex_mle,6.56
sdn,2019,agegroup_years15_29,sex_btsx,5.9
sdn,2019,agegroup_years15_29,sex_fmle,4.37
sdn,2019,agegroup_years15_29,sex_mle,7.39
sdn,2019,agegroup_years25_34,sex_btsx,7.37
sdn,2019,agegroup_years25_34,sex_fmle,5.37
sdn,2019,agegroup_years25_34,sex_mle,9.38
sdn,2019,agegroup_years30_49,sex_btsx,6.74
sdn,2019,agegroup_years30_49,sex_fmle,4.82
sdn,2019,agegroup_years30_49,sex_mle,8.74
sdn,2019,agegroup_years35_44,sex_btsx,6.8
sdn,2019,agegroup_years35_44,sex_fmle,4.83
sdn,2019,agegroup_years35_44,sex_mle,8.89
sdn,2019,agegroup_years45_54,sex_btsx,5.72
sdn,2019,agegroup_years45_54,sex_fmle,3.55
sdn,2019,agegroup_years45_54,sex_mle,7.99
sdn,2019,agegroup_years55_64,sex_btsx,5.7
sdn,2019,agegroup_years55_64,sex_fmle,2.98
sdn,2019,agegroup_years55_64,sex_mle,8.61
sdn,2019,agegroup_years65_74,sex_btsx,6.31
sdn,2019,agegroup_years65_74,sex_fmle,3.68
sdn,2019,agegroup_years65_74,sex_mle,9.26
sdn,2019,agegroup_years75_84,sex_btsx,6.98
sdn,2019,agegroup_years75_84,sex_fmle,3.93
sdn,2019,agegroup_years75_84,sex_mle,10.65
sdn,2019,agegroup_years85plus,sex_btsx,15.12
sdn,2019,agegroup_years85plus,sex_fmle,8.34
sdn,2019,agegroup_years85plus,sex_mle,24.21
sdn,2019,agegroup_yearsall,sex_btsx,3.39211
sdn,2019,agegroup_yearsall,sex_fmle,2.55516
sdn,2019,agegroup_yearsall,sex_mle,4.24102
sdn,2020,agegroup_yearsall,sex_btsx,3.04151
sdn,2020,agegroup_yearsall,sex_fmle,2.37362
sdn,2020,agegroup_yearsall,sex_mle,3.71923
sdn,2021,agegroup_yearsall,sex_btsx,3.16001
sdn,2021,agegroup_yearsall,sex_fmle,2.41924
sdn,2021,agegroup_yearsall,sex_mle,3.91204
sen,2000,agegroup_yearsall,sex_btsx,7.09045
sen,2000,agegroup_yearsall,sex_fmle,3.52479
sen,2000,agegroup_yearsall,sex_mle,10.74351
sen,2001,agegroup_yearsall,sex_btsx,6.52992
sen,2001,agegroup_yearsall,sex_fmle,3.26919
sen,2001,agegroup_yearsall,sex_mle,9.87557
sen,2002,agegroup_yearsall,sex_btsx,6.39267
sen,2002,agegroup_yearsall,sex_fmle,3.05683
sen,2002,agegroup_yearsall,sex_mle,9.81552
sen,2003,agegroup_yearsall,sex_btsx,6.76238
sen,2003,agegroup_yearsall,sex_fmle,3.4966
sen,2003,agegroup_yearsall,sex_mle,10.10952
sen,2004,agegroup_yearsall,sex_btsx,6.76745
sen,2004,agegroup_yearsall,sex_fmle,3.47704
sen,2004,agegroup_yearsall,sex_mle,10.13637
sen,2005,agegroup_yearsall,sex_btsx,6.734
sen,2005,agegroup_yearsall,sex_fmle,3.44127
sen,2005,agegroup_yearsall,sex_mle,10.10162
sen,2006,agegroup_yearsall,sex_btsx,6.64564
sen,2006,agegroup_yearsall,sex_fmle,3.32534
sen,2006,agegroup_yearsall,sex_mle,10.03776
sen,2007,agegroup_yearsall,sex_btsx,6.60515
sen,2007,agegroup_yearsall,sex_fmle,3.32778
sen,2007,agegroup_yearsall,sex_mle,9.94995
sen,2008,agegroup_yearsall,sex_btsx,6.96313
sen,2008,agegroup_yearsall,sex_fmle,3.42363
sen,2008,agegroup_yearsall,sex_mle,10.57189
sen,2009,agegroup_yearsall,sex_btsx,6.99158
sen,2009,agegroup_yearsall,sex_fmle,3.39038
sen,2009,agegroup_yearsall,sex_mle,10.66014
sen,2010,agegroup_yearsall,sex_btsx,6.79878
sen,2010,agegroup_yearsall,sex_fmle,3.31559
sen,2010,agegroup_yearsall,sex_mle,10.34443
sen,2011,agegroup_yearsall,sex_btsx,6.83831
sen,2011,agegroup_yearsall,sex_fmle,3.30509
sen,2011,agegroup_yearsall,sex_mle,10.43214
sen,2012,agegroup_yearsall,sex_btsx,7.00537
sen,2012,agegroup_yearsall,sex_fmle,3.41278
sen,2012,agegroup_yearsall,sex_mle,10.65686
sen,2013,agegroup_yearsall,sex_btsx,7.03675
sen,2013,agegroup_yearsall,sex_fmle,3.43217
sen,2013,agegroup_yearsall,sex_mle,10.68951
sen,2014,agegroup_yearsall,sex_btsx,7.19155
sen,2014,agegroup_yearsall,sex_fmle,3.45353
sen,2014,agegroup_yearsall,sex_mle,10.95984
sen,2015,agegroup_yearsall,sex_btsx,7.02461
sen,2015,agegroup_yearsall,sex_fmle,3.36
sen,2015,agegroup_yearsall,sex_mle,10.69915
sen,2016,agegroup_yearsall,sex_btsx,7.05244
sen,2016,agegroup_yearsall,sex_fmle,3.374
sen,2016,agegroup_yearsall,sex_mle,10.72053
sen,2017,agegroup_yearsall,sex_btsx,7.0026
sen,2017,agegroup_yearsall,sex_fmle,3.29634
sen,2017,agegroup_yearsall,sex_mle,10.6777
sen,2018,agegroup_yearsall,sex_btsx,6.92184
sen,2018,agegroup_yearsall,sex_fmle,3.19184
sen,2018,agegroup_yearsall,sex_mle,10.59972
sen,2019,agegroup_years15_19,sex_btsx,2.76
sen,2019,agegroup_years15_19,sex_fmle,1.37
sen,2019,agegroup_years15_19,sex_mle,4.12
sen,2019,agegroup_years15_24,sex_btsx,3.61
sen,2019,agegroup_years15_24,sex_fmle,1.44
sen,2019,agegroup_years15_24,sex_mle,5.76
sen,2019,agegroup_years15_29,sex_btsx,4.18
sen,2019,agegroup_years15_29,sex_fmle,1.69
sen,2019,agegroup_years15_29,sex_mle,6.68
sen,2019,agegroup_years25_34,sex_btsx,5.72
sen,2019,agegroup_years25_34,sex_fmle,2.36
sen,2019,agegroup_years25_34,sex_mle,9.32
sen,2019,agegroup_years30_49,sex_btsx,7.43
sen,2019,agegroup_years30_49,sex_fmle,3.35
sen,2019,agegroup_years30_49,sex_mle,12.21
sen,2019,agegroup_years35_44,sex_btsx,7.12
sen,2019,agegroup_years35_44,sex_fmle,3.38
sen,2019,agegroup_years35_44,sex_mle,11.58
sen,2019,agegroup_years45_54,sex_btsx,13.75
sen,2019,agegroup_years45_54,sex_fmle,6.32
sen,2019,agegroup_years45_54,sex_mle,23.17
sen,2019,agegroup_years55_64,sex_btsx,25.28
sen,2019,agegroup_years55_64,sex_fmle,12.81
sen,2019,agegroup_years55_64,sex_mle,41.67
sen,2019,agegroup_years65_74,sex_btsx,45.19
sen,2019,agegroup_years65_74,sex_fmle,22.28
sen,2019,agegroup_years65_74,sex_mle,76.46
sen,2019,agegroup_years75_84,sex_btsx,67.8
sen,2019,agegroup_years75_84,sex_fmle,32.19
sen,2019,agegroup_years75_84,sex_mle,118.04
sen,2019,agegroup_years85plus,sex_btsx,205.02
sen,2019,agegroup_years85plus,sex_fmle,88.75
sen,2019,agegroup_years85plus,sex_mle,393.32
sen,2019,agegroup_yearsall,sex_btsx,6.9848
sen,2019,agegroup_yearsall,sex_fmle,3.12053
sen,2019,agegroup_yearsall,sex_mle,10.77406
sen,2020,agegroup_yearsall,sex_btsx,6.84283
sen,2020,agegroup_yearsall,sex_fmle,2.97421
sen,2020,agegroup_yearsall,sex_mle,10.61641
sen,2021,agegroup_yearsall,sex_btsx,6.75828
sen,2021,agegroup_yearsall,sex_fmle,2.97195
sen,2021,agegroup_yearsall,sex_mle,10.43347
sgp,2000,agegroup_yearsall,sex_btsx,12.1858
sgp,2000,agegroup_yearsall,sex_fmle,8.36128
sgp,2000,agegroup_yearsall,sex_mle,15.81274
sgp,2001,agegroup_yearsall,sex_btsx,11.31307
sgp,2001,agegroup_yearsall,sex_fmle,8.43782
sgp,2001,agegroup_yearsall,sex_mle,14.05412
sgp,2002,agegroup_yearsall,sex_btsx,12.31037
sgp,2002,agegroup_yearsall,sex_fmle,9.69519
sgp,2002,agegroup_yearsall,sex_mle,14.82726
sgp,2003,agegroup_yearsall,sex_btsx,11.9478
sgp,2003,agegroup_yearsall,sex_fmle,8.87514
sgp,2003,agegroup_yearsall,sex_mle,14.93937
sgp,2004,agegroup_yearsall,sex_btsx,11.34592
sgp,2004,agegroup_yearsall,sex_fmle,8.24025
sgp,2004,agegroup_yearsall,sex_mle,14.3863
sgp,2005,agegroup_yearsall,sex_btsx,10.91403
sgp,2005,agegroup_yearsall,sex_fmle,7.14716
sgp,2005,agegroup_yearsall,sex_mle,14.59065
sgp,2006,agegroup_yearsall,sex_btsx,11.02241
sgp,2006,agegroup_yearsall,sex_fmle,8.23473
sgp,2006,agegroup_yearsall,sex_mle,13.71124
sgp,2007,agegroup_yearsall,sex_btsx,10.41417
sgp,2007,agegroup_yearsall,sex_fmle,7.86726
sgp,2007,agegroup_yearsall,sex_mle,12.81775
sgp,2008,agegroup_yearsall,sex_btsx,9.80875
sgp,2008,agegroup_yearsall,sex_fmle,6.52808
sgp,2008,agegroup_yearsall,sex_mle,12.84088
sgp,2009,agegroup_yearsall,sex_btsx,10.27142
sgp,2009,agegroup_yearsall,sex_fmle,6.12322
sgp,2009,agegroup_yearsall,sex_mle,14.08028
sgp,2010,agegroup_yearsall,sex_btsx,9.37521
sgp,2010,agegroup_yearsall,sex_fmle,6.58892
sgp,2010,agegroup_yearsall,sex_mle,11.94288
sgp,2011,agegroup_yearsall,sex_btsx,8.77787
sgp,2011,agegroup_yearsall,sex_fmle,6.25916
sgp,2011,agegroup_yearsall,sex_mle,11.10384
sgp,2012,agegroup_yearsall,sex_btsx,10.56658
sgp,2012,agegroup_yearsall,sex_fmle,8.0089
sgp,2012,agegroup_yearsall,sex_mle,12.91752
sgp,2013,agegroup_yearsall,sex_btsx,9.82747
sgp,2013,agegroup_yearsall,sex_fmle,5.86559
sgp,2013,agegroup_yearsall,sex_mle,13.44254
sgp,2014,agegroup_yearsall,sex_btsx,9.4332
sgp,2014,agegroup_yearsall,sex_fmle,5.25932
sgp,2014,agegroup_yearsall,sex_mle,13.23288
sgp,2015,agegroup_yearsall,sex_btsx,8.7172
sgp,2015,agegroup_yearsall,sex_fmle,5.81312
sgp,2015,agegroup_yearsall,sex_mle,11.37028
sgp,2016,agegroup_yearsall,sex_btsx,8.44327
sgp,2016,agegroup_yearsall,sex_fmle,6.15881
sgp,2016,agegroup_yearsall,sex_mle,10.54869
sgp,2017,agegroup_yearsall,sex_btsx,8.4233
sgp,2017,agegroup_yearsall,sex_fmle,5.94717
sgp,2017,agegroup_yearsall,sex_mle,10.73708
sgp,2018,agegroup_yearsall,sex_btsx,8.90328
sgp,2018,agegroup_yearsall,sex_fmle,4.97805
sgp,2018,agegroup_yearsall,sex_mle,12.59222
sgp,2019,agegroup_years15_19,sex_btsx,9.31
sgp,2019,agegroup_years15_19,sex_fmle,8.94
sgp,2019,agegroup_years15_19,sex_mle,9.64
sgp,2019,agegroup_years15_24,sex_btsx,12.92
sgp,2019,agegroup_years15_24,sex_fmle,9.5
sgp,2019,agegroup_years15_24,sex_mle,15.81
sgp,2019,agegroup_years15_29,sex_btsx,13.66
sgp,2019,agegroup_years15_29,sex_fmle,9.12
sgp,2019,agegroup_years15_29,sex_mle,17.48
sgp,2019,agegroup_years25_34,sex_btsx,14.26
sgp,2019,agegroup_years25_34,sex_fmle,8.19
sgp,2019,agegroup_years25_34,sex_mle,19.54
sgp,2019,agegroup_years30_49,sex_btsx,11.3
sgp,2019,agegroup_years30_49,sex_fmle,7.3
sgp,2019,agegroup_years30_49,sex_mle,14.96
sgp,2019,agegroup_years35_44,sex_btsx,10.85
sgp,2019,agegroup_years35_44,sex_fmle,7.87
sgp,2019,agegroup_years35_44,sex_mle,13.64
sgp,2019,agegroup_years45_54,sex_btsx,10.36
sgp,2019,agegroup_years45_54,sex_fmle,5.49
sgp,2019,agegroup_years45_54,sex_mle,14.64
sgp,2019,agegroup_years55_64,sex_btsx,13.88
sgp,2019,agegroup_years55_64,sex_fmle,7.15
sgp,2019,agegroup_years55_64,sex_mle,19.6
sgp,2019,agegroup_years65_74,sex_btsx,12.02
sgp,2019,agegroup_years65_74,sex_fmle,10.69
sgp,2019,agegroup_years65_74,sex_mle,13.32
sgp,2019,agegroup_years75_84,sex_btsx,17.86
sgp,2019,agegroup_years75_84,sex_fmle,5.84
sgp,2019,agegroup_years75_84,sex_mle,33.64
sgp,2019,agegroup_years85plus,sex_btsx,32.18
sgp,2019,agegroup_years85plus,sex_fmle,6.47
sgp,2019,agegroup_years85plus,sex_mle,80.58
sgp,2019,agegroup_yearsall,sex_btsx,8.42156
sgp,2019,agegroup_yearsall,sex_fmle,5.23311
sgp,2019,agegroup_yearsall,sex_mle,11.39902
sgp,2020,agegroup_yearsall,sex_btsx,8.93807
sgp,2020,agegroup_yearsall,sex_fmle,5.41901
sgp,2020,agegroup_yearsall,sex_mle,12.21639
sgp,2021,agegroup_yearsall,sex_btsx,8.09778
sgp,2021,agegroup_yearsall,sex_fmle,4.88065
sgp,2021,agegroup_yearsall,sex_mle,11.10514
slb,2000,agegroup_yearsall,sex_btsx,17.40241
slb,2000,agegroup_yearsall,sex_fmle,8.27787
slb,2000,agegroup_yearsall,sex_mle,25.90849
slb,2001,agegroup_yearsall,sex_btsx,16.76361
slb,2001,agegroup_yearsall,sex_fmle,7.81136
slb,2001,agegroup_yearsall,sex_mle,25.13548
slb,2002,agegroup_yearsall,sex_btsx,17.47898
slb,2002,agegroup_yearsall,sex_fmle,8.39259
slb,2002,agegroup_yearsall,sex_mle,26.00143
slb,2003,agegroup_yearsall,sex_btsx,18.53177
slb,2003,agegroup_yearsall,sex_fmle,9.18322
slb,2003,agegroup_yearsall,sex_mle,27.32556
slb,2004,agegroup_yearsall,sex_btsx,16.6956
slb,2004,agegroup_yearsall,sex_fmle,7.69592
slb,2004,agegroup_yearsall,sex_mle,25.18474
slb,2005,agegroup_yearsall,sex_btsx,17.43873
slb,2005,agegroup_yearsall,sex_fmle,8.38184
slb,2005,agegroup_yearsall,sex_mle,26.00449
slb,2006,agegroup_yearsall,sex_btsx,17.601
slb,2006,agegroup_yearsall,sex_fmle,8.52511
slb,2006,agegroup_yearsall,sex_mle,26.20675
slb,2007,agegroup_yearsall,sex_btsx,19.98336
slb,2007,agegroup_yearsall,sex_fmle,10.45614
slb,2007,agegroup_yearsall,sex_mle,29.03856
slb,2008,agegroup_yearsall,sex_btsx,21.07332
slb,2008,agegroup_yearsall,sex_fmle,11.42151
slb,2008,agegroup_yearsall,sex_mle,30.26683
slb,2009,agegroup_yearsall,sex_btsx,20.97567
slb,2009,agegroup_yearsall,sex_fmle,11.2755
slb,2009,agegroup_yearsall,sex_mle,30.23385
slb,2010,agegroup_yearsall,sex_btsx,20.81399
slb,2010,agegroup_yearsall,sex_fmle,11.17177
slb,2010,agegroup_yearsall,sex_mle,30.02662
slb,2011,agegroup_yearsall,sex_btsx,20.8558
slb,2011,agegroup_yearsall,sex_fmle,11.07279
slb,2011,agegroup_yearsall,sex_mle,30.20417
slb,2012,agegroup_yearsall,sex_btsx,20.81111
slb,2012,agegroup_yearsall,sex_fmle,11.0084
slb,2012,agegroup_yearsall,sex_mle,30.17859
slb,2013,agegroup_yearsall,sex_btsx,20.6249
slb,2013,agegroup_yearsall,sex_fmle,10.81839
slb,2013,agegroup_yearsall,sex_mle,29.99551
slb,2014,agegroup_yearsall,sex_btsx,20.57858
slb,2014,agegroup_yearsall,sex_fmle,10.68992
slb,2014,agegroup_yearsall,sex_mle,30.02566
slb,2015,agegroup_yearsall,sex_btsx,20.52389
slb,2015,agegroup_yearsall,sex_fmle,10.65863
slb,2015,agegroup_yearsall,sex_mle,29.94656
slb,2016,agegroup_yearsall,sex_btsx,20.44922
slb,2016,agegroup_yearsall,sex_fmle,10.63738
slb,2016,agegroup_yearsall,sex_mle,29.81849
slb,2017,agegroup_yearsall,sex_btsx,20.48707
slb,2017,agegroup_yearsall,sex_fmle,10.6434
slb,2017,agegroup_yearsall,sex_mle,29.88332
slb,2018,agegroup_yearsall,sex_btsx,20.58612
slb,2018,agegroup_yearsall,sex_fmle,10.74817
slb,2018,agegroup_yearsall,sex_mle,29.97274
slb,2019,agegroup_years15_19,sex_btsx,17.26
slb,2019,agegroup_years15_19,sex_fmle,2.15
slb,2019,agegroup_years15_19,sex_mle,31.36
slb,2019,agegroup_years15_24,sex_btsx,24.22
slb,2019,agegroup_years15_24,sex_fmle,2.43
slb,2019,agegroup_years15_24,sex_mle,44.4
slb,2019,agegroup_years15_29,sex_btsx,26.5
slb,2019,agegroup_years15_29,sex_fmle,2.64
slb,2019,agegroup_years15_29,sex_mle,48.74
slb,2019,agegroup_years25_34,sex_btsx,31.02
slb,2019,agegroup_years25_34,sex_fmle,2.81
slb,2019,agegroup_years25_34,sex_mle,58.84
slb,2019,agegroup_years30_49,sex_btsx,25.25
slb,2019,agegroup_years30_49,sex_fmle,2.76
slb,2019,agegroup_years30_49,sex_mle,48.66
slb,2019,agegroup_years35_44,sex_btsx,25.99
slb,2019,agegroup_years35_44,sex_fmle,3.02
slb,2019,agegroup_years35_44,sex_mle,50.43
slb,2019,agegroup_years45_54,sex_btsx,16.83
slb,2019,agegroup_years45_54,sex_fmle,3.15
slb,2019,agegroup_years45_54,sex_mle,30.4
slb,2019,agegroup_years55_64,sex_btsx,16.54
slb,2019,agegroup_years55_64,sex_fmle,4.76
slb,2019,agegroup_years55_64,sex_mle,28.17
slb,2019,agegroup_years65_74,sex_btsx,16.03
slb,2019,agegroup_years65_74,sex_fmle,4.54
slb,2019,agegroup_years65_74,sex_mle,28.13
slb,2019,agegroup_years75_84,sex_btsx,18.06
slb,2019,agegroup_years75_84,sex_fmle,4.27
slb,2019,agegroup_years75_84,sex_mle,32.67
slb,2019,agegroup_years85plus,sex_btsx,36.99
slb,2019,agegroup_years85plus,sex_fmle,4.64
slb,2019,agegroup_years85plus,sex_mle,74.95
slb,2019,agegroup_yearsall,sex_btsx,20.42853
slb,2019,agegroup_yearsall,sex_fmle,10.58052
slb,2019,agegroup_yearsall,sex_mle,29.82372
slb,2020,agegroup_yearsall,sex_btsx,19.53711
slb,2020,agegroup_yearsall,sex_fmle,9.85722
slb,2020,agegroup_yearsall,sex_mle,28.77626
slb,2021,agegroup_yearsall,sex_btsx,19.59543
slb,2021,agegroup_yearsall,sex_fmle,9.55586
slb,2021,agegroup_yearsall,sex_mle,29.18311
sle,2000,agegroup_yearsall,sex_btsx,4.63393
sle,2000,agegroup_yearsall,sex_fmle,2.86124
sle,2000,agegroup_yearsall,sex_mle,6.4543
sle,2001,agegroup_yearsall,sex_btsx,4.71338
sle,2001,agegroup_yearsall,sex_fmle,3.05561
sle,2001,agegroup_yearsall,sex_mle,6.41388
sle,2002,agegroup_yearsall,sex_btsx,5.03681
sle,2002,agegroup_yearsall,sex_fmle,3.18545
sle,2002,agegroup_yearsall,sex_mle,6.93362
sle,2003,agegroup_yearsall,sex_btsx,5.17056
sle,2003,agegroup_yearsall,sex_fmle,3.33517
sle,2003,agegroup_yearsall,sex_mle,7.04848
sle,2004,agegroup_yearsall,sex_btsx,5.30409
sle,2004,agegroup_yearsall,sex_fmle,3.50181
sle,2004,agegroup_yearsall,sex_mle,7.14567
sle,2005,agegroup_yearsall,sex_btsx,5.39622
sle,2005,agegroup_yearsall,sex_fmle,3.58348
sle,2005,agegroup_yearsall,sex_mle,7.246
sle,2006,agegroup_yearsall,sex_btsx,5.37348
sle,2006,agegroup_yearsall,sex_fmle,3.57719
sle,2006,agegroup_yearsall,sex_mle,7.20407
sle,2007,agegroup_yearsall,sex_btsx,5.65506
sle,2007,agegroup_yearsall,sex_fmle,3.82031
sle,2007,agegroup_yearsall,sex_mle,7.52256
sle,2008,agegroup_yearsall,sex_btsx,5.77702
sle,2008,agegroup_yearsall,sex_fmle,3.98768
sle,2008,agegroup_yearsall,sex_mle,7.59625
sle,2009,agegroup_yearsall,sex_btsx,5.84951
sle,2009,agegroup_yearsall,sex_fmle,4.08001
sle,2009,agegroup_yearsall,sex_mle,7.64666
sle,2010,agegroup_yearsall,sex_btsx,5.96108
sle,2010,agegroup_yearsall,sex_fmle,4.20933
sle,2010,agegroup_yearsall,sex_mle,7.73839
sle,2011,agegroup_yearsall,sex_btsx,5.80419
sle,2011,agegroup_yearsall,sex_fmle,4.21203
sle,2011,agegroup_yearsall,sex_mle,7.41793
sle,2012,agegroup_yearsall,sex_btsx,5.85931
sle,2012,agegroup_yearsall,sex_fmle,4.24549
sle,2012,agegroup_yearsall,sex_mle,7.49338
sle,2013,agegroup_yearsall,sex_btsx,5.67825
sle,2013,agegroup_yearsall,sex_fmle,4.1352
sle,2013,agegroup_yearsall,sex_mle,7.23915
sle,2014,agegroup_yearsall,sex_btsx,5.48408
sle,2014,agegroup_yearsall,sex_fmle,3.84937
sle,2014,agegroup_yearsall,sex_mle,7.13612
sle,2015,agegroup_yearsall,sex_btsx,5.53488
sle,2015,agegroup_yearsall,sex_fmle,3.97852
sle,2015,agegroup_yearsall,sex_mle,7.10627
sle,2016,agegroup_yearsall,sex_btsx,5.8791
sle,2016,agegroup_yearsall,sex_fmle,4.35972
sle,2016,agegroup_yearsall,sex_mle,7.41178
sle,2017,agegroup_yearsall,sex_btsx,6.03288
sle,2017,agegroup_yearsall,sex_fmle,4.44686
sle,2017,agegroup_yearsall,sex_mle,7.63146
sle,2018,agegroup_yearsall,sex_btsx,6.16413
sle,2018,agegroup_yearsall,sex_fmle,4.50766
sle,2018,agegroup_yearsall,sex_mle,7.83251
sle,2019,agegroup_years15_19,sex_btsx,2.91
sle,2019,agegroup_years15_19,sex_fmle,2.46
sle,2019,agegroup_years15_19,sex_mle,3.37
sle,2019,agegroup_years15_24,sex_btsx,3.73
sle,2019,agegroup_years15_24,sex_fmle,3.05
sle,2019,agegroup_years15_24,sex_mle,4.4
sle,2019,agegroup_years15_29,sex_btsx,4.41
sle,2019,agegroup_years15_29,sex_fmle,3.65
sle,2019,agegroup_years15_29,sex_mle,5.16
sle,2019,agegroup_years25_34,sex_btsx,6.37
sle,2019,agegroup_years25_34,sex_fmle,5.17
sle,2019,agegroup_years25_34,sex_mle,7.55
sle,2019,agegroup_years30_49,sex_btsx,10.13
sle,2019,agegroup_years30_49,sex_fmle,6.86
sle,2019,agegroup_years30_49,sex_mle,13.31
sle,2019,agegroup_years35_44,sex_btsx,10.41
sle,2019,agegroup_years35_44,sex_fmle,6.95
sle,2019,agegroup_years35_44,sex_mle,13.74
sle,2019,agegroup_years45_54,sex_btsx,17.88
sle,2019,agegroup_years45_54,sex_fmle,11.55
sle,2019,agegroup_years45_54,sex_mle,24.32
sle,2019,agegroup_years55_64,sex_btsx,26.16
sle,2019,agegroup_years55_64,sex_fmle,20.76
sle,2019,agegroup_years55_64,sex_mle,32.28
sle,2019,agegroup_years65_74,sex_btsx,39.86
sle,2019,agegroup_years65_74,sex_fmle,30.26
sle,2019,agegroup_years65_74,sex_mle,52.25
sle,2019,agegroup_years75_84,sex_btsx,50.64
sle,2019,agegroup_years75_84,sex_fmle,35.96
sle,2019,agegroup_years75_84,sex_mle,71.84
sle,2019,agegroup_years85plus,sex_btsx,125.08
sle,2019,agegroup_years85plus,sex_fmle,80.66
sle,2019,agegroup_years85plus,sex_mle,200.69
sle,2019,agegroup_yearsall,sex_btsx,6.14359
sle,2019,agegroup_yearsall,sex_fmle,4.50633
sle,2019,agegroup_yearsall,sex_mle,7.79162
sle,2020,agegroup_yearsall,sex_btsx,5.40479
sle,2020,agegroup_yearsall,sex_fmle,4.08816
sle,2020,agegroup_yearsall,sex_mle,6.72948
sle,2021,agegroup_yearsall,sex_btsx,6.1385
sle,2021,agegroup_yearsall,sex_fmle,4.48287
sle,2021,agegroup_yearsall,sex_mle,7.80368
slv,2000,agegroup_yearsall,sex_btsx,7.68272
slv,2000,agegroup_yearsall,sex_fmle,3.74572
slv,2000,agegroup_yearsall,sex_mle,11.90646
slv,2001,agegroup_yearsall,sex_btsx,7.52004
slv,2001,agegroup_yearsall,sex_fmle,3.64934
slv,2001,agegroup_yearsall,sex_mle,11.68525
slv,2002,agegroup_yearsall,sex_btsx,6.77642
slv,2002,agegroup_yearsall,sex_fmle,3.52292
slv,2002,agegroup_yearsall,sex_mle,10.28839
slv,2003,agegroup_yearsall,sex_btsx,7.14549
slv,2003,agegroup_yearsall,sex_fmle,3.46836
slv,2003,agegroup_yearsall,sex_mle,11.12779
slv,2004,agegroup_yearsall,sex_btsx,8.08247
slv,2004,agegroup_yearsall,sex_fmle,3.52808
slv,2004,agegroup_yearsall,sex_mle,13.03204
slv,2005,agegroup_yearsall,sex_btsx,9.35483
slv,2005,agegroup_yearsall,sex_fmle,3.58752
slv,2005,agegroup_yearsall,sex_mle,15.64546
slv,2006,agegroup_yearsall,sex_btsx,9.5497
slv,2006,agegroup_yearsall,sex_fmle,3.58808
slv,2006,agegroup_yearsall,sex_mle,16.0772
slv,2007,agegroup_yearsall,sex_btsx,8.94747
slv,2007,agegroup_yearsall,sex_fmle,3.45959
slv,2007,agegroup_yearsall,sex_mle,14.96934
slv,2008,agegroup_yearsall,sex_btsx,8.18559
slv,2008,agegroup_yearsall,sex_fmle,3.35939
slv,2008,agegroup_yearsall,sex_mle,13.48346
slv,2009,agegroup_yearsall,sex_btsx,9.62112
slv,2009,agegroup_yearsall,sex_fmle,3.68488
slv,2009,agegroup_yearsall,sex_mle,16.1393
slv,2010,agegroup_yearsall,sex_btsx,8.18308
slv,2010,agegroup_yearsall,sex_fmle,3.57444
slv,2010,agegroup_yearsall,sex_mle,13.2442
slv,2011,agegroup_yearsall,sex_btsx,8.91389
slv,2011,agegroup_yearsall,sex_fmle,3.75809
slv,2011,agegroup_yearsall,sex_mle,14.57614
slv,2012,agegroup_yearsall,sex_btsx,6.856
slv,2012,agegroup_yearsall,sex_fmle,2.71583
slv,2012,agegroup_yearsall,sex_mle,11.4029
slv,2013,agegroup_yearsall,sex_btsx,6.75198
slv,2013,agegroup_yearsall,sex_fmle,2.722
slv,2013,agegroup_yearsall,sex_mle,11.1785
slv,2014,agegroup_yearsall,sex_btsx,8.24119
slv,2014,agegroup_yearsall,sex_fmle,2.83311
slv,2014,agegroup_yearsall,sex_mle,14.18364
slv,2015,agegroup_yearsall,sex_btsx,11.86312
slv,2015,agegroup_yearsall,sex_fmle,3.34511
slv,2015,agegroup_yearsall,sex_mle,21.22833
slv,2016,agegroup_yearsall,sex_btsx,10.17144
slv,2016,agegroup_yearsall,sex_fmle,3.64664
slv,2016,agegroup_yearsall,sex_mle,17.35122
slv,2017,agegroup_yearsall,sex_btsx,8.50328
slv,2017,agegroup_yearsall,sex_fmle,3.59543
slv,2017,agegroup_yearsall,sex_mle,13.90923
slv,2018,agegroup_yearsall,sex_btsx,7.30615
slv,2018,agegroup_yearsall,sex_fmle,3.24106
slv,2018,agegroup_yearsall,sex_mle,11.78837
slv,2019,agegroup_years15_19,sex_btsx,11.32
slv,2019,agegroup_years15_19,sex_fmle,4.8
slv,2019,agegroup_years15_19,sex_mle,17.79
slv,2019,agegroup_years15_24,sex_btsx,8.57
slv,2019,agegroup_years15_24,sex_fmle,3.83
slv,2019,agegroup_years15_24,sex_mle,13.38
slv,2019,agegroup_years15_29,sex_btsx,7.96
slv,2019,agegroup_years15_29,sex_fmle,3.43
slv,2019,agegroup_years15_29,sex_mle,12.7
slv,2019,agegroup_years25_34,sex_btsx,7.5
slv,2019,agegroup_years25_34,sex_fmle,3
slv,2019,agegroup_years25_34,sex_mle,12.73
slv,2019,agegroup_years30_49,sex_btsx,9.38
slv,2019,agegroup_years30_49,sex_fmle,2.21
slv,2019,agegroup_years30_49,sex_mle,18.59
slv,2019,agegroup_years35_44,sex_btsx,10.98
slv,2019,agegroup_years35_44,sex_fmle,1.79
slv,2019,agegroup_years35_44,sex_mle,22.93
slv,2019,agegroup_years45_54,sex_btsx,6.32
slv,2019,agegroup_years45_54,sex_fmle,2.01
slv,2019,agegroup_years45_54,sex_mle,12.07
slv,2019,agegroup_years55_64,sex_btsx,4.61
slv,2019,agegroup_years55_64,sex_fmle,1.12
slv,2019,agegroup_years55_64,sex_mle,9.37
slv,2019,agegroup_years65_74,sex_btsx,8.73
slv,2019,agegroup_years65_74,sex_fmle,2.12
slv,2019,agegroup_years65_74,sex_mle,17.99
slv,2019,agegroup_years75_84,sex_btsx,7.6
slv,2019,agegroup_years75_84,sex_fmle,2.28
slv,2019,agegroup_years75_84,sex_mle,14.76
slv,2019,agegroup_years85plus,sex_btsx,13.04
slv,2019,agegroup_years85plus,sex_fmle,3.69
slv,2019,agegroup_years85plus,sex_mle,27.44
slv,2019,agegroup_yearsall,sex_btsx,7.79919
slv,2019,agegroup_yearsall,sex_fmle,3.27305
slv,2019,agegroup_yearsall,sex_mle,12.79394
slv,2020,agegroup_yearsall,sex_btsx,7.43992
slv,2020,agegroup_yearsall,sex_fmle,3.06394
slv,2020,agegroup_yearsall,sex_mle,12.27217
slv,2021,agegroup_yearsall,sex_btsx,7.6348
slv,2021,agegroup_yearsall,sex_fmle,3.15069
slv,2021,agegroup_yearsall,sex_mle,12.58895
som,2000,agegroup_yearsall,sex_btsx,8.56162
som,2000,agegroup_yearsall,sex_fmle,5.61805
som,2000,agegroup_yearsall,sex_mle,11.51382
som,2001,agegroup_yearsall,sex_btsx,8.59019
som,2001,agegroup_yearsall,sex_fmle,5.64908
som,2001,agegroup_yearsall,sex_mle,11.53722
som,2002,agegroup_yearsall,sex_btsx,8.56196
som,2002,agegroup_yearsall,sex_fmle,5.62089
som,2002,agegroup_yearsall,sex_mle,11.50639
som,2003,agegroup_yearsall,sex_btsx,8.48477
som,2003,agegroup_yearsall,sex_fmle,5.61155
som,2003,agegroup_yearsall,sex_mle,11.35901
som,2004,agegroup_yearsall,sex_btsx,8.53916
som,2004,agegroup_yearsall,sex_fmle,5.64686
som,2004,agegroup_yearsall,sex_mle,11.43053
som,2005,agegroup_yearsall,sex_btsx,8.44746
som,2005,agegroup_yearsall,sex_fmle,5.65241
som,2005,agegroup_yearsall,sex_mle,11.23978
som,2006,agegroup_yearsall,sex_btsx,8.36532
som,2006,agegroup_yearsall,sex_fmle,5.57937
som,2006,agegroup_yearsall,sex_mle,11.1469
som,2007,agegroup_yearsall,sex_btsx,8.21681
som,2007,agegroup_yearsall,sex_fmle,5.51664
som,2007,agegroup_yearsall,sex_mle,10.91148
som,2008,agegroup_yearsall,sex_btsx,8.34589
som,2008,agegroup_yearsall,sex_fmle,5.60577
som,2008,agegroup_yearsall,sex_mle,11.0793
som,2009,agegroup_yearsall,sex_btsx,8.43132
som,2009,agegroup_yearsall,sex_fmle,5.68138
som,2009,agegroup_yearsall,sex_mle,11.17333
som,2010,agegroup_yearsall,sex_btsx,7.80312
som,2010,agegroup_yearsall,sex_fmle,5.16309
som,2010,agegroup_yearsall,sex_mle,10.43482
som,2011,agegroup_yearsall,sex_btsx,6.85993
som,2011,agegroup_yearsall,sex_fmle,4.46581
som,2011,agegroup_yearsall,sex_mle,9.24677
som,2012,agegroup_yearsall,sex_btsx,7.56505
som,2012,agegroup_yearsall,sex_fmle,5.04062
som,2012,agegroup_yearsall,sex_mle,10.08204
som,2013,agegroup_yearsall,sex_btsx,8.11147
som,2013,agegroup_yearsall,sex_fmle,5.61395
som,2013,agegroup_yearsall,sex_mle,10.60112
som,2014,agegroup_yearsall,sex_btsx,8.05274
som,2014,agegroup_yearsall,sex_fmle,5.60729
som,2014,agegroup_yearsall,sex_mle,10.49001
som,2015,agegroup_yearsall,sex_btsx,8.00352
som,2015,agegroup_yearsall,sex_fmle,5.58582
som,2015,agegroup_yearsall,sex_mle,10.41276
som,2016,agegroup_yearsall,sex_btsx,7.96969
som,2016,agegroup_yearsall,sex_fmle,5.6456
som,2016,agegroup_yearsall,sex_mle,10.28546
som,2017,agegroup_yearsall,sex_btsx,7.96728
som,2017,agegroup_yearsall,sex_fmle,5.68644
som,2017,agegroup_yearsall,sex_mle,10.23994
som,2018,agegroup_yearsall,sex_btsx,7.94606
som,2018,agegroup_yearsall,sex_fmle,5.67258
som,2018,agegroup_yearsall,sex_mle,10.2113
som,2019,agegroup_years15_19,sex_btsx,4.62
som,2019,agegroup_years15_19,sex_fmle,2.11
som,2019,agegroup_years15_19,sex_mle,7.1
som,2019,agegroup_years15_24,sex_btsx,5.35
som,2019,agegroup_years15_24,sex_fmle,2.38
som,2019,agegroup_years15_24,sex_mle,8.31
som,2019,agegroup_years15_29,sex_btsx,5.84
som,2019,agegroup_years15_29,sex_fmle,2.56
som,2019,agegroup_years15_29,sex_mle,9.12
som,2019,agegroup_years25_34,sex_btsx,7.37
som,2019,agegroup_years25_34,sex_fmle,3.22
som,2019,agegroup_years25_34,sex_mle,11.58
som,2019,agegroup_years30_49,sex_btsx,12.15
som,2019,agegroup_years30_49,sex_fmle,4.04
som,2019,agegroup_years30_49,sex_mle,20.61
som,2019,agegroup_years35_44,sex_btsx,12.78
som,2019,agegroup_years35_44,sex_fmle,5.03
som,2019,agegroup_years35_44,sex_mle,20.9
som,2019,agegroup_years45_54,sex_btsx,23.69
som,2019,agegroup_years45_54,sex_fmle,8.26
som,2019,agegroup_years45_54,sex_mle,40.35
som,2019,agegroup_years55_64,sex_btsx,37.97
som,2019,agegroup_years55_64,sex_fmle,20.74
som,2019,agegroup_years55_64,sex_mle,55.64
som,2019,agegroup_years65_74,sex_btsx,50.3
som,2019,agegroup_years65_74,sex_fmle,28.17
som,2019,agegroup_years65_74,sex_mle,73.14
som,2019,agegroup_years75_84,sex_btsx,63.69
som,2019,agegroup_years75_84,sex_fmle,35.68
som,2019,agegroup_years75_84,sex_mle,96.97
som,2019,agegroup_years85plus,sex_btsx,153.92
som,2019,agegroup_years85plus,sex_fmle,79.61
som,2019,agegroup_years85plus,sex_mle,258.47
som,2019,agegroup_yearsall,sex_btsx,7.92055
som,2019,agegroup_yearsall,sex_fmle,5.6993
som,2019,agegroup_yearsall,sex_mle,10.13344
som,2020,agegroup_yearsall,sex_btsx,8.03942
som,2020,agegroup_yearsall,sex_fmle,5.83389
som,2020,agegroup_yearsall,sex_mle,10.23619
som,2021,agegroup_yearsall,sex_btsx,7.96023
som,2021,agegroup_yearsall,sex_fmle,6.08944
som,2021,agegroup_yearsall,sex_mle,9.82325
srb,2000,agegroup_yearsall,sex_btsx,24.97489
srb,2000,agegroup_yearsall,sex_fmle,14.80728
srb,2000,agegroup_yearsall,sex_mle,36.23339
srb,2001,agegroup_yearsall,sex_btsx,23.32517
srb,2001,agegroup_yearsall,sex_fmle,13.01541
srb,2001,agegroup_yearsall,sex_mle,34.77224
srb,2002,agegroup_yearsall,sex_btsx,24.23363
srb,2002,agegroup_yearsall,sex_fmle,12.9635
srb,2002,agegroup_yearsall,sex_mle,36.76241
srb,2003,agegroup_yearsall,sex_btsx,22.71729
srb,2003,agegroup_yearsall,sex_fmle,12.46895
srb,2003,agegroup_yearsall,sex_mle,34.10272
srb,2004,agegroup_yearsall,sex_btsx,22.84065
srb,2004,agegroup_yearsall,sex_fmle,12.30669
srb,2004,agegroup_yearsall,sex_mle,34.53046
srb,2005,agegroup_yearsall,sex_btsx,21.92896
srb,2005,agegroup_yearsall,sex_fmle,13.11606
srb,2005,agegroup_yearsall,sex_mle,31.69822
srb,2006,agegroup_yearsall,sex_btsx,21.13201
srb,2006,agegroup_yearsall,sex_fmle,12.24924
srb,2006,agegroup_yearsall,sex_mle,30.96773
srb,2007,agegroup_yearsall,sex_btsx,20.23571
srb,2007,agegroup_yearsall,sex_fmle,11.11684
srb,2007,agegroup_yearsall,sex_mle,30.32089
srb,2008,agegroup_yearsall,sex_btsx,19.23797
srb,2008,agegroup_yearsall,sex_fmle,11.29725
srb,2008,agegroup_yearsall,sex_mle,28.00897
srb,2009,agegroup_yearsall,sex_btsx,20.94279
srb,2009,agegroup_yearsall,sex_fmle,11.32677
srb,2009,agegroup_yearsall,sex_mle,31.54987
srb,2010,agegroup_yearsall,sex_btsx,18.58695
srb,2010,agegroup_yearsall,sex_fmle,9.52843
srb,2010,agegroup_yearsall,sex_mle,28.56531
srb,2011,agegroup_yearsall,sex_btsx,19.30329
srb,2011,agegroup_yearsall,sex_fmle,10.52332
srb,2011,agegroup_yearsall,sex_mle,28.96147
srb,2012,agegroup_yearsall,sex_btsx,19.44123
srb,2012,agegroup_yearsall,sex_fmle,9.84443
srb,2012,agegroup_yearsall,sex_mle,29.99222
srb,2013,agegroup_yearsall,sex_btsx,19.03695
srb,2013,agegroup_yearsall,sex_fmle,9.53988
srb,2013,agegroup_yearsall,sex_mle,29.48107
srb,2014,agegroup_yearsall,sex_btsx,18.0868
srb,2014,agegroup_yearsall,sex_fmle,9.07793
srb,2014,agegroup_yearsall,sex_mle,27.99597
srb,2015,agegroup_yearsall,sex_btsx,17.11738
srb,2015,agegroup_yearsall,sex_fmle,9.14327
srb,2015,agegroup_yearsall,sex_mle,25.88952
srb,2016,agegroup_yearsall,sex_btsx,15.95949
srb,2016,agegroup_yearsall,sex_fmle,9.06372
srb,2016,agegroup_yearsall,sex_mle,23.54547
srb,2017,agegroup_yearsall,sex_btsx,16.25666
srb,2017,agegroup_yearsall,sex_fmle,8.56339
srb,2017,agegroup_yearsall,sex_mle,24.71846
srb,2018,agegroup_yearsall,sex_btsx,15.59923
srb,2018,agegroup_yearsall,sex_fmle,7.85744
srb,2018,agegroup_yearsall,sex_mle,24.11117
srb,2019,agegroup_years15_19,sex_btsx,2.57
srb,2019,agegroup_years15_19,sex_fmle,0.76
srb,2019,agegroup_years15_19,sex_mle,4.25
srb,2019,agegroup_years15_24,sex_btsx,2.66
srb,2019,agegroup_years15_24,sex_fmle,1.03
srb,2019,agegroup_years15_24,sex_mle,4.2
srb,2019,agegroup_years15_29,sex_btsx,3.91
srb,2019,agegroup_years15_29,sex_fmle,1.44
srb,2019,agegroup_years15_29,sex_mle,6.23
srb,2019,agegroup_years25_34,sex_btsx,6.43
srb,2019,agegroup_years25_34,sex_fmle,2.56
srb,2019,agegroup_years25_34,sex_mle,10.08
srb,2019,agegroup_years30_49,sex_btsx,10.14
srb,2019,agegroup_years30_49,sex_fmle,4.75
srb,2019,agegroup_years30_49,sex_mle,15.47
srb,2019,agegroup_years35_44,sex_btsx,10.39
srb,2019,agegroup_years35_44,sex_fmle,4.73
srb,2019,agegroup_years35_44,sex_mle,16.02
srb,2019,agegroup_years45_54,sex_btsx,13.25
srb,2019,agegroup_years45_54,sex_fmle,6.51
srb,2019,agegroup_years45_54,sex_mle,20.18
srb,2019,agegroup_years55_64,sex_btsx,15.14
srb,2019,agegroup_years55_64,sex_fmle,7.23
srb,2019,agegroup_years55_64,sex_mle,23.8
srb,2019,agegroup_years65_74,sex_btsx,18.84
srb,2019,agegroup_years65_74,sex_fmle,12.19
srb,2019,agegroup_years65_74,sex_mle,26.91
srb,2019,agegroup_years75_84,sex_btsx,35.61
srb,2019,agegroup_years75_84,sex_fmle,19.69
srb,2019,agegroup_years75_84,sex_mle,59.15
srb,2019,agegroup_years85plus,sex_btsx,61.37
srb,2019,agegroup_years85plus,sex_fmle,30.34
srb,2019,agegroup_years85plus,sex_mle,115.94
srb,2019,agegroup_yearsall,sex_btsx,15.74739
srb,2019,agegroup_yearsall,sex_fmle,8.653
srb,2019,agegroup_yearsall,sex_mle,23.54453
srb,2020,agegroup_yearsall,sex_btsx,15.60946
srb,2020,agegroup_yearsall,sex_fmle,8.07148
srb,2020,agegroup_yearsall,sex_mle,23.89366
srb,2021,agegroup_yearsall,sex_btsx,15.14375
srb,2021,agegroup_yearsall,sex_fmle,8.0179
srb,2021,agegroup_yearsall,sex_mle,22.97638
ssd,2000,agegroup_yearsall,sex_btsx,5.10583
ssd,2000,agegroup_yearsall,sex_fmle,2.494
ssd,2000,agegroup_yearsall,sex_mle,7.86669
ssd,2001,agegroup_yearsall,sex_btsx,4.76104
ssd,2001,agegroup_yearsall,sex_fmle,2.29251
ssd,2001,agegroup_yearsall,sex_mle,7.3603
ssd,2002,agegroup_yearsall,sex_btsx,4.59214
ssd,2002,agegroup_yearsall,sex_fmle,2.18269
ssd,2002,agegroup_yearsall,sex_mle,7.1198
ssd,2003,agegroup_yearsall,sex_btsx,4.69771
ssd,2003,agegroup_yearsall,sex_fmle,2.22996
ssd,2003,agegroup_yearsall,sex_mle,7.27675
ssd,2004,agegroup_yearsall,sex_btsx,4.79515
ssd,2004,agegroup_yearsall,sex_fmle,2.26781
ssd,2004,agegroup_yearsall,sex_mle,7.42638
ssd,2005,agegroup_yearsall,sex_btsx,4.75273
ssd,2005,agegroup_yearsall,sex_fmle,2.22883
ssd,2005,agegroup_yearsall,sex_mle,7.37092
ssd,2006,agegroup_yearsall,sex_btsx,4.87234
ssd,2006,agegroup_yearsall,sex_fmle,2.26708
ssd,2006,agegroup_yearsall,sex_mle,7.56598
ssd,2007,agegroup_yearsall,sex_btsx,4.89393
ssd,2007,agegroup_yearsall,sex_fmle,2.27467
ssd,2007,agegroup_yearsall,sex_mle,7.59387
ssd,2008,agegroup_yearsall,sex_btsx,4.86889
ssd,2008,agegroup_yearsall,sex_fmle,2.22898
ssd,2008,agegroup_yearsall,sex_mle,7.58273
ssd,2009,agegroup_yearsall,sex_btsx,4.96172
ssd,2009,agegroup_yearsall,sex_fmle,2.4213
ssd,2009,agegroup_yearsall,sex_mle,7.56707
ssd,2010,agegroup_yearsall,sex_btsx,4.86777
ssd,2010,agegroup_yearsall,sex_fmle,2.23125
ssd,2010,agegroup_yearsall,sex_mle,7.56549
ssd,2011,agegroup_yearsall,sex_btsx,4.85719
ssd,2011,agegroup_yearsall,sex_fmle,2.44069
ssd,2011,agegroup_yearsall,sex_mle,7.32479
ssd,2012,agegroup_yearsall,sex_btsx,4.92556
ssd,2012,agegroup_yearsall,sex_fmle,2.50347
ssd,2012,agegroup_yearsall,sex_mle,7.39494
ssd,2013,agegroup_yearsall,sex_btsx,5.15097
ssd,2013,agegroup_yearsall,sex_fmle,2.60266
ssd,2013,agegroup_yearsall,sex_mle,7.74566
ssd,2014,agegroup_yearsall,sex_btsx,5.28185
ssd,2014,agegroup_yearsall,sex_fmle,2.7079
ssd,2014,agegroup_yearsall,sex_mle,7.90464
ssd,2015,agegroup_yearsall,sex_btsx,5.58979
ssd,2015,agegroup_yearsall,sex_fmle,2.82669
ssd,2015,agegroup_yearsall,sex_mle,8.41291
ssd,2016,agegroup_yearsall,sex_btsx,5.71744
ssd,2016,agegroup_yearsall,sex_fmle,2.60878
ssd,2016,agegroup_yearsall,sex_mle,8.90541
ssd,2017,agegroup_yearsall,sex_btsx,5.90938
ssd,2017,agegroup_yearsall,sex_fmle,2.74185
ssd,2017,agegroup_yearsall,sex_mle,9.1743
ssd,2018,agegroup_yearsall,sex_btsx,6.65402
ssd,2018,agegroup_yearsall,sex_fmle,3.11637
ssd,2018,agegroup_yearsall,sex_mle,10.30999
ssd,2019,agegroup_years15_19,sex_btsx,2
ssd,2019,agegroup_years15_19,sex_fmle,1.19
ssd,2019,agegroup_years15_19,sex_mle,2.8
ssd,2019,agegroup_years15_24,sex_btsx,2.45
ssd,2019,agegroup_years15_24,sex_fmle,1.26
ssd,2019,agegroup_years15_24,sex_mle,3.61
ssd,2019,agegroup_years15_29,sex_btsx,2.71
ssd,2019,agegroup_years15_29,sex_fmle,1.33
ssd,2019,agegroup_years15_29,sex_mle,4.08
ssd,2019,agegroup_years25_34,sex_btsx,3.39
ssd,2019,agegroup_years25_34,sex_fmle,1.54
ssd,2019,agegroup_years25_34,sex_mle,5.24
ssd,2019,agegroup_years30_49,sex_btsx,4.72
ssd,2019,agegroup_years30_49,sex_fmle,2.17
ssd,2019,agegroup_years30_49,sex_mle,7.3
ssd,2019,agegroup_years35_44,sex_btsx,4.8
ssd,2019,agegroup_years35_44,sex_fmle,2.18
ssd,2019,agegroup_years35_44,sex_mle,7.42
ssd,2019,agegroup_years45_54,sex_btsx,8.16
ssd,2019,agegroup_years45_54,sex_fmle,4.07
ssd,2019,agegroup_years45_54,sex_mle,12.36
ssd,2019,agegroup_years55_64,sex_btsx,12.81
ssd,2019,agegroup_years55_64,sex_fmle,6.56
ssd,2019,agegroup_years55_64,sex_mle,19.62
ssd,2019,agegroup_years65_74,sex_btsx,27.3
ssd,2019,agegroup_years65_74,sex_fmle,14.48
ssd,2019,agegroup_years65_74,sex_mle,41.94
ssd,2019,agegroup_years75_84,sex_btsx,46.81
ssd,2019,agegroup_years75_84,sex_fmle,24.12
ssd,2019,agegroup_years75_84,sex_mle,74.39
ssd,2019,agegroup_years85plus,sex_btsx,114.18
ssd,2019,agegroup_years85plus,sex_fmle,52.96
ssd,2019,agegroup_years85plus,sex_mle,201.59
ssd,2019,agegroup_yearsall,sex_btsx,7.24597
ssd,2019,agegroup_yearsall,sex_fmle,3.37728
ssd,2019,agegroup_yearsall,sex_mle,11.24201
ssd,2020,agegroup_yearsall,sex_btsx,7.62659
ssd,2020,agegroup_yearsall,sex_fmle,3.54499
ssd,2020,agegroup_yearsall,sex_mle,11.84068
ssd,2021,agegroup_yearsall,sex_btsx,7.88784
ssd,2021,agegroup_yearsall,sex_fmle,3.85053
ssd,2021,agegroup_yearsall,sex_mle,12.05662
stp,2000,agegroup_yearsall,sex_btsx,0.90799
stp,2000,agegroup_yearsall,sex_fmle,0.51418
stp,2000,agegroup_yearsall,sex_mle,1.30649
stp,2001,agegroup_yearsall,sex_btsx,0.91686
stp,2001,agegroup_yearsall,sex_fmle,0.528
stp,2001,agegroup_yearsall,sex_mle,1.31058
stp,2002,agegroup_yearsall,sex_btsx,0.92227
stp,2002,agegroup_yearsall,sex_fmle,0.5243
stp,2002,agegroup_yearsall,sex_mle,1.32519
stp,2003,agegroup_yearsall,sex_btsx,0.89817
stp,2003,agegroup_yearsall,sex_fmle,0.49864
stp,2003,agegroup_yearsall,sex_mle,1.30228
stp,2004,agegroup_yearsall,sex_btsx,0.89551
stp,2004,agegroup_yearsall,sex_fmle,0.4901
stp,2004,agegroup_yearsall,sex_mle,1.30536
stp,2005,agegroup_yearsall,sex_btsx,0.8415
stp,2005,agegroup_yearsall,sex_fmle,0.43373
stp,2005,agegroup_yearsall,sex_mle,1.2535
stp,2006,agegroup_yearsall,sex_btsx,0.89779
stp,2006,agegroup_yearsall,sex_fmle,0.47126
stp,2006,agegroup_yearsall,sex_mle,1.32845
stp,2007,agegroup_yearsall,sex_btsx,0.87055
stp,2007,agegroup_yearsall,sex_fmle,0.47907
stp,2007,agegroup_yearsall,sex_mle,1.26563
stp,2008,agegroup_yearsall,sex_btsx,0.84204
stp,2008,agegroup_yearsall,sex_fmle,0.44656
stp,2008,agegroup_yearsall,sex_mle,1.24098
stp,2009,agegroup_yearsall,sex_btsx,0.84936
stp,2009,agegroup_yearsall,sex_fmle,0.42551
stp,2009,agegroup_yearsall,sex_mle,1.27673
stp,2010,agegroup_yearsall,sex_btsx,0.85257
stp,2010,agegroup_yearsall,sex_fmle,0.43128
stp,2010,agegroup_yearsall,sex_mle,1.27725
stp,2011,agegroup_yearsall,sex_btsx,0.81616
stp,2011,agegroup_yearsall,sex_fmle,0.40241
stp,2011,agegroup_yearsall,sex_mle,1.23302
stp,2012,agegroup_yearsall,sex_btsx,0.82287
stp,2012,agegroup_yearsall,sex_fmle,0.40462
stp,2012,agegroup_yearsall,sex_mle,1.24396
stp,2013,agegroup_yearsall,sex_btsx,0.83065
stp,2013,agegroup_yearsall,sex_fmle,0.401
stp,2013,agegroup_yearsall,sex_mle,1.26305
stp,2014,agegroup_yearsall,sex_btsx,0.84762
stp,2014,agegroup_yearsall,sex_fmle,0.39624
stp,2014,agegroup_yearsall,sex_mle,1.3018
stp,2015,agegroup_yearsall,sex_btsx,0.8534
stp,2015,agegroup_yearsall,sex_fmle,0.40635
stp,2015,agegroup_yearsall,sex_mle,1.30313
stp,2016,agegroup_yearsall,sex_btsx,0.84635
stp,2016,agegroup_yearsall,sex_fmle,0.40335
stp,2016,agegroup_yearsall,sex_mle,1.29198
stp,2017,agegroup_yearsall,sex_btsx,0.84968
stp,2017,agegroup_yearsall,sex_fmle,0.4089
stp,2017,agegroup_yearsall,sex_mle,1.29317
stp,2018,agegroup_yearsall,sex_btsx,0.84107
stp,2018,agegroup_yearsall,sex_fmle,0.41973
stp,2018,agegroup_yearsall,sex_mle,1.2651
stp,2019,agegroup_years15_19,sex_btsx,1.14
stp,2019,agegroup_years15_19,sex_fmle,0.57
stp,2019,agegroup_years15_19,sex_mle,1.7
stp,2019,agegroup_years15_24,sex_btsx,1.57
stp,2019,agegroup_years15_24,sex_fmle,0.65
stp,2019,agegroup_years15_24,sex_mle,2.46
stp,2019,agegroup_years15_29,sex_btsx,1.72
stp,2019,agegroup_years15_29,sex_fmle,0.67
stp,2019,agegroup_years15_29,sex_mle,2.74
stp,2019,agegroup_years25_34,sex_btsx,2.07
stp,2019,agegroup_years25_34,sex_fmle,0.68
stp,2019,agegroup_years25_34,sex_mle,3.42
stp,2019,agegroup_years30_49,sex_btsx,2.39
stp,2019,agegroup_years30_49,sex_fmle,1.14
stp,2019,agegroup_years30_49,sex_mle,3.63
stp,2019,agegroup_years35_44,sex_btsx,2.37
stp,2019,agegroup_years35_44,sex_fmle,1.17
stp,2019,agegroup_years35_44,sex_mle,3.56
stp,2019,agegroup_years45_54,sex_btsx,3.23
stp,2019,agegroup_years45_54,sex_fmle,1.97
stp,2019,agegroup_years45_54,sex_mle,4.52
stp,2019,agegroup_years55_64,sex_btsx,4.39
stp,2019,agegroup_years55_64,sex_fmle,2.76
stp,2019,agegroup_years55_64,sex_mle,6.23
stp,2019,agegroup_years65_74,sex_btsx,5.83
stp,2019,agegroup_years65_74,sex_fmle,3.38
stp,2019,agegroup_years65_74,sex_mle,8.72
stp,2019,agegroup_years75_84,sex_btsx,6.68
stp,2019,agegroup_years75_84,sex_fmle,4.03
stp,2019,agegroup_years75_84,sex_mle,10.73
stp,2019,agegroup_years85plus,sex_btsx,14.19
stp,2019,agegroup_years85plus,sex_fmle,7.72
stp,2019,agegroup_years85plus,sex_mle,30.49
stp,2019,agegroup_yearsall,sex_btsx,0.86906
stp,2019,agegroup_yearsall,sex_fmle,0.43689
stp,2019,agegroup_yearsall,sex_mle,1.30418
stp,2020,agegroup_yearsall,sex_btsx,0.8251
stp,2020,agegroup_yearsall,sex_fmle,0.41545
stp,2020,agegroup_yearsall,sex_mle,1.23789
stp,2021,agegroup_yearsall,sex_btsx,0.85778
stp,2021,agegroup_yearsall,sex_fmle,0.43106
stp,2021,agegroup_yearsall,sex_mle,1.28821
sur,2000,agegroup_yearsall,sex_btsx,20.90049
sur,2000,agegroup_yearsall,sex_fmle,9.83037
sur,2000,agegroup_yearsall,sex_mle,31.7161
sur,2001,agegroup_yearsall,sex_btsx,22.60005
sur,2001,agegroup_yearsall,sex_fmle,10.15157
sur,2001,agegroup_yearsall,sex_mle,34.72083
sur,2002,agegroup_yearsall,sex_btsx,22.97566
sur,2002,agegroup_yearsall,sex_fmle,10.07613
sur,2002,agegroup_yearsall,sex_mle,35.49551
sur,2003,agegroup_yearsall,sex_btsx,23.29933
sur,2003,agegroup_yearsall,sex_fmle,9.75522
sur,2003,agegroup_yearsall,sex_mle,36.40422
sur,2004,agegroup_yearsall,sex_btsx,22.5287
sur,2004,agegroup_yearsall,sex_fmle,10.23982
sur,2004,agegroup_yearsall,sex_mle,34.41299
sur,2005,agegroup_yearsall,sex_btsx,22.6521
sur,2005,agegroup_yearsall,sex_fmle,10.48758
sur,2005,agegroup_yearsall,sex_mle,34.44026
sur,2006,agegroup_yearsall,sex_btsx,22.85019
sur,2006,agegroup_yearsall,sex_fmle,11.03109
sur,2006,agegroup_yearsall,sex_mle,34.32577
sur,2007,agegroup_yearsall,sex_btsx,23.05498
sur,2007,agegroup_yearsall,sex_fmle,11.37622
sur,2007,agegroup_yearsall,sex_mle,34.41555
sur,2008,agegroup_yearsall,sex_btsx,23.42341
sur,2008,agegroup_yearsall,sex_fmle,11.24583
sur,2008,agegroup_yearsall,sex_mle,35.29052
sur,2009,agegroup_yearsall,sex_btsx,22.74816
sur,2009,agegroup_yearsall,sex_fmle,10.94687
sur,2009,agegroup_yearsall,sex_mle,34.26885
sur,2010,agegroup_yearsall,sex_btsx,24.32262
sur,2010,agegroup_yearsall,sex_fmle,11.02089
sur,2010,agegroup_yearsall,sex_mle,37.33047
sur,2011,agegroup_yearsall,sex_btsx,23.8966
sur,2011,agegroup_yearsall,sex_fmle,11.09225
sur,2011,agegroup_yearsall,sex_mle,36.43941
sur,2012,agegroup_yearsall,sex_btsx,24.59099
sur,2012,agegroup_yearsall,sex_fmle,11.50764
sur,2012,agegroup_yearsall,sex_mle,37.4292
sur,2013,agegroup_yearsall,sex_btsx,24.30851
sur,2013,agegroup_yearsall,sex_fmle,12.14734
sur,2013,agegroup_yearsall,sex_mle,36.26173
sur,2014,agegroup_yearsall,sex_btsx,24.51474
sur,2014,agegroup_yearsall,sex_fmle,12.45064
sur,2014,agegroup_yearsall,sex_mle,36.39095
sur,2015,agegroup_yearsall,sex_btsx,26.12608
sur,2015,agegroup_yearsall,sex_fmle,13.06694
sur,2015,agegroup_yearsall,sex_mle,39.00108
sur,2016,agegroup_yearsall,sex_btsx,26.47199
sur,2016,agegroup_yearsall,sex_fmle,13.29989
sur,2016,agegroup_yearsall,sex_mle,39.48279
sur,2017,agegroup_yearsall,sex_btsx,25.8517
sur,2017,agegroup_yearsall,sex_fmle,13.0226
sur,2017,agegroup_yearsall,sex_mle,38.55262
sur,2018,agegroup_yearsall,sex_btsx,26.49866
sur,2018,agegroup_yearsall,sex_fmle,12.92608
sur,2018,agegroup_yearsall,sex_mle,39.96445
sur,2019,agegroup_years15_19,sex_btsx,15.25
sur,2019,agegroup_years15_19,sex_fmle,14.41
sur,2019,agegroup_years15_19,sex_mle,16.03
sur,2019,agegroup_years15_24,sex_btsx,15.59
sur,2019,agegroup_years15_24,sex_fmle,11.83
sur,2019,agegroup_years15_24,sex_mle,19.1
sur,2019,agegroup_years15_29,sex_btsx,24.36
sur,2019,agegroup_years15_29,sex_fmle,13.02
sur,2019,agegroup_years15_29,sex_mle,35.03
sur,2019,agegroup_years25_34,sex_btsx,46.16
sur,2019,agegroup_years25_34,sex_fmle,20.16
sur,2019,agegroup_years25_34,sex_mle,71.04
sur,2019,agegroup_years30_49,sex_btsx,33.28
sur,2019,agegroup_years30_49,sex_fmle,16.25
sur,2019,agegroup_years30_49,sex_mle,50.19
sur,2019,agegroup_years35_44,sex_btsx,25.75
sur,2019,agegroup_years35_44,sex_fmle,10.87
sur,2019,agegroup_years35_44,sex_mle,40.74
sur,2019,agegroup_years45_54,sex_btsx,29.76
sur,2019,agegroup_years45_54,sex_fmle,13.74
sur,2019,agegroup_years45_54,sex_mle,45.81
sur,2019,agegroup_years55_64,sex_btsx,50.54
sur,2019,agegroup_years55_64,sex_fmle,19.76
sur,2019,agegroup_years55_64,sex_mle,82.74
sur,2019,agegroup_years65_74,sex_btsx,47.26
sur,2019,agegroup_years65_74,sex_fmle,20.62
sur,2019,agegroup_years65_74,sex_mle,80.9
sur,2019,agegroup_years75_84,sex_btsx,72.66
sur,2019,agegroup_years75_84,sex_fmle,21.97
sur,2019,agegroup_years75_84,sex_mle,152.87
sur,2019,agegroup_years85plus,sex_btsx,131.61
sur,2019,agegroup_years85plus,sex_fmle,36.12
sur,2019,agegroup_years85plus,sex_mle,297.98
sur,2019,agegroup_yearsall,sex_btsx,26.32407
sur,2019,agegroup_yearsall,sex_fmle,12.47004
sur,2019,agegroup_yearsall,sex_mle,40.09037
sur,2020,agegroup_yearsall,sex_btsx,28.46851
sur,2020,agegroup_yearsall,sex_fmle,13.05389
sur,2020,agegroup_yearsall,sex_mle,43.80709
sur,2021,agegroup_yearsall,sex_btsx,22.26341
sur,2021,agegroup_yearsall,sex_fmle,14.02681
sur,2021,agegroup_yearsall,sex_mle,30.4749
svk,2000,agegroup_yearsall,sex_btsx,14.28097
svk,2000,agegroup_yearsall,sex_fmle,5.09421
svk,2000,agegroup_yearsall,sex_mle,24.00365
svk,2001,agegroup_yearsall,sex_btsx,13.94573
svk,2001,agegroup_yearsall,sex_fmle,4.56077
svk,2001,agegroup_yearsall,sex_mle,23.88163
svk,2002,agegroup_yearsall,sex_btsx,14.71895
svk,2002,agegroup_yearsall,sex_fmle,4.01427
svk,2002,agegroup_yearsall,sex_mle,26.05013
svk,2003,agegroup_yearsall,sex_btsx,15.17401
svk,2003,agegroup_yearsall,sex_fmle,4.15216
svk,2003,agegroup_yearsall,sex_mle,26.83939
svk,2004,agegroup_yearsall,sex_btsx,13.99933
svk,2004,agegroup_yearsall,sex_fmle,4.7041
svk,2004,agegroup_yearsall,sex_mle,23.83423
svk,2005,agegroup_yearsall,sex_btsx,13.81827
svk,2005,agegroup_yearsall,sex_fmle,3.91146
svk,2005,agegroup_yearsall,sex_mle,24.29578
svk,2006,agegroup_yearsall,sex_btsx,14.74574
svk,2006,agegroup_yearsall,sex_fmle,3.87959
svk,2006,agegroup_yearsall,sex_mle,26.23329
svk,2007,agegroup_yearsall,sex_btsx,14.22444
svk,2007,agegroup_yearsall,sex_fmle,4.01549
svk,2007,agegroup_yearsall,sex_mle,25.01272
svk,2008,agegroup_yearsall,sex_btsx,12.84474
svk,2008,agegroup_yearsall,sex_fmle,3.63643
svk,2008,agegroup_yearsall,sex_mle,22.57137
svk,2009,agegroup_yearsall,sex_btsx,13.19024
svk,2009,agegroup_yearsall,sex_fmle,2.68181
svk,2009,agegroup_yearsall,sex_mle,24.28247
svk,2010,agegroup_yearsall,sex_btsx,13.74374
svk,2010,agegroup_yearsall,sex_fmle,3.93816
svk,2010,agegroup_yearsall,sex_mle,24.08601
svk,2011,agegroup_yearsall,sex_btsx,12.27515
svk,2011,agegroup_yearsall,sex_fmle,3.35918
svk,2011,agegroup_yearsall,sex_mle,21.67221
svk,2012,agegroup_yearsall,sex_btsx,12.65851
svk,2012,agegroup_yearsall,sex_fmle,3.3188
svk,2012,agegroup_yearsall,sex_mle,22.49408
svk,2013,agegroup_yearsall,sex_btsx,12.33667
svk,2013,agegroup_yearsall,sex_fmle,3.21893
svk,2013,agegroup_yearsall,sex_mle,21.93214
svk,2014,agegroup_yearsall,sex_btsx,12.97105
svk,2014,agegroup_yearsall,sex_fmle,3.69374
svk,2014,agegroup_yearsall,sex_mle,22.72914
svk,2015,agegroup_yearsall,sex_btsx,11.20828
svk,2015,agegroup_yearsall,sex_fmle,3.2173
svk,2015,agegroup_yearsall,sex_mle,19.60676
svk,2016,agegroup_yearsall,sex_btsx,9.49179
svk,2016,agegroup_yearsall,sex_fmle,2.93298
svk,2016,agegroup_yearsall,sex_mle,16.37843
svk,2017,agegroup_yearsall,sex_btsx,9.13623
svk,2017,agegroup_yearsall,sex_fmle,3.40166
svk,2017,agegroup_yearsall,sex_mle,15.15245
svk,2018,agegroup_yearsall,sex_btsx,10.22546
svk,2018,agegroup_yearsall,sex_fmle,3.91139
svk,2018,agegroup_yearsall,sex_mle,16.84435
svk,2019,agegroup_years15_19,sex_btsx,4.02
svk,2019,agegroup_years15_19,sex_fmle,1.64
svk,2019,agegroup_years15_19,sex_mle,6.28
svk,2019,agegroup_years15_24,sex_btsx,5.67
svk,2019,agegroup_years15_24,sex_fmle,1.7
svk,2019,agegroup_years15_24,sex_mle,9.44
svk,2019,agegroup_years15_29,sex_btsx,6.78
svk,2019,agegroup_years15_29,sex_fmle,1.77
svk,2019,agegroup_years15_29,sex_mle,11.54
svk,2019,agegroup_years25_34,sex_btsx,8.68
svk,2019,agegroup_years25_34,sex_fmle,1.89
svk,2019,agegroup_years25_34,sex_mle,15.17
svk,2019,agegroup_years30_49,sex_btsx,12.26
svk,2019,agegroup_years30_49,sex_fmle,2.76
svk,2019,agegroup_years30_49,sex_mle,21.36
svk,2019,agegroup_years35_44,sex_btsx,11.93
svk,2019,agegroup_years35_44,sex_fmle,2.16
svk,2019,agegroup_years35_44,sex_mle,21.2
svk,2019,agegroup_years45_54,sex_btsx,19.64
svk,2019,agegroup_years45_54,sex_fmle,6.87
svk,2019,agegroup_years45_54,sex_mle,32.38
svk,2019,agegroup_years55_64,sex_btsx,19.64
svk,2019,agegroup_years55_64,sex_fmle,6.67
svk,2019,agegroup_years55_64,sex_mle,33.96
svk,2019,agegroup_years65_74,sex_btsx,17.41
svk,2019,agegroup_years65_74,sex_fmle,4.65
svk,2019,agegroup_years65_74,sex_mle,34.17
svk,2019,agegroup_years75_84,sex_btsx,18.74
svk,2019,agegroup_years75_84,sex_fmle,4.78
svk,2019,agegroup_years75_84,sex_mle,44.69
svk,2019,agegroup_years85plus,sex_btsx,25.85
svk,2019,agegroup_years85plus,sex_fmle,8.77
svk,2019,agegroup_years85plus,sex_mle,67.98
svk,2019,agegroup_yearsall,sex_btsx,9.01833
svk,2019,agegroup_yearsall,sex_fmle,2.98138
svk,2019,agegroup_yearsall,sex_mle,15.34282
svk,2020,agegroup_yearsall,sex_btsx,9.36396
svk,2020,agegroup_yearsall,sex_fmle,2.66848
svk,2020,agegroup_yearsall,sex_mle,16.3766
svk,2021,agegroup_yearsall,sex_btsx,9.91209
svk,2021,agegroup_yearsall,sex_fmle,3.02598
svk,2021,agegroup_yearsall,sex_mle,17.12534
svn,2000,agegroup_yearsall,sex_btsx,31.93393
svn,2000,agegroup_yearsall,sex_fmle,16.77864
svn,2000,agegroup_yearsall,sex_mle,47.7977
svn,2001,agegroup_yearsall,sex_btsx,30.65137
svn,2001,agegroup_yearsall,sex_fmle,12.95535
svn,2001,agegroup_yearsall,sex_mle,49.15185
svn,2002,agegroup_yearsall,sex_btsx,29.10168
svn,2002,agegroup_yearsall,sex_fmle,11.56155
svn,2002,agegroup_yearsall,sex_mle,47.43031
svn,2003,agegroup_yearsall,sex_btsx,29.65234
svn,2003,agegroup_yearsall,sex_fmle,12.72074
svn,2003,agegroup_yearsall,sex_mle,47.33412
svn,2004,agegroup_yearsall,sex_btsx,28.56948
svn,2004,agegroup_yearsall,sex_fmle,15.739
svn,2004,agegroup_yearsall,sex_mle,41.96453
svn,2005,agegroup_yearsall,sex_btsx,26.94539
svn,2005,agegroup_yearsall,sex_fmle,11.79226
svn,2005,agegroup_yearsall,sex_mle,42.74443
svn,2006,agegroup_yearsall,sex_btsx,28.2137
svn,2006,agegroup_yearsall,sex_fmle,11.96578
svn,2006,agegroup_yearsall,sex_mle,45.09306
svn,2007,agegroup_yearsall,sex_btsx,23.03115
svn,2007,agegroup_yearsall,sex_fmle,10.48119
svn,2007,agegroup_yearsall,sex_mle,35.9629
svn,2008,agegroup_yearsall,sex_btsx,20.46595
svn,2008,agegroup_yearsall,sex_fmle,8.7437
svn,2008,agegroup_yearsall,sex_mle,32.47113
svn,2009,agegroup_yearsall,sex_btsx,22.23203
svn,2009,agegroup_yearsall,sex_fmle,9.67898
svn,2009,agegroup_yearsall,sex_mle,35.04988
svn,2010,agegroup_yearsall,sex_btsx,20.58065
svn,2010,agegroup_yearsall,sex_fmle,7.604
svn,2010,agegroup_yearsall,sex_mle,33.80714
svn,2011,agegroup_yearsall,sex_btsx,21.67015
svn,2011,agegroup_yearsall,sex_fmle,8.9644
svn,2011,agegroup_yearsall,sex_mle,34.63897
svn,2012,agegroup_yearsall,sex_btsx,21.75835
svn,2012,agegroup_yearsall,sex_fmle,7.77098
svn,2012,agegroup_yearsall,sex_mle,36.03172
svn,2013,agegroup_yearsall,sex_btsx,22.16662
svn,2013,agegroup_yearsall,sex_fmle,8.44004
svn,2013,agegroup_yearsall,sex_mle,36.15521
svn,2014,agegroup_yearsall,sex_btsx,19.53672
svn,2014,agegroup_yearsall,sex_fmle,6.55111
svn,2014,agegroup_yearsall,sex_mle,32.75396
svn,2015,agegroup_yearsall,sex_btsx,20.99574
svn,2015,agegroup_yearsall,sex_fmle,8.93434
svn,2015,agegroup_yearsall,sex_mle,33.26048
svn,2016,agegroup_yearsall,sex_btsx,18.8064
svn,2016,agegroup_yearsall,sex_fmle,7.55705
svn,2016,agegroup_yearsall,sex_mle,30.22935
svn,2017,agegroup_yearsall,sex_btsx,20.42722
svn,2017,agegroup_yearsall,sex_fmle,8.50738
svn,2017,agegroup_yearsall,sex_mle,32.50279
svn,2018,agegroup_yearsall,sex_btsx,17.39916
svn,2018,agegroup_yearsall,sex_fmle,7.71527
svn,2018,agegroup_yearsall,sex_mle,27.15318
svn,2019,agegroup_years15_19,sex_btsx,6.88
svn,2019,agegroup_years15_19,sex_fmle,4.09
svn,2019,agegroup_years15_19,sex_mle,9.5
svn,2019,agegroup_years15_24,sex_btsx,7.67
svn,2019,agegroup_years15_24,sex_fmle,2.78
svn,2019,agegroup_years15_24,sex_mle,12.24
svn,2019,agegroup_years15_29,sex_btsx,10.75
svn,2019,agegroup_years15_29,sex_fmle,3.03
svn,2019,agegroup_years15_29,sex_mle,18.01
svn,2019,agegroup_years25_34,sex_btsx,15.24
svn,2019,agegroup_years25_34,sex_fmle,4.38
svn,2019,agegroup_years25_34,sex_mle,25.38
svn,2019,agegroup_years30_49,sex_btsx,17.58
svn,2019,agegroup_years30_49,sex_fmle,8.26
svn,2019,agegroup_years30_49,sex_mle,26.03
svn,2019,agegroup_years35_44,sex_btsx,16.73
svn,2019,agegroup_years35_44,sex_fmle,7.69
svn,2019,agegroup_years35_44,sex_mle,24.89
svn,2019,agegroup_years45_54,sex_btsx,24.57
svn,2019,agegroup_years45_54,sex_fmle,11.91
svn,2019,agegroup_years45_54,sex_mle,36.49
svn,2019,agegroup_years55_64,sex_btsx,25.53
svn,2019,agegroup_years55_64,sex_fmle,7.46
svn,2019,agegroup_years55_64,sex_mle,43.45
svn,2019,agegroup_years65_74,sex_btsx,34.69
svn,2019,agegroup_years65_74,sex_fmle,17.78
svn,2019,agegroup_years65_74,sex_mle,53.11
svn,2019,agegroup_years75_84,sex_btsx,38.03
svn,2019,agegroup_years75_84,sex_fmle,11.86
svn,2019,agegroup_years75_84,sex_mle,76.4
svn,2019,agegroup_years85plus,sex_btsx,35.81
svn,2019,agegroup_years85plus,sex_fmle,10.01
svn,2019,agegroup_years85plus,sex_mle,102.36
svn,2019,agegroup_yearsall,sex_btsx,19.34061
svn,2019,agegroup_yearsall,sex_fmle,8.34176
svn,2019,agegroup_yearsall,sex_mle,30.3178
svn,2020,agegroup_yearsall,sex_btsx,17.73742
svn,2020,agegroup_yearsall,sex_fmle,7.22545
svn,2020,agegroup_yearsall,sex_mle,28.1763
svn,2021,agegroup_yearsall,sex_btsx,18.85039
svn,2021,agegroup_yearsall,sex_fmle,7.67023
svn,2021,agegroup_yearsall,sex_mle,29.94859
swe,2000,agegroup_yearsall,sex_btsx,14.87415
swe,2000,agegroup_yearsall,sex_fmle,9.63739
swe,2000,agegroup_yearsall,sex_mle,20.2291
swe,2001,agegroup_yearsall,sex_btsx,15.94538
swe,2001,agegroup_yearsall,sex_fmle,10.09112
swe,2001,agegroup_yearsall,sex_mle,21.9253
swe,2002,agegroup_yearsall,sex_btsx,15.56698
swe,2002,agegroup_yearsall,sex_fmle,8.98367
swe,2002,agegroup_yearsall,sex_mle,22.28291
swe,2003,agegroup_yearsall,sex_btsx,14.48526
swe,2003,agegroup_yearsall,sex_fmle,9.16067
swe,2003,agegroup_yearsall,sex_mle,19.91074
swe,2004,agegroup_yearsall,sex_btsx,14.77314
swe,2004,agegroup_yearsall,sex_fmle,8.72288
swe,2004,agegroup_yearsall,sex_mle,20.93232
swe,2005,agegroup_yearsall,sex_btsx,15.72979
swe,2005,agegroup_yearsall,sex_fmle,10.33141
swe,2005,agegroup_yearsall,sex_mle,21.22033
swe,2006,agegroup_yearsall,sex_btsx,15.18824
swe,2006,agegroup_yearsall,sex_fmle,9.8941
swe,2006,agegroup_yearsall,sex_mle,20.56492
swe,2007,agegroup_yearsall,sex_btsx,14.63955
swe,2007,agegroup_yearsall,sex_fmle,9.05553
swe,2007,agegroup_yearsall,sex_mle,20.29805
swe,2008,agegroup_yearsall,sex_btsx,15.06096
swe,2008,agegroup_yearsall,sex_fmle,8.96342
swe,2008,agegroup_yearsall,sex_mle,21.2277
swe,2009,agegroup_yearsall,sex_btsx,15.69179
swe,2009,agegroup_yearsall,sex_fmle,9.45855
swe,2009,agegroup_yearsall,sex_mle,21.9867
swe,2010,agegroup_yearsall,sex_btsx,14.61155
swe,2010,agegroup_yearsall,sex_fmle,8.59207
swe,2010,agegroup_yearsall,sex_mle,20.68097
swe,2011,agegroup_yearsall,sex_btsx,14.0704
swe,2011,agegroup_yearsall,sex_fmle,8.72816
swe,2011,agegroup_yearsall,sex_mle,19.44891
swe,2012,agegroup_yearsall,sex_btsx,14.86043
swe,2012,agegroup_yearsall,sex_fmle,9.32784
swe,2012,agegroup_yearsall,sex_mle,20.42393
swe,2013,agegroup_yearsall,sex_btsx,15.77555
swe,2013,agegroup_yearsall,sex_fmle,10.25893
swe,2013,agegroup_yearsall,sex_mle,21.31537
swe,2014,agegroup_yearsall,sex_btsx,14.84044
swe,2014,agegroup_yearsall,sex_fmle,10.16552
swe,2014,agegroup_yearsall,sex_mle,19.52469
swe,2015,agegroup_yearsall,sex_btsx,15.14755
swe,2015,agegroup_yearsall,sex_fmle,9.44489
swe,2015,agegroup_yearsall,sex_mle,20.84564
swe,2016,agegroup_yearsall,sex_btsx,14.02348
swe,2016,agegroup_yearsall,sex_fmle,9.33367
swe,2016,agegroup_yearsall,sex_mle,18.69328
swe,2017,agegroup_yearsall,sex_btsx,14.4717
swe,2017,agegroup_yearsall,sex_fmle,9.4454
swe,2017,agegroup_yearsall,sex_mle,19.45979
swe,2018,agegroup_yearsall,sex_btsx,14.62831
swe,2018,agegroup_yearsall,sex_fmle,9.55009
swe,2018,agegroup_yearsall,sex_mle,19.65694
swe,2019,agegroup_years15_19,sex_btsx,7.11
swe,2019,agegroup_years15_19,sex_fmle,5.95
swe,2019,agegroup_years15_19,sex_mle,8.22
swe,2019,agegroup_years15_24,sex_btsx,10.98
swe,2019,agegroup_years15_24,sex_fmle,7.37
swe,2019,agegroup_years15_24,sex_mle,14.4
swe,2019,agegroup_years15_29,sex_btsx,14.57
swe,2019,agegroup_years15_29,sex_fmle,9.05
swe,2019,agegroup_years15_29,sex_mle,19.82
swe,2019,agegroup_years25_34,sex_btsx,19.48
swe,2019,agegroup_years25_34,sex_fmle,11.05
swe,2019,agegroup_years25_34,sex_mle,27.58
swe,2019,agegroup_years30_49,sex_btsx,16.9
swe,2019,agegroup_years30_49,sex_fmle,9.96
swe,2019,agegroup_years30_49,sex_mle,23.59
swe,2019,agegroup_years35_44,sex_btsx,16.12
swe,2019,agegroup_years35_44,sex_fmle,8.56
swe,2019,agegroup_years35_44,sex_mle,23.37
swe,2019,agegroup_years45_54,sex_btsx,17.97
swe,2019,agegroup_years45_54,sex_fmle,12.8
swe,2019,agegroup_years45_54,sex_mle,22.98
swe,2019,agegroup_years55_64,sex_btsx,19.86
swe,2019,agegroup_years55_64,sex_fmle,13.45
swe,2019,agegroup_years55_64,sex_mle,26.21
swe,2019,agegroup_years65_74,sex_btsx,16.3
swe,2019,agegroup_years65_74,sex_fmle,9.23
swe,2019,agegroup_years65_74,sex_mle,23.64
swe,2019,agegroup_years75_84,sex_btsx,19.09
swe,2019,agegroup_years75_84,sex_fmle,10.79
swe,2019,agegroup_years75_84,sex_mle,28.69
swe,2019,agegroup_years85plus,sex_btsx,24.37
swe,2019,agegroup_years85plus,sex_fmle,13.65
swe,2019,agegroup_years85plus,sex_mle,43.55
swe,2019,agegroup_yearsall,sex_btsx,14.59669
swe,2019,agegroup_yearsall,sex_fmle,9.80153
swe,2019,agegroup_yearsall,sex_mle,19.33679
swe,2020,agegroup_yearsall,sex_btsx,13.36228
swe,2020,agegroup_yearsall,sex_fmle,8.45279
swe,2020,agegroup_yearsall,sex_mle,18.21026
swe,2021,agegroup_yearsall,sex_btsx,13.84039
swe,2021,agegroup_yearsall,sex_fmle,8.69505
swe,2021,agegroup_yearsall,sex_mle,18.9191
swz,2000,agegroup_yearsall,sex_btsx,12.531
swz,2000,agegroup_yearsall,sex_fmle,4.15152
swz,2000,agegroup_yearsall,sex_mle,21.48388
swz,2001,agegroup_yearsall,sex_btsx,13.91475
swz,2001,agegroup_yearsall,sex_fmle,4.86923
swz,2001,agegroup_yearsall,sex_mle,23.61909
swz,2002,agegroup_yearsall,sex_btsx,15.36489
swz,2002,agegroup_yearsall,sex_fmle,6.23871
swz,2002,agegroup_yearsall,sex_mle,25.198
swz,2003,agegroup_yearsall,sex_btsx,16.37946
swz,2003,agegroup_yearsall,sex_fmle,6.37136
swz,2003,agegroup_yearsall,sex_mle,27.21008
swz,2004,agegroup_yearsall,sex_btsx,16.97239
swz,2004,agegroup_yearsall,sex_fmle,6.9828
swz,2004,agegroup_yearsall,sex_mle,27.82715
swz,2005,agegroup_yearsall,sex_btsx,17.39755
swz,2005,agegroup_yearsall,sex_fmle,7.5145
swz,2005,agegroup_yearsall,sex_mle,28.17659
swz,2006,agegroup_yearsall,sex_btsx,18.03951
swz,2006,agegroup_yearsall,sex_fmle,8.52633
swz,2006,agegroup_yearsall,sex_mle,28.45428
swz,2007,agegroup_yearsall,sex_btsx,18.67448
swz,2007,agegroup_yearsall,sex_fmle,9.72194
swz,2007,agegroup_yearsall,sex_mle,28.48383
swz,2008,agegroup_yearsall,sex_btsx,19.48466
swz,2008,agegroup_yearsall,sex_fmle,10.9013
swz,2008,agegroup_yearsall,sex_mle,28.85261
swz,2009,agegroup_yearsall,sex_btsx,19.07793
swz,2009,agegroup_yearsall,sex_fmle,9.98914
swz,2009,agegroup_yearsall,sex_mle,28.94178
swz,2010,agegroup_yearsall,sex_btsx,27.77101
swz,2010,agegroup_yearsall,sex_fmle,17.13501
swz,2010,agegroup_yearsall,sex_mle,39.24915
swz,2011,agegroup_yearsall,sex_btsx,19.31415
swz,2011,agegroup_yearsall,sex_fmle,12.48414
swz,2011,agegroup_yearsall,sex_mle,26.64519
swz,2012,agegroup_yearsall,sex_btsx,20.43069
swz,2012,agegroup_yearsall,sex_fmle,13.08441
swz,2012,agegroup_yearsall,sex_mle,28.27642
swz,2013,agegroup_yearsall,sex_btsx,21.52755
swz,2013,agegroup_yearsall,sex_fmle,12.30071
swz,2013,agegroup_yearsall,sex_mle,31.33762
swz,2014,agegroup_yearsall,sex_btsx,22.78172
swz,2014,agegroup_yearsall,sex_fmle,10.37453
swz,2014,agegroup_yearsall,sex_mle,35.91844
swz,2015,agegroup_yearsall,sex_btsx,24.36616
swz,2015,agegroup_yearsall,sex_fmle,8.03933
swz,2015,agegroup_yearsall,sex_mle,41.58082
swz,2016,agegroup_yearsall,sex_btsx,25.83757
swz,2016,agegroup_yearsall,sex_fmle,7.08397
swz,2016,agegroup_yearsall,sex_mle,45.52988
swz,2017,agegroup_yearsall,sex_btsx,28.86874
swz,2017,agegroup_yearsall,sex_fmle,9.29959
swz,2017,agegroup_yearsall,sex_mle,49.34713
swz,2018,agegroup_yearsall,sex_btsx,29.8537
swz,2018,agegroup_yearsall,sex_fmle,10.71323
swz,2018,agegroup_yearsall,sex_mle,49.8267
swz,2019,agegroup_years15_19,sex_btsx,14.76
swz,2019,agegroup_years15_19,sex_fmle,4.73
swz,2019,agegroup_years15_19,sex_mle,24.5
swz,2019,agegroup_years15_24,sex_btsx,19.19
swz,2019,agegroup_years15_24,sex_fmle,4.6
swz,2019,agegroup_years15_24,sex_mle,33.07
swz,2019,agegroup_years15_29,sex_btsx,24.25
swz,2019,agegroup_years15_29,sex_fmle,4.34
swz,2019,agegroup_years15_29,sex_mle,43.33
swz,2019,agegroup_years25_34,sex_btsx,39.92
swz,2019,agegroup_years25_34,sex_fmle,3.94
swz,2019,agegroup_years25_34,sex_mle,78.83
swz,2019,agegroup_years30_49,sex_btsx,67.97
swz,2019,agegroup_years30_49,sex_fmle,7.34
swz,2019,agegroup_years30_49,sex_mle,141.75
swz,2019,agegroup_years35_44,sex_btsx,75.03
swz,2019,agegroup_years35_44,sex_fmle,8.76
swz,2019,agegroup_years35_44,sex_mle,160.67
swz,2019,agegroup_years45_54,sex_btsx,92.98
swz,2019,agegroup_years45_54,sex_fmle,10.67
swz,2019,agegroup_years45_54,sex_mle,168.01
swz,2019,agegroup_years55_64,sex_btsx,68.39
swz,2019,agegroup_years55_64,sex_fmle,12.33
swz,2019,agegroup_years55_64,sex_mle,119.63
swz,2019,agegroup_years65_74,sex_btsx,51.68
swz,2019,agegroup_years65_74,sex_fmle,15.58
swz,2019,agegroup_years65_74,sex_mle,104.34
swz,2019,agegroup_years75_84,sex_btsx,52.31
swz,2019,agegroup_years75_84,sex_fmle,22.51
swz,2019,agegroup_years75_84,sex_mle,124.25
swz,2019,agegroup_years85plus,sex_btsx,105.81
swz,2019,agegroup_years85plus,sex_fmle,46.25
swz,2019,agegroup_years85plus,sex_mle,389.55
swz,2019,agegroup_yearsall,sex_btsx,28.12621
swz,2019,agegroup_yearsall,sex_fmle,9.02637
swz,2019,agegroup_yearsall,sex_mle,48.00139
swz,2020,agegroup_yearsall,sex_btsx,23.83279
swz,2020,agegroup_yearsall,sex_fmle,7.20618
swz,2020,agegroup_yearsall,sex_mle,41.10125
swz,2021,agegroup_yearsall,sex_btsx,27.22724
swz,2021,agegroup_yearsall,sex_fmle,10.09551
swz,2021,agegroup_yearsall,sex_mle,45.00271
syc,2000,agegroup_yearsall,sex_btsx,8.91436
syc,2000,agegroup_yearsall,sex_fmle,1.54248
syc,2000,agegroup_yearsall,sex_mle,16.01013
syc,2001,agegroup_yearsall,sex_btsx,9.10093
syc,2001,agegroup_yearsall,sex_fmle,1.5762
syc,2001,agegroup_yearsall,sex_mle,16.32202
syc,2002,agegroup_yearsall,sex_btsx,8.34649
syc,2002,agegroup_yearsall,sex_fmle,1.43998
syc,2002,agegroup_yearsall,sex_mle,14.94993
syc,2003,agegroup_yearsall,sex_btsx,8.56808
syc,2003,agegroup_yearsall,sex_fmle,1.45744
syc,2003,agegroup_yearsall,sex_mle,15.32565
syc,2004,agegroup_yearsall,sex_btsx,8.90733
syc,2004,agegroup_yearsall,sex_fmle,1.50787
syc,2004,agegroup_yearsall,sex_mle,15.88986
syc,2005,agegroup_yearsall,sex_btsx,7.94454
syc,2005,agegroup_yearsall,sex_fmle,1.47322
syc,2005,agegroup_yearsall,sex_mle,14.00756
syc,2006,agegroup_yearsall,sex_btsx,7.76957
syc,2006,agegroup_yearsall,sex_fmle,1.54549
syc,2006,agegroup_yearsall,sex_mle,13.55993
syc,2007,agegroup_yearsall,sex_btsx,7.16924
syc,2007,agegroup_yearsall,sex_fmle,1.5122
syc,2007,agegroup_yearsall,sex_mle,12.39725
syc,2008,agegroup_yearsall,sex_btsx,7.4058
syc,2008,agegroup_yearsall,sex_fmle,1.56589
syc,2008,agegroup_yearsall,sex_mle,12.76948
syc,2009,agegroup_yearsall,sex_btsx,7.04274
syc,2009,agegroup_yearsall,sex_fmle,1.47413
syc,2009,agegroup_yearsall,sex_mle,12.1269
syc,2010,agegroup_yearsall,sex_btsx,7.3042
syc,2010,agegroup_yearsall,sex_fmle,1.46008
syc,2010,agegroup_yearsall,sex_mle,12.59913
syc,2011,agegroup_yearsall,sex_btsx,7.44434
syc,2011,agegroup_yearsall,sex_fmle,1.44186
syc,2011,agegroup_yearsall,sex_mle,12.82718
syc,2012,agegroup_yearsall,sex_btsx,7.28318
syc,2012,agegroup_yearsall,sex_fmle,1.45976
syc,2012,agegroup_yearsall,sex_mle,12.44624
syc,2013,agegroup_yearsall,sex_btsx,7.37936
syc,2013,agegroup_yearsall,sex_fmle,1.43781
syc,2013,agegroup_yearsall,sex_mle,12.59052
syc,2014,agegroup_yearsall,sex_btsx,7.65627
syc,2014,agegroup_yearsall,sex_fmle,1.43183
syc,2014,agegroup_yearsall,sex_mle,13.06029
syc,2015,agegroup_yearsall,sex_btsx,7.59679
syc,2015,agegroup_yearsall,sex_fmle,1.4044
syc,2015,agegroup_yearsall,sex_mle,12.92132
syc,2016,agegroup_yearsall,sex_btsx,7.85785
syc,2016,agegroup_yearsall,sex_fmle,1.42638
syc,2016,agegroup_yearsall,sex_mle,13.33795
syc,2017,agegroup_yearsall,sex_btsx,7.81958
syc,2017,agegroup_yearsall,sex_fmle,1.428
syc,2017,agegroup_yearsall,sex_mle,13.21936
syc,2018,agegroup_yearsall,sex_btsx,7.90273
syc,2018,agegroup_yearsall,sex_fmle,1.42375
syc,2018,agegroup_yearsall,sex_mle,13.3309
syc,2019,agegroup_years15_19,sex_btsx,4.11
syc,2019,agegroup_years15_19,sex_fmle,1.48
syc,2019,agegroup_years15_19,sex_mle,6.64
syc,2019,agegroup_years15_24,sex_btsx,7.59
syc,2019,agegroup_years15_24,sex_fmle,1.64
syc,2019,agegroup_years15_24,sex_mle,13.24
syc,2019,agegroup_years15_29,sex_btsx,8.71
syc,2019,agegroup_years15_29,sex_fmle,1.73
syc,2019,agegroup_years15_29,sex_mle,15.18
syc,2019,agegroup_years25_34,sex_btsx,11.64
syc,2019,agegroup_years25_34,sex_fmle,1.87
syc,2019,agegroup_years25_34,sex_mle,20.01
syc,2019,agegroup_years30_49,sex_btsx,11.08
syc,2019,agegroup_years30_49,sex_fmle,1.67
syc,2019,agegroup_years30_49,sex_mle,19.13
syc,2019,agegroup_years35_44,sex_btsx,10.48
syc,2019,agegroup_years35_44,sex_fmle,1.61
syc,2019,agegroup_years35_44,sex_mle,17.95
syc,2019,agegroup_years45_54,sex_btsx,10.37
syc,2019,agegroup_years45_54,sex_fmle,1.65
syc,2019,agegroup_years45_54,sex_mle,18.61
syc,2019,agegroup_years55_64,sex_btsx,10.34
syc,2019,agegroup_years55_64,sex_fmle,1.48
syc,2019,agegroup_years55_64,sex_mle,19.38
syc,2019,agegroup_years65_74,sex_btsx,12.83
syc,2019,agegroup_years65_74,sex_fmle,2.07
syc,2019,agegroup_years65_74,sex_mle,24.35
syc,2019,agegroup_years75_84,sex_btsx,15.84
syc,2019,agegroup_years75_84,sex_fmle,3.38
syc,2019,agegroup_years75_84,sex_mle,35.9
syc,2019,agegroup_years85plus,sex_btsx,19.21
syc,2019,agegroup_years85plus,sex_fmle,4.62
syc,2019,agegroup_years85plus,sex_mle,56.72
syc,2019,agegroup_yearsall,sex_btsx,7.95874
syc,2019,agegroup_yearsall,sex_fmle,1.40608
syc,2019,agegroup_yearsall,sex_mle,13.40679
syc,2020,agegroup_yearsall,sex_btsx,6.61203
syc,2020,agegroup_yearsall,sex_fmle,1.87665
syc,2020,agegroup_yearsall,sex_mle,10.52176
syc,2021,agegroup_yearsall,sex_btsx,4.26616
syc,2021,agegroup_yearsall,sex_fmle,1.73803
syc,2021,agegroup_yearsall,sex_mle,6.33982
syr,2000,agegroup_yearsall,sex_btsx,1.03937
syr,2000,agegroup_yearsall,sex_fmle,0.60972
syr,2000,agegroup_yearsall,sex_mle,1.46059
syr,2001,agegroup_yearsall,sex_btsx,0.97692
syr,2001,agegroup_yearsall,sex_fmle,0.58101
syr,2001,agegroup_yearsall,sex_mle,1.36534
syr,2002,agegroup_yearsall,sex_btsx,0.94035
syr,2002,agegroup_yearsall,sex_fmle,0.54648
syr,2002,agegroup_yearsall,sex_mle,1.32705
syr,2003,agegroup_yearsall,sex_btsx,0.82777
syr,2003,agegroup_yearsall,sex_fmle,0.47536
syr,2003,agegroup_yearsall,sex_mle,1.174
syr,2004,agegroup_yearsall,sex_btsx,0.79117
syr,2004,agegroup_yearsall,sex_fmle,0.44175
syr,2004,agegroup_yearsall,sex_mle,1.13456
syr,2005,agegroup_yearsall,sex_btsx,0.74507
syr,2005,agegroup_yearsall,sex_fmle,0.39417
syr,2005,agegroup_yearsall,sex_mle,1.0899
syr,2006,agegroup_yearsall,sex_btsx,0.69714
syr,2006,agegroup_yearsall,sex_fmle,0.3529
syr,2006,agegroup_yearsall,sex_mle,1.03551
syr,2007,agegroup_yearsall,sex_btsx,0.6402
syr,2007,agegroup_yearsall,sex_fmle,0.30271
syr,2007,agegroup_yearsall,sex_mle,0.97211
syr,2008,agegroup_yearsall,sex_btsx,0.61533
syr,2008,agegroup_yearsall,sex_fmle,0.27796
syr,2008,agegroup_yearsall,sex_mle,0.94714
syr,2009,agegroup_yearsall,sex_btsx,0.58829
syr,2009,agegroup_yearsall,sex_fmle,0.25778
syr,2009,agegroup_yearsall,sex_mle,0.91326
syr,2010,agegroup_yearsall,sex_btsx,0.59097
syr,2010,agegroup_yearsall,sex_fmle,0.26235
syr,2010,agegroup_yearsall,sex_mle,0.91403
syr,2011,agegroup_yearsall,sex_btsx,0.59693
syr,2011,agegroup_yearsall,sex_fmle,0.26146
syr,2011,agegroup_yearsall,sex_mle,0.92671
syr,2012,agegroup_yearsall,sex_btsx,0.61393
syr,2012,agegroup_yearsall,sex_fmle,0.25826
syr,2012,agegroup_yearsall,sex_mle,0.96395
syr,2013,agegroup_yearsall,sex_btsx,0.64219
syr,2013,agegroup_yearsall,sex_fmle,0.26609
syr,2013,agegroup_yearsall,sex_mle,1.01299
syr,2014,agegroup_yearsall,sex_btsx,0.60806
syr,2014,agegroup_yearsall,sex_fmle,0.25534
syr,2014,agegroup_yearsall,sex_mle,0.95646
syr,2015,agegroup_yearsall,sex_btsx,0.61046
syr,2015,agegroup_yearsall,sex_fmle,0.25511
syr,2015,agegroup_yearsall,sex_mle,0.96247
syr,2016,agegroup_yearsall,sex_btsx,0.58126
syr,2016,agegroup_yearsall,sex_fmle,0.24826
syr,2016,agegroup_yearsall,sex_mle,0.91226
syr,2017,agegroup_yearsall,sex_btsx,0.59586
syr,2017,agegroup_yearsall,sex_fmle,0.2548
syr,2017,agegroup_yearsall,sex_mle,0.93588
syr,2018,agegroup_yearsall,sex_btsx,0.62167
syr,2018,agegroup_yearsall,sex_fmle,0.26951
syr,2018,agegroup_yearsall,sex_mle,0.97355
syr,2019,agegroup_years15_19,sex_btsx,1.78
syr,2019,agegroup_years15_19,sex_fmle,0.69
syr,2019,agegroup_years15_19,sex_mle,2.84
syr,2019,agegroup_years15_24,sex_btsx,2.25
syr,2019,agegroup_years15_24,sex_fmle,0.84
syr,2019,agegroup_years15_24,sex_mle,3.6
syr,2019,agegroup_years15_29,sex_btsx,2.51
syr,2019,agegroup_years15_29,sex_fmle,0.89
syr,2019,agegroup_years15_29,sex_mle,4.07
syr,2019,agegroup_years25_34,sex_btsx,2.95
syr,2019,agegroup_years25_34,sex_fmle,0.98
syr,2019,agegroup_years25_34,sex_mle,4.84
syr,2019,agegroup_years30_49,sex_btsx,2.81
syr,2019,agegroup_years30_49,sex_fmle,0.93
syr,2019,agegroup_years30_49,sex_mle,4.73
syr,2019,agegroup_years35_44,sex_btsx,2.83
syr,2019,agegroup_years35_44,sex_fmle,0.92
syr,2019,agegroup_years35_44,sex_mle,4.81
syr,2019,agegroup_years45_54,sex_btsx,2.74
syr,2019,agegroup_years45_54,sex_fmle,0.86
syr,2019,agegroup_years45_54,sex_mle,4.74
syr,2019,agegroup_years55_64,sex_btsx,2.84
syr,2019,agegroup_years55_64,sex_fmle,0.85
syr,2019,agegroup_years55_64,sex_mle,4.99
syr,2019,agegroup_years65_74,sex_btsx,3.09
syr,2019,agegroup_years65_74,sex_fmle,1.23
syr,2019,agegroup_years65_74,sex_mle,5.17
syr,2019,agegroup_years75_84,sex_btsx,3.44
syr,2019,agegroup_years75_84,sex_fmle,1.68
syr,2019,agegroup_years75_84,sex_mle,5.73
syr,2019,agegroup_years85plus,sex_btsx,6.07
syr,2019,agegroup_years85plus,sex_fmle,3.23
syr,2019,agegroup_years85plus,sex_mle,10.02
syr,2019,agegroup_yearsall,sex_btsx,0.61586
syr,2019,agegroup_yearsall,sex_fmle,0.26679
syr,2019,agegroup_yearsall,sex_mle,0.96504
syr,2020,agegroup_yearsall,sex_btsx,0.57465
syr,2020,agegroup_yearsall,sex_fmle,0.26478
syr,2020,agegroup_yearsall,sex_mle,0.88475
syr,2021,agegroup_yearsall,sex_btsx,0.58686
syr,2021,agegroup_yearsall,sex_fmle,0.26334
syr,2021,agegroup_yearsall,sex_mle,0.91061
tcd,2000,agegroup_yearsall,sex_btsx,5.2996
tcd,2000,agegroup_yearsall,sex_fmle,3.2375
tcd,2000,agegroup_yearsall,sex_mle,7.39589
tcd,2001,agegroup_yearsall,sex_btsx,5.23687
tcd,2001,agegroup_yearsall,sex_fmle,3.22085
tcd,2001,agegroup_yearsall,sex_mle,7.28268
tcd,2002,agegroup_yearsall,sex_btsx,5.2492
tcd,2002,agegroup_yearsall,sex_fmle,3.23193
tcd,2002,agegroup_yearsall,sex_mle,7.29255
tcd,2003,agegroup_yearsall,sex_btsx,5.04953
tcd,2003,agegroup_yearsall,sex_fmle,3.15286
tcd,2003,agegroup_yearsall,sex_mle,6.96716
tcd,2004,agegroup_yearsall,sex_btsx,5.15971
tcd,2004,agegroup_yearsall,sex_fmle,3.09847
tcd,2004,agegroup_yearsall,sex_mle,7.23993
tcd,2005,agegroup_yearsall,sex_btsx,5.3415
tcd,2005,agegroup_yearsall,sex_fmle,3.21464
tcd,2005,agegroup_yearsall,sex_mle,7.48425
tcd,2006,agegroup_yearsall,sex_btsx,5.38075
tcd,2006,agegroup_yearsall,sex_fmle,3.16881
tcd,2006,agegroup_yearsall,sex_mle,7.60572
tcd,2007,agegroup_yearsall,sex_btsx,5.40166
tcd,2007,agegroup_yearsall,sex_fmle,3.17765
tcd,2007,agegroup_yearsall,sex_mle,7.63555
tcd,2008,agegroup_yearsall,sex_btsx,5.42757
tcd,2008,agegroup_yearsall,sex_fmle,3.20225
tcd,2008,agegroup_yearsall,sex_mle,7.65955
tcd,2009,agegroup_yearsall,sex_btsx,5.51176
tcd,2009,agegroup_yearsall,sex_fmle,3.2327
tcd,2009,agegroup_yearsall,sex_mle,7.79434
tcd,2010,agegroup_yearsall,sex_btsx,5.55698
tcd,2010,agegroup_yearsall,sex_fmle,3.2328
tcd,2010,agegroup_yearsall,sex_mle,7.88153
tcd,2011,agegroup_yearsall,sex_btsx,5.48288
tcd,2011,agegroup_yearsall,sex_fmle,3.16264
tcd,2011,agegroup_yearsall,sex_mle,7.80053
tcd,2012,agegroup_yearsall,sex_btsx,5.42288
tcd,2012,agegroup_yearsall,sex_fmle,3.09547
tcd,2012,agegroup_yearsall,sex_mle,7.74493
tcd,2013,agegroup_yearsall,sex_btsx,5.35191
tcd,2013,agegroup_yearsall,sex_fmle,3.03877
tcd,2013,agegroup_yearsall,sex_mle,7.6572
tcd,2014,agegroup_yearsall,sex_btsx,5.25757
tcd,2014,agegroup_yearsall,sex_fmle,2.96822
tcd,2014,agegroup_yearsall,sex_mle,7.53705
tcd,2015,agegroup_yearsall,sex_btsx,5.14003
tcd,2015,agegroup_yearsall,sex_fmle,2.90417
tcd,2015,agegroup_yearsall,sex_mle,7.36458
tcd,2016,agegroup_yearsall,sex_btsx,5.09091
tcd,2016,agegroup_yearsall,sex_fmle,2.91285
tcd,2016,agegroup_yearsall,sex_mle,7.25649
tcd,2017,agegroup_yearsall,sex_btsx,5.12781
tcd,2017,agegroup_yearsall,sex_fmle,2.8575
tcd,2017,agegroup_yearsall,sex_mle,7.38393
tcd,2018,agegroup_yearsall,sex_btsx,5.20704
tcd,2018,agegroup_yearsall,sex_fmle,2.88071
tcd,2018,agegroup_yearsall,sex_mle,7.51798
tcd,2019,agegroup_years15_19,sex_btsx,3.16
tcd,2019,agegroup_years15_19,sex_fmle,1.55
tcd,2019,agegroup_years15_19,sex_mle,4.77
tcd,2019,agegroup_years15_24,sex_btsx,3.79
tcd,2019,agegroup_years15_24,sex_fmle,1.74
tcd,2019,agegroup_years15_24,sex_mle,5.83
tcd,2019,agegroup_years15_29,sex_btsx,4.12
tcd,2019,agegroup_years15_29,sex_fmle,1.79
tcd,2019,agegroup_years15_29,sex_mle,6.44
tcd,2019,agegroup_years25_34,sex_btsx,5.6
tcd,2019,agegroup_years25_34,sex_fmle,2.08
tcd,2019,agegroup_years25_34,sex_mle,9.11
tcd,2019,agegroup_years30_49,sex_btsx,10.03
tcd,2019,agegroup_years30_49,sex_fmle,3.58
tcd,2019,agegroup_years30_49,sex_mle,16.47
tcd,2019,agegroup_years35_44,sex_btsx,10.17
tcd,2019,agegroup_years35_44,sex_fmle,3.23
tcd,2019,agegroup_years35_44,sex_mle,17.07
tcd,2019,agegroup_years45_54,sex_btsx,20.55
tcd,2019,agegroup_years45_54,sex_fmle,9.82
tcd,2019,agegroup_years45_54,sex_mle,31.54
tcd,2019,agegroup_years55_64,sex_btsx,31.38
tcd,2019,agegroup_years55_64,sex_fmle,20.2
tcd,2019,agegroup_years55_64,sex_mle,43.78
tcd,2019,agegroup_years65_74,sex_btsx,51.02
tcd,2019,agegroup_years65_74,sex_fmle,30.4
tcd,2019,agegroup_years65_74,sex_mle,75.14
tcd,2019,agegroup_years75_84,sex_btsx,71.44
tcd,2019,agegroup_years75_84,sex_fmle,38.77
tcd,2019,agegroup_years75_84,sex_mle,111.57
tcd,2019,agegroup_years85plus,sex_btsx,172.19
tcd,2019,agegroup_years85plus,sex_fmle,82.72
tcd,2019,agegroup_years85plus,sex_mle,308.83
tcd,2019,agegroup_yearsall,sex_btsx,5.26066
tcd,2019,agegroup_yearsall,sex_fmle,2.86539
tcd,2019,agegroup_yearsall,sex_mle,7.63952
tcd,2020,agegroup_yearsall,sex_btsx,5.23237
tcd,2020,agegroup_yearsall,sex_fmle,3.01304
tcd,2020,agegroup_yearsall,sex_mle,7.43634
tcd,2021,agegroup_yearsall,sex_btsx,5.21
tcd,2021,agegroup_yearsall,sex_fmle,3.03126
tcd,2021,agegroup_yearsall,sex_mle,7.37386
tgo,2000,agegroup_yearsall,sex_btsx,8.32628
tgo,2000,agegroup_yearsall,sex_fmle,3.95349
tgo,2000,agegroup_yearsall,sex_mle,12.7237
tgo,2001,agegroup_yearsall,sex_btsx,8.5001
tgo,2001,agegroup_yearsall,sex_fmle,4.01337
tgo,2001,agegroup_yearsall,sex_mle,13.00806
tgo,2002,agegroup_yearsall,sex_btsx,8.65928
tgo,2002,agegroup_yearsall,sex_fmle,4.04395
tgo,2002,agegroup_yearsall,sex_mle,13.29226
tgo,2003,agegroup_yearsall,sex_btsx,8.83705
tgo,2003,agegroup_yearsall,sex_fmle,3.98139
tgo,2003,agegroup_yearsall,sex_mle,13.70687
tgo,2004,agegroup_yearsall,sex_btsx,8.78316
tgo,2004,agegroup_yearsall,sex_fmle,3.86994
tgo,2004,agegroup_yearsall,sex_mle,13.70636
tgo,2005,agegroup_yearsall,sex_btsx,8.93965
tgo,2005,agegroup_yearsall,sex_fmle,3.89723
tgo,2005,agegroup_yearsall,sex_mle,13.98804
tgo,2006,agegroup_yearsall,sex_btsx,9.02702
tgo,2006,agegroup_yearsall,sex_fmle,3.88643
tgo,2006,agegroup_yearsall,sex_mle,14.16918
tgo,2007,agegroup_yearsall,sex_btsx,8.99465
tgo,2007,agegroup_yearsall,sex_fmle,3.79886
tgo,2007,agegroup_yearsall,sex_mle,14.18724
tgo,2008,agegroup_yearsall,sex_btsx,9.33305
tgo,2008,agegroup_yearsall,sex_fmle,3.821
tgo,2008,agegroup_yearsall,sex_mle,14.8366
tgo,2009,agegroup_yearsall,sex_btsx,9.53902
tgo,2009,agegroup_yearsall,sex_fmle,3.92296
tgo,2009,agegroup_yearsall,sex_mle,15.14138
tgo,2010,agegroup_yearsall,sex_btsx,9.63334
tgo,2010,agegroup_yearsall,sex_fmle,4.00331
tgo,2010,agegroup_yearsall,sex_mle,15.24477
tgo,2011,agegroup_yearsall,sex_btsx,9.69205
tgo,2011,agegroup_yearsall,sex_fmle,4.13258
tgo,2011,agegroup_yearsall,sex_mle,15.22847
tgo,2012,agegroup_yearsall,sex_btsx,9.68363
tgo,2012,agegroup_yearsall,sex_fmle,4.20259
tgo,2012,agegroup_yearsall,sex_mle,15.13754
tgo,2013,agegroup_yearsall,sex_btsx,9.71723
tgo,2013,agegroup_yearsall,sex_fmle,4.27167
tgo,2013,agegroup_yearsall,sex_mle,15.13162
tgo,2014,agegroup_yearsall,sex_btsx,9.77963
tgo,2014,agegroup_yearsall,sex_fmle,4.2607
tgo,2014,agegroup_yearsall,sex_mle,15.26273
tgo,2015,agegroup_yearsall,sex_btsx,9.80746
tgo,2015,agegroup_yearsall,sex_fmle,4.31713
tgo,2015,agegroup_yearsall,sex_mle,15.25805
tgo,2016,agegroup_yearsall,sex_btsx,9.97514
tgo,2016,agegroup_yearsall,sex_fmle,4.3421
tgo,2016,agegroup_yearsall,sex_mle,15.56321
tgo,2017,agegroup_yearsall,sex_btsx,9.84298
tgo,2017,agegroup_yearsall,sex_fmle,4.21902
tgo,2017,agegroup_yearsall,sex_mle,15.41798
tgo,2018,agegroup_yearsall,sex_btsx,9.80454
tgo,2018,agegroup_yearsall,sex_fmle,4.17103
tgo,2018,agegroup_yearsall,sex_mle,15.38494
tgo,2019,agegroup_years15_19,sex_btsx,4.37
tgo,2019,agegroup_years15_19,sex_fmle,2.24
tgo,2019,agegroup_years15_19,sex_mle,6.48
tgo,2019,agegroup_years15_24,sex_btsx,5.31
tgo,2019,agegroup_years15_24,sex_fmle,2.43
tgo,2019,agegroup_years15_24,sex_mle,8.16
tgo,2019,agegroup_years15_29,sex_btsx,6.15
tgo,2019,agegroup_years15_29,sex_fmle,2.7
tgo,2019,agegroup_years15_29,sex_mle,9.58
tgo,2019,agegroup_years25_34,sex_btsx,9.09
tgo,2019,agegroup_years25_34,sex_fmle,3.62
tgo,2019,agegroup_years25_34,sex_mle,14.56
tgo,2019,agegroup_years30_49,sex_btsx,13.96
tgo,2019,agegroup_years30_49,sex_fmle,5.49
tgo,2019,agegroup_years30_49,sex_mle,22.56
tgo,2019,agegroup_years35_44,sex_btsx,13.71
tgo,2019,agegroup_years35_44,sex_fmle,5.59
tgo,2019,agegroup_years35_44,sex_mle,21.95
tgo,2019,agegroup_years45_54,sex_btsx,24.5
tgo,2019,agegroup_years45_54,sex_fmle,9.3
tgo,2019,agegroup_years45_54,sex_mle,40.46
tgo,2019,agegroup_years55_64,sex_btsx,33.56
tgo,2019,agegroup_years55_64,sex_fmle,15.73
tgo,2019,agegroup_years55_64,sex_mle,53.3
tgo,2019,agegroup_years65_74,sex_btsx,50.79
tgo,2019,agegroup_years65_74,sex_fmle,23.73
tgo,2019,agegroup_years65_74,sex_mle,82.35
tgo,2019,agegroup_years75_84,sex_btsx,66.19
tgo,2019,agegroup_years75_84,sex_fmle,31.53
tgo,2019,agegroup_years75_84,sex_mle,108.88
tgo,2019,agegroup_years85plus,sex_btsx,220.89
tgo,2019,agegroup_years85plus,sex_fmle,99.69
tgo,2019,agegroup_years85plus,sex_mle,386.59
tgo,2019,agegroup_yearsall,sex_btsx,9.77121
tgo,2019,agegroup_yearsall,sex_fmle,4.0492
tgo,2019,agegroup_yearsall,sex_mle,15.43503
tgo,2020,agegroup_yearsall,sex_btsx,9.37861
tgo,2020,agegroup_yearsall,sex_fmle,3.83428
tgo,2020,agegroup_yearsall,sex_mle,14.86304
tgo,2021,agegroup_yearsall,sex_btsx,9.3404
tgo,2021,agegroup_yearsall,sex_fmle,3.97105
tgo,2021,agegroup_yearsall,sex_mle,14.64872
tha,2000,agegroup_yearsall,sex_btsx,11.488
tha,2000,agegroup_yearsall,sex_fmle,6.05017
tha,2000,agegroup_yearsall,sex_mle,17.02393
tha,2001,agegroup_yearsall,sex_btsx,11.54767
tha,2001,agegroup_yearsall,sex_fmle,5.68906
tha,2001,agegroup_yearsall,sex_mle,17.51819
tha,2002,agegroup_yearsall,sex_btsx,11.82967
tha,2002,agegroup_yearsall,sex_fmle,5.62918
tha,2002,agegroup_yearsall,sex_mle,18.15397
tha,2003,agegroup_yearsall,sex_btsx,11.48658
tha,2003,agegroup_yearsall,sex_fmle,5.09144
tha,2003,agegroup_yearsall,sex_mle,18.01462
tha,2004,agegroup_yearsall,sex_btsx,10.84935
tha,2004,agegroup_yearsall,sex_fmle,4.65059
tha,2004,agegroup_yearsall,sex_mle,17.18163
tha,2005,agegroup_yearsall,sex_btsx,9.31288
tha,2005,agegroup_yearsall,sex_fmle,4.1835
tha,2005,agegroup_yearsall,sex_mle,14.55639
tha,2006,agegroup_yearsall,sex_btsx,9.30568
tha,2006,agegroup_yearsall,sex_fmle,4.15667
tha,2006,agegroup_yearsall,sex_mle,14.5727
tha,2007,agegroup_yearsall,sex_btsx,9.35422
tha,2007,agegroup_yearsall,sex_fmle,4.09413
tha,2007,agegroup_yearsall,sex_mle,14.73807
tha,2008,agegroup_yearsall,sex_btsx,9.14727
tha,2008,agegroup_yearsall,sex_fmle,3.96089
tha,2008,agegroup_yearsall,sex_mle,14.4586
tha,2009,agegroup_yearsall,sex_btsx,8.87469
tha,2009,agegroup_yearsall,sex_fmle,3.78029
tha,2009,agegroup_yearsall,sex_mle,14.09473
tha,2010,agegroup_yearsall,sex_btsx,8.9335
tha,2010,agegroup_yearsall,sex_fmle,3.77421
tha,2010,agegroup_yearsall,sex_mle,14.22482
tha,2011,agegroup_yearsall,sex_btsx,9.18231
tha,2011,agegroup_yearsall,sex_fmle,3.68069
tha,2011,agegroup_yearsall,sex_mle,14.83229
tha,2012,agegroup_yearsall,sex_btsx,9.3586
tha,2012,agegroup_yearsall,sex_fmle,3.62357
tha,2012,agegroup_yearsall,sex_mle,15.25722
tha,2013,agegroup_yearsall,sex_btsx,9.5644
tha,2013,agegroup_yearsall,sex_fmle,3.56984
tha,2013,agegroup_yearsall,sex_mle,15.73989
tha,2014,agegroup_yearsall,sex_btsx,10.44576
tha,2014,agegroup_yearsall,sex_fmle,3.66705
tha,2014,agegroup_yearsall,sex_mle,17.44093
tha,2015,agegroup_yearsall,sex_btsx,11.06685
tha,2015,agegroup_yearsall,sex_fmle,3.73598
tha,2015,agegroup_yearsall,sex_mle,18.64537
tha,2016,agegroup_yearsall,sex_btsx,11.87246
tha,2016,agegroup_yearsall,sex_fmle,3.92499
tha,2016,agegroup_yearsall,sex_mle,20.10369
tha,2017,agegroup_yearsall,sex_btsx,12.19865
tha,2017,agegroup_yearsall,sex_fmle,3.97129
tha,2017,agegroup_yearsall,sex_mle,20.73622
tha,2018,agegroup_yearsall,sex_btsx,12.76035
tha,2018,agegroup_yearsall,sex_fmle,4.14537
tha,2018,agegroup_yearsall,sex_mle,21.71845
tha,2019,agegroup_years15_19,sex_btsx,4.4
tha,2019,agegroup_years15_19,sex_fmle,1.12
tha,2019,agegroup_years15_19,sex_mle,7.52
tha,2019,agegroup_years15_24,sex_btsx,6.84
tha,2019,agegroup_years15_24,sex_fmle,1.23
tha,2019,agegroup_years15_24,sex_mle,12.22
tha,2019,agegroup_years15_29,sex_btsx,9.42
tha,2019,agegroup_years15_29,sex_fmle,1.67
tha,2019,agegroup_years15_29,sex_mle,16.93
tha,2019,agegroup_years25_34,sex_btsx,15.66
tha,2019,agegroup_years25_34,sex_fmle,2.72
tha,2019,agegroup_years25_34,sex_mle,28.55
tha,2019,agegroup_years30_49,sex_btsx,12.04
tha,2019,agegroup_years30_49,sex_fmle,3.06
tha,2019,agegroup_years30_49,sex_mle,21.44
tha,2019,agegroup_years35_44,sex_btsx,11.9
tha,2019,agegroup_years35_44,sex_fmle,3.01
tha,2019,agegroup_years35_44,sex_mle,21.17
tha,2019,agegroup_years45_54,sex_btsx,8.22
tha,2019,agegroup_years45_54,sex_fmle,3.36
tha,2019,agegroup_years45_54,sex_mle,13.55
tha,2019,agegroup_years55_64,sex_btsx,8.48
tha,2019,agegroup_years55_64,sex_fmle,3.53
tha,2019,agegroup_years55_64,sex_mle,14.05
tha,2019,agegroup_years65_74,sex_btsx,11.69
tha,2019,agegroup_years65_74,sex_fmle,5.45
tha,2019,agegroup_years65_74,sex_mle,19.24
tha,2019,agegroup_years75_84,sex_btsx,13.85
tha,2019,agegroup_years75_84,sex_fmle,7.35
tha,2019,agegroup_years75_84,sex_mle,22.74
tha,2019,agegroup_years85plus,sex_btsx,18.54
tha,2019,agegroup_years85plus,sex_fmle,10.21
tha,2019,agegroup_years85plus,sex_mle,32.27
tha,2019,agegroup_yearsall,sex_btsx,13.55011
tha,2019,agegroup_yearsall,sex_fmle,4.35094
tha,2019,agegroup_yearsall,sex_mle,23.13675
tha,2020,agegroup_yearsall,sex_btsx,15.45787
tha,2020,agegroup_yearsall,sex_fmle,5.03706
tha,2020,agegroup_yearsall,sex_mle,26.34282
tha,2021,agegroup_yearsall,sex_btsx,16.58879
tha,2021,agegroup_yearsall,sex_fmle,5.48237
tha,2021,agegroup_yearsall,sex_mle,28.21662
tjk,2000,agegroup_yearsall,sex_btsx,3.66687
tjk,2000,agegroup_yearsall,sex_fmle,2.10771
tjk,2000,agegroup_yearsall,sex_mle,5.36572
tjk,2001,agegroup_yearsall,sex_btsx,3.40427
tjk,2001,agegroup_yearsall,sex_fmle,2.05885
tjk,2001,agegroup_yearsall,sex_mle,4.86649
tjk,2002,agegroup_yearsall,sex_btsx,3.22589
tjk,2002,agegroup_yearsall,sex_fmle,1.94884
tjk,2002,agegroup_yearsall,sex_mle,4.61035
tjk,2003,agegroup_yearsall,sex_btsx,3.03342
tjk,2003,agegroup_yearsall,sex_fmle,1.82532
tjk,2003,agegroup_yearsall,sex_mle,4.34006
tjk,2004,agegroup_yearsall,sex_btsx,2.99552
tjk,2004,agegroup_yearsall,sex_fmle,1.79664
tjk,2004,agegroup_yearsall,sex_mle,4.28922
tjk,2005,agegroup_yearsall,sex_btsx,2.99727
tjk,2005,agegroup_yearsall,sex_fmle,1.7991
tjk,2005,agegroup_yearsall,sex_mle,4.28741
tjk,2006,agegroup_yearsall,sex_btsx,2.95131
tjk,2006,agegroup_yearsall,sex_fmle,1.7535
tjk,2006,agegroup_yearsall,sex_mle,4.23839
tjk,2007,agegroup_yearsall,sex_btsx,2.93997
tjk,2007,agegroup_yearsall,sex_fmle,1.73192
tjk,2007,agegroup_yearsall,sex_mle,4.23541
tjk,2008,agegroup_yearsall,sex_btsx,2.89461
tjk,2008,agegroup_yearsall,sex_fmle,1.70893
tjk,2008,agegroup_yearsall,sex_mle,4.16345
tjk,2009,agegroup_yearsall,sex_btsx,2.87053
tjk,2009,agegroup_yearsall,sex_fmle,1.70634
tjk,2009,agegroup_yearsall,sex_mle,4.11374
tjk,2010,agegroup_yearsall,sex_btsx,2.85031
tjk,2010,agegroup_yearsall,sex_fmle,1.68636
tjk,2010,agegroup_yearsall,sex_mle,4.09059
tjk,2011,agegroup_yearsall,sex_btsx,2.84604
tjk,2011,agegroup_yearsall,sex_fmle,1.66986
tjk,2011,agegroup_yearsall,sex_mle,4.09654
tjk,2012,agegroup_yearsall,sex_btsx,2.8633
tjk,2012,agegroup_yearsall,sex_fmle,1.66381
tjk,2012,agegroup_yearsall,sex_mle,4.13486
tjk,2013,agegroup_yearsall,sex_btsx,2.86644
tjk,2013,agegroup_yearsall,sex_fmle,1.66123
tjk,2013,agegroup_yearsall,sex_mle,4.13988
tjk,2014,agegroup_yearsall,sex_btsx,2.87435
tjk,2014,agegroup_yearsall,sex_fmle,1.66784
tjk,2014,agegroup_yearsall,sex_mle,4.14575
tjk,2015,agegroup_yearsall,sex_btsx,2.84359
tjk,2015,agegroup_yearsall,sex_fmle,1.65268
tjk,2015,agegroup_yearsall,sex_mle,4.0958
tjk,2016,agegroup_yearsall,sex_btsx,2.8075
tjk,2016,agegroup_yearsall,sex_fmle,1.62836
tjk,2016,agegroup_yearsall,sex_mle,4.04507
tjk,2017,agegroup_yearsall,sex_btsx,2.70203
tjk,2017,agegroup_yearsall,sex_fmle,1.56906
tjk,2017,agegroup_yearsall,sex_mle,3.88885
tjk,2018,agegroup_yearsall,sex_btsx,2.66715
tjk,2018,agegroup_yearsall,sex_fmle,1.52965
tjk,2018,agegroup_yearsall,sex_mle,3.85616
tjk,2019,agegroup_years15_19,sex_btsx,4.18
tjk,2019,agegroup_years15_19,sex_fmle,4.06
tjk,2019,agegroup_years15_19,sex_mle,4.3
tjk,2019,agegroup_years15_24,sex_btsx,5
tjk,2019,agegroup_years15_24,sex_fmle,4.71
tjk,2019,agegroup_years15_24,sex_mle,5.29
tjk,2019,agegroup_years15_29,sex_btsx,5.44
tjk,2019,agegroup_years15_29,sex_fmle,4.94
tjk,2019,agegroup_years15_29,sex_mle,5.93
tjk,2019,agegroup_years25_34,sex_btsx,6.38
tjk,2019,agegroup_years25_34,sex_fmle,4.8
tjk,2019,agegroup_years25_34,sex_mle,7.94
tjk,2019,agegroup_years30_49,sex_btsx,7.55
tjk,2019,agegroup_years30_49,sex_fmle,3.79
tjk,2019,agegroup_years30_49,sex_mle,11.35
tjk,2019,agegroup_years35_44,sex_btsx,8.1
tjk,2019,agegroup_years35_44,sex_fmle,3.59
tjk,2019,agegroup_years35_44,sex_mle,12.63
tjk,2019,agegroup_years45_54,sex_btsx,7.64
tjk,2019,agegroup_years45_54,sex_fmle,3.23
tjk,2019,agegroup_years45_54,sex_mle,12.3
tjk,2019,agegroup_years55_64,sex_btsx,7.32
tjk,2019,agegroup_years55_64,sex_fmle,3.78
tjk,2019,agegroup_years55_64,sex_mle,11.14
tjk,2019,agegroup_years65_74,sex_btsx,9.1
tjk,2019,agegroup_years65_74,sex_fmle,6.5
tjk,2019,agegroup_years65_74,sex_mle,12.05
tjk,2019,agegroup_years75_84,sex_btsx,12.51
tjk,2019,agegroup_years75_84,sex_fmle,9.54
tjk,2019,agegroup_years75_84,sex_mle,15.97
tjk,2019,agegroup_years85plus,sex_btsx,28.46
tjk,2019,agegroup_years85plus,sex_fmle,22.12
tjk,2019,agegroup_years85plus,sex_mle,37.23
tjk,2019,agegroup_yearsall,sex_btsx,2.6116
tjk,2019,agegroup_yearsall,sex_fmle,1.48914
tjk,2019,agegroup_yearsall,sex_mle,3.78258
tjk,2020,agegroup_yearsall,sex_btsx,2.21628
tjk,2020,agegroup_yearsall,sex_fmle,1.23414
tjk,2020,agegroup_yearsall,sex_mle,3.23918
tjk,2021,agegroup_yearsall,sex_btsx,2.43202
tjk,2021,agegroup_yearsall,sex_fmle,1.34381
tjk,2021,agegroup_yearsall,sex_mle,3.56366
tkm,2000,agegroup_yearsall,sex_btsx,10.35787
tkm,2000,agegroup_yearsall,sex_fmle,4.11624
tkm,2000,agegroup_yearsall,sex_mle,16.75532
tkm,2001,agegroup_yearsall,sex_btsx,10.38191
tkm,2001,agegroup_yearsall,sex_fmle,4.09999
tkm,2001,agegroup_yearsall,sex_mle,16.83107
tkm,2002,agegroup_yearsall,sex_btsx,10.82013
tkm,2002,agegroup_yearsall,sex_fmle,4.34806
tkm,2002,agegroup_yearsall,sex_mle,17.47483
tkm,2003,agegroup_yearsall,sex_btsx,10.46559
tkm,2003,agegroup_yearsall,sex_fmle,4.43436
tkm,2003,agegroup_yearsall,sex_mle,16.6762
tkm,2004,agegroup_yearsall,sex_btsx,10.92981
tkm,2004,agegroup_yearsall,sex_fmle,4.83552
tkm,2004,agegroup_yearsall,sex_mle,17.21424
tkm,2005,agegroup_yearsall,sex_btsx,11.56626
tkm,2005,agegroup_yearsall,sex_fmle,5.09871
tkm,2005,agegroup_yearsall,sex_mle,18.24461
tkm,2006,agegroup_yearsall,sex_btsx,11.53189
tkm,2006,agegroup_yearsall,sex_fmle,5.3681
tkm,2006,agegroup_yearsall,sex_mle,17.90464
tkm,2007,agegroup_yearsall,sex_btsx,10.42422
tkm,2007,agegroup_yearsall,sex_fmle,5.07113
tkm,2007,agegroup_yearsall,sex_mle,15.96538
tkm,2008,agegroup_yearsall,sex_btsx,9.53603
tkm,2008,agegroup_yearsall,sex_fmle,4.91748
tkm,2008,agegroup_yearsall,sex_mle,14.32214
tkm,2009,agegroup_yearsall,sex_btsx,8.03385
tkm,2009,agegroup_yearsall,sex_fmle,4.24995
tkm,2009,agegroup_yearsall,sex_mle,11.9591
tkm,2010,agegroup_yearsall,sex_btsx,7.51435
tkm,2010,agegroup_yearsall,sex_fmle,4.15164
tkm,2010,agegroup_yearsall,sex_mle,11.006
tkm,2011,agegroup_yearsall,sex_btsx,7.40285
tkm,2011,agegroup_yearsall,sex_fmle,4.39489
tkm,2011,agegroup_yearsall,sex_mle,10.52878
tkm,2012,agegroup_yearsall,sex_btsx,7.27351
tkm,2012,agegroup_yearsall,sex_fmle,4.26407
tkm,2012,agegroup_yearsall,sex_mle,10.40322
tkm,2013,agegroup_yearsall,sex_btsx,7.16154
tkm,2013,agegroup_yearsall,sex_fmle,4.22291
tkm,2013,agegroup_yearsall,sex_mle,10.2195
tkm,2014,agegroup_yearsall,sex_btsx,7.4246
tkm,2014,agegroup_yearsall,sex_fmle,4.26291
tkm,2014,agegroup_yearsall,sex_mle,10.71635
tkm,2015,agegroup_yearsall,sex_btsx,7.54551
tkm,2015,agegroup_yearsall,sex_fmle,4.39167
tkm,2015,agegroup_yearsall,sex_mle,10.83042
tkm,2016,agegroup_yearsall,sex_btsx,7.30407
tkm,2016,agegroup_yearsall,sex_fmle,4.13544
tkm,2016,agegroup_yearsall,sex_mle,10.60532
tkm,2017,agegroup_yearsall,sex_btsx,7.10914
tkm,2017,agegroup_yearsall,sex_fmle,3.87261
tkm,2017,agegroup_yearsall,sex_mle,10.48171
tkm,2018,agegroup_yearsall,sex_btsx,6.98993
tkm,2018,agegroup_yearsall,sex_fmle,3.72224
tkm,2018,agegroup_yearsall,sex_mle,10.39527
tkm,2019,agegroup_years15_19,sex_btsx,7.8
tkm,2019,agegroup_years15_19,sex_fmle,5.86
tkm,2019,agegroup_years15_19,sex_mle,9.69
tkm,2019,agegroup_years15_24,sex_btsx,8.19
tkm,2019,agegroup_years15_24,sex_fmle,5.53
tkm,2019,agegroup_years15_24,sex_mle,10.8
tkm,2019,agegroup_years15_29,sex_btsx,7.92
tkm,2019,agegroup_years15_29,sex_fmle,4.66
tkm,2019,agegroup_years15_29,sex_mle,11.12
tkm,2019,agegroup_years25_34,sex_btsx,8.19
tkm,2019,agegroup_years25_34,sex_fmle,3.01
tkm,2019,agegroup_years25_34,sex_mle,13.35
tkm,2019,agegroup_years30_49,sex_btsx,8.66
tkm,2019,agegroup_years30_49,sex_fmle,2.42
tkm,2019,agegroup_years30_49,sex_mle,15.09
tkm,2019,agegroup_years35_44,sex_btsx,8.71
tkm,2019,agegroup_years35_44,sex_fmle,2.19
tkm,2019,agegroup_years35_44,sex_mle,15.43
tkm,2019,agegroup_years45_54,sex_btsx,7.44
tkm,2019,agegroup_years45_54,sex_fmle,2.39
tkm,2019,agegroup_years45_54,sex_mle,12.8
tkm,2019,agegroup_years55_64,sex_btsx,6.45
tkm,2019,agegroup_years55_64,sex_fmle,3.49
tkm,2019,agegroup_years55_64,sex_mle,10.15
tkm,2019,agegroup_years65_74,sex_btsx,8.94
tkm,2019,agegroup_years65_74,sex_fmle,6.76
tkm,2019,agegroup_years65_74,sex_mle,11.87
tkm,2019,agegroup_years75_84,sex_btsx,10.01
tkm,2019,agegroup_years75_84,sex_fmle,8.3
tkm,2019,agegroup_years75_84,sex_mle,12.63
tkm,2019,agegroup_years85plus,sex_btsx,20.34
tkm,2019,agegroup_years85plus,sex_fmle,14.99
tkm,2019,agegroup_years85plus,sex_mle,31.78
tkm,2019,agegroup_yearsall,sex_btsx,6.90403
tkm,2019,agegroup_yearsall,sex_fmle,3.58581
tkm,2019,agegroup_yearsall,sex_mle,10.36212
tkm,2020,agegroup_yearsall,sex_btsx,6.51634
tkm,2020,agegroup_yearsall,sex_fmle,3.36414
tkm,2020,agegroup_yearsall,sex_mle,9.80145
tkm,2021,agegroup_yearsall,sex_btsx,6.83115
tkm,2021,agegroup_yearsall,sex_fmle,3.48233
tkm,2021,agegroup_yearsall,sex_mle,10.32131
tls,2000,agegroup_yearsall,sex_btsx,3.28607
tls,2000,agegroup_yearsall,sex_fmle,2.24961
tls,2000,agegroup_yearsall,sex_mle,4.26472
tls,2001,agegroup_yearsall,sex_btsx,3.21994
tls,2001,agegroup_yearsall,sex_fmle,2.13617
tls,2001,agegroup_yearsall,sex_mle,4.24384
tls,2002,agegroup_yearsall,sex_btsx,2.7975
tls,2002,agegroup_yearsall,sex_fmle,1.80675
tls,2002,agegroup_yearsall,sex_mle,3.73402
tls,2003,agegroup_yearsall,sex_btsx,3.09171
tls,2003,agegroup_yearsall,sex_fmle,1.99157
tls,2003,agegroup_yearsall,sex_mle,4.13222
tls,2004,agegroup_yearsall,sex_btsx,2.89377
tls,2004,agegroup_yearsall,sex_fmle,1.82051
tls,2004,agegroup_yearsall,sex_mle,3.90943
tls,2005,agegroup_yearsall,sex_btsx,2.98182
tls,2005,agegroup_yearsall,sex_fmle,1.92889
tls,2005,agegroup_yearsall,sex_mle,3.9792
tls,2006,agegroup_yearsall,sex_btsx,2.91761
tls,2006,agegroup_yearsall,sex_fmle,1.90221
tls,2006,agegroup_yearsall,sex_mle,3.88074
tls,2007,agegroup_yearsall,sex_btsx,3.14501
tls,2007,agegroup_yearsall,sex_fmle,2.08421
tls,2007,agegroup_yearsall,sex_mle,4.15244
tls,2008,agegroup_yearsall,sex_btsx,3.19219
tls,2008,agegroup_yearsall,sex_fmle,2.13111
tls,2008,agegroup_yearsall,sex_mle,4.20095
tls,2009,agegroup_yearsall,sex_btsx,3.88987
tls,2009,agegroup_yearsall,sex_fmle,2.60882
tls,2009,agegroup_yearsall,sex_mle,5.10884
tls,2010,agegroup_yearsall,sex_btsx,3.78439
tls,2010,agegroup_yearsall,sex_fmle,2.56669
tls,2010,agegroup_yearsall,sex_mle,4.94474
tls,2011,agegroup_yearsall,sex_btsx,3.81512
tls,2011,agegroup_yearsall,sex_fmle,2.55957
tls,2011,agegroup_yearsall,sex_mle,5.01484
tls,2012,agegroup_yearsall,sex_btsx,3.61549
tls,2012,agegroup_yearsall,sex_fmle,2.42012
tls,2012,agegroup_yearsall,sex_mle,4.76154
tls,2013,agegroup_yearsall,sex_btsx,3.61741
tls,2013,agegroup_yearsall,sex_fmle,2.39551
tls,2013,agegroup_yearsall,sex_mle,4.79256
tls,2014,agegroup_yearsall,sex_btsx,3.70857
tls,2014,agegroup_yearsall,sex_fmle,2.46972
tls,2014,agegroup_yearsall,sex_mle,4.90341
tls,2015,agegroup_yearsall,sex_btsx,3.54252
tls,2015,agegroup_yearsall,sex_fmle,2.30981
tls,2015,agegroup_yearsall,sex_mle,4.73453
tls,2016,agegroup_yearsall,sex_btsx,3.65698
tls,2016,agegroup_yearsall,sex_fmle,2.41061
tls,2016,agegroup_yearsall,sex_mle,4.86516
tls,2017,agegroup_yearsall,sex_btsx,3.52326
tls,2017,agegroup_yearsall,sex_fmle,2.29194
tls,2017,agegroup_yearsall,sex_mle,4.71989
tls,2018,agegroup_yearsall,sex_btsx,3.63043
tls,2018,agegroup_yearsall,sex_fmle,2.37893
tls,2018,agegroup_yearsall,sex_mle,4.84997
tls,2019,agegroup_years15_19,sex_btsx,4.47
tls,2019,agegroup_years15_19,sex_fmle,3.03
tls,2019,agegroup_years15_19,sex_mle,5.86
tls,2019,agegroup_years15_24,sex_btsx,5.35
tls,2019,agegroup_years15_24,sex_fmle,3.04
tls,2019,agegroup_years15_24,sex_mle,7.6
tls,2019,agegroup_years15_29,sex_btsx,5.29
tls,2019,agegroup_years15_29,sex_fmle,2.85
tls,2019,agegroup_years15_29,sex_mle,7.67
tls,2019,agegroup_years25_34,sex_btsx,4.98
tls,2019,agegroup_years25_34,sex_fmle,2.25
tls,2019,agegroup_years25_34,sex_mle,7.64
tls,2019,agegroup_years30_49,sex_btsx,4.72
tls,2019,agegroup_years30_49,sex_fmle,2.19
tls,2019,agegroup_years30_49,sex_mle,7.2
tls,2019,agegroup_years35_44,sex_btsx,4.5
tls,2019,agegroup_years35_44,sex_fmle,2.03
tls,2019,agegroup_years35_44,sex_mle,6.92
tls,2019,agegroup_years45_54,sex_btsx,5.34
tls,2019,agegroup_years45_54,sex_fmle,2.82
tls,2019,agegroup_years45_54,sex_mle,7.76
tls,2019,agegroup_years55_64,sex_btsx,6.49
tls,2019,agegroup_years55_64,sex_fmle,3.85
tls,2019,agegroup_years55_64,sex_mle,9.09
tls,2019,agegroup_years65_74,sex_btsx,10.74
tls,2019,agegroup_years65_74,sex_fmle,5.99
tls,2019,agegroup_years65_74,sex_mle,15.85
tls,2019,agegroup_years75_84,sex_btsx,12.88
tls,2019,agegroup_years75_84,sex_fmle,6.56
tls,2019,agegroup_years75_84,sex_mle,21
tls,2019,agegroup_years85plus,sex_btsx,33.81
tls,2019,agegroup_years85plus,sex_fmle,17.6
tls,2019,agegroup_years85plus,sex_mle,59.79
tls,2019,agegroup_yearsall,sex_btsx,3.80772
tls,2019,agegroup_yearsall,sex_fmle,2.52722
tls,2019,agegroup_yearsall,sex_mle,5.05905
tls,2020,agegroup_yearsall,sex_btsx,3.20412
tls,2020,agegroup_yearsall,sex_fmle,2.07499
tls,2020,agegroup_yearsall,sex_mle,4.31077
tls,2021,agegroup_yearsall,sex_btsx,3.55903
tls,2021,agegroup_yearsall,sex_fmle,2.2919
tls,2021,agegroup_yearsall,sex_mle,4.80456
ton,2000,agegroup_yearsall,sex_btsx,5.11516
ton,2000,agegroup_yearsall,sex_fmle,3.9583
ton,2000,agegroup_yearsall,sex_mle,6.24818
ton,2001,agegroup_yearsall,sex_btsx,5.06004
ton,2001,agegroup_yearsall,sex_fmle,3.92583
ton,2001,agegroup_yearsall,sex_mle,6.17197
ton,2002,agegroup_yearsall,sex_btsx,4.95804
ton,2002,agegroup_yearsall,sex_fmle,3.78683
ton,2002,agegroup_yearsall,sex_mle,6.10704
ton,2003,agegroup_yearsall,sex_btsx,4.95468
ton,2003,agegroup_yearsall,sex_fmle,3.72675
ton,2003,agegroup_yearsall,sex_mle,6.16002
ton,2004,agegroup_yearsall,sex_btsx,4.91276
ton,2004,agegroup_yearsall,sex_fmle,3.68253
ton,2004,agegroup_yearsall,sex_mle,6.12088
ton,2005,agegroup_yearsall,sex_btsx,4.80565
ton,2005,agegroup_yearsall,sex_fmle,3.63253
ton,2005,agegroup_yearsall,sex_mle,5.95812
ton,2006,agegroup_yearsall,sex_btsx,4.72906
ton,2006,agegroup_yearsall,sex_fmle,3.57238
ton,2006,agegroup_yearsall,sex_mle,5.8661
ton,2007,agegroup_yearsall,sex_btsx,4.83965
ton,2007,agegroup_yearsall,sex_fmle,3.61028
ton,2007,agegroup_yearsall,sex_mle,6.05155
ton,2008,agegroup_yearsall,sex_btsx,4.45395
ton,2008,agegroup_yearsall,sex_fmle,3.40631
ton,2008,agegroup_yearsall,sex_mle,5.4919
ton,2009,agegroup_yearsall,sex_btsx,4.68825
ton,2009,agegroup_yearsall,sex_fmle,3.3814
ton,2009,agegroup_yearsall,sex_mle,5.98942
ton,2010,agegroup_yearsall,sex_btsx,5.10591
ton,2010,agegroup_yearsall,sex_fmle,3.73257
ton,2010,agegroup_yearsall,sex_mle,6.47932
ton,2011,agegroup_yearsall,sex_btsx,5.00553
ton,2011,agegroup_yearsall,sex_fmle,3.6777
ton,2011,agegroup_yearsall,sex_mle,6.33918
ton,2012,agegroup_yearsall,sex_btsx,4.94763
ton,2012,agegroup_yearsall,sex_fmle,3.64325
ton,2012,agegroup_yearsall,sex_mle,6.26323
ton,2013,agegroup_yearsall,sex_btsx,4.9599
ton,2013,agegroup_yearsall,sex_fmle,3.63321
ton,2013,agegroup_yearsall,sex_mle,6.30375
ton,2014,agegroup_yearsall,sex_btsx,5.04118
ton,2014,agegroup_yearsall,sex_fmle,3.64296
ton,2014,agegroup_yearsall,sex_mle,6.46352
ton,2015,agegroup_yearsall,sex_btsx,5.02503
ton,2015,agegroup_yearsall,sex_fmle,3.64134
ton,2015,agegroup_yearsall,sex_mle,6.43859
ton,2016,agegroup_yearsall,sex_btsx,4.38102
ton,2016,agegroup_yearsall,sex_fmle,3.32774
ton,2016,agegroup_yearsall,sex_mle,5.4624
ton,2017,agegroup_yearsall,sex_btsx,4.73783
ton,2017,agegroup_yearsall,sex_fmle,3.5004
ton,2017,agegroup_yearsall,sex_mle,6.01775
ton,2018,agegroup_yearsall,sex_btsx,4.72266
ton,2018,agegroup_yearsall,sex_fmle,3.48113
ton,2018,agegroup_yearsall,sex_mle,6.01999
ton,2019,agegroup_years15_19,sex_btsx,5.07
ton,2019,agegroup_years15_19,sex_fmle,3.7
ton,2019,agegroup_years15_19,sex_mle,6.35
ton,2019,agegroup_years15_24,sex_btsx,5.92
ton,2019,agegroup_years15_24,sex_fmle,3.69
ton,2019,agegroup_years15_24,sex_mle,7.99
ton,2019,agegroup_years15_29,sex_btsx,5.89
ton,2019,agegroup_years15_29,sex_fmle,3.58
ton,2019,agegroup_years15_29,sex_mle,8.09
ton,2019,agegroup_years25_34,sex_btsx,5.52
ton,2019,agegroup_years25_34,sex_fmle,3.19
ton,2019,agegroup_years25_34,sex_mle,8.02
ton,2019,agegroup_years30_49,sex_btsx,4.79
ton,2019,agegroup_years30_49,sex_fmle,2.84
ton,2019,agegroup_years30_49,sex_mle,6.99
ton,2019,agegroup_years35_44,sex_btsx,4.95
ton,2019,agegroup_years35_44,sex_fmle,3.02
ton,2019,agegroup_years35_44,sex_mle,7.15
ton,2019,agegroup_years45_54,sex_btsx,4.33
ton,2019,agegroup_years45_54,sex_fmle,2.83
ton,2019,agegroup_years45_54,sex_mle,5.9
ton,2019,agegroup_years55_64,sex_btsx,6.38
ton,2019,agegroup_years55_64,sex_fmle,5.08
ton,2019,agegroup_years55_64,sex_mle,7.76
ton,2019,agegroup_years65_74,sex_btsx,7.53
ton,2019,agegroup_years65_74,sex_fmle,5.55
ton,2019,agegroup_years65_74,sex_mle,9.78
ton,2019,agegroup_years75_84,sex_btsx,10.22
ton,2019,agegroup_years75_84,sex_fmle,7.89
ton,2019,agegroup_years75_84,sex_mle,13.04
ton,2019,agegroup_years85plus,sex_btsx,19.92
ton,2019,agegroup_years85plus,sex_fmle,11.38
ton,2019,agegroup_years85plus,sex_mle,31.55
ton,2019,agegroup_yearsall,sex_btsx,4.64865
ton,2019,agegroup_yearsall,sex_fmle,3.44894
ton,2019,agegroup_yearsall,sex_mle,5.9153
ton,2020,agegroup_yearsall,sex_btsx,4.64757
ton,2020,agegroup_yearsall,sex_fmle,3.3248
ton,2020,agegroup_yearsall,sex_mle,6.05882
ton,2021,agegroup_yearsall,sex_btsx,4.73476
ton,2021,agegroup_yearsall,sex_fmle,3.51938
ton,2021,agegroup_yearsall,sex_mle,6.04727
tto,2000,agegroup_yearsall,sex_btsx,15.61088
tto,2000,agegroup_yearsall,sex_fmle,5.83295
tto,2000,agegroup_yearsall,sex_mle,25.55457
tto,2001,agegroup_yearsall,sex_btsx,15.07696
tto,2001,agegroup_yearsall,sex_fmle,5.4915
tto,2001,agegroup_yearsall,sex_mle,24.82842
tto,2002,agegroup_yearsall,sex_btsx,14.32751
tto,2002,agegroup_yearsall,sex_fmle,4.8156
tto,2002,agegroup_yearsall,sex_mle,24.0086
tto,2003,agegroup_yearsall,sex_btsx,12.59251
tto,2003,agegroup_yearsall,sex_fmle,4.55101
tto,2003,agegroup_yearsall,sex_mle,20.78143
tto,2004,agegroup_yearsall,sex_btsx,13.03064
tto,2004,agegroup_yearsall,sex_fmle,4.23346
tto,2004,agegroup_yearsall,sex_mle,21.99427
tto,2005,agegroup_yearsall,sex_btsx,11.48526
tto,2005,agegroup_yearsall,sex_fmle,3.95113
tto,2005,agegroup_yearsall,sex_mle,19.16639
tto,2006,agegroup_yearsall,sex_btsx,11.05945
tto,2006,agegroup_yearsall,sex_fmle,3.60922
tto,2006,agegroup_yearsall,sex_mle,18.6598
tto,2007,agegroup_yearsall,sex_btsx,11.23728
tto,2007,agegroup_yearsall,sex_fmle,3.55109
tto,2007,agegroup_yearsall,sex_mle,19.08303
tto,2008,agegroup_yearsall,sex_btsx,12.93911
tto,2008,agegroup_yearsall,sex_fmle,3.98034
tto,2008,agegroup_yearsall,sex_mle,22.08951
tto,2009,agegroup_yearsall,sex_btsx,11.67594
tto,2009,agegroup_yearsall,sex_fmle,4.06324
tto,2009,agegroup_yearsall,sex_mle,19.4563
tto,2010,agegroup_yearsall,sex_btsx,11.7463
tto,2010,agegroup_yearsall,sex_fmle,4.45808
tto,2010,agegroup_yearsall,sex_mle,19.19938
tto,2011,agegroup_yearsall,sex_btsx,11.20395
tto,2011,agegroup_yearsall,sex_fmle,4.45205
tto,2011,agegroup_yearsall,sex_mle,18.11226
tto,2012,agegroup_yearsall,sex_btsx,10.08981
tto,2012,agegroup_yearsall,sex_fmle,4.23049
tto,2012,agegroup_yearsall,sex_mle,16.08813
tto,2013,agegroup_yearsall,sex_btsx,11.60371
tto,2013,agegroup_yearsall,sex_fmle,4.51954
tto,2013,agegroup_yearsall,sex_mle,18.85985
tto,2014,agegroup_yearsall,sex_btsx,11.70799
tto,2014,agegroup_yearsall,sex_fmle,4.49803
tto,2014,agegroup_yearsall,sex_mle,19.09708
tto,2015,agegroup_yearsall,sex_btsx,11.83903
tto,2015,agegroup_yearsall,sex_fmle,4.68198
tto,2015,agegroup_yearsall,sex_mle,19.17993
tto,2016,agegroup_yearsall,sex_btsx,13.06255
tto,2016,agegroup_yearsall,sex_fmle,5.00171
tto,2016,agegroup_yearsall,sex_mle,21.33806
tto,2017,agegroup_yearsall,sex_btsx,13.516
tto,2017,agegroup_yearsall,sex_fmle,4.76308
tto,2017,agegroup_yearsall,sex_mle,22.50669
tto,2018,agegroup_yearsall,sex_btsx,13.65924
tto,2018,agegroup_yearsall,sex_fmle,4.47264
tto,2018,agegroup_yearsall,sex_mle,23.02736
tto,2019,agegroup_years15_19,sex_btsx,8.28
tto,2019,agegroup_years15_19,sex_fmle,4.96
tto,2019,agegroup_years15_19,sex_mle,11.52
tto,2019,agegroup_years15_24,sex_btsx,12.91
tto,2019,agegroup_years15_24,sex_fmle,8.34
tto,2019,agegroup_years15_24,sex_mle,17.38
tto,2019,agegroup_years15_29,sex_btsx,12.45
tto,2019,agegroup_years15_29,sex_fmle,6.89
tto,2019,agegroup_years15_29,sex_mle,17.9
tto,2019,agegroup_years25_34,sex_btsx,12.68
tto,2019,agegroup_years25_34,sex_fmle,5.39
tto,2019,agegroup_years25_34,sex_mle,19.89
tto,2019,agegroup_years30_49,sex_btsx,11.14
tto,2019,agegroup_years30_49,sex_fmle,4.56
tto,2019,agegroup_years30_49,sex_mle,17.77
tto,2019,agegroup_years35_44,sex_btsx,10.52
tto,2019,agegroup_years35_44,sex_fmle,4.31
tto,2019,agegroup_years35_44,sex_mle,16.77
tto,2019,agegroup_years45_54,sex_btsx,10.21
tto,2019,agegroup_years45_54,sex_fmle,2.49
tto,2019,agegroup_years45_54,sex_mle,18.21
tto,2019,agegroup_years55_64,sex_btsx,8.77
tto,2019,agegroup_years55_64,sex_fmle,2.13
tto,2019,agegroup_years55_64,sex_mle,15.81
tto,2019,agegroup_years65_74,sex_btsx,7.83
tto,2019,agegroup_years65_74,sex_fmle,2.62
tto,2019,agegroup_years65_74,sex_mle,13.73
tto,2019,agegroup_years75_84,sex_btsx,9.51
tto,2019,agegroup_years75_84,sex_fmle,3.56
tto,2019,agegroup_years75_84,sex_mle,17.62
tto,2019,agegroup_years85plus,sex_btsx,13.2
tto,2019,agegroup_years85plus,sex_fmle,5.66
tto,2019,agegroup_years85plus,sex_mle,26.78
tto,2019,agegroup_yearsall,sex_btsx,13.76243
tto,2019,agegroup_yearsall,sex_fmle,4.54362
tto,2019,agegroup_yearsall,sex_mle,23.14089
tto,2020,agegroup_yearsall,sex_btsx,14.05101
tto,2020,agegroup_yearsall,sex_fmle,4.60685
tto,2020,agegroup_yearsall,sex_mle,23.71063
tto,2021,agegroup_yearsall,sex_btsx,13.34411
tto,2021,agegroup_yearsall,sex_fmle,4.6399
tto,2021,agegroup_yearsall,sex_mle,22.24848
tun,2000,agegroup_yearsall,sex_btsx,2.99553
tun,2000,agegroup_yearsall,sex_fmle,2.17118
tun,2000,agegroup_yearsall,sex_mle,3.80273
tun,2001,agegroup_yearsall,sex_btsx,3.02414
tun,2001,agegroup_yearsall,sex_fmle,2.17419
tun,2001,agegroup_yearsall,sex_mle,3.85839
tun,2002,agegroup_yearsall,sex_btsx,3.0451
tun,2002,agegroup_yearsall,sex_fmle,2.13934
tun,2002,agegroup_yearsall,sex_mle,3.9362
tun,2003,agegroup_yearsall,sex_btsx,2.99454
tun,2003,agegroup_yearsall,sex_fmle,2.09956
tun,2003,agegroup_yearsall,sex_mle,3.877
tun,2004,agegroup_yearsall,sex_btsx,3.07527
tun,2004,agegroup_yearsall,sex_fmle,2.0852
tun,2004,agegroup_yearsall,sex_mle,4.05364
tun,2005,agegroup_yearsall,sex_btsx,3.05492
tun,2005,agegroup_yearsall,sex_fmle,2.03468
tun,2005,agegroup_yearsall,sex_mle,4.06534
tun,2006,agegroup_yearsall,sex_btsx,3.0125
tun,2006,agegroup_yearsall,sex_fmle,1.97569
tun,2006,agegroup_yearsall,sex_mle,4.04163
tun,2007,agegroup_yearsall,sex_btsx,2.95516
tun,2007,agegroup_yearsall,sex_fmle,1.89765
tun,2007,agegroup_yearsall,sex_mle,4.00716
tun,2008,agegroup_yearsall,sex_btsx,2.87171
tun,2008,agegroup_yearsall,sex_fmle,1.81422
tun,2008,agegroup_yearsall,sex_mle,3.92597
tun,2009,agegroup_yearsall,sex_btsx,2.95224
tun,2009,agegroup_yearsall,sex_fmle,1.80529
tun,2009,agegroup_yearsall,sex_mle,4.0981
tun,2010,agegroup_yearsall,sex_btsx,3.06351
tun,2010,agegroup_yearsall,sex_fmle,1.8306
tun,2010,agegroup_yearsall,sex_mle,4.29775
tun,2011,agegroup_yearsall,sex_btsx,2.72345
tun,2011,agegroup_yearsall,sex_fmle,1.64837
tun,2011,agegroup_yearsall,sex_mle,3.80182
tun,2012,agegroup_yearsall,sex_btsx,2.60473
tun,2012,agegroup_yearsall,sex_fmle,1.61547
tun,2012,agegroup_yearsall,sex_mle,3.59901
tun,2013,agegroup_yearsall,sex_btsx,2.60581
tun,2013,agegroup_yearsall,sex_fmle,1.5863
tun,2013,agegroup_yearsall,sex_mle,3.63252
tun,2014,agegroup_yearsall,sex_btsx,2.54872
tun,2014,agegroup_yearsall,sex_fmle,1.55479
tun,2014,agegroup_yearsall,sex_mle,3.55141
tun,2015,agegroup_yearsall,sex_btsx,2.59409
tun,2015,agegroup_yearsall,sex_fmle,1.51922
tun,2015,agegroup_yearsall,sex_mle,3.68008
tun,2016,agegroup_yearsall,sex_btsx,2.53196
tun,2016,agegroup_yearsall,sex_fmle,1.47919
tun,2016,agegroup_yearsall,sex_mle,3.59719
tun,2017,agegroup_yearsall,sex_btsx,2.63763
tun,2017,agegroup_yearsall,sex_fmle,1.47765
tun,2017,agegroup_yearsall,sex_mle,3.813
tun,2018,agegroup_yearsall,sex_btsx,2.67142
tun,2018,agegroup_yearsall,sex_fmle,1.45707
tun,2018,agegroup_yearsall,sex_mle,3.90363
tun,2019,agegroup_years15_19,sex_btsx,2.58
tun,2019,agegroup_years15_19,sex_fmle,1.67
tun,2019,agegroup_years15_19,sex_mle,3.42
tun,2019,agegroup_years15_24,sex_btsx,3.51
tun,2019,agegroup_years15_24,sex_fmle,2.18
tun,2019,agegroup_years15_24,sex_mle,4.75
tun,2019,agegroup_years15_29,sex_btsx,4
tun,2019,agegroup_years15_29,sex_fmle,2.26
tun,2019,agegroup_years15_29,sex_mle,5.65
tun,2019,agegroup_years25_34,sex_btsx,5
tun,2019,agegroup_years25_34,sex_fmle,2.67
tun,2019,agegroup_years25_34,sex_mle,7.41
tun,2019,agegroup_years30_49,sex_btsx,4.42
tun,2019,agegroup_years30_49,sex_fmle,2.78
tun,2019,agegroup_years30_49,sex_mle,6.16
tun,2019,agegroup_years35_44,sex_btsx,4.45
tun,2019,agegroup_years35_44,sex_fmle,3
tun,2019,agegroup_years35_44,sex_mle,5.99
tun,2019,agegroup_years45_54,sex_btsx,3.25
tun,2019,agegroup_years45_54,sex_fmle,1.8
tun,2019,agegroup_years45_54,sex_mle,4.8
tun,2019,agegroup_years55_64,sex_btsx,3.73
tun,2019,agegroup_years55_64,sex_fmle,1.79
tun,2019,agegroup_years55_64,sex_mle,5.73
tun,2019,agegroup_years65_74,sex_btsx,4.73
tun,2019,agegroup_years65_74,sex_fmle,2.48
tun,2019,agegroup_years65_74,sex_mle,7.32
tun,2019,agegroup_years75_84,sex_btsx,6.64
tun,2019,agegroup_years75_84,sex_fmle,3.23
tun,2019,agegroup_years75_84,sex_mle,11.13
tun,2019,agegroup_years85plus,sex_btsx,12.18
tun,2019,agegroup_years85plus,sex_fmle,5.79
tun,2019,agegroup_years85plus,sex_mle,21.91
tun,2019,agegroup_yearsall,sex_btsx,2.58281
tun,2019,agegroup_yearsall,sex_fmle,1.42047
tun,2019,agegroup_yearsall,sex_mle,3.76389
tun,2020,agegroup_yearsall,sex_btsx,1.89499
tun,2020,agegroup_yearsall,sex_fmle,1.02111
tun,2020,agegroup_yearsall,sex_mle,2.78428
tun,2021,agegroup_yearsall,sex_btsx,1.84108
tun,2021,agegroup_yearsall,sex_fmle,1.22187
tun,2021,agegroup_yearsall,sex_mle,2.47227
tur,2000,agegroup_yearsall,sex_btsx,2.88209
tur,2000,agegroup_yearsall,sex_fmle,1.07563
tur,2000,agegroup_yearsall,sex_mle,4.67012
tur,2001,agegroup_yearsall,sex_btsx,2.66008
tur,2001,agegroup_yearsall,sex_fmle,0.9593
tur,2001,agegroup_yearsall,sex_mle,4.34467
tur,2002,agegroup_yearsall,sex_btsx,2.57856
tur,2002,agegroup_yearsall,sex_fmle,0.98118
tur,2002,agegroup_yearsall,sex_mle,4.16186
tur,2003,agegroup_yearsall,sex_btsx,2.72641
tur,2003,agegroup_yearsall,sex_fmle,1.07419
tur,2003,agegroup_yearsall,sex_mle,4.36525
tur,2004,agegroup_yearsall,sex_btsx,2.79122
tur,2004,agegroup_yearsall,sex_fmle,1.14257
tur,2004,agegroup_yearsall,sex_mle,4.42772
tur,2005,agegroup_yearsall,sex_btsx,2.845
tur,2005,agegroup_yearsall,sex_fmle,1.19244
tur,2005,agegroup_yearsall,sex_mle,4.48661
tur,2006,agegroup_yearsall,sex_btsx,2.90954
tur,2006,agegroup_yearsall,sex_fmle,1.23309
tur,2006,agegroup_yearsall,sex_mle,4.57615
tur,2007,agegroup_yearsall,sex_btsx,2.86908
tur,2007,agegroup_yearsall,sex_fmle,1.214
tur,2007,agegroup_yearsall,sex_mle,4.51571
tur,2008,agegroup_yearsall,sex_btsx,2.90489
tur,2008,agegroup_yearsall,sex_fmle,1.21489
tur,2008,agegroup_yearsall,sex_mle,4.58596
tur,2009,agegroup_yearsall,sex_btsx,3.08322
tur,2009,agegroup_yearsall,sex_fmle,1.26222
tur,2009,agegroup_yearsall,sex_mle,4.89262
tur,2010,agegroup_yearsall,sex_btsx,3.10232
tur,2010,agegroup_yearsall,sex_fmle,1.25761
tur,2010,agegroup_yearsall,sex_mle,4.93326
tur,2011,agegroup_yearsall,sex_btsx,3.10776
tur,2011,agegroup_yearsall,sex_fmle,1.24423
tur,2011,agegroup_yearsall,sex_mle,4.95715
tur,2012,agegroup_yearsall,sex_btsx,3.18388
tur,2012,agegroup_yearsall,sex_fmle,1.26512
tur,2012,agegroup_yearsall,sex_mle,5.08962
tur,2013,agegroup_yearsall,sex_btsx,3.08527
tur,2013,agegroup_yearsall,sex_fmle,1.26856
tur,2013,agegroup_yearsall,sex_mle,4.8909
tur,2014,agegroup_yearsall,sex_btsx,3.22181
tur,2014,agegroup_yearsall,sex_fmle,1.35449
tur,2014,agegroup_yearsall,sex_mle,5.07885
tur,2015,agegroup_yearsall,sex_btsx,3.19375
tur,2015,agegroup_yearsall,sex_fmle,1.40845
tur,2015,agegroup_yearsall,sex_mle,4.97027
tur,2016,agegroup_yearsall,sex_btsx,3.34938
tur,2016,agegroup_yearsall,sex_fmle,1.44338
tur,2016,agegroup_yearsall,sex_mle,5.24721
tur,2017,agegroup_yearsall,sex_btsx,3.35897
tur,2017,agegroup_yearsall,sex_fmle,1.42095
tur,2017,agegroup_yearsall,sex_mle,5.28992
tur,2018,agegroup_yearsall,sex_btsx,3.38267
tur,2018,agegroup_yearsall,sex_fmle,1.41546
tur,2018,agegroup_yearsall,sex_mle,5.34388
tur,2019,agegroup_years15_19,sex_btsx,2.63
tur,2019,agegroup_years15_19,sex_fmle,2.65
tur,2019,agegroup_years15_19,sex_mle,2.62
tur,2019,agegroup_years15_24,sex_btsx,2.86
tur,2019,agegroup_years15_24,sex_fmle,2.4
tur,2019,agegroup_years15_24,sex_mle,3.3
tur,2019,agegroup_years15_29,sex_btsx,2.89
tur,2019,agegroup_years15_29,sex_fmle,2.03
tur,2019,agegroup_years15_29,sex_mle,3.71
tur,2019,agegroup_years25_34,sex_btsx,2.8
tur,2019,agegroup_years25_34,sex_fmle,1.17
tur,2019,agegroup_years25_34,sex_mle,4.4
tur,2019,agegroup_years30_49,sex_btsx,3.02
tur,2019,agegroup_years30_49,sex_fmle,1.08
tur,2019,agegroup_years30_49,sex_mle,4.98
tur,2019,agegroup_years35_44,sex_btsx,3.18
tur,2019,agegroup_years35_44,sex_fmle,1.12
tur,2019,agegroup_years35_44,sex_mle,5.27
tur,2019,agegroup_years45_54,sex_btsx,3.16
tur,2019,agegroup_years45_54,sex_fmle,1.04
tur,2019,agegroup_years45_54,sex_mle,5.39
tur,2019,agegroup_years55_64,sex_btsx,2.94
tur,2019,agegroup_years55_64,sex_fmle,1.09
tur,2019,agegroup_years55_64,sex_mle,5.05
tur,2019,agegroup_years65_74,sex_btsx,3.45
tur,2019,agegroup_years65_74,sex_fmle,1.74
tur,2019,agegroup_years65_74,sex_mle,5.62
tur,2019,agegroup_years75_84,sex_btsx,4.31
tur,2019,agegroup_years75_84,sex_fmle,2.43
tur,2019,agegroup_years75_84,sex_mle,6.93
tur,2019,agegroup_years85plus,sex_btsx,6.99
tur,2019,agegroup_years85plus,sex_fmle,3.58
tur,2019,agegroup_years85plus,sex_mle,14.52
tur,2019,agegroup_yearsall,sex_btsx,3.53792
tur,2019,agegroup_yearsall,sex_fmle,1.47136
tur,2019,agegroup_yearsall,sex_mle,5.59985
tur,2020,agegroup_yearsall,sex_btsx,2.98326
tur,2020,agegroup_yearsall,sex_fmle,1.20537
tur,2020,agegroup_yearsall,sex_mle,4.75931
tur,2021,agegroup_yearsall,sex_btsx,2.68963
tur,2021,agegroup_yearsall,sex_fmle,1.09085
tur,2021,agegroup_yearsall,sex_mle,4.28906
tza,2000,agegroup_yearsall,sex_btsx,5.38798
tza,2000,agegroup_yearsall,sex_fmle,2.27314
tza,2000,agegroup_yearsall,sex_mle,8.54147
tza,2001,agegroup_yearsall,sex_btsx,5.23941
tza,2001,agegroup_yearsall,sex_fmle,2.19233
tza,2001,agegroup_yearsall,sex_mle,8.32609
tza,2002,agegroup_yearsall,sex_btsx,4.98607
tza,2002,agegroup_yearsall,sex_fmle,2.15484
tza,2002,agegroup_yearsall,sex_mle,7.85849
tza,2003,agegroup_yearsall,sex_btsx,4.8447
tza,2003,agegroup_yearsall,sex_fmle,2.15007
tza,2003,agegroup_yearsall,sex_mle,7.58255
tza,2004,agegroup_yearsall,sex_btsx,4.63491
tza,2004,agegroup_yearsall,sex_fmle,2.13732
tza,2004,agegroup_yearsall,sex_mle,7.17627
tza,2005,agegroup_yearsall,sex_btsx,4.61453
tza,2005,agegroup_yearsall,sex_fmle,2.13399
tza,2005,agegroup_yearsall,sex_mle,7.14197
tza,2006,agegroup_yearsall,sex_btsx,4.58091
tza,2006,agegroup_yearsall,sex_fmle,2.14852
tza,2006,agegroup_yearsall,sex_mle,7.06248
tza,2007,agegroup_yearsall,sex_btsx,4.51246
tza,2007,agegroup_yearsall,sex_fmle,2.12705
tza,2007,agegroup_yearsall,sex_mle,6.94903
tza,2008,agegroup_yearsall,sex_btsx,4.46405
tza,2008,agegroup_yearsall,sex_fmle,2.08022
tza,2008,agegroup_yearsall,sex_mle,6.90276
tza,2009,agegroup_yearsall,sex_btsx,4.41181
tza,2009,agegroup_yearsall,sex_fmle,2.09581
tza,2009,agegroup_yearsall,sex_mle,6.78787
tza,2010,agegroup_yearsall,sex_btsx,4.3606
tza,2010,agegroup_yearsall,sex_fmle,2.04171
tza,2010,agegroup_yearsall,sex_mle,6.74487
tza,2011,agegroup_yearsall,sex_btsx,4.2616
tza,2011,agegroup_yearsall,sex_fmle,2.02203
tza,2011,agegroup_yearsall,sex_mle,6.56517
tza,2012,agegroup_yearsall,sex_btsx,4.11078
tza,2012,agegroup_yearsall,sex_fmle,1.90612
tza,2012,agegroup_yearsall,sex_mle,6.37807
tza,2013,agegroup_yearsall,sex_btsx,4.01842
tza,2013,agegroup_yearsall,sex_fmle,1.83886
tza,2013,agegroup_yearsall,sex_mle,6.25822
tza,2014,agegroup_yearsall,sex_btsx,3.95943
tza,2014,agegroup_yearsall,sex_fmle,1.82767
tza,2014,agegroup_yearsall,sex_mle,6.1482
tza,2015,agegroup_yearsall,sex_btsx,4.02719
tza,2015,agegroup_yearsall,sex_fmle,1.918
tza,2015,agegroup_yearsall,sex_mle,6.18843
tza,2016,agegroup_yearsall,sex_btsx,4.13232
tza,2016,agegroup_yearsall,sex_fmle,2.11743
tza,2016,agegroup_yearsall,sex_mle,6.19095
tza,2017,agegroup_yearsall,sex_btsx,3.77211
tza,2017,agegroup_yearsall,sex_fmle,2.1935
tza,2017,agegroup_yearsall,sex_mle,5.38139
tza,2018,agegroup_yearsall,sex_btsx,4.2486
tza,2018,agegroup_yearsall,sex_fmle,2.35149
tza,2018,agegroup_yearsall,sex_mle,6.1808
tza,2019,agegroup_years15_19,sex_btsx,2.53
tza,2019,agegroup_years15_19,sex_fmle,1.31
tza,2019,agegroup_years15_19,sex_mle,3.73
tza,2019,agegroup_years15_24,sex_btsx,3.27
tza,2019,agegroup_years15_24,sex_fmle,1.38
tza,2019,agegroup_years15_24,sex_mle,5.13
tza,2019,agegroup_years15_29,sex_btsx,3.72
tza,2019,agegroup_years15_29,sex_fmle,1.44
tza,2019,agegroup_years15_29,sex_mle,5.98
tza,2019,agegroup_years25_34,sex_btsx,4.82
tza,2019,agegroup_years25_34,sex_fmle,1.66
tza,2019,agegroup_years25_34,sex_mle,7.98
tza,2019,agegroup_years30_49,sex_btsx,6.11
tza,2019,agegroup_years30_49,sex_fmle,2.35
tza,2019,agegroup_years30_49,sex_mle,9.89
tza,2019,agegroup_years35_44,sex_btsx,6.15
tza,2019,agegroup_years35_44,sex_fmle,2.37
tza,2019,agegroup_years35_44,sex_mle,9.95
tza,2019,agegroup_years45_54,sex_btsx,9.95
tza,2019,agegroup_years45_54,sex_fmle,4.44
tza,2019,agegroup_years45_54,sex_mle,15.56
tza,2019,agegroup_years55_64,sex_btsx,17.65
tza,2019,agegroup_years55_64,sex_fmle,8.42
tza,2019,agegroup_years55_64,sex_mle,27.83
tza,2019,agegroup_years65_74,sex_btsx,31.53
tza,2019,agegroup_years65_74,sex_fmle,16.28
tza,2019,agegroup_years65_74,sex_mle,51.06
tza,2019,agegroup_years75_84,sex_btsx,50.18
tza,2019,agegroup_years75_84,sex_fmle,25.99
tza,2019,agegroup_years75_84,sex_mle,88.52
tza,2019,agegroup_years85plus,sex_btsx,159.87
tza,2019,agegroup_years85plus,sex_fmle,74.4
tza,2019,agegroup_years85plus,sex_mle,336.65
tza,2019,agegroup_yearsall,sex_btsx,4.48201
tza,2019,agegroup_yearsall,sex_fmle,2.44495
tza,2019,agegroup_yearsall,sex_mle,6.55708
tza,2020,agegroup_yearsall,sex_btsx,4.37459
tza,2020,agegroup_yearsall,sex_fmle,2.28945
tza,2020,agegroup_yearsall,sex_mle,6.49865
tza,2021,agegroup_yearsall,sex_btsx,5.10475
tza,2021,agegroup_yearsall,sex_fmle,2.73778
tza,2021,agegroup_yearsall,sex_mle,7.51526
uga,2000,agegroup_yearsall,sex_btsx,6.8407
uga,2000,agegroup_yearsall,sex_fmle,3.27911
uga,2000,agegroup_yearsall,sex_mle,10.52773
uga,2001,agegroup_yearsall,sex_btsx,7.05842
uga,2001,agegroup_yearsall,sex_fmle,3.3102
uga,2001,agegroup_yearsall,sex_mle,10.93532
uga,2002,agegroup_yearsall,sex_btsx,6.89893
uga,2002,agegroup_yearsall,sex_fmle,3.14838
uga,2002,agegroup_yearsall,sex_mle,10.77514
uga,2003,agegroup_yearsall,sex_btsx,6.84252
uga,2003,agegroup_yearsall,sex_fmle,3.06879
uga,2003,agegroup_yearsall,sex_mle,10.73998
uga,2004,agegroup_yearsall,sex_btsx,6.62858
uga,2004,agegroup_yearsall,sex_fmle,2.92939
uga,2004,agegroup_yearsall,sex_mle,10.44663
uga,2005,agegroup_yearsall,sex_btsx,6.29803
uga,2005,agegroup_yearsall,sex_fmle,2.83376
uga,2005,agegroup_yearsall,sex_mle,9.8713
uga,2006,agegroup_yearsall,sex_btsx,6.01793
uga,2006,agegroup_yearsall,sex_fmle,2.71429
uga,2006,agegroup_yearsall,sex_mle,9.42319
uga,2007,agegroup_yearsall,sex_btsx,5.62921
uga,2007,agegroup_yearsall,sex_fmle,2.52517
uga,2007,agegroup_yearsall,sex_mle,8.82629
uga,2008,agegroup_yearsall,sex_btsx,5.4968
uga,2008,agegroup_yearsall,sex_fmle,2.45517
uga,2008,agegroup_yearsall,sex_mle,8.62701
uga,2009,agegroup_yearsall,sex_btsx,5.30005
uga,2009,agegroup_yearsall,sex_fmle,2.35889
uga,2009,agegroup_yearsall,sex_mle,8.32431
uga,2010,agegroup_yearsall,sex_btsx,5.25097
uga,2010,agegroup_yearsall,sex_fmle,2.36074
uga,2010,agegroup_yearsall,sex_mle,8.22038
uga,2011,agegroup_yearsall,sex_btsx,5.32576
uga,2011,agegroup_yearsall,sex_fmle,2.32561
uga,2011,agegroup_yearsall,sex_mle,8.40546
uga,2012,agegroup_yearsall,sex_btsx,5.13244
uga,2012,agegroup_yearsall,sex_fmle,2.17387
uga,2012,agegroup_yearsall,sex_mle,8.16691
uga,2013,agegroup_yearsall,sex_btsx,4.9804
uga,2013,agegroup_yearsall,sex_fmle,2.07922
uga,2013,agegroup_yearsall,sex_mle,7.95363
uga,2014,agegroup_yearsall,sex_btsx,4.7738
uga,2014,agegroup_yearsall,sex_fmle,1.85459
uga,2014,agegroup_yearsall,sex_mle,7.76315
uga,2015,agegroup_yearsall,sex_btsx,4.5942
uga,2015,agegroup_yearsall,sex_fmle,1.8115
uga,2015,agegroup_yearsall,sex_mle,7.44151
uga,2016,agegroup_yearsall,sex_btsx,4.59982
uga,2016,agegroup_yearsall,sex_fmle,1.79678
uga,2016,agegroup_yearsall,sex_mle,7.46553
uga,2017,agegroup_yearsall,sex_btsx,4.49874
uga,2017,agegroup_yearsall,sex_fmle,1.72162
uga,2017,agegroup_yearsall,sex_mle,7.3355
uga,2018,agegroup_yearsall,sex_btsx,4.7375
uga,2018,agegroup_yearsall,sex_fmle,1.80203
uga,2018,agegroup_yearsall,sex_mle,7.73346
uga,2019,agegroup_years15_19,sex_btsx,2.67
uga,2019,agegroup_years15_19,sex_fmle,1.12
uga,2019,agegroup_years15_19,sex_mle,4.21
uga,2019,agegroup_years15_24,sex_btsx,3.36
uga,2019,agegroup_years15_24,sex_fmle,1.21
uga,2019,agegroup_years15_24,sex_mle,5.55
uga,2019,agegroup_years15_29,sex_btsx,3.7
uga,2019,agegroup_years15_29,sex_fmle,1.26
uga,2019,agegroup_years15_29,sex_mle,6.21
uga,2019,agegroup_years25_34,sex_btsx,4.56
uga,2019,agegroup_years25_34,sex_fmle,1.41
uga,2019,agegroup_years25_34,sex_mle,7.97
uga,2019,agegroup_years30_49,sex_btsx,6.59
uga,2019,agegroup_years30_49,sex_fmle,1.9
uga,2019,agegroup_years30_49,sex_mle,11.66
uga,2019,agegroup_years35_44,sex_btsx,6.21
uga,2019,agegroup_years35_44,sex_fmle,1.96
uga,2019,agegroup_years35_44,sex_mle,10.83
uga,2019,agegroup_years45_54,sex_btsx,14.66
uga,2019,agegroup_years45_54,sex_fmle,3.95
uga,2019,agegroup_years45_54,sex_mle,26.08
uga,2019,agegroup_years55_64,sex_btsx,25.92
uga,2019,agegroup_years55_64,sex_fmle,9.02
uga,2019,agegroup_years55_64,sex_mle,45.84
uga,2019,agegroup_years65_74,sex_btsx,42.54
uga,2019,agegroup_years65_74,sex_fmle,16.79
uga,2019,agegroup_years65_74,sex_mle,79
uga,2019,agegroup_years75_84,sex_btsx,64.05
uga,2019,agegroup_years75_84,sex_fmle,25.72
uga,2019,agegroup_years75_84,sex_mle,131.43
uga,2019,agegroup_years85plus,sex_btsx,155.21
uga,2019,agegroup_years85plus,sex_fmle,56.96
uga,2019,agegroup_years85plus,sex_mle,393.7
uga,2019,agegroup_yearsall,sex_btsx,5.13934
uga,2019,agegroup_yearsall,sex_fmle,2.00723
uga,2019,agegroup_yearsall,sex_mle,8.33333
uga,2020,agegroup_yearsall,sex_btsx,4.92631
uga,2020,agegroup_yearsall,sex_fmle,1.98517
uga,2020,agegroup_yearsall,sex_mle,7.92333
uga,2021,agegroup_yearsall,sex_btsx,5.498
uga,2021,agegroup_yearsall,sex_fmle,2.26592
uga,2021,agegroup_yearsall,sex_mle,8.78918
ukr,2000,agegroup_yearsall,sex_btsx,36.0638
ukr,2000,agegroup_yearsall,sex_fmle,11.51627
ukr,2000,agegroup_yearsall,sex_mle,64.1751
ukr,2001,agegroup_yearsall,sex_btsx,33.33294
ukr,2001,agegroup_yearsall,sex_fmle,10.11805
ukr,2001,agegroup_yearsall,sex_mle,59.93975
ukr,2002,agegroup_yearsall,sex_btsx,32.48522
ukr,2002,agegroup_yearsall,sex_fmle,9.73302
ukr,2002,agegroup_yearsall,sex_mle,58.58098
ukr,2003,agegroup_yearsall,sex_btsx,31.25677
ukr,2003,agegroup_yearsall,sex_fmle,9.25665
ukr,2003,agegroup_yearsall,sex_mle,56.50017
ukr,2004,agegroup_yearsall,sex_btsx,29.78368
ukr,2004,agegroup_yearsall,sex_fmle,8.52032
ukr,2004,agegroup_yearsall,sex_mle,54.19626
ukr,2005,agegroup_yearsall,sex_btsx,30.66804
ukr,2005,agegroup_yearsall,sex_fmle,8.83216
ukr,2005,agegroup_yearsall,sex_mle,55.76839
ukr,2006,agegroup_yearsall,sex_btsx,28.68635
ukr,2006,agegroup_yearsall,sex_fmle,8.35449
ukr,2006,agegroup_yearsall,sex_mle,52.07808
ukr,2007,agegroup_yearsall,sex_btsx,29.07975
ukr,2007,agegroup_yearsall,sex_fmle,8.20291
ukr,2007,agegroup_yearsall,sex_mle,53.11017
ukr,2008,agegroup_yearsall,sex_btsx,28.40204
ukr,2008,agegroup_yearsall,sex_fmle,8.31254
ukr,2008,agegroup_yearsall,sex_mle,51.54254
ukr,2009,agegroup_yearsall,sex_btsx,26.02403
ukr,2009,agegroup_yearsall,sex_fmle,7.80203
ukr,2009,agegroup_yearsall,sex_mle,47.0157
ukr,2010,agegroup_yearsall,sex_btsx,24.74637
ukr,2010,agegroup_yearsall,sex_fmle,7.55844
ukr,2010,agegroup_yearsall,sex_mle,44.53784
ukr,2011,agegroup_yearsall,sex_btsx,23.91006
ukr,2011,agegroup_yearsall,sex_fmle,7.47943
ukr,2011,agegroup_yearsall,sex_mle,42.8196
ukr,2012,agegroup_yearsall,sex_btsx,24.29951
ukr,2012,agegroup_yearsall,sex_fmle,7.74998
ukr,2012,agegroup_yearsall,sex_mle,43.32621
ukr,2013,agegroup_yearsall,sex_btsx,24.08658
ukr,2013,agegroup_yearsall,sex_fmle,7.98484
ukr,2013,agegroup_yearsall,sex_mle,42.57731
ukr,2014,agegroup_yearsall,sex_btsx,25.49807
ukr,2014,agegroup_yearsall,sex_fmle,8.03208
ukr,2014,agegroup_yearsall,sex_mle,45.54524
ukr,2015,agegroup_yearsall,sex_btsx,22.41221
ukr,2015,agegroup_yearsall,sex_fmle,7.1937
ukr,2015,agegroup_yearsall,sex_mle,39.87217
ukr,2016,agegroup_yearsall,sex_btsx,21.34309
ukr,2016,agegroup_yearsall,sex_fmle,6.85098
ukr,2016,agegroup_yearsall,sex_mle,37.95927
ukr,2017,agegroup_yearsall,sex_btsx,21.81332
ukr,2017,agegroup_yearsall,sex_fmle,6.74668
ukr,2017,agegroup_yearsall,sex_mle,39.0785
ukr,2018,agegroup_yearsall,sex_btsx,23.52519
ukr,2018,agegroup_yearsall,sex_fmle,7.09664
ukr,2018,agegroup_yearsall,sex_mle,42.34559
ukr,2019,agegroup_years15_19,sex_btsx,9.39
ukr,2019,agegroup_years15_19,sex_fmle,3.58
ukr,2019,agegroup_years15_19,sex_mle,14.87
ukr,2019,agegroup_years15_24,sex_btsx,12.31
ukr,2019,agegroup_years15_24,sex_fmle,3.3
ukr,2019,agegroup_years15_24,sex_mle,20.83
ukr,2019,agegroup_years15_29,sex_btsx,15.64
ukr,2019,agegroup_years15_29,sex_fmle,3.61
ukr,2019,agegroup_years15_29,sex_mle,27.07
ukr,2019,agegroup_years25_34,sex_btsx,23.77
ukr,2019,agegroup_years25_34,sex_fmle,4.47
ukr,2019,agegroup_years25_34,sex_mle,42.3
ukr,2019,agegroup_years30_49,sex_btsx,29.58
ukr,2019,agegroup_years30_49,sex_fmle,6.46
ukr,2019,agegroup_years30_49,sex_mle,53.15
ukr,2019,agegroup_years35_44,sex_btsx,30.61
ukr,2019,agegroup_years35_44,sex_fmle,6.49
ukr,2019,agegroup_years35_44,sex_mle,55.23
ukr,2019,agegroup_years45_54,sex_btsx,30.32
ukr,2019,agegroup_years45_54,sex_fmle,8.14
ukr,2019,agegroup_years45_54,sex_mle,55.27
ukr,2019,agegroup_years55_64,sex_btsx,24.72
ukr,2019,agegroup_years55_64,sex_fmle,6.95
ukr,2019,agegroup_years55_64,sex_mle,48.23
ukr,2019,agegroup_years65_74,sex_btsx,25.14
ukr,2019,agegroup_years65_74,sex_fmle,9.47
ukr,2019,agegroup_years65_74,sex_mle,51.44
ukr,2019,agegroup_years75_84,sex_btsx,30.59
ukr,2019,agegroup_years75_84,sex_fmle,14.56
ukr,2019,agegroup_years75_84,sex_mle,69.03
ukr,2019,agegroup_years85plus,sex_btsx,58.28
ukr,2019,agegroup_years85plus,sex_fmle,28.38
ukr,2019,agegroup_years85plus,sex_mle,156.42
ukr,2019,agegroup_yearsall,sex_btsx,23.29315
ukr,2019,agegroup_yearsall,sex_fmle,7.12417
ukr,2019,agegroup_yearsall,sex_mle,41.81665
ukr,2020,agegroup_yearsall,sex_btsx,22.11994
ukr,2020,agegroup_yearsall,sex_fmle,6.94776
ukr,2020,agegroup_yearsall,sex_mle,39.50629
ukr,2021,agegroup_yearsall,sex_btsx,21.2133
ukr,2021,agegroup_yearsall,sex_fmle,6.86804
ukr,2021,agegroup_yearsall,sex_mle,37.65052
ury,2000,agegroup_yearsall,sex_btsx,16.35352
ury,2000,agegroup_yearsall,sex_fmle,5.63967
ury,2000,agegroup_yearsall,sex_mle,27.69495
ury,2001,agegroup_yearsall,sex_btsx,14.70045
ury,2001,agegroup_yearsall,sex_fmle,6.36286
ury,2001,agegroup_yearsall,sex_mle,23.53277
ury,2002,agegroup_yearsall,sex_btsx,20.17076
ury,2002,agegroup_yearsall,sex_fmle,8.4756
ury,2002,agegroup_yearsall,sex_mle,32.5688
ury,2003,agegroup_yearsall,sex_btsx,15.86947
ury,2003,agegroup_yearsall,sex_fmle,7.12885
ury,2003,agegroup_yearsall,sex_mle,25.14229
ury,2004,agegroup_yearsall,sex_btsx,15.51202
ury,2004,agegroup_yearsall,sex_fmle,6.40279
ury,2004,agegroup_yearsall,sex_mle,25.18282
ury,2005,agegroup_yearsall,sex_btsx,14.97091
ury,2005,agegroup_yearsall,sex_fmle,6.73335
ury,2005,agegroup_yearsall,sex_mle,23.72294
ury,2006,agegroup_yearsall,sex_btsx,15.71476
ury,2006,agegroup_yearsall,sex_fmle,7.84975
ury,2006,agegroup_yearsall,sex_mle,24.07764
ury,2007,agegroup_yearsall,sex_btsx,17.61313
ury,2007,agegroup_yearsall,sex_fmle,8.09148
ury,2007,agegroup_yearsall,sex_mle,27.74423
ury,2008,agegroup_yearsall,sex_btsx,15.20431
ury,2008,agegroup_yearsall,sex_fmle,6.62194
ury,2008,agegroup_yearsall,sex_mle,24.34038
ury,2009,agegroup_yearsall,sex_btsx,15.10594
ury,2009,agegroup_yearsall,sex_fmle,5.94422
ury,2009,agegroup_yearsall,sex_mle,24.86166
ury,2010,agegroup_yearsall,sex_btsx,16.08079
ury,2010,agegroup_yearsall,sex_fmle,7.17158
ury,2010,agegroup_yearsall,sex_mle,25.56943
ury,2011,agegroup_yearsall,sex_btsx,16.88841
ury,2011,agegroup_yearsall,sex_fmle,7.4468
ury,2011,agegroup_yearsall,sex_mle,26.94477
ury,2012,agegroup_yearsall,sex_btsx,17.95451
ury,2012,agegroup_yearsall,sex_fmle,7.16822
ury,2012,agegroup_yearsall,sex_mle,29.44145
ury,2013,agegroup_yearsall,sex_btsx,15.99094
ury,2013,agegroup_yearsall,sex_fmle,7.24418
ury,2013,agegroup_yearsall,sex_mle,25.30315
ury,2014,agegroup_yearsall,sex_btsx,17.58193
ury,2014,agegroup_yearsall,sex_fmle,7.9592
ury,2014,agegroup_yearsall,sex_mle,27.82265
ury,2015,agegroup_yearsall,sex_btsx,18.73129
ury,2015,agegroup_yearsall,sex_fmle,7.69671
ury,2015,agegroup_yearsall,sex_mle,30.46848
ury,2016,agegroup_yearsall,sex_btsx,21.27741
ury,2016,agegroup_yearsall,sex_fmle,9.61279
ury,2016,agegroup_yearsall,sex_mle,33.677
ury,2017,agegroup_yearsall,sex_btsx,20.98869
ury,2017,agegroup_yearsall,sex_fmle,8.69254
ury,2017,agegroup_yearsall,sex_mle,34.05133
ury,2018,agegroup_yearsall,sex_btsx,23.22348
ury,2018,agegroup_yearsall,sex_fmle,10.43259
ury,2018,agegroup_yearsall,sex_mle,36.80846
ury,2019,agegroup_years15_19,sex_btsx,12.21
ury,2019,agegroup_years15_19,sex_fmle,6.22
ury,2019,agegroup_years15_19,sex_mle,17.97
ury,2019,agegroup_years15_24,sex_btsx,20.93
ury,2019,agegroup_years15_24,sex_fmle,8.01
ury,2019,agegroup_years15_24,sex_mle,33.37
ury,2019,agegroup_years15_29,sex_btsx,23.08
ury,2019,agegroup_years15_29,sex_fmle,9.15
ury,2019,agegroup_years15_29,sex_mle,36.55
ury,2019,agegroup_years25_34,sex_btsx,26.62
ury,2019,agegroup_years25_34,sex_fmle,10.45
ury,2019,agegroup_years25_34,sex_mle,42.44
ury,2019,agegroup_years30_49,sex_btsx,23.59
ury,2019,agegroup_years30_49,sex_fmle,9.72
ury,2019,agegroup_years30_49,sex_mle,37.59
ury,2019,agegroup_years35_44,sex_btsx,24.01
ury,2019,agegroup_years35_44,sex_fmle,10.39
ury,2019,agegroup_years35_44,sex_mle,37.8
ury,2019,agegroup_years45_54,sex_btsx,23.12
ury,2019,agegroup_years45_54,sex_fmle,8.73
ury,2019,agegroup_years45_54,sex_mle,38.24
ury,2019,agegroup_years55_64,sex_btsx,29.02
ury,2019,agegroup_years55_64,sex_fmle,13.85
ury,2019,agegroup_years55_64,sex_mle,46.07
ury,2019,agegroup_years65_74,sex_btsx,29.96
ury,2019,agegroup_years65_74,sex_fmle,11.88
ury,2019,agegroup_years65_74,sex_mle,52.63
ury,2019,agegroup_years75_84,sex_btsx,39.91
ury,2019,agegroup_years75_84,sex_fmle,15.86
ury,2019,agegroup_years75_84,sex_mle,79.84
ury,2019,agegroup_years85plus,sex_btsx,38.94
ury,2019,agegroup_years85plus,sex_fmle,13.91
ury,2019,agegroup_years85plus,sex_mle,114.74
ury,2019,agegroup_yearsall,sex_btsx,23.39972
ury,2019,agegroup_yearsall,sex_fmle,9.06866
ury,2019,agegroup_yearsall,sex_mle,38.62038
ury,2020,agegroup_yearsall,sex_btsx,22.76936
ury,2020,agegroup_yearsall,sex_fmle,8.55159
ury,2020,agegroup_yearsall,sex_mle,37.8665
ury,2021,agegroup_yearsall,sex_btsx,24.75191
ury,2021,agegroup_yearsall,sex_fmle,10.53232
ury,2021,agegroup_yearsall,sex_mle,39.8505
usa,2000,agegroup_yearsall,sex_btsx,11.16949
usa,2000,agegroup_yearsall,sex_fmle,4.54113
usa,2000,agegroup_yearsall,sex_mle,17.88781
usa,2001,agegroup_yearsall,sex_btsx,11.54827
usa,2001,agegroup_yearsall,sex_fmle,4.69662
usa,2001,agegroup_yearsall,sex_mle,18.48118
usa,2002,agegroup_yearsall,sex_btsx,11.86803
usa,2002,agegroup_yearsall,sex_fmle,4.94163
usa,2002,agegroup_yearsall,sex_mle,18.87003
usa,2003,agegroup_yearsall,sex_btsx,11.76274
usa,2003,agegroup_yearsall,sex_fmle,4.9692
usa,2003,agegroup_yearsall,sex_mle,18.62409
usa,2004,agegroup_yearsall,sex_btsx,11.92313
usa,2004,agegroup_yearsall,sex_fmle,5.278
usa,2004,agegroup_yearsall,sex_mle,18.62868
usa,2005,agegroup_yearsall,sex_btsx,11.82548
usa,2005,agegroup_yearsall,sex_fmle,5.11827
usa,2005,agegroup_yearsall,sex_mle,18.588
usa,2006,agegroup_yearsall,sex_btsx,11.96196
usa,2006,agegroup_yearsall,sex_fmle,5.23208
usa,2006,agegroup_yearsall,sex_mle,18.74192
usa,2007,agegroup_yearsall,sex_btsx,12.30993
usa,2007,agegroup_yearsall,sex_fmle,5.39618
usa,2007,agegroup_yearsall,sex_mle,19.27002
usa,2008,agegroup_yearsall,sex_btsx,12.64782
usa,2008,agegroup_yearsall,sex_fmle,5.49865
usa,2008,agegroup_yearsall,sex_mle,19.83993
usa,2009,agegroup_yearsall,sex_btsx,12.81935
usa,2009,agegroup_yearsall,sex_fmle,5.61065
usa,2009,agegroup_yearsall,sex_mle,20.0668
usa,2010,agegroup_yearsall,sex_btsx,13.19888
usa,2010,agegroup_yearsall,sex_fmle,5.75422
usa,2010,agegroup_yearsall,sex_mle,20.67945
usa,2011,agegroup_yearsall,sex_btsx,13.44278
usa,2011,agegroup_yearsall,sex_fmle,5.96508
usa,2011,agegroup_yearsall,sex_mle,20.94584
usa,2012,agegroup_yearsall,sex_btsx,13.66573
usa,2012,agegroup_yearsall,sex_fmle,6.09985
usa,2012,agegroup_yearsall,sex_mle,21.24038
usa,2013,agegroup_yearsall,sex_btsx,13.69739
usa,2013,agegroup_yearsall,sex_fmle,6.24408
usa,2013,agegroup_yearsall,sex_mle,21.14365
usa,2014,agegroup_yearsall,sex_btsx,14.09547
usa,2014,agegroup_yearsall,sex_fmle,6.51925
usa,2014,agegroup_yearsall,sex_mle,21.64954
usa,2015,agegroup_yearsall,sex_btsx,14.41543
usa,2015,agegroup_yearsall,sex_fmle,6.81605
usa,2015,agegroup_yearsall,sex_mle,21.97835
usa,2016,agegroup_yearsall,sex_btsx,14.62768
usa,2016,agegroup_yearsall,sex_fmle,6.8042
usa,2016,agegroup_yearsall,sex_mle,22.39939
usa,2017,agegroup_yearsall,sex_btsx,15.19367
usa,2017,agegroup_yearsall,sex_fmle,6.85692
usa,2017,agegroup_yearsall,sex_mle,23.46087
usa,2018,agegroup_yearsall,sex_btsx,15.43839
usa,2018,agegroup_yearsall,sex_fmle,6.91524
usa,2018,agegroup_yearsall,sex_mle,23.87746
usa,2019,agegroup_years15_19,sex_btsx,9.42
usa,2019,agegroup_years15_19,sex_fmle,4.73
usa,2019,agegroup_years15_19,sex_mle,13.92
usa,2019,agegroup_years15_24,sex_btsx,14.4
usa,2019,agegroup_years15_24,sex_fmle,6.15
usa,2019,agegroup_years15_24,sex_mle,22.34
usa,2019,agegroup_years15_29,sex_btsx,17.72
usa,2019,agegroup_years15_29,sex_fmle,7.2
usa,2019,agegroup_years15_29,sex_mle,27.84
usa,2019,agegroup_years25_34,sex_btsx,23.84
usa,2019,agegroup_years25_34,sex_fmle,9.77
usa,2019,agegroup_years25_34,sex_mle,37.45
usa,2019,agegroup_years30_49,sex_btsx,20.48
usa,2019,agegroup_years30_49,sex_fmle,9.99
usa,2019,agegroup_years30_49,sex_mle,30.91
usa,2019,agegroup_years35_44,sex_btsx,19.34
usa,2019,agegroup_years35_44,sex_fmle,9.64
usa,2019,agegroup_years35_44,sex_mle,29.04
usa,2019,agegroup_years45_54,sex_btsx,19.98
usa,2019,agegroup_years45_54,sex_fmle,11.07
usa,2019,agegroup_years45_54,sex_mle,28.89
usa,2019,agegroup_years55_64,sex_btsx,21.27
usa,2019,agegroup_years55_64,sex_fmle,11.11
usa,2019,agegroup_years55_64,sex_mle,31.82
usa,2019,agegroup_years65_74,sex_btsx,17.25
usa,2019,agegroup_years65_74,sex_fmle,7.39
usa,2019,agegroup_years65_74,sex_mle,28.43
usa,2019,agegroup_years75_84,sex_btsx,19.6
usa,2019,agegroup_years75_84,sex_fmle,5.78
usa,2019,agegroup_years75_84,sex_mle,37.13
usa,2019,agegroup_years85plus,sex_btsx,19.44
usa,2019,agegroup_years85plus,sex_fmle,4.83
usa,2019,agegroup_years85plus,sex_mle,44.99
usa,2019,agegroup_yearsall,sex_btsx,15.10978
usa,2019,agegroup_yearsall,sex_fmle,6.66111
usa,2019,agegroup_yearsall,sex_mle,23.4637
usa,2020,agegroup_yearsall,sex_btsx,14.95539
usa,2020,agegroup_yearsall,sex_fmle,6.22104
usa,2020,agegroup_yearsall,sex_mle,23.58824
usa,2021,agegroup_yearsall,sex_btsx,15.63139
usa,2021,agegroup_yearsall,sex_fmle,6.46889
usa,2021,agegroup_yearsall,sex_mle,24.69146
uzb,2000,agegroup_yearsall,sex_btsx,14.93896
uzb,2000,agegroup_yearsall,sex_fmle,7.03104
uzb,2000,agegroup_yearsall,sex_mle,22.76687
uzb,2001,agegroup_yearsall,sex_btsx,14.63954
uzb,2001,agegroup_yearsall,sex_fmle,6.97773
uzb,2001,agegroup_yearsall,sex_mle,22.22399
uzb,2002,agegroup_yearsall,sex_btsx,14.48929
uzb,2002,agegroup_yearsall,sex_fmle,7.09652
uzb,2002,agegroup_yearsall,sex_mle,21.80757
uzb,2003,agegroup_yearsall,sex_btsx,13.60696
uzb,2003,agegroup_yearsall,sex_fmle,6.64975
uzb,2003,agegroup_yearsall,sex_mle,20.49387
uzb,2004,agegroup_yearsall,sex_btsx,12.99641
uzb,2004,agegroup_yearsall,sex_fmle,6.28616
uzb,2004,agegroup_yearsall,sex_mle,19.63839
uzb,2005,agegroup_yearsall,sex_btsx,13.60773
uzb,2005,agegroup_yearsall,sex_fmle,6.86478
uzb,2005,agegroup_yearsall,sex_mle,20.28149
uzb,2006,agegroup_yearsall,sex_btsx,12.89942
uzb,2006,agegroup_yearsall,sex_fmle,7.7753
uzb,2006,agegroup_yearsall,sex_mle,17.97045
uzb,2007,agegroup_yearsall,sex_btsx,12.46597
uzb,2007,agegroup_yearsall,sex_fmle,7.89758
uzb,2007,agegroup_yearsall,sex_mle,16.98646
uzb,2008,agegroup_yearsall,sex_btsx,12.08099
uzb,2008,agegroup_yearsall,sex_fmle,7.64719
uzb,2008,agegroup_yearsall,sex_mle,16.46738
uzb,2009,agegroup_yearsall,sex_btsx,11.58948
uzb,2009,agegroup_yearsall,sex_fmle,7.33499
uzb,2009,agegroup_yearsall,sex_mle,15.79713
uzb,2010,agegroup_yearsall,sex_btsx,11.26862
uzb,2010,agegroup_yearsall,sex_fmle,6.90114
uzb,2010,agegroup_yearsall,sex_mle,15.58622
uzb,2011,agegroup_yearsall,sex_btsx,11.10294
uzb,2011,agegroup_yearsall,sex_fmle,7.00978
uzb,2011,agegroup_yearsall,sex_mle,15.14755
uzb,2012,agegroup_yearsall,sex_btsx,11.49873
uzb,2012,agegroup_yearsall,sex_fmle,7.48008
uzb,2012,agegroup_yearsall,sex_mle,15.46798
uzb,2013,agegroup_yearsall,sex_btsx,11.41575
uzb,2013,agegroup_yearsall,sex_fmle,7.34498
uzb,2013,agegroup_yearsall,sex_mle,15.43464
uzb,2014,agegroup_yearsall,sex_btsx,11.64799
uzb,2014,agegroup_yearsall,sex_fmle,7.41154
uzb,2014,agegroup_yearsall,sex_mle,15.82833
uzb,2015,agegroup_yearsall,sex_btsx,12.25373
uzb,2015,agegroup_yearsall,sex_fmle,7.85014
uzb,2015,agegroup_yearsall,sex_mle,16.59646
uzb,2016,agegroup_yearsall,sex_btsx,12.321
uzb,2016,agegroup_yearsall,sex_fmle,7.99743
uzb,2016,agegroup_yearsall,sex_mle,16.58225
uzb,2017,agegroup_yearsall,sex_btsx,11.68589
uzb,2017,agegroup_yearsall,sex_fmle,7.67303
uzb,2017,agegroup_yearsall,sex_mle,15.63892
uzb,2018,agegroup_yearsall,sex_btsx,10.72278
uzb,2018,agegroup_yearsall,sex_fmle,7.36249
uzb,2018,agegroup_yearsall,sex_mle,14.03158
uzb,2019,agegroup_years15_19,sex_btsx,15.38
uzb,2019,agegroup_years15_19,sex_fmle,15.38
uzb,2019,agegroup_years15_19,sex_mle,15.38
uzb,2019,agegroup_years15_24,sex_btsx,14.09
uzb,2019,agegroup_years15_24,sex_fmle,13.59
uzb,2019,agegroup_years15_24,sex_mle,14.58
uzb,2019,agegroup_years15_29,sex_btsx,12.45
uzb,2019,agegroup_years15_29,sex_fmle,10.83
uzb,2019,agegroup_years15_29,sex_mle,14
uzb,2019,agegroup_years25_34,sex_btsx,9.27
uzb,2019,agegroup_years25_34,sex_fmle,5.49
uzb,2019,agegroup_years25_34,sex_mle,12.96
uzb,2019,agegroup_years30_49,sex_btsx,10.58
uzb,2019,agegroup_years30_49,sex_fmle,4.49
uzb,2019,agegroup_years30_49,sex_mle,16.79
uzb,2019,agegroup_years35_44,sex_btsx,11.48
uzb,2019,agegroup_years35_44,sex_fmle,4.61
uzb,2019,agegroup_years35_44,sex_mle,18.5
uzb,2019,agegroup_years45_54,sex_btsx,10.74
uzb,2019,agegroup_years45_54,sex_fmle,3.28
uzb,2019,agegroup_years45_54,sex_mle,18.76
uzb,2019,agegroup_years55_64,sex_btsx,8.23
uzb,2019,agegroup_years55_64,sex_fmle,2.4
uzb,2019,agegroup_years55_64,sex_mle,14.83
uzb,2019,agegroup_years65_74,sex_btsx,8.12
uzb,2019,agegroup_years65_74,sex_fmle,3.62
uzb,2019,agegroup_years65_74,sex_mle,13.57
uzb,2019,agegroup_years75_84,sex_btsx,8.73
uzb,2019,agegroup_years75_84,sex_fmle,5.69
uzb,2019,agegroup_years75_84,sex_mle,12.94
uzb,2019,agegroup_years85plus,sex_btsx,15.25
uzb,2019,agegroup_years85plus,sex_fmle,10.14
uzb,2019,agegroup_years85plus,sex_mle,25.36
uzb,2019,agegroup_yearsall,sex_btsx,10.13994
uzb,2019,agegroup_yearsall,sex_fmle,7.32939
uzb,2019,agegroup_yearsall,sex_mle,12.90646
uzb,2020,agegroup_yearsall,sex_btsx,8.57769
uzb,2020,agegroup_yearsall,sex_fmle,6.31173
uzb,2020,agegroup_yearsall,sex_mle,10.80745
uzb,2021,agegroup_yearsall,sex_btsx,8.34328
uzb,2021,agegroup_yearsall,sex_fmle,6.0594
uzb,2021,agegroup_yearsall,sex_mle,10.58951
vct,2000,agegroup_yearsall,sex_btsx,5.68775
vct,2000,agegroup_yearsall,sex_fmle,0.49299
vct,2000,agegroup_yearsall,sex_mle,10.63483
vct,2001,agegroup_yearsall,sex_btsx,5.00772
vct,2001,agegroup_yearsall,sex_fmle,1.01951
vct,2001,agegroup_yearsall,sex_mle,8.80003
vct,2002,agegroup_yearsall,sex_btsx,6.25888
vct,2002,agegroup_yearsall,sex_fmle,1.29062
vct,2002,agegroup_yearsall,sex_mle,10.97766
vct,2003,agegroup_yearsall,sex_btsx,5.63113
vct,2003,agegroup_yearsall,sex_fmle,1.13372
vct,2003,agegroup_yearsall,sex_mle,9.89854
vct,2004,agegroup_yearsall,sex_btsx,5.12796
vct,2004,agegroup_yearsall,sex_fmle,1.2111
vct,2004,agegroup_yearsall,sex_mle,8.84022
vct,2005,agegroup_yearsall,sex_btsx,9.95496
vct,2005,agegroup_yearsall,sex_fmle,2.15767
vct,2005,agegroup_yearsall,sex_mle,17.33625
vct,2006,agegroup_yearsall,sex_btsx,6.19952
vct,2006,agegroup_yearsall,sex_fmle,1.34109
vct,2006,agegroup_yearsall,sex_mle,10.79342
vct,2007,agegroup_yearsall,sex_btsx,8.44643
vct,2007,agegroup_yearsall,sex_fmle,1.08921
vct,2007,agegroup_yearsall,sex_mle,15.39486
vct,2008,agegroup_yearsall,sex_btsx,4.30999
vct,2008,agegroup_yearsall,sex_fmle,0.53052
vct,2008,agegroup_yearsall,sex_mle,7.87535
vct,2009,agegroup_yearsall,sex_btsx,2.66296
vct,2009,agegroup_yearsall,sex_fmle,0.62994
vct,2009,agegroup_yearsall,sex_mle,4.57895
vct,2010,agegroup_yearsall,sex_btsx,3.143
vct,2010,agegroup_yearsall,sex_fmle,0.57475
vct,2010,agegroup_yearsall,sex_mle,5.56099
vct,2011,agegroup_yearsall,sex_btsx,5.7054
vct,2011,agegroup_yearsall,sex_fmle,2.07412
vct,2011,agegroup_yearsall,sex_mle,9.12112
vct,2012,agegroup_yearsall,sex_btsx,5.5991
vct,2012,agegroup_yearsall,sex_fmle,3.9965
vct,2012,agegroup_yearsall,sex_mle,7.10631
vct,2013,agegroup_yearsall,sex_btsx,3.90791
vct,2013,agegroup_yearsall,sex_fmle,1.05736
vct,2013,agegroup_yearsall,sex_mle,6.59085
vct,2014,agegroup_yearsall,sex_btsx,1.23586
vct,2014,agegroup_yearsall,sex_fmle,0.38679
vct,2014,agegroup_yearsall,sex_mle,2.03587
vct,2015,agegroup_yearsall,sex_btsx,2.63591
vct,2015,agegroup_yearsall,sex_fmle,0.47107
vct,2015,agegroup_yearsall,sex_mle,4.67839
vct,2016,agegroup_yearsall,sex_btsx,0.51349
vct,2016,agegroup_yearsall,sex_fmle,0.48913
vct,2016,agegroup_yearsall,sex_mle,0.5365
vct,2017,agegroup_yearsall,sex_btsx,0
vct,2017,agegroup_yearsall,sex_fmle,0
vct,2017,agegroup_yearsall,sex_mle,0
vct,2018,agegroup_yearsall,sex_btsx,0
vct,2018,agegroup_yearsall,sex_fmle,0
vct,2018,agegroup_yearsall,sex_mle,0
vct,2019,agegroup_years15_19,sex_btsx,0
vct,2019,agegroup_years15_19,sex_fmle,0
vct,2019,agegroup_years15_19,sex_mle,0
vct,2019,agegroup_years15_24,sex_btsx,1.32
vct,2019,agegroup_years15_24,sex_fmle,0
vct,2019,agegroup_years15_24,sex_mle,2.57
vct,2019,agegroup_years15_29,sex_btsx,1.46
vct,2019,agegroup_years15_29,sex_fmle,0
vct,2019,agegroup_years15_29,sex_mle,2.86
vct,2019,agegroup_years25_34,sex_btsx,0.91
vct,2019,agegroup_years25_34,sex_fmle,0
vct,2019,agegroup_years25_34,sex_mle,1.8
vct,2019,agegroup_years30_49,sex_btsx,0.87
vct,2019,agegroup_years30_49,sex_fmle,0
vct,2019,agegroup_years30_49,sex_mle,1.73
vct,2019,agegroup_years35_44,sex_btsx,1.72
vct,2019,agegroup_years35_44,sex_fmle,0
vct,2019,agegroup_years35_44,sex_mle,3.46
vct,2019,agegroup_years45_54,sex_btsx,0
vct,2019,agegroup_years45_54,sex_fmle,0
vct,2019,agegroup_years45_54,sex_mle,0
vct,2019,agegroup_years55_64,sex_btsx,0
vct,2019,agegroup_years55_64,sex_fmle,0
vct,2019,agegroup_years55_64,sex_mle,0
vct,2019,agegroup_years65_74,sex_btsx,0
vct,2019,agegroup_years65_74,sex_fmle,0
vct,2019,agegroup_years65_74,sex_mle,0
vct,2019,agegroup_years75_84,sex_btsx,3.06
vct,2019,agegroup_years75_84,sex_fmle,0
vct,2019,agegroup_years75_84,sex_mle,6.29
vct,2019,agegroup_years85plus,sex_btsx,0
vct,2019,agegroup_years85plus,sex_fmle,0
vct,2019,agegroup_years85plus,sex_mle,0
vct,2019,agegroup_yearsall,sex_btsx,0.31733
vct,2019,agegroup_yearsall,sex_fmle,0
vct,2019,agegroup_yearsall,sex_mle,0.61815
vct,2020,agegroup_yearsall,sex_btsx,0.31574
vct,2020,agegroup_yearsall,sex_fmle,0
vct,2020,agegroup_yearsall,sex_mle,0.61614
vct,2021,agegroup_yearsall,sex_btsx,0.40885
vct,2021,agegroup_yearsall,sex_fmle,0
vct,2021,agegroup_yearsall,sex_mle,0.79963
ven,2000,agegroup_yearsall,sex_btsx,6.60273
ven,2000,agegroup_yearsall,sex_fmle,1.84293
ven,2000,agegroup_yearsall,sex_mle,11.34765
ven,2001,agegroup_yearsall,sex_btsx,6.79336
ven,2001,agegroup_yearsall,sex_fmle,1.88896
ven,2001,agegroup_yearsall,sex_mle,11.68636
ven,2002,agegroup_yearsall,sex_btsx,6.46814
ven,2002,agegroup_yearsall,sex_fmle,2.13623
ven,2002,agegroup_yearsall,sex_mle,10.7936
ven,2003,agegroup_yearsall,sex_btsx,6.81973
ven,2003,agegroup_yearsall,sex_fmle,1.98048
ven,2003,agegroup_yearsall,sex_mle,11.65538
ven,2004,agegroup_yearsall,sex_btsx,6.30082
ven,2004,agegroup_yearsall,sex_fmle,1.85612
ven,2004,agegroup_yearsall,sex_mle,10.74557
ven,2005,agegroup_yearsall,sex_btsx,5.93934
ven,2005,agegroup_yearsall,sex_fmle,1.74457
ven,2005,agegroup_yearsall,sex_mle,10.1371
ven,2006,agegroup_yearsall,sex_btsx,5.92768
ven,2006,agegroup_yearsall,sex_fmle,1.63887
ven,2006,agegroup_yearsall,sex_mle,10.22306
ven,2007,agegroup_yearsall,sex_btsx,5.80853
ven,2007,agegroup_yearsall,sex_fmle,1.6055
ven,2007,agegroup_yearsall,sex_mle,10.02226
ven,2008,agegroup_yearsall,sex_btsx,5.96943
ven,2008,agegroup_yearsall,sex_fmle,1.65055
ven,2008,agegroup_yearsall,sex_mle,10.30474
ven,2009,agegroup_yearsall,sex_btsx,5.94241
ven,2009,agegroup_yearsall,sex_fmle,1.69213
ven,2009,agegroup_yearsall,sex_mle,10.21462
ven,2010,agegroup_yearsall,sex_btsx,6.04574
ven,2010,agegroup_yearsall,sex_fmle,1.69683
ven,2010,agegroup_yearsall,sex_mle,10.42213
ven,2011,agegroup_yearsall,sex_btsx,6.23055
ven,2011,agegroup_yearsall,sex_fmle,1.62142
ven,2011,agegroup_yearsall,sex_mle,10.87412
ven,2012,agegroup_yearsall,sex_btsx,6.1816
ven,2012,agegroup_yearsall,sex_fmle,1.63744
ven,2012,agegroup_yearsall,sex_mle,10.76528
ven,2013,agegroup_yearsall,sex_btsx,5.90103
ven,2013,agegroup_yearsall,sex_fmle,1.58525
ven,2013,agegroup_yearsall,sex_mle,10.2592
ven,2014,agegroup_yearsall,sex_btsx,5.67129
ven,2014,agegroup_yearsall,sex_fmle,1.6002
ven,2014,agegroup_yearsall,sex_mle,9.78693
ven,2015,agegroup_yearsall,sex_btsx,6.12156
ven,2015,agegroup_yearsall,sex_fmle,1.67685
ven,2015,agegroup_yearsall,sex_mle,10.61991
ven,2016,agegroup_yearsall,sex_btsx,10.49116
ven,2016,agegroup_yearsall,sex_fmle,2.19819
ven,2016,agegroup_yearsall,sex_mle,18.89526
ven,2017,agegroup_yearsall,sex_btsx,8.06986
ven,2017,agegroup_yearsall,sex_fmle,1.86031
ven,2017,agegroup_yearsall,sex_mle,14.37254
ven,2018,agegroup_yearsall,sex_btsx,7.44927
ven,2018,agegroup_yearsall,sex_fmle,1.80136
ven,2018,agegroup_yearsall,sex_mle,13.19107
ven,2019,agegroup_years15_19,sex_btsx,2.48
ven,2019,agegroup_years15_19,sex_fmle,1.22
ven,2019,agegroup_years15_19,sex_mle,3.69
ven,2019,agegroup_years15_24,sex_btsx,2.78
ven,2019,agegroup_years15_24,sex_fmle,1.15
ven,2019,agegroup_years15_24,sex_mle,4.38
ven,2019,agegroup_years15_29,sex_btsx,2.67
ven,2019,agegroup_years15_29,sex_fmle,0.95
ven,2019,agegroup_years15_29,sex_mle,4.38
ven,2019,agegroup_years25_34,sex_btsx,2.61
ven,2019,agegroup_years25_34,sex_fmle,0.69
ven,2019,agegroup_years25_34,sex_mle,4.58
ven,2019,agegroup_years30_49,sex_btsx,2.51
ven,2019,agegroup_years30_49,sex_fmle,0.76
ven,2019,agegroup_years30_49,sex_mle,4.34
ven,2019,agegroup_years35_44,sex_btsx,2.49
ven,2019,agegroup_years35_44,sex_fmle,0.74
ven,2019,agegroup_years35_44,sex_mle,4.34
ven,2019,agegroup_years45_54,sex_btsx,2.24
ven,2019,agegroup_years45_54,sex_fmle,0.76
ven,2019,agegroup_years45_54,sex_mle,3.82
ven,2019,agegroup_years55_64,sex_btsx,2.76
ven,2019,agegroup_years55_64,sex_fmle,1.09
ven,2019,agegroup_years55_64,sex_mle,4.6
ven,2019,agegroup_years65_74,sex_btsx,3.74
ven,2019,agegroup_years65_74,sex_fmle,1.05
ven,2019,agegroup_years65_74,sex_mle,6.87
ven,2019,agegroup_years75_84,sex_btsx,6.31
ven,2019,agegroup_years75_84,sex_fmle,1.26
ven,2019,agegroup_years75_84,sex_mle,13.15
ven,2019,agegroup_years85plus,sex_btsx,7.32
ven,2019,agegroup_years85plus,sex_fmle,1.45
ven,2019,agegroup_years85plus,sex_mle,18.32
ven,2019,agegroup_yearsall,sex_btsx,7.17318
ven,2019,agegroup_yearsall,sex_fmle,1.77555
ven,2019,agegroup_yearsall,sex_mle,12.66889
ven,2020,agegroup_yearsall,sex_btsx,7.32795
ven,2020,agegroup_yearsall,sex_fmle,1.89361
ven,2020,agegroup_yearsall,sex_mle,12.86903
ven,2021,agegroup_yearsall,sex_btsx,8.6286
ven,2021,agegroup_yearsall,sex_fmle,2.02088
ven,2021,agegroup_yearsall,sex_mle,15.37517
vnm,2000,agegroup_yearsall,sex_btsx,5.83393
vnm,2000,agegroup_yearsall,sex_fmle,4.28672
vnm,2000,agegroup_yearsall,sex_mle,7.44266
vnm,2001,agegroup_yearsall,sex_btsx,5.88468
vnm,2001,agegroup_yearsall,sex_fmle,4.31933
vnm,2001,agegroup_yearsall,sex_mle,7.51427
vnm,2002,agegroup_yearsall,sex_btsx,5.93661
vnm,2002,agegroup_yearsall,sex_fmle,4.33981
vnm,2002,agegroup_yearsall,sex_mle,7.60145
vnm,2003,agegroup_yearsall,sex_btsx,5.92656
vnm,2003,agegroup_yearsall,sex_fmle,4.35991
vnm,2003,agegroup_yearsall,sex_mle,7.56342
vnm,2004,agegroup_yearsall,sex_btsx,6.01949
vnm,2004,agegroup_yearsall,sex_fmle,4.40223
vnm,2004,agegroup_yearsall,sex_mle,7.71265
vnm,2005,agegroup_yearsall,sex_btsx,6.1202
vnm,2005,agegroup_yearsall,sex_fmle,4.41014
vnm,2005,agegroup_yearsall,sex_mle,7.91359
vnm,2006,agegroup_yearsall,sex_btsx,6.21767
vnm,2006,agegroup_yearsall,sex_fmle,4.40765
vnm,2006,agegroup_yearsall,sex_mle,8.12015
vnm,2007,agegroup_yearsall,sex_btsx,6.4307
vnm,2007,agegroup_yearsall,sex_fmle,4.40928
vnm,2007,agegroup_yearsall,sex_mle,8.56055
vnm,2008,agegroup_yearsall,sex_btsx,6.64656
vnm,2008,agegroup_yearsall,sex_fmle,4.39984
vnm,2008,agegroup_yearsall,sex_mle,9.01916
vnm,2009,agegroup_yearsall,sex_btsx,6.82401
vnm,2009,agegroup_yearsall,sex_fmle,4.39811
vnm,2009,agegroup_yearsall,sex_mle,9.38745
vnm,2010,agegroup_yearsall,sex_btsx,7.02543
vnm,2010,agegroup_yearsall,sex_fmle,4.40858
vnm,2010,agegroup_yearsall,sex_mle,9.78805
vnm,2011,agegroup_yearsall,sex_btsx,7.10574
vnm,2011,agegroup_yearsall,sex_fmle,4.40942
vnm,2011,agegroup_yearsall,sex_mle,9.94936
vnm,2012,agegroup_yearsall,sex_btsx,7.2187
vnm,2012,agegroup_yearsall,sex_fmle,4.423
vnm,2012,agegroup_yearsall,sex_mle,10.16375
vnm,2013,agegroup_yearsall,sex_btsx,7.32346
vnm,2013,agegroup_yearsall,sex_fmle,4.44366
vnm,2013,agegroup_yearsall,sex_mle,10.35309
vnm,2014,agegroup_yearsall,sex_btsx,7.48169
vnm,2014,agegroup_yearsall,sex_fmle,4.5042
vnm,2014,agegroup_yearsall,sex_mle,10.60986
vnm,2015,agegroup_yearsall,sex_btsx,7.63707
vnm,2015,agegroup_yearsall,sex_fmle,4.57589
vnm,2015,agegroup_yearsall,sex_mle,10.84904
vnm,2016,agegroup_yearsall,sex_btsx,7.60317
vnm,2016,agegroup_yearsall,sex_fmle,4.55944
vnm,2016,agegroup_yearsall,sex_mle,10.79071
vnm,2017,agegroup_yearsall,sex_btsx,7.4709
vnm,2017,agegroup_yearsall,sex_fmle,4.47878
vnm,2017,agegroup_yearsall,sex_mle,10.59777
vnm,2018,agegroup_yearsall,sex_btsx,7.46774
vnm,2018,agegroup_yearsall,sex_fmle,4.45212
vnm,2018,agegroup_yearsall,sex_mle,10.61516
vnm,2019,agegroup_years15_19,sex_btsx,3.66
vnm,2019,agegroup_years15_19,sex_fmle,2.71
vnm,2019,agegroup_years15_19,sex_mle,4.54
vnm,2019,agegroup_years15_24,sex_btsx,5.36
vnm,2019,agegroup_years15_24,sex_fmle,3.11
vnm,2019,agegroup_years15_24,sex_mle,7.48
vnm,2019,agegroup_years15_29,sex_btsx,6.09
vnm,2019,agegroup_years15_29,sex_fmle,3.17
vnm,2019,agegroup_years15_29,sex_mle,8.87
vnm,2019,agegroup_years25_34,sex_btsx,7.21
vnm,2019,agegroup_years25_34,sex_fmle,3.24
vnm,2019,agegroup_years25_34,sex_mle,11.05
vnm,2019,agegroup_years30_49,sex_btsx,7.38
vnm,2019,agegroup_years30_49,sex_fmle,3.3
vnm,2019,agegroup_years30_49,sex_mle,11.4
vnm,2019,agegroup_years35_44,sex_btsx,7.28
vnm,2019,agegroup_years35_44,sex_fmle,3.02
vnm,2019,agegroup_years35_44,sex_mle,11.5
vnm,2019,agegroup_years45_54,sex_btsx,8.43
vnm,2019,agegroup_years45_54,sex_fmle,4.65
vnm,2019,agegroup_years45_54,sex_mle,12.25
vnm,2019,agegroup_years55_64,sex_btsx,15.19
vnm,2019,agegroup_years55_64,sex_fmle,9.48
vnm,2019,agegroup_years55_64,sex_mle,21.54
vnm,2019,agegroup_years65_74,sex_btsx,22.88
vnm,2019,agegroup_years65_74,sex_fmle,15.63
vnm,2019,agegroup_years65_74,sex_mle,32.61
vnm,2019,agegroup_years75_84,sex_btsx,24.44
vnm,2019,agegroup_years75_84,sex_fmle,18.03
vnm,2019,agegroup_years75_84,sex_mle,35.64
vnm,2019,agegroup_years85plus,sex_btsx,21.44
vnm,2019,agegroup_years85plus,sex_fmle,17.43
vnm,2019,agegroup_years85plus,sex_mle,30.58
vnm,2019,agegroup_yearsall,sex_btsx,7.5327
vnm,2019,agegroup_yearsall,sex_fmle,4.46763
vnm,2019,agegroup_yearsall,sex_mle,10.72965
vnm,2020,agegroup_yearsall,sex_btsx,6.83413
vnm,2020,agegroup_yearsall,sex_fmle,3.89002
vnm,2020,agegroup_yearsall,sex_mle,9.90357
vnm,2021,agegroup_yearsall,sex_btsx,7.29977
vnm,2021,agegroup_yearsall,sex_fmle,4.34054
vnm,2021,agegroup_yearsall,sex_mle,10.3835
vut,2000,agegroup_yearsall,sex_btsx,17.35038
vut,2000,agegroup_yearsall,sex_fmle,7.43219
vut,2000,agegroup_yearsall,sex_mle,26.41669
vut,2001,agegroup_yearsall,sex_btsx,17.28019
vut,2001,agegroup_yearsall,sex_fmle,7.47754
vut,2001,agegroup_yearsall,sex_mle,26.28067
vut,2002,agegroup_yearsall,sex_btsx,17.21848
vut,2002,agegroup_yearsall,sex_fmle,7.62205
vut,2002,agegroup_yearsall,sex_mle,26.06603
vut,2003,agegroup_yearsall,sex_btsx,17.20046
vut,2003,agegroup_yearsall,sex_fmle,7.64012
vut,2003,agegroup_yearsall,sex_mle,26.05034
vut,2004,agegroup_yearsall,sex_btsx,17.02496
vut,2004,agegroup_yearsall,sex_fmle,7.63532
vut,2004,agegroup_yearsall,sex_mle,25.74953
vut,2005,agegroup_yearsall,sex_btsx,16.91109
vut,2005,agegroup_yearsall,sex_fmle,7.5276
vut,2005,agegroup_yearsall,sex_mle,25.663
vut,2006,agegroup_yearsall,sex_btsx,17.43786
vut,2006,agegroup_yearsall,sex_fmle,7.91622
vut,2006,agegroup_yearsall,sex_mle,26.35069
vut,2007,agegroup_yearsall,sex_btsx,17.29628
vut,2007,agegroup_yearsall,sex_fmle,7.77624
vut,2007,agegroup_yearsall,sex_mle,26.23999
vut,2008,agegroup_yearsall,sex_btsx,17.06835
vut,2008,agegroup_yearsall,sex_fmle,7.5909
vut,2008,agegroup_yearsall,sex_mle,26.00331
vut,2009,agegroup_yearsall,sex_btsx,17.24357
vut,2009,agegroup_yearsall,sex_fmle,7.74154
vut,2009,agegroup_yearsall,sex_mle,26.23474
vut,2010,agegroup_yearsall,sex_btsx,16.92154
vut,2010,agegroup_yearsall,sex_fmle,7.50522
vut,2010,agegroup_yearsall,sex_mle,25.86304
vut,2011,agegroup_yearsall,sex_btsx,17.11311
vut,2011,agegroup_yearsall,sex_fmle,7.58361
vut,2011,agegroup_yearsall,sex_mle,26.19173
vut,2012,agegroup_yearsall,sex_btsx,17.22586
vut,2012,agegroup_yearsall,sex_fmle,7.66732
vut,2012,agegroup_yearsall,sex_mle,26.36144
vut,2013,agegroup_yearsall,sex_btsx,16.9732
vut,2013,agegroup_yearsall,sex_fmle,7.47385
vut,2013,agegroup_yearsall,sex_mle,26.07968
vut,2014,agegroup_yearsall,sex_btsx,16.44325
vut,2014,agegroup_yearsall,sex_fmle,7.09031
vut,2014,agegroup_yearsall,sex_mle,25.43418
vut,2015,agegroup_yearsall,sex_btsx,16.38968
vut,2015,agegroup_yearsall,sex_fmle,7.11314
vut,2015,agegroup_yearsall,sex_mle,25.33092
vut,2016,agegroup_yearsall,sex_btsx,16.19634
vut,2016,agegroup_yearsall,sex_fmle,6.98904
vut,2016,agegroup_yearsall,sex_mle,25.09354
vut,2017,agegroup_yearsall,sex_btsx,16.1926
vut,2017,agegroup_yearsall,sex_fmle,6.95567
vut,2017,agegroup_yearsall,sex_mle,25.14276
vut,2018,agegroup_yearsall,sex_btsx,16.15189
vut,2018,agegroup_yearsall,sex_fmle,6.91385
vut,2018,agegroup_yearsall,sex_mle,25.13056
vut,2019,agegroup_years15_19,sex_btsx,23.88
vut,2019,agegroup_years15_19,sex_fmle,14.35
vut,2019,agegroup_years15_19,sex_mle,32.67
vut,2019,agegroup_years15_24,sex_btsx,31.4
vut,2019,agegroup_years15_24,sex_fmle,15.1
vut,2019,agegroup_years15_24,sex_mle,46.96
vut,2019,agegroup_years15_29,sex_btsx,32.79
vut,2019,agegroup_years15_29,sex_fmle,14.28
vut,2019,agegroup_years15_29,sex_mle,51.41
vut,2019,agegroup_years25_34,sex_btsx,33.43
vut,2019,agegroup_years25_34,sex_fmle,10.39
vut,2019,agegroup_years25_34,sex_mle,59.01
vut,2019,agegroup_years30_49,sex_btsx,27.7
vut,2019,agegroup_years30_49,sex_fmle,8.55
vut,2019,agegroup_years30_49,sex_mle,47.28
vut,2019,agegroup_years35_44,sex_btsx,28.84
vut,2019,agegroup_years35_44,sex_fmle,9.82
vut,2019,agegroup_years35_44,sex_mle,47.94
vut,2019,agegroup_years45_54,sex_btsx,19.26
vut,2019,agegroup_years45_54,sex_fmle,8.27
vut,2019,agegroup_years45_54,sex_mle,29.74
vut,2019,agegroup_years55_64,sex_btsx,22.19
vut,2019,agegroup_years55_64,sex_fmle,12.87
vut,2019,agegroup_years55_64,sex_mle,31.02
vut,2019,agegroup_years65_74,sex_btsx,23.64
vut,2019,agegroup_years65_74,sex_fmle,12.56
vut,2019,agegroup_years65_74,sex_mle,34.05
vut,2019,agegroup_years75_84,sex_btsx,29.2
vut,2019,agegroup_years75_84,sex_fmle,17.26
vut,2019,agegroup_years75_84,sex_mle,39.7
vut,2019,agegroup_years85plus,sex_btsx,130.18
vut,2019,agegroup_years85plus,sex_fmle,50.6
vut,2019,agegroup_years85plus,sex_mle,214.97
vut,2019,agegroup_yearsall,sex_btsx,16.14624
vut,2019,agegroup_yearsall,sex_fmle,6.96157
vut,2019,agegroup_yearsall,sex_mle,25.0994
vut,2020,agegroup_yearsall,sex_btsx,15.33878
vut,2020,agegroup_yearsall,sex_fmle,6.46596
vut,2020,agegroup_yearsall,sex_mle,24.00818
vut,2021,agegroup_yearsall,sex_btsx,15.72844
vut,2021,agegroup_yearsall,sex_fmle,6.60846
vut,2021,agegroup_yearsall,sex_mle,24.6545
wsm,2000,agegroup_yearsall,sex_btsx,11.99567
wsm,2000,agegroup_yearsall,sex_fmle,6.5949
wsm,2000,agegroup_yearsall,sex_mle,17.04879
wsm,2001,agegroup_yearsall,sex_btsx,11.78158
wsm,2001,agegroup_yearsall,sex_fmle,6.52473
wsm,2001,agegroup_yearsall,sex_mle,16.70426
wsm,2002,agegroup_yearsall,sex_btsx,11.57705
wsm,2002,agegroup_yearsall,sex_fmle,6.42863
wsm,2002,agegroup_yearsall,sex_mle,16.40556
wsm,2003,agegroup_yearsall,sex_btsx,11.27683
wsm,2003,agegroup_yearsall,sex_fmle,6.31763
wsm,2003,agegroup_yearsall,sex_mle,15.93823
wsm,2004,agegroup_yearsall,sex_btsx,10.72258
wsm,2004,agegroup_yearsall,sex_fmle,6.03225
wsm,2004,agegroup_yearsall,sex_mle,15.14098
wsm,2005,agegroup_yearsall,sex_btsx,10.99423
wsm,2005,agegroup_yearsall,sex_fmle,6.11439
wsm,2005,agegroup_yearsall,sex_mle,15.60106
wsm,2006,agegroup_yearsall,sex_btsx,10.9988
wsm,2006,agegroup_yearsall,sex_fmle,6.14612
wsm,2006,agegroup_yearsall,sex_mle,15.5904
wsm,2007,agegroup_yearsall,sex_btsx,10.96182
wsm,2007,agegroup_yearsall,sex_fmle,6.25323
wsm,2007,agegroup_yearsall,sex_mle,15.4267
wsm,2008,agegroup_yearsall,sex_btsx,11.13823
wsm,2008,agegroup_yearsall,sex_fmle,6.44746
wsm,2008,agegroup_yearsall,sex_mle,15.59589
wsm,2009,agegroup_yearsall,sex_btsx,9.41768
wsm,2009,agegroup_yearsall,sex_fmle,5.62643
wsm,2009,agegroup_yearsall,sex_mle,13.02884
wsm,2010,agegroup_yearsall,sex_btsx,11.43225
wsm,2010,agegroup_yearsall,sex_fmle,6.58101
wsm,2010,agegroup_yearsall,sex_mle,16.06421
wsm,2011,agegroup_yearsall,sex_btsx,11.77292
wsm,2011,agegroup_yearsall,sex_fmle,6.93602
wsm,2011,agegroup_yearsall,sex_mle,16.40297
wsm,2012,agegroup_yearsall,sex_btsx,11.88414
wsm,2012,agegroup_yearsall,sex_fmle,6.99684
wsm,2012,agegroup_yearsall,sex_mle,16.57408
wsm,2013,agegroup_yearsall,sex_btsx,11.24864
wsm,2013,agegroup_yearsall,sex_fmle,6.78291
wsm,2013,agegroup_yearsall,sex_mle,15.54393
wsm,2014,agegroup_yearsall,sex_btsx,12.72858
wsm,2014,agegroup_yearsall,sex_fmle,7.50672
wsm,2014,agegroup_yearsall,sex_mle,17.76296
wsm,2015,agegroup_yearsall,sex_btsx,13.02345
wsm,2015,agegroup_yearsall,sex_fmle,7.65553
wsm,2015,agegroup_yearsall,sex_mle,18.21175
wsm,2016,agegroup_yearsall,sex_btsx,13.28815
wsm,2016,agegroup_yearsall,sex_fmle,7.77651
wsm,2016,agegroup_yearsall,sex_mle,18.63142
wsm,2017,agegroup_yearsall,sex_btsx,13.1126
wsm,2017,agegroup_yearsall,sex_fmle,7.68369
wsm,2017,agegroup_yearsall,sex_mle,18.39675
wsm,2018,agegroup_yearsall,sex_btsx,12.97878
wsm,2018,agegroup_yearsall,sex_fmle,7.60717
wsm,2018,agegroup_yearsall,sex_mle,18.23142
wsm,2019,agegroup_years15_19,sex_btsx,18.13
wsm,2019,agegroup_years15_19,sex_fmle,13.17
wsm,2019,agegroup_years15_19,sex_mle,22.73
wsm,2019,agegroup_years15_24,sex_btsx,24.29
wsm,2019,agegroup_years15_24,sex_fmle,12.95
wsm,2019,agegroup_years15_24,sex_mle,34.58
wsm,2019,agegroup_years15_29,sex_btsx,24.56
wsm,2019,agegroup_years15_29,sex_fmle,12.09
wsm,2019,agegroup_years15_29,sex_mle,35.75
wsm,2019,agegroup_years25_34,sex_btsx,23.27
wsm,2019,agegroup_years25_34,sex_fmle,9.71
wsm,2019,agegroup_years25_34,sex_mle,35.23
wsm,2019,agegroup_years30_49,sex_btsx,17.75
wsm,2019,agegroup_years30_49,sex_fmle,8.15
wsm,2019,agegroup_years30_49,sex_mle,26.5
wsm,2019,agegroup_years35_44,sex_btsx,18.9
wsm,2019,agegroup_years35_44,sex_fmle,9.26
wsm,2019,agegroup_years35_44,sex_mle,27.94
wsm,2019,agegroup_years45_54,sex_btsx,11.84
wsm,2019,agegroup_years45_54,sex_fmle,6.18
wsm,2019,agegroup_years45_54,sex_mle,16.88
wsm,2019,agegroup_years55_64,sex_btsx,14.42
wsm,2019,agegroup_years55_64,sex_fmle,10.42
wsm,2019,agegroup_years55_64,sex_mle,18.33
wsm,2019,agegroup_years65_74,sex_btsx,15.7
wsm,2019,agegroup_years65_74,sex_fmle,9.96
wsm,2019,agegroup_years65_74,sex_mle,22.26
wsm,2019,agegroup_years75_84,sex_btsx,19.07
wsm,2019,agegroup_years75_84,sex_fmle,14.44
wsm,2019,agegroup_years75_84,sex_mle,25.9
wsm,2019,agegroup_years85plus,sex_btsx,40.15
wsm,2019,agegroup_years85plus,sex_fmle,22.05
wsm,2019,agegroup_years85plus,sex_mle,75.02
wsm,2019,agegroup_yearsall,sex_btsx,12.90103
wsm,2019,agegroup_yearsall,sex_fmle,7.6222
wsm,2019,agegroup_yearsall,sex_mle,18.08611
wsm,2020,agegroup_yearsall,sex_btsx,11.97106
wsm,2020,agegroup_yearsall,sex_fmle,7.00236
wsm,2020,agegroup_yearsall,sex_mle,16.87285
wsm,2021,agegroup_yearsall,sex_btsx,11.99624
wsm,2021,agegroup_yearsall,sex_fmle,6.96337
wsm,2021,agegroup_yearsall,sex_mle,16.97032
yem,2000,agegroup_yearsall,sex_btsx,5.82139
yem,2000,agegroup_yearsall,sex_fmle,4.99895
yem,2000,agegroup_yearsall,sex_mle,6.63011
yem,2001,agegroup_yearsall,sex_btsx,5.80351
yem,2001,agegroup_yearsall,sex_fmle,4.98987
yem,2001,agegroup_yearsall,sex_mle,6.60282
yem,2002,agegroup_yearsall,sex_btsx,5.71998
yem,2002,agegroup_yearsall,sex_fmle,4.91352
yem,2002,agegroup_yearsall,sex_mle,6.51148
yem,2003,agegroup_yearsall,sex_btsx,5.45207
yem,2003,agegroup_yearsall,sex_fmle,4.60866
yem,2003,agegroup_yearsall,sex_mle,6.27911
yem,2004,agegroup_yearsall,sex_btsx,5.14777
yem,2004,agegroup_yearsall,sex_fmle,4.13458
yem,2004,agegroup_yearsall,sex_mle,6.14049
yem,2005,agegroup_yearsall,sex_btsx,5.29749
yem,2005,agegroup_yearsall,sex_fmle,4.44122
yem,2005,agegroup_yearsall,sex_mle,6.13569
yem,2006,agegroup_yearsall,sex_btsx,5.01825
yem,2006,agegroup_yearsall,sex_fmle,4.11897
yem,2006,agegroup_yearsall,sex_mle,5.89764
yem,2007,agegroup_yearsall,sex_btsx,5.48046
yem,2007,agegroup_yearsall,sex_fmle,4.54733
yem,2007,agegroup_yearsall,sex_mle,6.39201
yem,2008,agegroup_yearsall,sex_btsx,5.47452
yem,2008,agegroup_yearsall,sex_fmle,4.47667
yem,2008,agegroup_yearsall,sex_mle,6.44823
yem,2009,agegroup_yearsall,sex_btsx,5.32235
yem,2009,agegroup_yearsall,sex_fmle,4.36963
yem,2009,agegroup_yearsall,sex_mle,6.25096
yem,2010,agegroup_yearsall,sex_btsx,5.17014
yem,2010,agegroup_yearsall,sex_fmle,4.233
yem,2010,agegroup_yearsall,sex_mle,6.08262
yem,2011,agegroup_yearsall,sex_btsx,4.97581
yem,2011,agegroup_yearsall,sex_fmle,4.06252
yem,2011,agegroup_yearsall,sex_mle,5.86429
yem,2012,agegroup_yearsall,sex_btsx,4.88272
yem,2012,agegroup_yearsall,sex_fmle,3.96267
yem,2012,agegroup_yearsall,sex_mle,5.77703
yem,2013,agegroup_yearsall,sex_btsx,4.83012
yem,2013,agegroup_yearsall,sex_fmle,3.89525
yem,2013,agegroup_yearsall,sex_mle,5.73834
yem,2014,agegroup_yearsall,sex_btsx,4.84423
yem,2014,agegroup_yearsall,sex_fmle,3.78407
yem,2014,agegroup_yearsall,sex_mle,5.87369
yem,2015,agegroup_yearsall,sex_btsx,4.70619
yem,2015,agegroup_yearsall,sex_fmle,3.59945
yem,2015,agegroup_yearsall,sex_mle,5.78084
yem,2016,agegroup_yearsall,sex_btsx,4.86431
yem,2016,agegroup_yearsall,sex_fmle,3.59013
yem,2016,agegroup_yearsall,sex_mle,6.10204
yem,2017,agegroup_yearsall,sex_btsx,4.73069
yem,2017,agegroup_yearsall,sex_fmle,3.61552
yem,2017,agegroup_yearsall,sex_mle,5.81437
yem,2018,agegroup_yearsall,sex_btsx,4.57719
yem,2018,agegroup_yearsall,sex_fmle,3.43603
yem,2018,agegroup_yearsall,sex_mle,5.68701
yem,2019,agegroup_years15_19,sex_btsx,6.24
yem,2019,agegroup_years15_19,sex_fmle,5.62
yem,2019,agegroup_years15_19,sex_mle,6.84
yem,2019,agegroup_years15_24,sex_btsx,7.66
yem,2019,agegroup_years15_24,sex_fmle,6.7
yem,2019,agegroup_years15_24,sex_mle,8.59
yem,2019,agegroup_years15_29,sex_btsx,8.31
yem,2019,agegroup_years15_29,sex_fmle,7.16
yem,2019,agegroup_years15_29,sex_mle,9.44
yem,2019,agegroup_years25_34,sex_btsx,9.85
yem,2019,agegroup_years25_34,sex_fmle,8.09
yem,2019,agegroup_years25_34,sex_mle,11.59
yem,2019,agegroup_years30_49,sex_btsx,10.63
yem,2019,agegroup_years30_49,sex_fmle,8.08
yem,2019,agegroup_years30_49,sex_mle,13.13
yem,2019,agegroup_years35_44,sex_btsx,11.18
yem,2019,agegroup_years35_44,sex_fmle,8.5
yem,2019,agegroup_years35_44,sex_mle,13.78
yem,2019,agegroup_years45_54,sex_btsx,10
yem,2019,agegroup_years45_54,sex_fmle,6.36
yem,2019,agegroup_years45_54,sex_mle,13.84
yem,2019,agegroup_years55_64,sex_btsx,8.3
yem,2019,agegroup_years55_64,sex_fmle,4.6
yem,2019,agegroup_years55_64,sex_mle,12.44
yem,2019,agegroup_years65_74,sex_btsx,7.99
yem,2019,agegroup_years65_74,sex_fmle,4.65
yem,2019,agegroup_years65_74,sex_mle,11.83
yem,2019,agegroup_years75_84,sex_btsx,7.91
yem,2019,agegroup_years75_84,sex_fmle,4.48
yem,2019,agegroup_years75_84,sex_mle,12.4
yem,2019,agegroup_years85plus,sex_btsx,18.52
yem,2019,agegroup_years85plus,sex_fmle,10.35
yem,2019,agegroup_years85plus,sex_mle,31.12
yem,2019,agegroup_yearsall,sex_btsx,4.32991
yem,2019,agegroup_yearsall,sex_fmle,3.22885
yem,2019,agegroup_yearsall,sex_mle,5.40175
yem,2020,agegroup_yearsall,sex_btsx,3.93434
yem,2020,agegroup_yearsall,sex_fmle,2.97204
yem,2020,agegroup_yearsall,sex_mle,4.8717
yem,2021,agegroup_yearsall,sex_btsx,4.21206
yem,2021,agegroup_yearsall,sex_fmle,2.83643
yem,2021,agegroup_yearsall,sex_mle,5.55269
zaf,2000,agegroup_yearsall,sex_btsx,13.13252
zaf,2000,agegroup_yearsall,sex_fmle,5.70453
zaf,2000,agegroup_yearsall,sex_mle,21.33181
zaf,2001,agegroup_yearsall,sex_btsx,13.24567
zaf,2001,agegroup_yearsall,sex_fmle,5.63709
zaf,2001,agegroup_yearsall,sex_mle,21.64383
zaf,2002,agegroup_yearsall,sex_btsx,14.59887
zaf,2002,agegroup_yearsall,sex_fmle,6.60961
zaf,2002,agegroup_yearsall,sex_mle,23.40232
zaf,2003,agegroup_yearsall,sex_btsx,15.75987
zaf,2003,agegroup_yearsall,sex_fmle,7.92729
zaf,2003,agegroup_yearsall,sex_mle,24.36721
zaf,2004,agegroup_yearsall,sex_btsx,16.07498
zaf,2004,agegroup_yearsall,sex_fmle,7.70045
zaf,2004,agegroup_yearsall,sex_mle,25.25074
zaf,2005,agegroup_yearsall,sex_btsx,15.63631
zaf,2005,agegroup_yearsall,sex_fmle,7.02486
zaf,2005,agegroup_yearsall,sex_mle,25.04333
zaf,2006,agegroup_yearsall,sex_btsx,16.0996
zaf,2006,agegroup_yearsall,sex_fmle,7.33579
zaf,2006,agegroup_yearsall,sex_mle,25.64524
zaf,2007,agegroup_yearsall,sex_btsx,15.96085
zaf,2007,agegroup_yearsall,sex_fmle,7.97856
zaf,2007,agegroup_yearsall,sex_mle,24.63177
zaf,2008,agegroup_yearsall,sex_btsx,16.84226
zaf,2008,agegroup_yearsall,sex_fmle,10.07874
zaf,2008,agegroup_yearsall,sex_mle,24.17089
zaf,2009,agegroup_yearsall,sex_btsx,16.40786
zaf,2009,agegroup_yearsall,sex_fmle,10.14408
zaf,2009,agegroup_yearsall,sex_mle,23.17906
zaf,2010,agegroup_yearsall,sex_btsx,18.77949
zaf,2010,agegroup_yearsall,sex_fmle,12.37011
zaf,2010,agegroup_yearsall,sex_mle,25.69147
zaf,2011,agegroup_yearsall,sex_btsx,17.29479
zaf,2011,agegroup_yearsall,sex_fmle,11.14192
zaf,2011,agegroup_yearsall,sex_mle,23.91401
zaf,2012,agegroup_yearsall,sex_btsx,18.18049
zaf,2012,agegroup_yearsall,sex_fmle,9.97703
zaf,2012,agegroup_yearsall,sex_mle,26.98514
zaf,2013,agegroup_yearsall,sex_btsx,18.69734
zaf,2013,agegroup_yearsall,sex_fmle,9.43962
zaf,2013,agegroup_yearsall,sex_mle,28.61162
zaf,2014,agegroup_yearsall,sex_btsx,20.07204
zaf,2014,agegroup_yearsall,sex_fmle,9.43155
zaf,2014,agegroup_yearsall,sex_mle,31.43012
zaf,2015,agegroup_yearsall,sex_btsx,20.74465
zaf,2015,agegroup_yearsall,sex_fmle,9.11435
zaf,2015,agegroup_yearsall,sex_mle,33.07836
zaf,2016,agegroup_yearsall,sex_btsx,19.58416
zaf,2016,agegroup_yearsall,sex_fmle,8.48466
zaf,2016,agegroup_yearsall,sex_mle,31.36225
zaf,2017,agegroup_yearsall,sex_btsx,18.18689
zaf,2017,agegroup_yearsall,sex_fmle,7.93544
zaf,2017,agegroup_yearsall,sex_mle,29.10898
zaf,2018,agegroup_yearsall,sex_btsx,19.15265
zaf,2018,agegroup_yearsall,sex_fmle,8.0687
zaf,2018,agegroup_yearsall,sex_mle,30.94324
zaf,2019,agegroup_years15_19,sex_btsx,9.18
zaf,2019,agegroup_years15_19,sex_fmle,7.25
zaf,2019,agegroup_years15_19,sex_mle,11.09
zaf,2019,agegroup_years15_24,sex_btsx,13.57
zaf,2019,agegroup_years15_24,sex_fmle,6.93
zaf,2019,agegroup_years15_24,sex_mle,20.11
zaf,2019,agegroup_years15_29,sex_btsx,22.96
zaf,2019,agegroup_years15_29,sex_fmle,10.31
zaf,2019,agegroup_years15_29,sex_mle,35.44
zaf,2019,agegroup_years25_34,sex_btsx,47.27
zaf,2019,agegroup_years25_34,sex_fmle,19.74
zaf,2019,agegroup_years25_34,sex_mle,74.34
zaf,2019,agegroup_years30_49,sex_btsx,47.89
zaf,2019,agegroup_years30_49,sex_fmle,19.15
zaf,2019,agegroup_years30_49,sex_mle,76.74
zaf,2019,agegroup_years35_44,sex_btsx,47.86
zaf,2019,agegroup_years35_44,sex_fmle,18.97
zaf,2019,agegroup_years35_44,sex_mle,76.79
zaf,2019,agegroup_years45_54,sex_btsx,34.71
zaf,2019,agegroup_years45_54,sex_fmle,12.53
zaf,2019,agegroup_years45_54,sex_mle,58.36
zaf,2019,agegroup_years55_64,sex_btsx,21.54
zaf,2019,agegroup_years55_64,sex_fmle,7.96
zaf,2019,agegroup_years55_64,sex_mle,37.62
zaf,2019,agegroup_years65_74,sex_btsx,16.92
zaf,2019,agegroup_years65_74,sex_fmle,8.5
zaf,2019,agegroup_years65_74,sex_mle,28.66
zaf,2019,agegroup_years75_84,sex_btsx,20.08
zaf,2019,agegroup_years75_84,sex_fmle,12.6
zaf,2019,agegroup_years75_84,sex_mle,33.66
zaf,2019,agegroup_years85plus,sex_btsx,54.18
zaf,2019,agegroup_years85plus,sex_fmle,33.78
zaf,2019,agegroup_years85plus,sex_mle,106.59
zaf,2019,agegroup_yearsall,sex_btsx,20.14031
zaf,2019,agegroup_yearsall,sex_fmle,8.36117
zaf,2019,agegroup_yearsall,sex_mle,32.6547
zaf,2020,agegroup_yearsall,sex_btsx,21.09958
zaf,2020,agegroup_yearsall,sex_fmle,8.91231
zaf,2020,agegroup_yearsall,sex_mle,34.03349
zaf,2021,agegroup_yearsall,sex_btsx,22.2958
zaf,2021,agegroup_yearsall,sex_fmle,9.93862
zaf,2021,agegroup_yearsall,sex_mle,35.39633
zmb,2000,agegroup_yearsall,sex_btsx,6.83814
zmb,2000,agegroup_yearsall,sex_fmle,3.39486
zmb,2000,agegroup_yearsall,sex_mle,10.51826
zmb,2001,agegroup_yearsall,sex_btsx,6.62811
zmb,2001,agegroup_yearsall,sex_fmle,3.07981
zmb,2001,agegroup_yearsall,sex_mle,10.40775
zmb,2002,agegroup_yearsall,sex_btsx,6.73618
zmb,2002,agegroup_yearsall,sex_fmle,3.3671
zmb,2002,agegroup_yearsall,sex_mle,10.31247
zmb,2003,agegroup_yearsall,sex_btsx,6.00324
zmb,2003,agegroup_yearsall,sex_fmle,3.11526
zmb,2003,agegroup_yearsall,sex_mle,9.05902
zmb,2004,agegroup_yearsall,sex_btsx,6.25438
zmb,2004,agegroup_yearsall,sex_fmle,2.57217
zmb,2004,agegroup_yearsall,sex_mle,10.13764
zmb,2005,agegroup_yearsall,sex_btsx,6.00339
zmb,2005,agegroup_yearsall,sex_fmle,2.12088
zmb,2005,agegroup_yearsall,sex_mle,10.08245
zmb,2006,agegroup_yearsall,sex_btsx,6.34241
zmb,2006,agegroup_yearsall,sex_fmle,2.83789
zmb,2006,agegroup_yearsall,sex_mle,10.00904
zmb,2007,agegroup_yearsall,sex_btsx,6.2141
zmb,2007,agegroup_yearsall,sex_fmle,2.7522
zmb,2007,agegroup_yearsall,sex_mle,9.82084
zmb,2008,agegroup_yearsall,sex_btsx,6.10809
zmb,2008,agegroup_yearsall,sex_fmle,2.62696
zmb,2008,agegroup_yearsall,sex_mle,9.72004
zmb,2009,agegroup_yearsall,sex_btsx,5.86049
zmb,2009,agegroup_yearsall,sex_fmle,2.1944
zmb,2009,agegroup_yearsall,sex_mle,9.6506
zmb,2010,agegroup_yearsall,sex_btsx,6.00275
zmb,2010,agegroup_yearsall,sex_fmle,2.26679
zmb,2010,agegroup_yearsall,sex_mle,9.85391
zmb,2011,agegroup_yearsall,sex_btsx,5.89317
zmb,2011,agegroup_yearsall,sex_fmle,2.03329
zmb,2011,agegroup_yearsall,sex_mle,9.86483
zmb,2012,agegroup_yearsall,sex_btsx,5.76236
zmb,2012,agegroup_yearsall,sex_fmle,1.87482
zmb,2012,agegroup_yearsall,sex_mle,9.7573
zmb,2013,agegroup_yearsall,sex_btsx,5.7991
zmb,2013,agegroup_yearsall,sex_fmle,2.35406
zmb,2013,agegroup_yearsall,sex_mle,9.33505
zmb,2014,agegroup_yearsall,sex_btsx,5.64977
zmb,2014,agegroup_yearsall,sex_fmle,2.2807
zmb,2014,agegroup_yearsall,sex_mle,9.10363
zmb,2015,agegroup_yearsall,sex_btsx,5.70469
zmb,2015,agegroup_yearsall,sex_fmle,2.25845
zmb,2015,agegroup_yearsall,sex_mle,9.23414
zmb,2016,agegroup_yearsall,sex_btsx,5.53026
zmb,2016,agegroup_yearsall,sex_fmle,1.94101
zmb,2016,agegroup_yearsall,sex_mle,9.20239
zmb,2017,agegroup_yearsall,sex_btsx,5.6357
zmb,2017,agegroup_yearsall,sex_fmle,2.05612
zmb,2017,agegroup_yearsall,sex_mle,9.29407
zmb,2018,agegroup_yearsall,sex_btsx,5.51735
zmb,2018,agegroup_yearsall,sex_fmle,1.96702
zmb,2018,agegroup_yearsall,sex_mle,9.14306
zmb,2019,agegroup_years15_19,sex_btsx,3.44
zmb,2019,agegroup_years15_19,sex_fmle,1.49
zmb,2019,agegroup_years15_19,sex_mle,5.39
zmb,2019,agegroup_years15_24,sex_btsx,4.65
zmb,2019,agegroup_years15_24,sex_fmle,1.71
zmb,2019,agegroup_years15_24,sex_mle,7.62
zmb,2019,agegroup_years15_29,sex_btsx,5.23
zmb,2019,agegroup_years15_29,sex_fmle,1.86
zmb,2019,agegroup_years15_29,sex_mle,8.66
zmb,2019,agegroup_years25_34,sex_btsx,6.98
zmb,2019,agegroup_years25_34,sex_fmle,2.35
zmb,2019,agegroup_years25_34,sex_mle,11.82
zmb,2019,agegroup_years30_49,sex_btsx,14.37
zmb,2019,agegroup_years30_49,sex_fmle,4.22
zmb,2019,agegroup_years30_49,sex_mle,24.94
zmb,2019,agegroup_years35_44,sex_btsx,15.89
zmb,2019,agegroup_years35_44,sex_fmle,4.83
zmb,2019,agegroup_years35_44,sex_mle,27.35
zmb,2019,agegroup_years45_54,sex_btsx,26.83
zmb,2019,agegroup_years45_54,sex_fmle,7.77
zmb,2019,agegroup_years45_54,sex_mle,46.77
zmb,2019,agegroup_years55_64,sex_btsx,35.29
zmb,2019,agegroup_years55_64,sex_fmle,13.5
zmb,2019,agegroup_years55_64,sex_mle,60.7
zmb,2019,agegroup_years65_74,sex_btsx,45.14
zmb,2019,agegroup_years65_74,sex_fmle,19.3
zmb,2019,agegroup_years65_74,sex_mle,81.71
zmb,2019,agegroup_years75_84,sex_btsx,57.41
zmb,2019,agegroup_years75_84,sex_fmle,26.81
zmb,2019,agegroup_years75_84,sex_mle,114.97
zmb,2019,agegroup_years85plus,sex_btsx,151.66
zmb,2019,agegroup_years85plus,sex_fmle,64.75
zmb,2019,agegroup_years85plus,sex_mle,402.98
zmb,2019,agegroup_yearsall,sex_btsx,5.75766
zmb,2019,agegroup_yearsall,sex_fmle,2.11527
zmb,2019,agegroup_yearsall,sex_mle,9.47553
zmb,2020,agegroup_yearsall,sex_btsx,6.00485
zmb,2020,agegroup_yearsall,sex_fmle,2.27939
zmb,2020,agegroup_yearsall,sex_mle,9.80651
zmb,2021,agegroup_yearsall,sex_btsx,7.12591
zmb,2021,agegroup_yearsall,sex_fmle,3.0853
zmb,2021,agegroup_yearsall,sex_mle,11.24893
zwe,2000,agegroup_yearsall,sex_btsx,12.34936
zwe,2000,agegroup_yearsall,sex_fmle,7.79868
zwe,2000,agegroup_yearsall,sex_mle,17.36173
zwe,2001,agegroup_yearsall,sex_btsx,13.17091
zwe,2001,agegroup_yearsall,sex_fmle,8.58346
zwe,2001,agegroup_yearsall,sex_mle,18.2374
zwe,2002,agegroup_yearsall,sex_btsx,13.98509
zwe,2002,agegroup_yearsall,sex_fmle,9.31569
zwe,2002,agegroup_yearsall,sex_mle,19.14703
zwe,2003,agegroup_yearsall,sex_btsx,14.50857
zwe,2003,agegroup_yearsall,sex_fmle,10.02548
zwe,2003,agegroup_yearsall,sex_mle,19.46693
zwe,2004,agegroup_yearsall,sex_btsx,14.4131
zwe,2004,agegroup_yearsall,sex_fmle,9.83769
zwe,2004,agegroup_yearsall,sex_mle,19.48068
zwe,2005,agegroup_yearsall,sex_btsx,13.80665
zwe,2005,agegroup_yearsall,sex_fmle,8.66085
zwe,2005,agegroup_yearsall,sex_mle,19.51874
zwe,2006,agegroup_yearsall,sex_btsx,13.64041
zwe,2006,agegroup_yearsall,sex_fmle,8.7335
zwe,2006,agegroup_yearsall,sex_mle,19.08848
zwe,2007,agegroup_yearsall,sex_btsx,13.20617
zwe,2007,agegroup_yearsall,sex_fmle,8.67852
zwe,2007,agegroup_yearsall,sex_mle,18.23038
zwe,2008,agegroup_yearsall,sex_btsx,13.55515
zwe,2008,agegroup_yearsall,sex_fmle,8.8794
zwe,2008,agegroup_yearsall,sex_mle,18.74734
zwe,2009,agegroup_yearsall,sex_btsx,12.36363
zwe,2009,agegroup_yearsall,sex_fmle,7.55591
zwe,2009,agegroup_yearsall,sex_mle,17.70546
zwe,2010,agegroup_yearsall,sex_btsx,13.56081
zwe,2010,agegroup_yearsall,sex_fmle,10.42829
zwe,2010,agegroup_yearsall,sex_mle,17.04323
zwe,2011,agegroup_yearsall,sex_btsx,14.26713
zwe,2011,agegroup_yearsall,sex_fmle,10.60706
zwe,2011,agegroup_yearsall,sex_mle,18.33935
zwe,2012,agegroup_yearsall,sex_btsx,14.20988
zwe,2012,agegroup_yearsall,sex_fmle,9.96662
zwe,2012,agegroup_yearsall,sex_mle,18.94296
zwe,2013,agegroup_yearsall,sex_btsx,14.28075
zwe,2013,agegroup_yearsall,sex_fmle,9.92277
zwe,2013,agegroup_yearsall,sex_mle,19.14835
zwe,2014,agegroup_yearsall,sex_btsx,14.05916
zwe,2014,agegroup_yearsall,sex_fmle,9.4037
zwe,2014,agegroup_yearsall,sex_mle,19.2528
zwe,2015,agegroup_yearsall,sex_btsx,14.48262
zwe,2015,agegroup_yearsall,sex_fmle,9.5136
zwe,2015,agegroup_yearsall,sex_mle,20.01985
zwe,2016,agegroup_yearsall,sex_btsx,15.0832
zwe,2016,agegroup_yearsall,sex_fmle,9.76888
zwe,2016,agegroup_yearsall,sex_mle,20.99796
zwe,2017,agegroup_yearsall,sex_btsx,15.12277
zwe,2017,agegroup_yearsall,sex_fmle,9.88855
zwe,2017,agegroup_yearsall,sex_mle,20.94068
zwe,2018,agegroup_yearsall,sex_btsx,16.11169
zwe,2018,agegroup_yearsall,sex_fmle,10.69124
zwe,2018,agegroup_yearsall,sex_mle,22.12817
zwe,2019,agegroup_years15_19,sex_btsx,10.75
zwe,2019,agegroup_years15_19,sex_fmle,6.12
zwe,2019,agegroup_years15_19,sex_mle,15.42
zwe,2019,agegroup_years15_24,sex_btsx,11.46
zwe,2019,agegroup_years15_24,sex_fmle,6.22
zwe,2019,agegroup_years15_24,sex_mle,16.88
zwe,2019,agegroup_years15_29,sex_btsx,11.7
zwe,2019,agegroup_years15_29,sex_fmle,6.41
zwe,2019,agegroup_years15_29,sex_mle,17.41
zwe,2019,agegroup_years25_34,sex_btsx,13.5
zwe,2019,agegroup_years25_34,sex_fmle,7.61
zwe,2019,agegroup_years25_34,sex_mle,20.87
zwe,2019,agegroup_years30_49,sex_btsx,26.03
zwe,2019,agegroup_years30_49,sex_fmle,17.04
zwe,2019,agegroup_years30_49,sex_mle,37.03
zwe,2019,agegroup_years35_44,sex_btsx,26.88
zwe,2019,agegroup_years35_44,sex_fmle,20.44
zwe,2019,agegroup_years35_44,sex_mle,34.58
zwe,2019,agegroup_years45_54,sex_btsx,48.36
zwe,2019,agegroup_years45_54,sex_fmle,25.68
zwe,2019,agegroup_years45_54,sex_mle,74.97
zwe,2019,agegroup_years55_64,sex_btsx,51.49
zwe,2019,agegroup_years55_64,sex_fmle,24.31
zwe,2019,agegroup_years55_64,sex_mle,88.36
zwe,2019,agegroup_years65_74,sex_btsx,63.08
zwe,2019,agegroup_years65_74,sex_fmle,32.34
zwe,2019,agegroup_years65_74,sex_mle,113.26
zwe,2019,agegroup_years75_84,sex_btsx,88.29
zwe,2019,agegroup_years75_84,sex_fmle,53.36
zwe,2019,agegroup_years75_84,sex_mle,160.54
zwe,2019,agegroup_years85plus,sex_btsx,183.93
zwe,2019,agegroup_years85plus,sex_fmle,105.03
zwe,2019,agegroup_years85plus,sex_mle,450.78
zwe,2019,agegroup_yearsall,sex_btsx,15.83853
zwe,2019,agegroup_yearsall,sex_fmle,10.55251
zwe,2019,agegroup_yearsall,sex_mle,21.69702
zwe,2020,agegroup_yearsall,sex_btsx,15.50532
zwe,2020,agegroup_yearsall,sex_fmle,10.34615
zwe,2020,agegroup_yearsall,sex_mle,21.21447
zwe,2021,agegroup_yearsall,sex_btsx,17.34344
zwe,2021,agegroup_yearsall,sex_fmle,11.70577
zwe,2021,agegroup_yearsall,sex_mle,23.5717
