country,year,mort_maternalnum
afg,1985,13181.21708
afg,1986,11068.51042
afg,1987,10826.9291
afg,1988,9364.83595
afg,1989,9327.98307
afg,1990,9874.66924
afg,1991,9818.08662
afg,1992,9643.35846
afg,1993,10228.34562
afg,1994,11888.98276
afg,1995,12712.5172
afg,1996,12954.91554
afg,1997,13229.21916
afg,1998,14429.52289
afg,1999,13640.13986
afg,2000,14217.45274
afg,2001,13195.57409
afg,2002,12817.09459
afg,2003,12851.50175
afg,2004,12777.17891
afg,2005,12155.79571
afg,2006,11987.09797
afg,2007,11720.05943
afg,2008,10760.98731
afg,2009,10716.54746
afg,2010,10544.21085
afg,2011,10079.41329
afg,2012,10072.05855
afg,2013,9917.44276
afg,2014,9810.43629
afg,2015,9870.90561
afg,2016,9438.18408
afg,2017,8971.43728
afg,2018,8698.75314
afg,2019,8450.41782
afg,2020,9060.63988
afg,2021,9597.54686
afg,2022,8055.30121
afg,2023,7646.32953
ago,1985,4335.50455
ago,1986,4447.25258
ago,1987,4902.02872
ago,1988,4931.86378
ago,1989,5022.8963
ago,1990,5122.32721
ago,1991,4971.9879
ago,1992,5396.52959
ago,1993,5383.72102
ago,1994,5242.16809
ago,1995,5114.93405
ago,1996,5076.0936
ago,1997,5000.5732
ago,1998,5176.08772
ago,1999,5055.83987
ago,2000,5002.9431
ago,2001,4923.74784
ago,2002,4870.81246
ago,2003,4494.01108
ago,2004,4311.43161
ago,2005,4129.34449
ago,2006,4035.7558
ago,2007,3822.14483
ago,2008,3654.94787
ago,2009,3524.63574
ago,2010,3344.1259
ago,2011,3212.99232
ago,2012,3050.17584
ago,2013,3006.18448
ago,2014,3021.48284
ago,2015,2938.41777
ago,2016,2832.58107
ago,2017,2704.04193
ago,2018,2612.43626
ago,2019,2580.55971
ago,2020,2549.98542
ago,2021,2811.85371
ago,2022,2506.31463
ago,2023,2530.69645
alb,1985,30.4309
alb,1986,28.57279
alb,1987,27.4135
alb,1988,26.91627
alb,1989,26.3581
alb,1990,25.22986
alb,1991,23.20203
alb,1992,21.15569
alb,1993,18.77312
alb,1994,17.33783
alb,1995,15.83876
alb,1996,14.32372
alb,1997,13.88524
alb,1998,11.16519
alb,1999,9.75433
alb,2000,8.55016
alb,2001,7.53844
alb,2002,6.7326
alb,2003,6.53047
alb,2004,5.86036
alb,2005,5.1984
alb,2006,4.51742
alb,2007,3.92573
alb,2008,3.55905
alb,2009,3.43619
alb,2010,3.39405
alb,2011,3.41377
alb,2012,3.66775
alb,2013,3.79548
alb,2014,3.68669
alb,2015,3.29323
alb,2016,2.91594
alb,2017,2.59847
alb,2018,2.32661
alb,2019,2.20641
alb,2020,2.12819
alb,2021,4.13401
alb,2022,2.33055
alb,2023,1.97785
and,1985,0.11599
and,1986,0.11188
and,1987,0.1113
and,1988,0.10897
and,1989,0.13112
and,1990,0.10645
and,1991,0.12326
and,1992,0.12856
and,1993,0.12513
and,1994,0.12654
and,1995,0.12411
and,1996,0.12193
and,1997,0.10449
and,1998,0.10569
and,1999,0.10661
and,2000,0.10625
and,2001,0.10416
and,2002,0.09687
and,2003,0.083
and,2004,0.08896
and,2005,0.103
and,2006,0.08945
and,2007,0.0965
and,2008,0.10122
and,2009,0.09739
and,2010,0.10523
and,2011,0.08906
and,2012,0.08644
and,2013,0.06441
and,2014,0.06425
and,2015,0.06542
and,2016,0.05984
and,2017,0.06418
and,2018,0.05799
and,2019,0.05693
and,2020,0.25629
and,2021,0.09531
and,2022,0.09064
and,2023,0.05898
are,1985,7.53425
are,1986,7.98198
are,1987,8.07398
are,1988,8.31931
are,1989,8.44701
are,1990,8.67233
are,1991,8.71878
are,1992,8.90905
are,1993,8.87881
are,1994,9.22785
are,1995,8.10404
are,1996,7.30188
are,1997,6.56246
are,1998,5.9562
are,1999,5.4845
are,2000,4.73354
are,2001,3.99248
are,2002,3.42718
are,2003,3.07695
are,2004,2.76363
are,2005,2.50708
are,2006,2.07167
are,2007,1.95669
are,2008,1.98378
are,2009,2.51394
are,2010,2.71617
are,2011,2.88087
are,2012,3.13409
are,2013,3.29426
are,2014,3.2141
are,2015,3.11069
are,2016,3.02874
are,2017,2.92847
are,2018,2.68031
are,2019,2.57611
are,2020,6.39032
are,2021,5.80333
are,2022,2.2995
are,2023,2.64061
arg,1985,544.37279
arg,1986,527.38483
arg,1987,509.06703
arg,1988,496.97493
arg,1989,480.28495
arg,1990,488.81262
arg,1991,484.82303
arg,1992,473.89999
arg,1993,454.32884
arg,1994,455.98117
arg,1995,440.80326
arg,1996,426.11406
arg,1997,427.72902
arg,1998,406.15014
arg,1999,412.2905
arg,2000,415.80149
arg,2001,429.35041
arg,2002,420.69416
arg,2003,431.03047
arg,2004,414.99151
arg,2005,412.48391
arg,2006,432.06502
arg,2007,443.90885
arg,2008,442.72839
arg,2009,462.60672
arg,2010,413.93378
arg,2011,367.59621
arg,2012,363.11851
arg,2013,351.845
arg,2014,336.86339
arg,2015,296.58061
arg,2016,291.22039
arg,2017,274.33722
arg,2018,263.47996
arg,2019,227.63812
arg,2020,211.58464
arg,2021,404.87116
arg,2022,195.08564
arg,2023,167.41101
arm,1985,48.25044
arm,1986,46.76012
arm,1987,44.34158
arm,1988,46.20273
arm,1989,38.84329
arm,1990,41.16986
arm,1991,39.52447
arm,1992,39.14441
arm,1993,31.45894
arm,1994,26.83185
arm,1995,24.53431
arm,1996,23.46328
arm,1997,20.41957
arm,1998,18.18802
arm,1999,15.13594
arm,2000,14.44591
arm,2001,13.65501
arm,2002,13.23717
arm,2003,13.60141
arm,2004,13.51564
arm,2005,13.11649
arm,2006,12.795
arm,2007,12.82043
arm,2008,12.76503
arm,2009,12.66812
arm,2010,12.27565
arm,2011,12.1492
arm,2012,12.0124
arm,2013,11.74513
arm,2014,11.24413
arm,2015,10.46694
arm,2016,9.98265
arm,2017,9.02732
arm,2018,8.61497
arm,2019,8.33101
arm,2020,15.12472
arm,2021,20.4196
arm,2022,9.22598
arm,2023,6.75505
atg,1985,0.53255
atg,1986,0.49276
atg,1987,0.52508
atg,1988,0.50338
atg,1989,0.54146
atg,1990,0.5425
atg,1991,0.48221
atg,1992,0.48806
atg,1993,0.47822
atg,1994,0.47596
atg,1995,0.51372
atg,1996,0.53155
atg,1997,0.52171
atg,1998,0.45684
atg,1999,0.44865
atg,2000,0.54745
atg,2001,0.48535
atg,2002,0.47163
atg,2003,0.42863
atg,2004,0.42251
atg,2005,0.40441
atg,2006,0.39441
atg,2007,0.41211
atg,2008,0.44113
atg,2009,0.44713
atg,2010,0.39039
atg,2011,0.38103
atg,2012,0.35773
atg,2013,0.35119
atg,2014,0.34795
atg,2015,0.3336
atg,2016,0.29309
atg,2017,0.33251
atg,2018,0.30139
atg,2019,0.33918
atg,2020,0.38966
atg,2021,0.35759
atg,2022,0.40125
atg,2023,0.38233
aus,1985,21.43113
aus,1986,20.69567
aus,1987,21.25975
aus,1988,21.62409
aus,1989,22.57439
aus,1990,23.052
aus,1991,23.15879
aus,1992,23.50482
aus,1993,22.7579
aus,1994,22.82957
aus,1995,21.82026
aus,1996,20.42346
aus,1997,20.02899
aus,1998,18.53632
aus,1999,17.67927
aus,2000,16.50877
aus,2001,14.29177
aus,2002,13.80999
aus,2003,13.64666
aus,2004,13.07114
aus,2005,12.78985
aus,2006,13.33699
aus,2007,14.67409
aus,2008,14.86607
aus,2009,15.99583
aus,2010,16.26944
aus,2011,17.56419
aus,2012,17.91377
aus,2013,18.10166
aus,2014,17.95355
aus,2015,18.02546
aus,2016,18.35932
aus,2017,17.3429
aus,2018,16.80813
aus,2019,16.16157
aus,2020,15.167
aus,2021,13.15555
aus,2022,10.90814
aus,2023,7.10024
aut,1985,12.1516
aut,1986,12.30996
aut,1987,11.33012
aut,1988,11.37069
aut,1989,10.92585
aut,1990,10.53022
aut,1991,10.51703
aut,1992,9.97062
aut,1993,9.66291
aut,1994,9.06728
aut,1995,7.74637
aut,1996,7.19257
aut,1997,6.02018
aut,1998,5.41078
aut,1999,5.36616
aut,2000,5.20291
aut,2001,4.62995
aut,2002,4.77225
aut,2003,4.76867
aut,2004,4.36592
aut,2005,4.60849
aut,2006,4.34829
aut,2007,4.29014
aut,2008,4.26752
aut,2009,4.47908
aut,2010,4.78163
aut,2011,4.83373
aut,2012,4.69468
aut,2013,4.7958
aut,2014,5.28519
aut,2015,5.49227
aut,2016,5.65375
aut,2017,5.49784
aut,2018,5.9193
aut,2019,5.59804
aut,2020,4.63437
aut,2021,5.08857
aut,2022,6.11612
aut,2023,4.70365
aze,1985,95.51714
aze,1986,102.45882
aze,1987,95.54578
aze,1988,96.87059
aze,1989,91.70996
aze,1990,85.55299
aze,1991,87.69052
aze,1992,108.24057
aze,1993,99.45365
aze,1994,94.6311
aze,1995,94.51477
aze,1996,78.71393
aze,1997,83.74485
aze,1998,71.59396
aze,1999,63.64653
aze,2000,57.47578
aze,2001,53.07973
aze,2002,47.81116
aze,2003,50.13075
aze,2004,60.59391
aze,2005,62.57153
aze,2006,54.89195
aze,2007,54.12781
aze,2008,48.86079
aze,2009,46.01148
aze,2010,47.82083
aze,2011,48.29752
aze,2012,53.72348
aze,2013,45.77585
aze,2014,42.92293
aze,2015,39.13188
aze,2016,38.81293
aze,2017,36.35104
aze,2018,33.07324
aze,2019,32.23822
aze,2020,30.15932
aze,2021,74.28242
aze,2022,41.05123
aze,2023,22.3943
bdi,1985,3529.37514
bdi,1986,3575.65895
bdi,1987,3639.93514
bdi,1988,3899.05458
bdi,1989,3920.23081
bdi,1990,3970.60055
bdi,1991,4012.05382
bdi,1992,3917.36944
bdi,1993,4999.78277
bdi,1994,2600.82446
bdi,1995,3527.97875
bdi,1996,3357.62076
bdi,1997,2821.15641
bdi,1998,2482.05752
bdi,1999,2404.35488
bdi,2000,2378.07445
bdi,2001,2280.82184
bdi,2002,2234.56464
bdi,2003,2210.36447
bdi,2004,2273.37765
bdi,2005,2399.04195
bdi,2006,2456.19189
bdi,2007,2496.25269
bdi,2008,2518.21052
bdi,2009,2547.32953
bdi,2010,2705.31258
bdi,2011,2667.66042
bdi,2012,2592.27442
bdi,2013,2545.05971
bdi,2014,2471.25561
bdi,2015,2452.00911
bdi,2016,2255.58154
bdi,2017,2140.70012
bdi,2018,2045.84999
bdi,2019,2014.81021
bdi,2020,1994.95986
bdi,2021,2031.11945
bdi,2022,1884.12879
bdi,2023,1806.54075
bel,1985,10.14583
bel,1986,10.37779
bel,1987,10.29629
bel,1988,10.37363
bel,1989,10.55108
bel,1990,11.13429
bel,1991,11.0539
bel,1992,11.15096
bel,1993,10.55265
bel,1994,10.30667
bel,1995,10.34091
bel,1996,10.22232
bel,1997,9.69639
bel,1998,9.46435
bel,1999,8.97285
bel,2000,9.29005
bel,2001,8.77196
bel,2002,8.18693
bel,2003,7.83942
bel,2004,7.73681
bel,2005,7.85185
bel,2006,7.81781
bel,2007,8.28801
bel,2008,8.00044
bel,2009,7.8916
bel,2010,7.90454
bel,2011,7.4489
bel,2012,6.74285
bel,2013,6.87677
bel,2014,6.44765
bel,2015,6.14171
bel,2016,5.84537
bel,2017,5.61833
bel,2018,5.4872
bel,2019,5.07249
bel,2020,4.79811
bel,2021,8.63273
bel,2022,12.24514
bel,2023,3.90831
ben,1985,1956.08436
ben,1986,1888.70434
ben,1987,1845.3511
ben,1988,1770.27019
ben,1989,1724.99099
ben,1990,1670.4982
ben,1991,1645.51141
ben,1992,1577.81865
ben,1993,1529.32123
ben,1994,1685.09518
ben,1995,1618.2627
ben,1996,1611.02725
ben,1997,1586.90165
ben,1998,1595.81971
ben,1999,1595.77632
ben,2000,1608.95747
ben,2001,1653.00581
ben,2002,1701.38423
ben,2003,1746.901
ben,2004,1789.1853
ben,2005,1780.10376
ben,2006,1830.88692
ben,2007,1836.91059
ben,2008,2098.91439
ben,2009,2273.476
ben,2010,2364.02394
ben,2011,2457.34668
ben,2012,2550.88235
ben,2013,2573.66873
ben,2014,2626.107
ben,2015,2686.57287
ben,2016,2724.80632
ben,2017,2695.45927
ben,2018,2679.35737
ben,2019,2623.97921
ben,2020,2667.78893
ben,2021,2722.43696
ben,2022,2585.65583
ben,2023,2477.47479
bfa,1985,3326.10336
bfa,1986,3334.42228
bfa,1987,3339.82966
bfa,1988,3337.11138
bfa,1989,3322.21205
bfa,1990,3275.92077
bfa,1991,3229.67204
bfa,1992,3151.14311
bfa,1993,3086.70251
bfa,1994,3030.38482
bfa,1995,3009.06351
bfa,1996,2972.75786
bfa,1997,3059.34656
bfa,1998,2905.72608
bfa,1999,2865.72873
bfa,2000,2828.52086
bfa,2001,2830.67807
bfa,2002,2864.65042
bfa,2003,2883.59969
bfa,2004,2865.11977
bfa,2005,2865.92267
bfa,2006,2955.07586
bfa,2007,2965.87939
bfa,2008,2872.16387
bfa,2009,2866.07587
bfa,2010,2822.46646
bfa,2011,2761.44929
bfa,2012,2730.20647
bfa,2013,2665.97901
bfa,2014,2563.52569
bfa,2015,2465.13512
bfa,2016,2355.81956
bfa,2017,2239.46658
bfa,2018,2105.24054
bfa,2019,1973.26033
bfa,2020,2348.97775
bfa,2021,2524.41147
bfa,2022,2281.09664
bfa,2023,1761.68698
bgd,1985,37749.57235
bgd,1986,36010.35921
bgd,1987,35476.60614
bgd,1988,34900.42597
bgd,1989,34750.29379
bgd,1990,34145.39895
bgd,1991,34059.48504
bgd,1992,31063.52845
bgd,1993,29329.21716
bgd,1994,28011.52436
bgd,1995,26299.31317
bgd,1996,24886.23047
bgd,1997,24173.91194
bgd,1998,23052.28492
bgd,1999,21877.20008
bgd,2000,20806.66769
bgd,2001,19748.06538
bgd,2002,18440.49226
bgd,2003,17040.2496
bgd,2004,15663.83937
bgd,2005,14235.35191
bgd,2006,13025.40141
bgd,2007,12125.86261
bgd,2008,10976.20928
bgd,2009,10083.13361
bgd,2010,9143.35334
bgd,2011,8377.52541
bgd,2012,7841.40318
bgd,2013,7411.49882
bgd,2014,6948.48341
bgd,2015,6570.386
bgd,2016,6213.5319
bgd,2017,5805.06344
bgd,2018,5511.05179
bgd,2019,5219.11592
bgd,2020,5123.42906
bgd,2021,6636.18341
bgd,2022,4550.43437
bgd,2023,4017.45704
bgr,1985,30.55446
bgr,1986,29.33199
bgr,1987,28.69734
bgr,1988,30.0245
bgr,1989,28.92272
bgr,1990,28.45826
bgr,1991,24.16233
bgr,1992,22.68104
bgr,1993,19.77636
bgr,1994,19.5348
bgr,1995,16.58395
bgr,1996,15.96322
bgr,1997,14.89744
bgr,1998,13.17592
bgr,1999,14.52085
bgr,2000,13.64281
bgr,2001,11.64888
bgr,2002,10.1761
bgr,2003,9.56909
bgr,2004,9.54351
bgr,2005,9.13196
bgr,2006,8.64448
bgr,2007,8.03066
bgr,2008,7.60006
bgr,2009,7.50364
bgr,2010,6.88481
bgr,2011,5.94671
bgr,2012,5.14683
bgr,2013,4.76616
bgr,2014,4.95264
bgr,2015,4.78109
bgr,2016,4.5031
bgr,2017,4.299
bgr,2018,4.1622
bgr,2019,3.90562
bgr,2020,5.14195
bgr,2021,5.46826
bgr,2022,6.18537
bgr,2023,3.48286
bhr,1985,4.60415
bhr,1986,4.8392
bhr,1987,4.82078
bhr,1988,4.90027
bhr,1989,4.87027
bhr,1990,4.88174
bhr,1991,4.74704
bhr,1992,4.79548
bhr,1993,4.60456
bhr,1994,4.40934
bhr,1995,4.08419
bhr,1996,3.86837
bhr,1997,3.69399
bhr,1998,3.62932
bhr,1999,3.642
bhr,2000,3.45206
bhr,2001,3.15083
bhr,2002,3.24185
bhr,2003,3.46917
bhr,2004,3.64206
bhr,2005,3.70018
bhr,2006,3.60529
bhr,2007,3.45276
bhr,2008,3.41467
bhr,2009,3.35705
bhr,2010,3.44926
bhr,2011,3.38914
bhr,2012,3.24171
bhr,2013,3.32996
bhr,2014,3.3762
bhr,2015,3.46713
bhr,2016,3.47204
bhr,2017,3.44562
bhr,2018,3.33188
bhr,2019,3.30212
bhr,2020,1.31895
bhr,2021,1.86764
bhr,2022,1.007
bhr,2023,3.28229
bhs,1985,3.75832
bhs,1986,3.77324
bhs,1987,3.75227
bhs,1988,3.82148
bhs,1989,3.92095
bhs,1990,4.00878
bhs,1991,4.14868
bhs,1992,4.57519
bhs,1993,4.43846
bhs,1994,4.14665
bhs,1995,4.00489
bhs,1996,3.88108
bhs,1997,3.62061
bhs,1998,3.41636
bhs,1999,3.10808
bhs,2000,2.86444
bhs,2001,2.65445
bhs,2002,2.50131
bhs,2003,3.08196
bhs,2004,3.73511
bhs,2005,3.8449
bhs,2006,4.1362
bhs,2007,4.45806
bhs,2008,4.56126
bhs,2009,4.83778
bhs,2010,4.25461
bhs,2011,3.94464
bhs,2012,3.73938
bhs,2013,3.90686
bhs,2014,4.01064
bhs,2015,4.02395
bhs,2016,3.59012
bhs,2017,3.52244
bhs,2018,3.63348
bhs,2019,3.62909
bhs,2020,3.7117
bhs,2021,7.61491
bhs,2022,3.48304
bhs,2023,3.29259
bih,1985,26.61171
bih,1986,24.57502
bih,1987,23.18137
bih,1988,21.23864
bih,1989,18.31198
bih,1990,16.85085
bih,1991,15.4601
bih,1992,19.79069
bih,1993,13.06903
bih,1994,9.79387
bih,1995,7.5005
bih,1996,7.22663
bih,1997,7.87328
bih,1998,6.9641
bih,1999,5.58437
bih,2000,4.89283
bih,2001,4.48654
bih,2002,4.30266
bih,2003,4.15812
bih,2004,4.01026
bih,2005,3.72643
bih,2006,3.42974
bih,2007,3.2632
bih,2008,3.10524
bih,2009,2.96511
bih,2010,2.72097
bih,2011,2.34653
bih,2012,2.22142
bih,2013,2.13626
bih,2014,2.02148
bih,2015,1.99569
bih,2016,1.92263
bih,2017,1.93109
bih,2018,2.0319
bih,2019,1.83318
bih,2020,2.04238
bih,2021,3.29772
bih,2022,2.92872
bih,2023,1.51689
blr,1985,48.34366
blr,1986,50.69162
blr,1987,48.07533
blr,1988,50.95389
blr,1989,49.14629
blr,1990,45.77532
blr,1991,41.45621
blr,1992,39.1969
blr,1993,35.38041
blr,1994,32.4237
blr,1995,28.33532
blr,1996,26.27089
blr,1997,23.2464
blr,1998,23.02485
blr,1999,20.52378
blr,2000,18.31941
blr,2001,15.82669
blr,2002,13.50616
blr,2003,11.86422
blr,2004,10.00537
blr,2005,8.3258
blr,2006,6.93873
blr,2007,5.63782
blr,2008,4.59169
blr,2009,3.80249
blr,2010,3.1863
blr,2011,2.69444
blr,2012,2.43034
blr,2013,2.1362
blr,2014,1.94121
blr,2015,1.73444
blr,2016,1.52421
blr,2017,1.26733
blr,2018,1.14188
blr,2019,1.05419
blr,2020,1.40883
blr,2021,1.46062
blr,2022,0.80707
blr,2023,0.71294
blz,1985,6.11359
blz,1986,5.48814
blz,1987,5.32768
blz,1988,5.36371
blz,1989,5.34968
blz,1990,5.24183
blz,1991,5.06104
blz,1992,4.91177
blz,1993,4.73982
blz,1994,4.59406
blz,1995,4.6761
blz,1996,4.80226
blz,1997,5.10754
blz,1998,5.48301
blz,1999,5.54759
blz,2000,5.68384
blz,2001,5.56801
blz,2002,5.01033
blz,2003,4.91725
blz,2004,4.65053
blz,2005,4.49032
blz,2006,4.06754
blz,2007,3.73386
blz,2008,3.44437
blz,2009,3.16706
blz,2010,2.87737
blz,2011,2.8287
blz,2012,2.96254
blz,2013,3.11667
blz,2014,3.34758
blz,2015,3.64599
blz,2016,4.00689
blz,2017,4.43661
blz,2018,4.82126
blz,2019,4.5728
blz,2020,6.34718
blz,2021,10.24242
blz,2022,7.67877
blz,2023,4.94994
bol,1985,1248.53004
bol,1986,1231.55607
bol,1987,1187.70974
bol,1988,1152.25858
bol,1989,1095.16757
bol,1990,1047.7578
bol,1991,1015.74314
bol,1992,970.78058
bol,1993,914.8886
bol,1994,866.1294
bol,1995,829.65897
bol,1996,811.83934
bol,1997,785.74474
bol,1998,767.07669
bol,1999,754.01137
bol,2000,736.99576
bol,2001,702.78712
bol,2002,665.92962
bol,2003,652.34709
bol,2004,638.56799
bol,2005,619.78297
bol,2006,615.17927
bol,2007,583.22149
bol,2008,558.29132
bol,2009,534.07562
bol,2010,510.78935
bol,2011,488.47067
bol,2012,470.82631
bol,2013,457.37219
bol,2014,445.33271
bol,2015,432.8286
bol,2016,421.84205
bol,2017,415.24803
bol,2018,408.65221
bol,2019,406.51556
bol,2020,566.17086
bol,2021,702.94772
bol,2022,428.00189
bol,2023,380.79416
bra,1985,7342.82762
bra,1986,6887.03758
bra,1987,6464.64562
bra,1988,6142.2929
bra,1989,5640.1137
bra,1990,5162.52761
bra,1991,4674.18492
bra,1992,4233.26027
bra,1993,4059.17717
bra,1994,3874.73658
bra,1995,3721.61156
bra,1996,3506.18113
bra,1997,3326.25165
bra,1998,3011.11442
bra,1999,2657.70749
bra,2000,2374.63713
bra,2001,2246.9321
bra,2002,2177.22073
bra,2003,2157.60645
bra,2004,2224.40097
bra,2005,2268.0496
bra,2006,2248.88943
bra,2007,2220.62283
bra,2008,2147.62276
bra,2009,2066.57527
bra,2010,1959.41883
bra,2011,1829.2641
bra,2012,1756.31903
bra,2013,1791.22474
bra,2014,1875.0716
bra,2015,1864.48728
bra,2016,1829.52275
bra,2017,1764.25483
bra,2018,1801.38575
bra,2019,1816.6171
bra,2020,2301.60535
bra,2021,3420.77526
bra,2022,2745.16413
bra,2023,1740.78678
brb,1985,2.26792
brb,1986,2.22999
brb,1987,2.15228
brb,1988,2.04399
brb,1989,2.19067
brb,1990,2.50753
brb,1991,2.54251
brb,1992,2.51655
brb,1993,2.20508
brb,1994,2.09103
brb,1995,1.98219
brb,1996,1.86388
brb,1997,1.79296
brb,1998,1.56072
brb,1999,1.61726
brb,2000,1.81228
brb,2001,1.81075
brb,2002,1.62236
brb,2003,1.66685
brb,2004,1.53831
brb,2005,1.51723
brb,2006,1.51223
brb,2007,1.46063
brb,2008,1.44393
brb,2009,1.46085
brb,2010,1.46559
brb,2011,1.41684
brb,2012,1.33075
brb,2013,1.32466
brb,2014,1.27753
brb,2015,1.21882
brb,2016,1.18682
brb,2017,1.19179
brb,2018,1.18888
brb,2019,1.17485
brb,2020,1.23422
brb,2021,1.22542
brb,2022,1.20495
brb,2023,1.1005
brn,1985,5.19458
brn,1986,5.26158
brn,1987,5.24493
brn,1988,5.16734
brn,1989,5.13131
brn,1990,4.9183
brn,1991,4.75489
brn,1992,4.49025
brn,1993,4.20041
brn,1994,4.03437
brn,1995,3.76063
brn,1996,3.57885
brn,1997,3.43262
brn,1998,3.31994
brn,1999,3.21755
brn,2000,3.1005
brn,2001,2.97623
brn,2002,2.92098
brn,2003,2.81013
brn,2004,2.66742
brn,2005,2.55175
brn,2006,2.48265
brn,2007,2.41927
brn,2008,2.44528
brn,2009,2.49128
brn,2010,2.56998
brn,2011,2.69064
brn,2012,2.77615
brn,2013,2.76448
brn,2014,2.7451
brn,2015,2.70762
brn,2016,2.65754
brn,2017,2.60972
brn,2018,2.56258
brn,2019,2.48209
brn,2020,2.46121
brn,2021,2.78458
brn,2022,5.55795
brn,2023,2.2674
btn,1985,205.07163
btn,1986,196.42395
btn,1987,187.49705
btn,1988,176.71694
btn,1989,167.36438
btn,1990,158.53317
btn,1991,151.19335
btn,1992,145.28568
btn,1993,113.66557
btn,1994,104.2124
btn,1995,90.90987
btn,1996,77.27859
btn,1997,68.83575
btn,1998,60.92599
btn,1999,54.10125
btn,2000,48.65148
btn,2001,41.62998
btn,2002,36.29501
btn,2003,31.73054
btn,2004,28.65472
btn,2005,26.05808
btn,2006,23.44571
btn,2007,21.02054
btn,2008,18.47578
btn,2009,16.52476
btn,2010,14.13088
btn,2011,12.38121
btn,2012,10.84809
btn,2013,9.80226
btn,2014,8.83478
btn,2015,7.92574
btn,2016,7.0123
btn,2017,6.0619
btn,2018,5.43043
btn,2019,4.97201
btn,2020,5.12141
btn,2021,4.99054
btn,2022,4.85735
btn,2023,4.64519
bwa,1985,138.19198
bwa,1986,136.04847
bwa,1987,134.4658
bwa,1988,141.04519
bwa,1989,131.67957
bwa,1990,130.04407
bwa,1991,124.52126
bwa,1992,117.37514
bwa,1993,104.16817
bwa,1994,83.28168
bwa,1995,66.47317
bwa,1996,57.0626
bwa,1997,54.02107
bwa,1998,55.99748
bwa,1999,59.67688
bwa,2000,63.57079
bwa,2001,65.91349
bwa,2002,67.41086
bwa,2003,69.30699
bwa,2004,74.64818
bwa,2005,84.76573
bwa,2006,107.70669
bwa,2007,108.97975
bwa,2008,110.03668
bwa,2009,120.21734
bwa,2010,131.73345
bwa,2011,156.41221
bwa,2012,168.5083
bwa,2013,128.74646
bwa,2014,123.1008
bwa,2015,81.97437
bwa,2016,42.39914
bwa,2017,27.33798
bwa,2018,59.04998
bwa,2019,60.11873
bwa,2020,59.07991
bwa,2021,101.00245
bwa,2022,74.19435
bwa,2023,95.0661
caf,1985,976.31757
caf,1986,993.83215
caf,1987,1026.89031
caf,1988,1057.15265
caf,1989,1100.39037
caf,1990,1165.37993
caf,1991,1246.27597
caf,1992,1326.09929
caf,1993,1406.80819
caf,1994,1516.24334
caf,1995,1659.2413
caf,1996,1786.6948
caf,1997,1930.09415
caf,1998,2078.9101
caf,1999,2227.08086
caf,2000,2401.86294
caf,2001,2472.84646
caf,2002,2481.07819
caf,2003,2545.2194
caf,2004,2525.6934
caf,2005,2488.22173
caf,2006,2469.1672
caf,2007,2393.64104
caf,2008,2388.49547
caf,2009,2513.59074
caf,2010,2484.88429
caf,2011,2340.56767
caf,2012,2274.21845
caf,2013,2263.27215
caf,2014,2135.11375
caf,2015,1967.21867
caf,2016,1968.53325
caf,2017,2292.72253
caf,2018,1884.93951
caf,2019,3599.06343
caf,2020,2897.71155
caf,2021,2605.77403
caf,2022,1947.14546
caf,2023,1652.28233
can,1985,26.98923
can,1986,26.63658
can,1987,25.87067
can,1988,26.82385
can,1989,29.51639
can,1990,30.084
can,1991,31.34384
can,1992,31.21332
can,1993,31.53523
can,1994,31.06887
can,1995,31.45197
can,1996,31.46853
can,1997,29.491
can,1998,29.40691
can,1999,29.84028
can,2000,29.63464
can,2001,31.82805
can,2002,32.8606
can,2003,34.36604
can,2004,34.87086
can,2005,38.2976
can,2006,39.74816
can,2007,41.86124
can,2008,44.89139
can,2009,45.83994
can,2010,43.00856
can,2011,42.94413
can,2012,43.91793
can,2013,42.6395
can,2014,44.44517
can,2015,43.50411
can,2016,46.04419
can,2017,46.34587
can,2018,47.08435
can,2019,45.67251
can,2020,60.32024
can,2021,50.22378
can,2022,51.91237
can,2023,42.04164
che,1985,10.90078
che,1986,10.94783
che,1987,10.60812
che,1988,11.65952
che,1989,11.66441
che,1990,11.67925
che,1991,11.42924
che,1992,11.38151
che,1993,10.72392
che,1994,10.28001
che,1995,10.04703
che,1996,8.89799
che,1997,8.26742
che,1998,7.49093
che,1999,7.30313
che,2000,6.78416
che,2001,6.07671
che,2002,6.30774
che,2003,5.82088
che,2004,5.92216
che,2005,6.06287
che,2006,5.78664
che,2007,5.47967
che,2008,5.54368
che,2009,5.45042
che,2010,5.88775
che,2011,5.93919
che,2012,5.53032
che,2013,5.48636
che,2014,5.36472
che,2015,5.40278
che,2016,5.78225
che,2017,5.32858
che,2018,5.43669
che,2019,5.06634
che,2020,4.50485
che,2021,4.00065
che,2022,3.17027
che,2023,4.57127
chl,1985,202.6785
chl,1986,197.64248
chl,1987,193.63056
chl,1988,187.03039
chl,1989,181.66082
chl,1990,167.45318
chl,1991,160.51318
chl,1992,150.37814
chl,1993,141.84273
chl,1994,132.55468
chl,1995,125.28122
chl,1996,112.51745
chl,1997,103.21586
chl,1998,95.36059
chl,1999,88.2003
chl,2000,83.35989
chl,2001,78.82116
chl,2002,73.50404
chl,2003,69.36778
chl,2004,65.55962
chl,2005,63.94186
chl,2006,61.82733
chl,2007,60.78938
chl,2008,58.98381
chl,2009,58.40323
chl,2010,53.0645
chl,2011,48.5578
chl,2012,44.3651
chl,2013,40.82967
chl,2014,37.90446
chl,2015,34.27939
chl,2016,30.51654
chl,2017,26.42463
chl,2018,25.1913
chl,2019,23.30219
chl,2020,24.05975
chl,2021,25.39181
chl,2022,22.14566
chl,2023,17.41692
chn,1985,30260.58714
chn,1986,31174.25146
chn,1987,31485.00252
chn,1988,28456.36454
chn,1989,28201.34272
chn,1990,28531.73712
chn,1991,20863.14149
chn,1992,18147.33945
chn,1993,16205.40663
chn,1994,14894.70969
chn,1995,13500.68007
chn,1996,12218.23105
chn,1997,11149.27883
chn,1998,10335.84023
chn,1999,9711.84242
chn,2000,9771.2286
chn,2001,8689.26446
chn,2002,8153.40442
chn,2003,7633.08476
chn,2004,7350.32094
chn,2005,6968.28971
chn,2006,6682.31433
chn,2007,6464.87688
chn,2008,6725.55838
chn,2009,6250.55735
chn,2010,6029.25468
chn,2011,5794.22104
chn,2012,6102.30688
chn,2013,5449.89722
chn,2014,5276.97251
chn,2015,4580.82578
chn,2016,4541.85023
chn,2017,4324.75792
chn,2018,3371.98162
chn,2019,3081.11115
chn,2020,2347.7324
chn,2021,2189.75265
chn,2022,1730.0229
chn,2023,1446.32547
civ,1985,3699.46423
civ,1986,3671.86887
civ,1987,3610.23578
civ,1988,3560.52057
civ,1989,3534.07231
civ,1990,3510.08642
civ,1991,3411.22836
civ,1992,3285.59917
civ,1993,3098.3289
civ,1994,2923.51125
civ,1995,2761.01646
civ,1996,2589.2174
civ,1997,2575.57823
civ,1998,2795.14792
civ,1999,2904.99748
civ,2000,2959.59746
civ,2001,3228.39651
civ,2002,3454.91386
civ,2003,3691.76575
civ,2004,3779.36453
civ,2005,4143.54995
civ,2006,4635.93165
civ,2007,4888.34493
civ,2008,4895.41476
civ,2009,5265.82181
civ,2010,5446.35267
civ,2011,5344.86542
civ,2012,5407.57491
civ,2013,5268.48543
civ,2014,5100.79187
civ,2015,4943.91175
civ,2016,4784.22405
civ,2017,4549.46354
civ,2018,4326.55554
civ,2019,4153.79151
civ,2020,4352.58831
civ,2021,4500.36613
civ,2022,4042.96441
civ,2023,3578.73786
cmr,1985,2494.91815
cmr,1986,2609.84655
cmr,1987,2573.62769
cmr,1988,2641.01382
cmr,1989,2719.59964
cmr,1990,2819.2777
cmr,1991,2959.70347
cmr,1992,3076.90553
cmr,1993,3195.29163
cmr,1994,3371.21587
cmr,1995,3490.97784
cmr,1996,3583.66462
cmr,1997,3676.37081
cmr,1998,3860.23427
cmr,1999,4014.39693
cmr,2000,4133.39691
cmr,2001,4186.46379
cmr,2002,4223.40505
cmr,2003,4279.83714
cmr,2004,4342.12535
cmr,2005,4434.52412
cmr,2006,4439.40042
cmr,2007,4464.53188
cmr,2008,4468.94791
cmr,2009,4470.3031
cmr,2010,4401.88687
cmr,2011,4289.53463
cmr,2012,4020.37426
cmr,2013,3820.34239
cmr,2014,3643.04914
cmr,2015,3582.83577
cmr,2016,3484.94238
cmr,2017,3369.15897
cmr,2018,3243.92166
cmr,2019,3100.62816
cmr,2020,2930.64081
cmr,2021,3203.41006
cmr,2022,2613.46869
cmr,2023,2472.22932
cod,1985,13579.40585
cod,1986,13579.35943
cod,1987,13375.94365
cod,1988,13141.43361
cod,1989,12946.5374
cod,1990,12703.84454
cod,1991,12812.50923
cod,1992,12710.40216
cod,1993,12732.1658
cod,1994,12675.56579
cod,1995,13511.38786
cod,1996,14081.52491
cod,1997,13061.20552
cod,1998,12864.90786
cod,1999,13293.81903
cod,2000,13392.55953
cod,2001,13796.53108
cod,2002,14404.52145
cod,2003,14777.21794
cod,2004,15139.03081
cod,2005,15742.40184
cod,2006,16494.20121
cod,2007,17317.18166
cod,2008,17559.35349
cod,2009,17791.17821
cod,2010,18089.93313
cod,2011,18361.63063
cod,2012,18611.58669
cod,2013,18761.84981
cod,2014,19032.19612
cod,2015,19109.32859
cod,2016,18951.33759
cod,2017,19427.79521
cod,2018,19623.68064
cod,2019,19494.37057
cod,2020,19822.85816
cod,2021,21080.4686
cod,2022,19426.94248
cod,2023,18660.53483
cog,1985,448.16314
cog,1986,448.72726
cog,1987,446.8084
cog,1988,449.78731
cog,1989,457.43958
cog,1990,467.68253
cog,1991,488.67437
cog,1992,518.50077
cog,1993,541.23382
cog,1994,568.96515
cog,1995,582.77268
cog,1996,591.3069
cog,1997,720.62584
cog,1998,661.46753
cog,1999,622.92933
cog,2000,580.65306
cog,2001,593.44558
cog,2002,580.7169
cog,2003,554.58198
cog,2004,529.1666
cog,2005,527.02003
cog,2006,560.4716
cog,2007,548.76738
cog,2008,616.83305
cog,2009,673.99028
cog,2010,664.07532
cog,2011,669.34927
cog,2012,670.94495
cog,2013,572.81927
cog,2014,538.86124
cog,2015,505.84653
cog,2016,467.82026
cog,2017,468.53971
cog,2018,465.65087
cog,2019,443.33745
cog,2020,451.42981
cog,2021,557.16978
cog,2022,449.65274
cog,2023,456.53772
cok,1985,0.07668
cok,1986,0.05671
cok,1987,0.06232
cok,1988,0.04405
cok,1989,0.03729
cok,1990,0.0375
cok,1991,0.0219
cok,1992,0.01499
cok,1993,0.01009
cok,1994,0.00669
cok,1995,0.00456
cok,1996,0.00322
cok,1997,0.00327
cok,1998,0.00181
cok,1999,0.00145
cok,2000,0.00123
cok,2001,0.00095
cok,2002,0.00071
cok,2003,0.00056
cok,2004,0.00044
cok,2005,0.00044
cok,2006,0.00055
cok,2007,0.00053
cok,2008,0.00052
cok,2009,0.00052
cok,2010,0.00042
cok,2011,0.00042
cok,2012,0.00044
cok,2013,0.00043
cok,2014,0.00043
cok,2015,0.00042
cok,2016,0.00042
cok,2017,0.00043
cok,2018,0.00043
cok,2019,0.00042
cok,2020,0.00033
cok,2021,0.00027
cok,2022,0.00064
cok,2023,0.00019
col,1985,1179.76416
col,1986,1020.13915
col,1987,1005.31246
col,1988,955.15928
col,1989,907.01263
col,1990,891.14847
col,1991,875.43543
col,1992,873.01273
col,1993,859.96307
col,1994,845.10803
col,1995,814.43378
col,1996,793.06798
col,1997,803.28985
col,1998,821.74461
col,1999,844.43668
col,2000,827.51579
col,2001,809.13368
col,2002,785.87287
col,2003,743.37781
col,2004,708.88026
col,2005,673.19729
col,2006,652.79956
col,2007,640.38846
col,2008,622.12766
col,2009,600.66519
col,2010,579.04046
col,2011,554.55348
col,2012,533.25831
col,2013,517.58963
col,2014,502.49332
col,2015,487.20241
col,2016,465.92255
col,2017,464.31297
col,2018,468.62197
col,2019,469.67964
col,2020,669.04112
col,2021,1047.05445
col,2022,528.14088
col,2023,418.64603
com,1985,153.13281
com,1986,151.56375
com,1987,151.81897
com,1988,150.0438
com,1989,147.82673
com,1990,143.25125
com,1991,137.98293
com,1992,132.86582
com,1993,124.69752
com,1994,115.4255
com,1995,108.76049
com,1996,103.70328
com,1997,98.36459
com,1998,96.96666
com,1999,91.33323
com,2000,90.28609
com,2001,84.54089
com,2002,83.04619
com,2003,78.51513
com,2004,76.77191
com,2005,76.13292
com,2006,74.66889
com,2007,74.04078
com,2008,71.71735
com,2009,70.50533
com,2010,68.8218
com,2011,67.04819
com,2012,64.05313
com,2013,61.19919
com,2014,58.5545
com,2015,56.35808
com,2016,53.66626
com,2017,51.88017
com,2018,49.96016
com,2019,48.48391
com,2020,47.74429
com,2021,51.83964
com,2022,45.13142
com,2023,43.58515
cpv,1985,61.40895
cpv,1986,58.20162
cpv,1987,54.39374
cpv,1988,51.64994
cpv,1989,48.28243
cpv,1990,44.91326
cpv,1991,42.20149
cpv,1992,38.89358
cpv,1993,35.37283
cpv,1994,31.50798
cpv,1995,28.08291
cpv,1996,23.15499
cpv,1997,19.82902
cpv,1998,17.76343
cpv,1999,15.77088
cpv,2000,13.92114
cpv,2001,12.48354
cpv,2002,11.10246
cpv,2003,10.06278
cpv,2004,9.17319
cpv,2005,8.28484
cpv,2006,8.01331
cpv,2007,7.45761
cpv,2008,6.783
cpv,2009,6.14471
cpv,2010,6.32382
cpv,2011,5.74015
cpv,2012,4.98863
cpv,2013,4.6976
cpv,2014,4.43743
cpv,2015,4.14955
cpv,2016,3.92984
cpv,2017,3.69628
cpv,2018,3.39175
cpv,2019,2.98667
cpv,2020,3.78835
cpv,2021,3.62031
cpv,2022,2.69371
cpv,2023,2.57846
cri,1985,35.48532
cri,1986,35.67517
cri,1987,34.59801
cri,1988,33.96313
cri,1989,33.62954
cri,1990,33.32151
cri,1991,32.4207
cri,1992,31.66016
cri,1993,31.71322
cri,1994,31.52238
cri,1995,31.3782
cri,1996,31.22197
cri,1997,30.04877
cri,1998,29.59358
cri,1999,28.73079
cri,2000,28.30686
cri,2001,27.47612
cri,2002,25.19321
cri,2003,24.16195
cri,2004,23.64702
cri,2005,22.93788
cri,2006,21.36717
cri,2007,22.05029
cri,2008,22.35055
cri,2009,21.5473
cri,2010,20.24371
cri,2011,20.65877
cri,2012,19.80478
cri,2013,18.51634
cri,2014,18.80749
cri,2015,18.09615
cri,2016,18.66103
cri,2017,18.32048
cri,2018,19.16272
cri,2019,16.28649
cri,2020,19.50476
cri,2021,23.44612
cri,2022,14.37697
cri,2023,12.53482
cub,1985,119.49528
cub,1986,122.73027
cub,1987,123.7454
cub,1988,127.10166
cub,1989,124.89118
cub,1990,122.84186
cub,1991,114.11277
cub,1992,106.71109
cub,1993,99.70798
cub,1994,94.46571
cub,1995,91.12725
cub,1996,83.52575
cub,1997,86.08121
cub,1998,80.83528
cub,1999,76.08198
cub,2000,68.84322
cub,2001,64.00906
cub,2002,63.55198
cub,2003,60.25268
cub,2004,55.8541
cub,2005,51.36928
cub,2006,46.75838
cub,2007,47.38113
cub,2008,53.74815
cub,2009,58.62588
cub,2010,56.65086
cub,2011,57.98283
cub,2012,53.99199
cub,2013,53.29275
cub,2014,51.71936
cub,2015,51.16053
cub,2016,46.94097
cub,2017,44.67178
cub,2018,44.74256
cub,2019,43.02493
cub,2020,41.33863
cub,2021,168.30815
cub,2022,39.23409
cub,2023,33.3809
cyp,1985,2.78555
cyp,1986,2.65161
cyp,1987,2.50272
cyp,1988,2.55474
cyp,1989,2.32957
cyp,1990,2.32484
cyp,1991,2.2289
cyp,1992,2.33526
cyp,1993,2.1337
cyp,1994,2.06084
cyp,1995,1.8849
cyp,1996,1.76583
cyp,1997,1.63078
cyp,1998,1.5811
cyp,1999,1.43364
cyp,2000,1.39876
cyp,2001,1.29021
cyp,2002,1.21103
cyp,2003,1.2269
cyp,2004,1.25495
cyp,2005,1.24943
cyp,2006,1.2453
cyp,2007,1.19705
cyp,2008,1.275
cyp,2009,1.27422
cyp,2010,1.29472
cyp,2011,1.29118
cyp,2012,1.34723
cyp,2013,1.32719
cyp,2014,1.44772
cyp,2015,1.54148
cyp,2016,1.6467
cyp,2017,1.67691
cyp,2018,1.75253
cyp,2019,1.86218
cyp,2020,12.61736
cyp,2021,14.45894
cyp,2022,7.79609
cyp,2023,1.9788
cze,1985,20.58294
cze,1986,21.80764
cze,1987,19.69218
cze,1988,20.32732
cze,1989,19.58816
cze,1990,19.83237
cze,1991,19.10612
cze,1992,16.06139
cze,1993,14.81897
cze,1994,11.46795
cze,1995,9.50998
cze,1996,7.61332
cze,1997,7.43225
cze,1998,6.28331
cze,1999,5.83543
cze,2000,5.90363
cze,2001,5.62946
cze,2002,5.3137
cze,2003,5.1938
cze,2004,5.0158
cze,2005,5.19164
cze,2006,4.97612
cze,2007,5.01094
cze,2008,5.16107
cze,2009,4.99858
cze,2010,4.54586
cze,2011,4.13386
cze,2012,3.9464
cze,2013,3.62104
cze,2014,3.51685
cze,2015,3.47488
cze,2016,3.62496
cze,2017,3.36085
cze,2018,3.41023
cze,2019,3.49603
cze,2020,3.57577
cze,2021,4.91292
cze,2022,2.94248
cze,2023,2.48355
deu,1985,113.28171
deu,1986,115.30964
deu,1987,112.89033
deu,1988,113.18559
deu,1989,105.80499
deu,1990,105.93299
deu,1991,90.25927
deu,1992,80.45379
deu,1993,75.78704
deu,1994,67.33589
deu,1995,65.07377
deu,1996,66.82848
deu,1997,64.29858
deu,1998,59.31478
deu,1999,54.19451
deu,2000,51.50923
deu,2001,46.38368
deu,2002,44.6626
deu,2003,42.43299
deu,2004,41.07694
deu,2005,39.27271
deu,2006,38.43603
deu,2007,37.32197
deu,2008,37.38025
deu,2009,36.36151
deu,2010,36.47332
deu,2011,34.85402
deu,2012,33.67515
deu,2013,33.15742
deu,2014,32.16958
deu,2015,33.21107
deu,2016,34.96466
deu,2017,32.99968
deu,2018,33.13858
deu,2019,30.88601
deu,2020,32.81497
deu,2021,35.45826
deu,2022,29.4466
deu,2023,26.03843
dji,1985,132.24204
dji,1986,135.28149
dji,1987,139.34139
dji,1988,144.2126
dji,1989,147.78067
dji,1990,156.20605
dji,1991,174.40457
dji,1992,194.69919
dji,1993,160.60642
dji,1994,158.93893
dji,1995,144.06285
dji,1996,137.31211
dji,1997,131.65838
dji,1998,129.87131
dji,1999,127.28538
dji,2000,125.28444
dji,2001,113.25009
dji,2002,105.98928
dji,2003,103.87049
dji,2004,94.90101
dji,2005,80.90921
dji,2006,74.93597
dji,2007,70.97266
dji,2008,67.04828
dji,2009,64.41115
dji,2010,59.39218
dji,2011,55.84554
dji,2012,53.63929
dji,2013,53.02167
dji,2014,51.10049
dji,2015,50.51704
dji,2016,48.93423
dji,2017,48.14804
dji,2018,47.59846
dji,2019,46.28366
dji,2020,45.6893
dji,2021,52.86597
dji,2022,41.71035
dji,2023,38.76275
dma,1985,1.13288
dma,1986,1.17319
dma,1987,1.16573
dma,1988,1.25769
dma,1989,1.25209
dma,1990,1.39758
dma,1991,1.44687
dma,1992,1.44468
dma,1993,1.43646
dma,1994,1.29817
dma,1995,1.11111
dma,1996,1.01077
dma,1997,0.88974
dma,1998,0.80108
dma,1999,0.84163
dma,2000,0.74977
dma,2001,0.71615
dma,2002,0.62389
dma,2003,0.59037
dma,2004,0.56975
dma,2005,0.55557
dma,2006,0.57526
dma,2007,0.55284
dma,2008,0.53045
dma,2009,0.48993
dma,2010,0.48055
dma,2011,0.46677
dma,2012,0.49325
dma,2013,0.46212
dma,2014,0.50881
dma,2015,0.57937
dma,2016,0.4296
dma,2017,0.35267
dma,2018,0.33804
dma,2019,0.31883
dma,2020,0.35961
dma,2021,0.83329
dma,2022,0.327
dma,2023,0.26235
dnk,1985,6.5131
dnk,1986,6.68265
dnk,1987,6.64424
dnk,1988,7.41383
dnk,1989,7.83804
dnk,1990,7.69603
dnk,1991,7.68404
dnk,1992,8.09397
dnk,1993,7.96133
dnk,1994,8.2317
dnk,1995,8.2669
dnk,1996,7.3618
dnk,1997,7.06196
dnk,1998,6.14007
dnk,1999,6.25347
dnk,2000,5.88035
dnk,2001,5.72098
dnk,2002,5.56079
dnk,2003,5.35314
dnk,2004,5.20306
dnk,2005,4.80921
dnk,2006,4.66162
dnk,2007,4.77248
dnk,2008,4.71578
dnk,2009,4.39179
dnk,2010,4.179
dnk,2011,3.684
dnk,2012,3.32941
dnk,2013,2.98398
dnk,2014,3.06039
dnk,2015,2.89447
dnk,2016,3.15118
dnk,2017,2.84181
dnk,2018,2.86371
dnk,2019,2.58517
dnk,2020,2.4907
dnk,2021,4.85877
dnk,2022,3.23297
dnk,2023,2.11917
dom,1985,516.71089
dom,1986,502.3524
dom,1987,485.60323
dom,1988,474.74467
dom,1989,464.64402
dom,1990,445.97813
dom,1991,425.09731
dom,1992,408.82017
dom,1993,390.14967
dom,1994,367.46613
dom,1995,334.47002
dom,1996,302.58241
dom,1997,261.74765
dom,1998,229.88637
dom,1999,197.24209
dom,2000,165.85434
dom,2001,148.8407
dom,2002,147.31168
dom,2003,152.13451
dom,2004,163.76137
dom,2005,172.95126
dom,2006,176.91854
dom,2007,185.78661
dom,2008,198.25951
dom,2009,207.37718
dom,2010,199.53296
dom,2011,197.22335
dom,2012,191.86017
dom,2013,196.3764
dom,2014,204.9107
dom,2015,219.1536
dom,2016,225.77611
dom,2017,221.48891
dom,2018,228.41169
dom,2019,249.96422
dom,2020,253.47535
dom,2021,315.11131
dom,2022,254.46978
dom,2023,252.90848
dza,1985,2449.36755
dza,1986,2178.134
dza,1987,1940.59811
dza,1988,1785.94974
dza,1989,1664.78693
dza,1990,1531.34562
dza,1991,1517.17915
dza,1992,1506.79038
dza,1993,1499.51979
dza,1994,1494.26739
dza,1995,1308.87106
dza,1996,1124.18558
dza,1997,953.37403
dza,1998,839.91838
dza,1999,781.9381
dza,2000,741.73396
dza,2001,689.37575
dza,2002,618.83213
dza,2003,637.46277
dza,2004,601.9138
dza,2005,608.47318
dza,2006,624.82099
dza,2007,652.91657
dza,2008,688.5545
dza,2009,709.33725
dza,2010,727.66788
dza,2011,737.47541
dza,2012,783.15145
dza,2013,790.23889
dza,2014,822.21152
dza,2015,821.02346
dza,2016,817.77861
dza,2017,806.45115
dza,2018,771.52321
dza,2019,740.65219
dza,2020,955.95178
dza,2021,755.08998
dza,2022,600.64303
dza,2023,566.103
ecu,1985,566.64703
ecu,1986,543.52266
ecu,1987,392.91781
ecu,1988,505.90253
ecu,1989,512.42291
ecu,1990,527.51739
ecu,1991,562.79831
ecu,1992,551.89027
ecu,1993,537.19006
ecu,1994,497.35105
ecu,1995,473.08236
ecu,1996,450.5214
ecu,1997,439.17995
ecu,1998,428.47778
ecu,1999,418.19263
ecu,2000,399.41101
ecu,2001,377.12202
ecu,2002,354.11455
ecu,2003,329.12407
ecu,2004,312.76802
ecu,2005,301.88532
ecu,2006,291.25976
ecu,2007,278.07317
ecu,2008,273.00207
ecu,2009,271.08422
ecu,2010,263.02545
ecu,2011,255.79465
ecu,2012,236.25417
ecu,2013,211.67582
ecu,2014,196.59583
ecu,2015,191.79039
ecu,2016,188.19253
ecu,2017,182.22725
ecu,2018,182.03995
ecu,2019,180.5529
ecu,2020,263.13986
ecu,2021,262.22228
ecu,2022,188.93852
ecu,2023,149.66801
egy,1985,2723.61406
egy,1986,2627.07468
egy,1987,2525.71292
egy,1988,2415.49924
egy,1989,2260.44218
egy,1990,2086.75598
egy,1991,1941.28452
egy,1992,1783.21374
egy,1993,1635.63331
egy,1994,1514.2045
egy,1995,1404.25025
egy,1996,1311.96135
egy,1997,1239.05754
egy,1998,1184.02937
egy,1999,1120.96511
egy,2000,1057.26629
egy,2001,1015.39465
egy,2002,981.67853
egy,2003,950.74607
egy,2004,916.4264
egy,2005,893.49442
egy,2006,871.57041
egy,2007,856.90847
egy,2008,835.53871
egy,2009,813.98268
egy,2010,796.70275
egy,2011,768.15708
egy,2012,758.62062
egy,2013,748.25838
egy,2014,712.80243
egy,2015,681.81231
egy,2016,612.75371
egy,2017,577.78838
egy,2018,499.52526
egy,2019,458.08364
egy,2020,751.14739
egy,2021,978.53279
egy,2022,570.66385
egy,2023,407.82706
eri,1985,1359.62099
eri,1986,1340.26985
eri,1987,1306.82884
eri,1988,1287.98633
eri,1989,1285.46213
eri,1990,1190.1229
eri,1991,1224.33876
eri,1992,874.65757
eri,1993,788.32644
eri,1994,805.29151
eri,1995,682.94765
eri,1996,809.20384
eri,1997,724.67882
eri,1998,752.42016
eri,1999,624.35145
eri,2000,632.58566
eri,2001,547.07962
eri,2002,564.58482
eri,2003,526.0027
eri,2004,565.51833
eri,2005,548.34324
eri,2006,542.41101
eri,2007,519.2979
eri,2008,509.44516
eri,2009,508.35221
eri,2010,490.82746
eri,2011,472.98387
eri,2012,450.57875
eri,2013,432.21173
eri,2014,418.40861
eri,2015,391.74478
eri,2016,370.98549
eri,2017,352.90505
eri,2018,338.6536
eri,2019,330.86485
eri,2020,317.09355
eri,2021,326.77138
eri,2022,294.61913
eri,2023,288.61363
esp,1985,29.5274
esp,1986,29.02018
esp,1987,28.59228
esp,1988,27.80766
esp,1989,27.10154
esp,1990,26.12233
esp,1991,25.86305
esp,1992,24.33635
esp,1993,23.04674
esp,1994,21.58609
esp,1995,20.8437
esp,1996,20.46239
esp,1997,18.34009
esp,1998,17.26746
esp,1999,17.91655
esp,2000,18.75319
esp,2001,19.24233
esp,2002,19.14323
esp,2003,19.00647
esp,2004,20.54941
esp,2005,20.91973
esp,2006,21.10197
esp,2007,21.09218
esp,2008,22.38418
esp,2009,21.00786
esp,2010,19.38085
esp,2011,18.85468
esp,2012,17.58662
esp,2013,15.89715
esp,2014,15.59677
esp,2015,14.69393
esp,2016,13.8131
esp,2017,13.09363
esp,2018,11.84293
esp,2019,10.76394
esp,2020,14.7288
esp,2021,12.29752
esp,2022,13.18713
esp,2023,9.17079
est,1985,13.05929
est,1986,11.00074
est,1987,10.4599
est,1988,10.5854
est,1989,11.674
est,1990,9.8756
est,1991,8.2351
est,1992,7.33754
est,1993,7.08183
est,1994,8.54538
est,1995,6.13486
est,1996,4.78245
est,1997,3.95976
est,1998,3.85151
est,1999,3.39958
est,2000,3.53899
est,2001,3.14522
est,2002,2.87943
est,2003,2.34929
est,2004,2.16111
est,2005,2.12488
est,2006,1.89207
est,2007,2.01446
est,2008,1.7001
est,2009,1.5527
est,2010,1.24382
est,2011,1.30563
est,2012,1.09599
est,2013,0.87692
est,2014,0.92641
est,2015,0.88399
est,2016,1.00489
est,2017,0.73471
est,2018,0.7649
est,2019,0.84611
est,2020,0.77996
est,2021,1.10956
est,2022,0.83174
est,2023,0.5477
eth,1985,27293.11978
eth,1986,27842.2921
eth,1987,28016.78401
eth,1988,29367.11204
eth,1989,30222.59099
eth,1990,31924.03913
eth,1991,30962.96244
eth,1992,31834.41371
eth,1993,31394.79251
eth,1994,30720.91028
eth,1995,29894.38002
eth,1996,29110.42997
eth,1997,28120.61935
eth,1998,27113.61864
eth,1999,27317.03687
eth,2000,26752.00028
eth,2001,26773.05556
eth,2002,26189.90822
eth,2003,25503.95486
eth,2004,24820.76558
eth,2005,24871.9842
eth,2006,24164.83951
eth,2007,23438.81647
eth,2008,22543.17485
eth,2009,21443.52263
eth,2010,20480.07484
eth,2011,19526.33403
eth,2012,18058.12321
eth,2013,16362.42404
eth,2014,15013.54757
eth,2015,13872.02784
eth,2016,12947.46736
eth,2017,11917.58597
eth,2018,11157.43561
eth,2019,10437.11494
eth,2020,9661.21971
eth,2021,10023.28275
eth,2022,8432.1779
eth,2023,8003.49309
fin,1985,4.14425
fin,1986,4.56736
fin,1987,4.39638
fin,1988,4.81078
fin,1989,4.95754
fin,1990,5.24753
fin,1991,4.97694
fin,1992,5.25409
fin,1993,4.76147
fin,1994,4.56784
fin,1995,4.3873
fin,1996,4.15223
fin,1997,4.21531
fin,1998,3.81765
fin,1999,3.85967
fin,2000,4.06805
fin,2001,3.89268
fin,2002,3.91375
fin,2003,3.83771
fin,2004,4.22994
fin,2005,4.47554
fin,2006,4.08774
fin,2007,4.29473
fin,2008,4.31777
fin,2009,4.70998
fin,2010,4.6266
fin,2011,4.31188
fin,2012,4.56731
fin,2013,4.48693
fin,2014,3.92243
fin,2015,3.95184
fin,2016,3.91192
fin,2017,3.93476
fin,2018,3.76384
fin,2019,3.83332
fin,2020,3.97176
fin,2021,4.18756
fin,2022,3.73364
fin,2023,3.43224
fji,1985,18.36416
fji,1986,17.51026
fji,1987,17.14298
fji,1988,16.32559
fji,1989,15.93429
fji,1990,15.98484
fji,1991,15.22641
fji,1992,14.29085
fji,1993,13.51437
fji,1994,12.46682
fji,1995,11.86504
fji,1996,11.33116
fji,1997,10.76225
fji,1998,10.06883
fji,1999,9.50358
fji,2000,9.62442
fji,2001,9.4603
fji,2002,10.04135
fji,2003,9.90876
fji,2004,9.694
fji,2005,9.41789
fji,2006,9.24795
fji,2007,9.14605
fji,2008,8.89061
fji,2009,8.55842
fji,2010,8.07615
fji,2011,7.71291
fji,2012,8.22302
fji,2013,7.85541
fji,2014,7.34606
fji,2015,7.15239
fji,2016,7.09377
fji,2017,6.29104
fji,2018,6.20792
fji,2019,5.96476
fji,2020,5.77237
fji,2021,11.54223
fji,2022,5.31562
fji,2023,5.0285
fra,1985,156.14401
fra,1986,154.78472
fra,1987,146.63233
fra,1988,146.55603
fra,1989,143.99731
fra,1990,136.76651
fra,1991,135.73531
fra,1992,129.07393
fra,1993,118.71035
fra,1994,110.11905
fra,1995,108.83636
fra,1996,98.03585
fra,1997,84.17292
fra,1998,78.39791
fra,1999,74.5992
fra,2000,73.63579
fra,2001,72.31697
fra,2002,71.23554
fra,2003,70.82646
fra,2004,70.16514
fra,2005,71.32378
fra,2006,74.40736
fra,2007,73.3111
fra,2008,76.73611
fra,2009,77.57841
fra,2010,75.9216
fra,2011,73.58096
fra,2012,71.70812
fra,2013,69.37713
fra,2014,68.79697
fra,2015,66.71775
fra,2016,65.2221
fra,2017,61.26151
fra,2018,61.59778
fra,2019,59.51417
fra,2020,61.86543
fra,2021,61.72087
fra,2022,59.85145
fra,2023,46.66809
fsm,1985,7.76928
fsm,1986,7.63503
fsm,1987,7.96332
fsm,1988,7.83216
fsm,1989,7.49557
fsm,1990,7.39943
fsm,1991,7.31915
fsm,1992,7.2254
fsm,1993,7.22165
fsm,1994,7.07163
fsm,1995,7.27389
fsm,1996,7.30469
fsm,1997,7.17583
fsm,1998,7.27077
fsm,1999,7.19962
fsm,2000,7.34593
fsm,2001,6.91587
fsm,2002,7.31965
fsm,2003,6.34009
fsm,2004,6.17493
fsm,2005,5.95882
fsm,2006,5.83781
fsm,2007,5.58492
fsm,2008,5.39768
fsm,2009,5.19089
fsm,2010,4.99655
fsm,2011,4.81095
fsm,2012,4.7349
fsm,2013,4.70571
fsm,2014,4.576
fsm,2015,4.6626
fsm,2016,4.39549
fsm,2017,4.32748
fsm,2018,4.1421
fsm,2019,3.88491
fsm,2020,3.78262
fsm,2021,3.93576
fsm,2022,3.6307
fsm,2023,3.23429
gab,1985,124.02947
gab,1986,125.96627
gab,1987,128.09191
gab,1988,131.4809
gab,1989,133.19094
gab,1990,136.21327
gab,1991,138.7248
gab,1992,141.71139
gab,1993,141.04065
gab,1994,138.89552
gab,1995,133.13994
gab,1996,126.38355
gab,1997,116.1079
gab,1998,105.42878
gab,1999,90.00589
gab,2000,75.94917
gab,2001,69.42762
gab,2002,67.10584
gab,2003,60.81337
gab,2004,66.33444
gab,2005,83.81136
gab,2006,91.38415
gab,2007,87.67761
gab,2008,82.6764
gab,2009,86.24702
gab,2010,81.94815
gab,2011,87.38418
gab,2012,103.55846
gab,2013,143.27504
gab,2014,169.62084
gab,2015,151.71974
gab,2016,139.79432
gab,2017,122.21653
gab,2018,118.75428
gab,2019,122.61449
gab,2020,132.98808
gab,2021,171.59288
gab,2022,148.48168
gab,2023,159.9424
gbr,1985,13.12034
gbr,1986,16.43327
gbr,1987,22.63915
gbr,1988,31.32823
gbr,1989,40.06053
gbr,1990,48.26181
gbr,1991,53.03781
gbr,1992,56.11415
gbr,1993,60.17702
gbr,1994,64.084
gbr,1995,63.34811
gbr,1996,61.06577
gbr,1997,62.56269
gbr,1998,69.14556
gbr,1999,77.09195
gbr,2000,82.41096
gbr,2001,84.63473
gbr,2002,89.35065
gbr,2003,95.12247
gbr,2004,94.49149
gbr,2005,89.66998
gbr,2006,88.62238
gbr,2007,86.70032
gbr,2008,88.68602
gbr,2009,84.27795
gbr,2010,82.95342
gbr,2011,78.81506
gbr,2012,72.95708
gbr,2013,68.39433
gbr,2014,70.02128
gbr,2015,71.31199
gbr,2016,73.05855
gbr,2017,69.24967
gbr,2018,68.61751
gbr,2019,64.90373
gbr,2020,93.05251
gbr,2021,89.53366
gbr,2022,104.48402
gbr,2023,57.17743
geo,1985,37.84746
geo,1986,37.38424
geo,1987,34.43138
geo,1988,35.0294
geo,1989,37.41395
geo,1990,34.45121
geo,1991,34.30281
geo,1992,32.36252
geo,1993,31.57725
geo,1994,29.02951
geo,1995,28.69728
geo,1996,23.1635
geo,1997,27.94255
geo,1998,25.84739
geo,1999,23.40911
geo,2000,22.95018
geo,2001,23.0054
geo,2002,23.09992
geo,2003,20.66187
geo,2004,21.38313
geo,2005,27.04223
geo,2006,23.18283
geo,2007,27.79528
geo,2008,31.28416
geo,2009,34.86748
geo,2010,24.70665
geo,2011,21.4744
geo,2012,19.89354
geo,2013,19.35684
geo,2014,19.42026
geo,2015,17.98069
geo,2016,16.76132
geo,2017,15.18524
geo,2018,13.24785
geo,2019,11.48292
geo,2020,14.72588
geo,2021,29.21922
geo,2022,9.66269
geo,2023,8.61814
gha,1985,5549.71604
gha,1986,5420.58391
gha,1987,5268.96004
gha,1988,5067.20745
gha,1989,4903.23756
gha,1990,4789.76046
gha,1991,4690.43136
gha,1992,4558.40396
gha,1993,4444.454
gha,1994,4270.90994
gha,1995,4024.75061
gha,1996,3769.55923
gha,1997,3590.48803
gha,1998,3455.34168
gha,1999,3335.22798
gha,2000,3330.78079
gha,2001,3304.15767
gha,2002,3170.71197
gha,2003,3033.44376
gha,2004,3018.58091
gha,2005,3008.43386
gha,2006,3001.32973
gha,2007,2962.91359
gha,2008,3022.37016
gha,2009,2989.53228
gha,2010,3021.79211
gha,2011,3039.55358
gha,2012,3048.91671
gha,2013,2986.12366
gha,2014,2802.63342
gha,2015,2770.80987
gha,2016,2622.78919
gha,2017,2490.48999
gha,2018,2396.6611
gha,2019,2264.50637
gha,2020,2211.06438
gha,2021,2320.30423
gha,2022,2107.84718
gha,2023,2083.00923
gin,1985,3224.64537
gin,1986,3276.12676
gin,1987,3323.18843
gin,1988,3363.42658
gin,1989,3398.63894
gin,1990,3397.79102
gin,1991,3504.11797
gin,1992,3562.6834
gin,1993,3536.11227
gin,1994,3576.30958
gin,1995,3485.97419
gin,1996,3467.95952
gin,1997,3462.28163
gin,1998,3358.60355
gin,1999,3360.85793
gin,2000,3354.74537
gin,2001,3336.58342
gin,2002,3223.22028
gin,2003,3188.67288
gin,2004,3168.27838
gin,2005,3149.17812
gin,2006,3139.01918
gin,2007,3114.84696
gin,2008,3064.51372
gin,2009,3103.47403
gin,2010,3088.4243
gin,2011,3036.65855
gin,2012,2971.4197
gin,2013,2931.27586
gin,2014,2897.70564
gin,2015,2851.80424
gin,2016,2737.4338
gin,2017,2659.76102
gin,2018,2586.41739
gin,2019,2568.53872
gin,2020,2508.55004
gin,2021,2557.70714
gin,2022,2418.10813
gin,2023,2409.28322
gmb,1985,612.15607
gmb,1986,611.69475
gmb,1987,613.40362
gmb,1988,607.91
gmb,1989,609.40158
gmb,1990,607.46681
gmb,1991,606.04657
gmb,1992,595.89897
gmb,1993,587.66217
gmb,1994,585.44502
gmb,1995,569.86148
gmb,1996,548.82534
gmb,1997,536.67688
gmb,1998,507.77709
gmb,1999,491.02756
gmb,2000,484.10714
gmb,2001,480.79855
gmb,2002,474.63925
gmb,2003,469.29384
gmb,2004,462.71797
gmb,2005,467.92
gmb,2006,466.75624
gmb,2007,470.97505
gmb,2008,464.67866
gmb,2009,462.13544
gmb,2010,473.07884
gmb,2011,488.40361
gmb,2012,498.01885
gmb,2013,485.92824
gmb,2014,447.94087
gmb,2015,418.80373
gmb,2016,386.72801
gmb,2017,367.18237
gmb,2018,349.36558
gmb,2019,331.01754
gmb,2020,317.34684
gmb,2021,337.30866
gmb,2022,296.12724
gmb,2023,290.89511
gnb,1985,798.81036
gnb,1986,793.20195
gnb,1987,786.16784
gnb,1988,775.70924
gnb,1989,755.69568
gnb,1990,753.60942
gnb,1991,743.53109
gnb,1992,749.68958
gnb,1993,761.60524
gnb,1994,798.94706
gnb,1995,771.54715
gnb,1996,772.00288
gnb,1997,834.85946
gnb,1998,751.64752
gnb,1999,755.73125
gnb,2000,677.33425
gnb,2001,644.22563
gnb,2002,611.52957
gnb,2003,582.27608
gnb,2004,539.34858
gnb,2005,536.03585
gnb,2006,473.6839
gnb,2007,459.6236
gnb,2008,469.56553
gnb,2009,445.31071
gnb,2010,418.93756
gnb,2011,414.68205
gnb,2012,436.68501
gnb,2013,444.74744
gnb,2014,416.32184
gnb,2015,396.88236
gnb,2016,386.71638
gnb,2017,370.16589
gnb,2018,363.86975
gnb,2019,374.44866
gnb,2020,381.15206
gnb,2021,393.51182
gnb,2022,345.81648
gnb,2023,326.86699
gnq,1985,116.13369
gnq,1986,125.31942
gnq,1987,132.83587
gnq,1988,138.73336
gnq,1989,146.00234
gnq,1990,150.55539
gnq,1991,154.70808
gnq,1992,157.79872
gnq,1993,158.92214
gnq,1994,156.31751
gnq,1995,147.16503
gnq,1996,139.78243
gnq,1997,133.81845
gnq,1998,129.12401
gnq,1999,123.2555
gnq,2000,116.37355
gnq,2001,117.62273
gnq,2002,116.80579
gnq,2003,116.26544
gnq,2004,115.70917
gnq,2005,118.03168
gnq,2006,117.46173
gnq,2007,117.89778
gnq,2008,116.65813
gnq,2009,116.83416
gnq,2010,117.24891
gnq,2011,118.1736
gnq,2012,116.39792
gnq,2013,114.36085
gnq,2014,112.18572
gnq,2015,111.55974
gnq,2016,110.23023
gnq,2017,109.35376
gnq,2018,106.84582
gnq,2019,105.10691
gnq,2020,105.26212
gnq,2021,108.93234
gnq,2022,99.47634
gnq,2023,94.98321
grc,1985,11.11612
grc,1986,9.89499
grc,1987,9.7634
grc,1988,8.30917
grc,1989,7.65164
grc,1990,7.13507
grc,1991,6.7018
grc,1992,6.43086
grc,1993,5.83869
grc,1994,5.42315
grc,1995,5.0569
grc,1996,4.62006
grc,1997,4.26824
grc,1998,4.1095
grc,1999,3.93698
grc,2000,3.78937
grc,2001,3.51414
grc,2002,3.45845
grc,2003,3.42073
grc,2004,3.30975
grc,2005,3.24193
grc,2006,3.45477
grc,2007,3.62579
grc,2008,3.81687
grc,2009,3.89384
grc,2010,4.03368
grc,2011,3.87083
grc,2012,4.02037
grc,2013,3.73074
grc,2014,3.92675
grc,2015,4.39114
grc,2016,4.57702
grc,2017,4.63569
grc,2018,4.37141
grc,2019,4.36006
grc,2020,6.09945
grc,2021,7.46594
grc,2022,7.33269
grc,2023,3.5273
grd,1985,2.09316
grd,1986,2.08413
grd,1987,2.11363
grd,1988,1.71617
grd,1989,1.80692
grd,1990,1.65226
grd,1991,1.59888
grd,1992,1.43553
grd,1993,1.2656
grd,1994,1.28448
grd,1995,1.25138
grd,1996,1.18123
grd,1997,1.10782
grd,1998,0.97112
grd,1999,0.88684
grd,2000,0.85638
grd,2001,0.83913
grd,2002,0.78934
grd,2003,0.78662
grd,2004,0.90446
grd,2005,0.75367
grd,2006,0.72361
grd,2007,0.73989
grd,2008,0.76302
grd,2009,0.74916
grd,2010,0.78065
grd,2011,0.78845
grd,2012,0.77702
grd,2013,0.77515
grd,2014,0.74405
grd,2015,0.7342
grd,2016,0.66187
grd,2017,0.60382
grd,2018,0.66567
grd,2019,0.69986
grd,2020,0.72499
grd,2021,0.73695
grd,2022,0.69665
grd,2023,0.6615
gtm,1985,970.6785
gtm,1986,943.03199
gtm,1987,936.69107
gtm,1988,948.91329
gtm,1989,960.5136
gtm,1990,971.06811
gtm,1991,977.27715
gtm,1992,996.62783
gtm,1993,989.20337
gtm,1994,935.86556
gtm,1995,893.47797
gtm,1996,836.13996
gtm,1997,786.38102
gtm,1998,741.91804
gtm,1999,699.78284
gtm,2000,673.19076
gtm,2001,662.87425
gtm,2002,624.93435
gtm,2003,608.47378
gtm,2004,601.54779
gtm,2005,615.67491
gtm,2006,568.88756
gtm,2007,542.31416
gtm,2008,533.06862
gtm,2009,523.03122
gtm,2010,512.2904
gtm,2011,488.52564
gtm,2012,471.36707
gtm,2013,457.25861
gtm,2014,458.9693
gtm,2015,469.05899
gtm,2016,464.97391
gtm,2017,445.9532
gtm,2018,438.73533
gtm,2019,419.21159
gtm,2020,392.05909
gtm,2021,471.93625
gtm,2022,363.0262
gtm,2023,353.46728
guy,1985,58.22546
guy,1986,56.55852
guy,1987,54.53398
guy,1988,52.50069
guy,1989,51.18909
guy,1990,50.20876
guy,1991,48.59809
guy,1992,46.31853
guy,1993,45.71444
guy,1994,45.65496
guy,1995,46.45929
guy,1996,44.87023
guy,1997,42.78528
guy,1998,39.44453
guy,1999,36.92272
guy,2000,34.21599
guy,2001,31.15905
guy,2002,29.80906
guy,2003,28.35476
guy,2004,27.25053
guy,2005,27.43139
guy,2006,27.44774
guy,2007,26.0936
guy,2008,25.42223
guy,2009,24.27074
guy,2010,23.30017
guy,2011,22.44264
guy,2012,22.14924
guy,2013,21.68824
guy,2014,20.55976
guy,2015,20.01735
guy,2016,19.46009
guy,2017,18.61163
guy,2018,17.67024
guy,2019,18.9557
guy,2020,18.63222
guy,2021,32.30548
guy,2022,14.14232
guy,2023,12.52779
hnd,1985,353.67661
hnd,1986,344.64796
hnd,1987,334.0778
hnd,1988,326.48886
hnd,1989,317.22547
hnd,1990,303.93161
hnd,1991,289.92
hnd,1992,276.82184
hnd,1993,260.8115
hnd,1994,246.50406
hnd,1995,230.55347
hnd,1996,217.06521
hnd,1997,206.85653
hnd,1998,199.29006
hnd,1999,189.93283
hnd,2000,183.5671
hnd,2001,175.19041
hnd,2002,169.30682
hnd,2003,167.92503
hnd,2004,165.31837
hnd,2005,162.71702
hnd,2006,159.01429
hnd,2007,158.82304
hnd,2008,158.2535
hnd,2009,156.53234
hnd,2010,157.68086
hnd,2011,148.67717
hnd,2012,141.94766
hnd,2013,136.38188
hnd,2014,131.98624
hnd,2015,127.04181
hnd,2016,122.44666
hnd,2017,119.35601
hnd,2018,118.21685
hnd,2019,117.47805
hnd,2020,131.8915
hnd,2021,204.57517
hnd,2022,111.91451
hnd,2023,109.29805
hrv,1985,6.54715
hrv,1986,6.30497
hrv,1987,6.07044
hrv,1988,5.73207
hrv,1989,5.31841
hrv,1990,5.48987
hrv,1991,5.41554
hrv,1992,4.92868
hrv,1993,4.75389
hrv,1994,4.55437
hrv,1995,4.80618
hrv,1996,4.83551
hrv,1997,4.75743
hrv,1998,3.80683
hrv,1999,3.3834
hrv,2000,3.09525
hrv,2001,3.0471
hrv,2002,2.94576
hrv,2003,3.05195
hrv,2004,2.82354
hrv,2005,2.90374
hrv,2006,2.67294
hrv,2007,2.62611
hrv,2008,2.67187
hrv,2009,2.61544
hrv,2010,2.41321
hrv,2011,2.15628
hrv,2012,2.0652
hrv,2013,1.81367
hrv,2014,1.71984
hrv,2015,1.45942
hrv,2016,1.36317
hrv,2017,1.26931
hrv,2018,1.16523
hrv,2019,1.19475
hrv,2020,1.74114
hrv,2021,4.40841
hrv,2022,1.82948
hrv,2023,0.95838
hti,1985,2392.6133
hti,1986,2398.30837
hti,1987,2382.60423
hti,1988,2370.31144
hti,1989,2325.68842
hti,1990,2291.92675
hti,1991,2184.20707
hti,1992,2085.13114
hti,1993,1959.3699
hti,1994,1864.4519
hti,1995,1676.46901
hti,1996,1548.49138
hti,1997,1453.2399
hti,1998,1348.53653
hti,1999,1225.24004
hti,2000,1173.66266
hti,2001,1132.44998
hti,2002,1079.93759
hti,2003,1016.53301
hti,2004,1128.48732
hti,2005,938.12248
hti,2006,978.59148
hti,2007,1023.85532
hti,2008,1062.27773
hti,2009,1078.59923
hti,2010,1077.21935
hti,2011,1110.09419
hti,2012,1035.34043
hti,2013,1013.46407
hti,2014,995.67354
hti,2015,973.9639
hti,2016,954.00134
hti,2017,934.75136
hti,2018,951.82429
hti,2019,925.68677
hti,2020,908.62064
hti,2021,1002.76645
hti,2022,858.13867
hti,2023,846.25461
hun,1985,33.08372
hun,1986,32.37988
hun,1987,29.86692
hun,1988,28.95893
hun,1989,30.23719
hun,1990,30.84656
hun,1991,29.91453
hun,1992,28.59464
hun,1993,27.18837
hun,1994,24.13275
hun,1995,21.61405
hun,1996,17.87873
hun,1997,16.14164
hun,1998,14.93865
hun,1999,14.21312
hun,2000,13.47657
hun,2001,12.61402
hun,2002,12.65815
hun,2003,12.04298
hun,2004,11.71667
hun,2005,12.41023
hun,2006,12.3958
hun,2007,13.16473
hun,2008,12.9827
hun,2009,12.80018
hun,2010,11.63998
hun,2011,12.03671
hun,2012,11.89939
hun,2013,11.83588
hun,2014,12.40426
hun,2015,12.41204
hun,2016,12.56035
hun,2017,12.76835
hun,2018,12.56284
hun,2019,11.96123
hun,2020,17.21302
hun,2021,27.8099
hun,2022,12.13658
hun,2023,9.94823
idn,1985,23229.83783
idn,1986,21807.98293
idn,1987,20929.36509
idn,1988,20801.49982
idn,1989,19292.38859
idn,1990,18550.65908
idn,1991,18040.28089
idn,1992,16947.96201
idn,1993,15490.02617
idn,1994,15861.1563
idn,1995,16065.77627
idn,1996,16065.43479
idn,1997,15733.71397
idn,1998,15291.14206
idn,1999,15165.06087
idn,2000,14585.98639
idn,2001,14066.25172
idn,2002,13288.18032
idn,2003,13076.27173
idn,2004,13428.69132
idn,2005,13007.90063
idn,2006,12942.91102
idn,2007,12757.32734
idn,2008,12359.47325
idn,2009,12169.13178
idn,2010,12129.79604
idn,2011,11850.20341
idn,2012,11361.42858
idn,2013,10477.37646
idn,2014,9806.42956
idn,2015,9245.89951
idn,2016,8723.81258
idn,2017,8117.84487
idn,2018,7781.08403
idn,2019,7427.13151
idn,2020,8451.49089
idn,2021,10289.18245
idn,2022,6698.09825
idn,2023,6297.67749
ind,1985,179946.4882
ind,1986,173636.5597
ind,1987,164799.0597
ind,1988,157724.4397
ind,1989,151595.1485
ind,1990,145252.5899
ind,1991,140901.0823
ind,1992,136597.6766
ind,1993,132561.8134
ind,1994,128659.2087
ind,1995,124866.3226
ind,1996,120871.6048
ind,1997,116552.9406
ind,1998,112763.6157
ind,1999,108796.3977
ind,2000,105470.7918
ind,2001,102386.0967
ind,2002,96157.02369
ind,2003,90124.01741
ind,2004,84576.50399
ind,2005,77603.03141
ind,2006,71395.40638
ind,2007,65609.12451
ind,2008,60544.67781
ind,2009,55813.81044
ind,2010,50662.35457
ind,2011,46264.82815
ind,2012,42309.72743
ind,2013,38512.16771
ind,2014,34297.66942
ind,2015,32317.52572
ind,2016,30438.74221
ind,2017,27650.32293
ind,2018,26344.85672
ind,2019,24379.27713
ind,2020,23610.0238
ind,2021,36101.70989
ind,2022,20874.90442
ind,2023,18687.46755
irl,1985,6.90705
irl,1986,6.73313
irl,1987,5.97485
irl,1988,5.94966
irl,1989,5.17315
irl,1990,5.73958
irl,1991,5.33586
irl,1992,4.98316
irl,1993,4.42256
irl,1994,4.1673
irl,1995,4.37664
irl,1996,3.99567
irl,1997,4.42172
irl,1998,4.14977
irl,1999,3.99815
irl,2000,4.37376
irl,2001,4.20873
irl,2002,4.04882
irl,2003,3.63949
irl,2004,3.79766
irl,2005,3.84222
irl,2006,3.84631
irl,2007,3.97001
irl,2008,4.75195
irl,2009,4.61021
irl,2010,4.16886
irl,2011,4.62875
irl,2012,4.12525
irl,2013,3.48256
irl,2014,3.1941
irl,2015,3.09594
irl,2016,2.77975
irl,2017,2.62097
irl,2018,2.87253
irl,2019,2.53102
irl,2020,3.15757
irl,2021,3.45256
irl,2022,3.62073
irl,2023,2.01892
irn,1985,3353.36077
irn,1986,3089.25443
irn,1987,2822.83349
irn,1988,2577.09837
irn,1989,2248.25327
irn,1990,2087.38562
irn,1991,1754.52533
irn,1992,1484.84158
irn,1993,1266.03984
irn,1994,959.28336
irn,1995,784.87317
irn,1996,657.01865
irn,1997,584.93886
irn,1998,518.50777
irn,1999,486.89137
irn,2000,456.21281
irn,2001,432.5649
irn,2002,416.14252
irn,2003,405.46846
irn,2004,389.88736
irn,2005,388.65472
irn,2006,389.01916
irn,2007,388.43453
irn,2008,381.31204
irn,2009,372.12875
irn,2010,364.33065
irn,2011,362.73356
irn,2012,362.07369
irn,2013,359.08159
irn,2014,355.43972
irn,2015,346.21264
irn,2016,335.45736
irn,2017,314.18272
irn,2018,278.85225
irn,2019,240.23623
irn,2020,422.03511
irn,2021,614.97785
irn,2022,252.96516
irn,2023,185.87821
irq,1985,943.58434
irq,1986,921.69139
irq,1987,932.91585
irq,1988,1161.67344
irq,1989,1305.79945
irq,1990,1390.68721
irq,1991,1117.44455
irq,1992,913.39668
irq,1993,978.95145
irq,1994,1103.17412
irq,1995,1202.03135
irq,1996,1273.05102
irq,1997,1365.78688
irq,1998,1379.43455
irq,1999,1354.62271
irq,2000,1284.2238
irq,2001,1230.94848
irq,2002,1156.43319
irq,2003,1158.49116
irq,2004,1151.87211
irq,2005,1134.81503
irq,2006,1200.75184
irq,2007,1148.34995
irq,2008,1062.95916
irq,2009,1091.66932
irq,2010,1151.00048
irq,2011,1198.26413
irq,2012,1171.58133
irq,2013,1154.30607
irq,2014,1090.35948
irq,2015,1018.43136
irq,2016,998.87435
irq,2017,905.76188
irq,2018,841.84266
irq,2019,833.72566
irq,2020,712.43276
irq,2021,872.77459
irq,2022,675.18062
irq,2023,765.28434
isl,1985,0.44601
isl,1986,0.58374
isl,1987,0.55161
isl,1988,0.49513
isl,1989,0.62358
isl,1990,0.62375
isl,1991,0.48413
isl,1992,0.54489
isl,1993,0.48528
isl,1994,0.40956
isl,1995,0.54771
isl,1996,0.31771
isl,1997,0.315
isl,1998,0.32499
isl,1999,0.28688
isl,2000,0.27936
isl,2001,0.26166
isl,2002,0.29171
isl,2003,0.23076
isl,2004,0.24756
isl,2005,0.21633
isl,2006,0.20762
isl,2007,0.20592
isl,2008,0.2148
isl,2009,0.2394
isl,2010,0.22694
isl,2011,0.17227
isl,2012,0.17487
isl,2013,0.17949
isl,2014,0.18281
isl,2015,0.16421
isl,2016,0.1343
isl,2017,0.12435
isl,2018,0.16529
isl,2019,0.17734
isl,2020,0.52715
isl,2021,0.25741
isl,2022,0.22216
isl,2023,0.13137
isr,1985,33.67991
isr,1986,33.0758
isr,1987,27.8918
isr,1988,28.963
isr,1989,27.43335
isr,1990,26.44094
isr,1991,27.48871
isr,1992,27.77546
isr,1993,26.91738
isr,1994,25.72403
isr,1995,24.91229
isr,1996,22.8552
isr,1997,20.50479
isr,1998,16.85206
isr,1999,13.83232
isr,2000,11.38745
isr,2001,9.75455
isr,2002,8.87703
isr,2003,7.48045
isr,2004,6.5001
isr,2005,6.2225
isr,2006,6.12187
isr,2007,5.4972
isr,2008,5.48202
isr,2009,5.59159
isr,2010,5.39183
isr,2011,5.42546
isr,2012,5.43111
isr,2013,5.13405
isr,2014,5.50645
isr,2015,4.97742
isr,2016,5.45376
isr,2017,5.25196
isr,2018,4.84272
isr,2019,4.82106
isr,2020,5.45559
isr,2021,5.90452
isr,2022,5.51772
isr,2023,4.29303
ita,1985,128.19785
ita,1986,122.9674
ita,1987,115.50325
ita,1988,115.07543
ita,1989,107.35208
ita,1990,104.55177
ita,1991,101.16642
ita,1992,96.7108
ita,1993,89.46342
ita,1994,82.56031
ita,1995,78.9213
ita,1996,75.55735
ita,1997,68.04839
ita,1998,64.87441
ita,1999,59.46794
ita,2000,57.43227
ita,2001,54.08425
ita,2002,51.95376
ita,2003,43.40652
ita,2004,46.46719
ita,2005,44.13153
ita,2006,41.73622
ita,2007,41.23524
ita,2008,42.16903
ita,2009,44.0669
ita,2010,43.60388
ita,2011,44.11713
ita,2012,43.54159
ita,2013,41.41503
ita,2014,38.53264
ita,2015,37.68628
ita,2016,35.98896
ita,2017,35.29047
ita,2018,32.51469
ita,2019,30.42948
ita,2020,31.17395
ita,2021,29.96214
ita,2022,39.13026
ita,2023,24.9116
jam,1985,28.49109
jam,1986,28.43784
jam,1987,28.63899
jam,1988,29.86616
jam,1989,30.92766
jam,1990,33.3901
jam,1991,36.69924
jam,1992,40.26614
jam,1993,42.95868
jam,1994,44.9653
jam,1995,45.80461
jam,1996,46.74227
jam,1997,46.49921
jam,1998,45.60592
jam,1999,44.62081
jam,2000,42.97614
jam,2001,42.50952
jam,2002,41.47554
jam,2003,40.19637
jam,2004,38.70954
jam,2005,39.77701
jam,2006,42.83636
jam,2007,41.59187
jam,2008,41.48379
jam,2009,41.01654
jam,2010,40.27862
jam,2011,36.85265
jam,2012,35.52336
jam,2013,36.54121
jam,2014,37.98308
jam,2015,37.42338
jam,2016,37.14122
jam,2017,37.42638
jam,2018,38.94504
jam,2019,41.26791
jam,2020,42.92371
jam,2021,63.17877
jam,2022,46.30779
jam,2023,42.95622
jor,1985,113.60038
jor,1986,109.14854
jor,1987,105.18224
jor,1988,101.92195
jor,1989,100.13491
jor,1990,93.45585
jor,1991,107.71483
jor,1992,109.05917
jor,1993,111.39857
jor,1994,113.89984
jor,1995,115.98499
jor,1996,114.91673
jor,1997,110.55952
jor,1998,104.79199
jor,1999,100.33724
jor,2000,96.04497
jor,2001,93.40519
jor,2002,92.49199
jor,2003,91.72285
jor,2004,88.68786
jor,2005,86.4098
jor,2006,82.96718
jor,2007,97.12737
jor,2008,99.88145
jor,2009,99.69616
jor,2010,98.99679
jor,2011,97.2088
jor,2012,96.16698
jor,2013,87.52618
jor,2014,91.44587
jor,2015,93.03417
jor,2016,95.94709
jor,2017,90.8662
jor,2018,85.92977
jor,2019,82.43564
jor,2020,96.42361
jor,2021,185.12748
jor,2022,82.65141
jor,2023,72.5694
jpn,1985,259.3993
jpn,1986,237.93148
jpn,1987,215.08709
jpn,1988,201.70735
jpn,1989,179.60566
jpn,1990,165.68488
jpn,1991,155.77348
jpn,1992,147.58275
jpn,1993,136.70363
jpn,1994,134.02277
jpn,1995,133.83869
jpn,1996,126.37761
jpn,1997,120.22381
jpn,1998,118.1462
jpn,1999,110.55871
jpn,2000,105.51566
jpn,2001,97.51271
jpn,2002,90.77275
jpn,2003,86.16063
jpn,2004,82.62816
jpn,2005,77.26707
jpn,2006,74.6621
jpn,2007,70.8807
jpn,2008,69.88569
jpn,2009,66.35024
jpn,2010,63.67262
jpn,2011,60.00594
jpn,2012,57.10694
jpn,2013,54.9262
jpn,2014,52.39767
jpn,2015,50.09369
jpn,2016,47.65188
jpn,2017,44.63132
jpn,2018,43.13284
jpn,2019,40.08437
jpn,2020,36.03175
jpn,2021,33.30021
jpn,2022,41.9765
jpn,2023,23.08355
kaz,1985,308.84959
kaz,1986,301.55248
kaz,1987,294.42239
kaz,1988,279.81303
kaz,1989,264.36763
kaz,1990,250.58413
kaz,1991,244.93532
kaz,1992,241.82394
kaz,1993,239.14434
kaz,1994,235.81142
kaz,1995,224.06371
kaz,1996,204.85542
kaz,1997,187.06053
kaz,1998,173.64965
kaz,1999,153.50153
kaz,2000,142.0739
kaz,2001,131.37723
kaz,2002,124.31791
kaz,2003,122.78459
kaz,2004,122.10756
kaz,2005,117.48908
kaz,2006,114.7217
kaz,2007,111.29563
kaz,2008,106.28542
kaz,2009,92.40164
kaz,2010,82.26294
kaz,2011,72.17833
kaz,2012,64.76383
kaz,2013,59.10735
kaz,2014,56.19298
kaz,2015,51.98036
kaz,2016,49.95838
kaz,2017,46.57883
kaz,2018,46.58599
kaz,2019,44.97905
kaz,2020,78.75796
kaz,2021,104.22675
kaz,2022,58.5999
kaz,2023,39.21715
ken,1985,5724.93381
ken,1986,5697.73633
ken,1987,5601.57538
ken,1988,5529.06301
ken,1989,5404.23142
ken,1990,6237.35844
ken,1991,5994.8948
ken,1992,5773.32192
ken,1993,5534.26865
ken,1994,5572.6122
ken,1995,5558.06858
ken,1996,5636.99532
ken,1997,5542.50485
ken,1998,5443.1288
ken,1999,5369.13959
ken,2000,5488.41608
ken,2001,5506.97912
ken,2002,5687.32939
ken,2003,5693.2671
ken,2004,5782.64465
ken,2005,6019.26188
ken,2006,6387.05245
ken,2007,6918.32725
ken,2008,7182.02997
ken,2009,7484.28411
ken,2010,7518.66084
ken,2011,7406.12138
ken,2012,7339.50638
ken,2013,7076.80149
ken,2014,6854.88412
ken,2015,6598.68713
ken,2016,6410.89339
ken,2017,6226.75082
ken,2018,6239.57158
ken,2019,5996.07602
ken,2020,6109.84195
ken,2021,6184.13396
ken,2022,5762.10971
ken,2023,5681.92918
kgz,1985,113.02904
kgz,1986,110.11747
kgz,1987,107.86561
kgz,1988,105.78718
kgz,1989,101.67851
kgz,1990,101.25029
kgz,1991,100.56138
kgz,1992,103.07447
kgz,1993,104.17005
kgz,1994,109.55537
kgz,1995,115.74046
kgz,1996,110.99956
kgz,1997,98.23643
kgz,1998,91.19177
kgz,1999,86.46158
kgz,2000,80.51996
kgz,2001,80.59528
kgz,2002,83.3579
kgz,2003,86.32174
kgz,2004,87.93432
kgz,2005,89.92152
kgz,2006,96.58417
kgz,2007,97.1133
kgz,2008,97.47806
kgz,2009,98.94278
kgz,2010,106.43033
kgz,2011,107.78013
kgz,2012,104.95107
kgz,2013,97.48282
kgz,2014,95.96191
kgz,2015,88.91686
kgz,2016,79.69896
kgz,2017,73.01923
kgz,2018,82.49658
kgz,2019,81.08797
kgz,2020,88.23321
kgz,2021,107.5686
kgz,2022,65.69025
kgz,2023,63.16053
khm,1985,2685.85219
khm,1986,2598.81533
khm,1987,2506.59978
khm,1988,2474.27063
khm,1989,2317.58097
khm,1990,2330.28523
khm,1991,2394.01991
khm,1992,2381.82144
khm,1993,2604.67048
khm,1994,2602.97122
khm,1995,2494.94863
khm,1996,2406.43591
khm,1997,2127.07806
khm,1998,2040.26385
khm,1999,1847.55839
khm,2000,1688.7196
khm,2001,1555.6932
khm,2002,1411.02019
khm,2003,1282.31937
khm,2004,1196.46429
khm,2005,1132.01784
khm,2006,1078.13942
khm,2007,1052.15844
khm,2008,988.61556
khm,2009,919.0134
khm,2010,849.95383
khm,2011,776.969
khm,2012,722.75689
khm,2013,677.58906
khm,2014,645.96283
khm,2015,627.24516
khm,2016,604.4959
khm,2017,588.11376
khm,2018,575.09519
khm,2019,563.93014
khm,2020,614.57566
khm,2021,702.06609
khm,2022,580.40609
khm,2023,496.7809
kir,1985,6.35931
kir,1986,6.13637
kir,1987,6.21627
kir,1988,6.00695
kir,1989,5.8855
kir,1990,5.61419
kir,1991,5.39783
kir,1992,4.99115
kir,1993,4.59718
kir,1994,4.24137
kir,1995,4.1974
kir,1996,4.05757
kir,1997,3.80346
kir,1998,3.61288
kir,1999,3.43417
kir,2000,3.30745
kir,2001,3.12414
kir,2002,2.96975
kir,2003,2.83965
kir,2004,2.93051
kir,2005,2.96266
kir,2006,3.04331
kir,2007,3.11842
kir,2008,3.22476
kir,2009,3.27873
kir,2010,3.46013
kir,2011,3.4242
kir,2012,3.37665
kir,2013,3.17749
kir,2014,3.09021
kir,2015,3.0469
kir,2016,2.97594
kir,2017,3.04868
kir,2018,2.98165
kir,2019,3.07382
kir,2020,3.06868
kir,2021,4.20593
kir,2022,2.96349
kir,2023,2.72867
kna,1985,3.1068
kna,1986,2.87902
kna,1987,2.95073
kna,1988,2.96241
kna,1989,3.05457
kna,1990,2.89646
kna,1991,2.49993
kna,1992,2.14204
kna,1993,1.87035
kna,1994,1.69094
kna,1995,1.69572
kna,1996,1.60212
kna,1997,1.64709
kna,1998,1.65185
kna,1999,1.38909
kna,2000,1.14946
kna,2001,1.03671
kna,2002,0.89312
kna,2003,0.85592
kna,2004,0.7979
kna,2005,0.7752
kna,2006,0.74342
kna,2007,0.71435
kna,2008,0.69239
kna,2009,0.6692
kna,2010,0.64243
kna,2011,0.61928
kna,2012,0.59804
kna,2013,0.54797
kna,2014,0.53841
kna,2015,0.49429
kna,2016,0.47799
kna,2017,0.46548
kna,2018,0.47936
kna,2019,0.44947
kna,2020,0.46908
kna,2021,0.63593
kna,2022,0.55499
kna,2023,0.4036
kor,1985,263.7202
kor,1986,235.5732
kor,1987,224.89296
kor,1988,202.15231
kor,1989,193.53372
kor,1990,194.37274
kor,1991,201.4309
kor,1992,189.04627
kor,1993,168.06858
kor,1994,162.24453
kor,1995,151.97803
kor,1996,137.38052
kor,1997,124.94645
kor,1998,111.41484
kor,1999,100.71006
kor,2000,92.69915
kor,2001,75.88666
kor,2002,65.87532
kor,2003,62.04387
kor,2004,55.65007
kor,2005,49.13366
kor,2006,46.09708
kor,2007,46.61702
kor,2008,41.20724
kor,2009,37.70819
kor,2010,38.11476
kor,2011,36.52263
kor,2012,35.84483
kor,2013,31.01337
kor,2014,28.18356
kor,2015,27.31781
kor,2016,24.1456
kor,2017,19.95264
kor,2018,17.20206
kor,2019,14.54277
kor,2020,31.25037
kor,2021,13.49103
kor,2022,16.93979
kor,2023,8.95777
kwt,1985,6.18264
kwt,1986,6.01904
kwt,1987,5.73682
kwt,1988,5.5917
kwt,1989,5.54808
kwt,1990,8.6281
kwt,1991,2.03245
kwt,1992,3.46569
kwt,1993,3.78454
kwt,1994,4.14865
kwt,1995,4.46172
kwt,1996,4.65834
kwt,1997,4.77895
kwt,1998,4.80058
kwt,1999,4.83807
kwt,2000,4.92089
kwt,2001,5.00065
kwt,2002,5.0402
kwt,2003,5.12038
kwt,2004,5.21393
kwt,2005,5.09333
kwt,2006,4.99525
kwt,2007,4.91883
kwt,2008,4.91792
kwt,2009,4.9432
kwt,2010,4.88103
kwt,2011,4.78963
kwt,2012,4.96575
kwt,2013,4.77744
kwt,2014,4.94343
kwt,2015,4.6414
kwt,2016,4.56486
kwt,2017,4.59101
kwt,2018,4.16356
kwt,2019,3.9724
kwt,2020,17.23223
kwt,2021,32.89339
kwt,2022,3.72862
kwt,2023,3.82553
lao,1985,1615.27888
lao,1986,1597.92706
lao,1987,1582.16948
lao,1988,1566.04555
lao,1989,1528.48089
lao,1990,1527.14215
lao,1991,1493.91857
lao,1992,1486.32759
lao,1993,1451.54683
lao,1994,1426.19313
lao,1995,1344.30145
lao,1996,1281.82521
lao,1997,1230.75861
lao,1998,1190.89948
lao,1999,1164.61731
lao,2000,1088.4154
lao,2001,1017.03873
lao,2002,962.89477
lao,2003,915.85592
lao,2004,856.27528
lao,2005,774.49808
lao,2006,730.3013
lao,2007,684.59006
lao,2008,641.93353
lao,2009,578.84963
lao,2010,524.65273
lao,2011,460.01012
lao,2012,410.90821
lao,2013,364.89705
lao,2014,323.75223
lao,2015,305.0141
lao,2016,279.77685
lao,2017,260.07043
lao,2018,243.55649
lao,2019,228.78552
lao,2020,219.35538
lao,2021,229.19765
lao,2022,196.65956
lao,2023,182.85495
lbn,1985,56.63884
lbn,1986,55.74891
lbn,1987,63.8971
lbn,1988,64.76745
lbn,1989,49.66761
lbn,1990,47.94979
lbn,1991,37.83834
lbn,1992,34.50373
lbn,1993,30.90993
lbn,1994,27.92112
lbn,1995,25.68598
lbn,1996,25.01656
lbn,1997,24.17197
lbn,1998,23.54548
lbn,1999,22.83736
lbn,2000,21.78837
lbn,2001,20.44195
lbn,2002,18.95981
lbn,2003,17.45349
lbn,2004,16.20425
lbn,2005,15.0682
lbn,2006,14.94204
lbn,2007,13.80006
lbn,2008,13.56236
lbn,2009,13.49739
lbn,2010,13.87104
lbn,2011,14.09765
lbn,2012,14.16056
lbn,2013,13.93512
lbn,2014,16.89185
lbn,2015,18.8201
lbn,2016,17.97363
lbn,2017,17.10184
lbn,2018,15.92136
lbn,2019,14.94587
lbn,2020,26.03346
lbn,2021,50.79675
lbn,2022,14.21162
lbn,2023,13.95859
lbr,1985,1864.06389
lbr,1986,1829.76272
lbr,1987,1835.46426
lbr,1988,1862.22953
lbr,1989,1881.63218
lbr,1990,2524.77813
lbr,1991,1420.54696
lbr,1992,1519.52901
lbr,1993,1657.709
lbr,1994,1797.02931
lbr,1995,1467.39079
lbr,1996,1443.43546
lbr,1997,1049.67913
lbr,1998,1110.46235
lbr,1999,1040.80258
lbr,2000,994.81421
lbr,2001,924.2945
lbr,2002,909.83414
lbr,2003,993.95674
lbr,2004,836.99357
lbr,2005,829.38019
lbr,2006,921.99709
lbr,2007,976.91427
lbr,2008,1004.69528
lbr,2009,1031.21531
lbr,2010,1097.52374
lbr,2011,1131.63672
lbr,2012,1191.79684
lbr,2013,1174.36498
lbr,2014,1287.93884
lbr,2015,1254.93876
lbr,2016,1113.33017
lbr,2017,1138.25223
lbr,2018,1152.08838
lbr,2019,1127.69827
lbr,2020,1091.70963
lbr,2021,1106.57233
lbr,2022,1062.02392
lbr,2023,1067.528
lby,1985,112.75503
lby,1986,106.52729
lby,1987,98.31142
lby,1988,93.04742
lby,1989,86.56711
lby,1990,80.00514
lby,1991,74.46586
lby,1992,69.63513
lby,1993,66.20848
lby,1994,64.54007
lby,1995,64.61267
lby,1996,66.52749
lby,1997,69.49008
lby,1998,73.91849
lby,1999,78.24933
lby,2000,81.68581
lby,2001,84.23046
lby,2002,86.0892
lby,2003,87.70686
lby,2004,89.56521
lby,2005,92.68517
lby,2006,94.92845
lby,2007,97.06973
lby,2008,99.18022
lby,2009,102.96952
lby,2010,107.96996
lby,2011,127.37112
lby,2012,103.32472
lby,2013,105.97223
lby,2014,112.33448
lby,2015,108.98878
lby,2016,104.35781
lby,2017,95.64249
lby,2018,90.27532
lby,2019,86.49548
lby,2020,93.50956
lby,2021,127.48864
lby,2022,76.30185
lby,2023,73.99745
lca,1985,2.42005
lca,1986,2.42812
lca,1987,2.87419
lca,1988,2.86924
lca,1989,2.62476
lca,1990,2.81947
lca,1991,2.72077
lca,1992,2.22783
lca,1993,2.16967
lca,1994,2.29037
lca,1995,2.32057
lca,1996,2.55133
lca,1997,3.22341
lca,1998,2.87314
lca,1999,2.9814
lca,2000,2.4743
lca,2001,2.03661
lca,2002,1.73821
lca,2003,1.52801
lca,2004,1.43439
lca,2005,1.41439
lca,2006,1.36014
lca,2007,1.36118
lca,2008,1.3545
lca,2009,1.26611
lca,2010,1.32327
lca,2011,1.19738
lca,2012,1.18979
lca,2013,1.15339
lca,2014,1.06115
lca,2015,0.98618
lca,2016,0.98211
lca,2017,0.91624
lca,2018,0.87664
lca,2019,0.89939
lca,2020,0.8986
lca,2021,1.94302
lca,2022,0.96981
lca,2023,0.88755
lka,1985,238.51154
lka,1986,221.53904
lka,1987,212.97745
lka,1988,203.59886
lka,1989,203.01044
lka,1990,197.23123
lka,1991,188.84394
lka,1992,180.78584
lka,1993,174.7917
lka,1994,170.13067
lka,1995,166.69606
lka,1996,160.61436
lka,1997,151.73541
lka,1998,142.39828
lka,1999,139.12922
lka,2000,137.62845
lka,2001,138.40025
lka,2002,135.26508
lka,2003,134.65826
lka,2004,140.21444
lka,2005,122.74246
lka,2006,123.51523
lka,2007,119.77062
lka,2008,114.24869
lka,2009,103.02325
lka,2010,93.02603
lka,2011,91.12721
lka,2012,88.25012
lka,2013,85.16901
lka,2014,81.07616
lka,2015,76.43468
lka,2016,74.07295
lka,2017,72.97796
lka,2018,69.53373
lka,2019,67.90221
lka,2020,75.69032
lka,2021,111.66936
lka,2022,72.14104
lka,2023,59.3697
lso,1985,438.32148
lso,1986,425.41979
lso,1987,448.14804
lso,1988,442.36838
lso,1989,437.90416
lso,1990,422.86037
lso,1991,403.43882
lso,1992,373.12765
lso,1993,329.16487
lso,1994,253.05139
lso,1995,212.76436
lso,1996,191.17966
lso,1997,187.6251
lso,1998,194.14981
lso,1999,211.5898
lso,2000,233.56549
lso,2001,267.04666
lso,2002,283.56712
lso,2003,295.54605
lso,2004,282.41643
lso,2005,306.50988
lso,2006,387.64545
lso,2007,513.36241
lso,2008,702.68731
lso,2009,806.56116
lso,2010,763.2709
lso,2011,735.87775
lso,2012,610.88408
lso,2013,527.23991
lso,2014,433.9184
lso,2015,364.67612
lso,2016,319.00275
lso,2017,285.27207
lso,2018,293.42818
lso,2019,272.81208
lso,2020,302.94598
lso,2021,324.79933
lso,2022,265.95291
lso,2023,266.39119
ltu,1985,20.46248
ltu,1986,18.01819
ltu,1987,16.63116
ltu,1988,15.91241
ltu,1989,17.23403
ltu,1990,16.46949
ltu,1991,16.53528
ltu,1992,15.52341
ltu,1993,13.69201
ltu,1994,13.02156
ltu,1995,11.69497
ltu,1996,9.91696
ltu,1997,7.82567
ltu,1998,7.24963
ltu,1999,6.49303
ltu,2000,5.4417
ltu,2001,4.93688
ltu,2002,4.05686
ltu,2003,4.2254
ltu,2004,3.70363
ltu,2005,3.95638
ltu,2006,4.10257
ltu,2007,4.13142
ltu,2008,3.9949
ltu,2009,3.48699
ltu,2010,3.27275
ltu,2011,3.21233
ltu,2012,3.07723
ltu,2013,3.01406
ltu,2014,2.7818
ltu,2015,3.13447
ltu,2016,2.8838
ltu,2017,2.83755
ltu,2018,2.55091
ltu,2019,2.44969
ltu,2020,2.04238
ltu,2021,2.13922
ltu,2022,2.02903
ltu,2023,1.64493
lux,1985,0.98628
lux,1986,1.03827
lux,1987,0.95664
lux,1988,1.10381
lux,1989,0.97854
lux,1990,1.17261
lux,1991,1.24472
lux,1992,1.30825
lux,1993,1.08416
lux,1994,1.05996
lux,1995,1.20307
lux,1996,1.29969
lux,1997,1.21274
lux,1998,0.95102
lux,1999,1.1754
lux,2000,0.97805
lux,2001,1.01453
lux,2002,0.90909
lux,2003,0.76115
lux,2004,0.89739
lux,2005,0.88135
lux,2006,0.88104
lux,2007,0.73078
lux,2008,0.71868
lux,2009,0.85734
lux,2010,0.96805
lux,2011,0.74357
lux,2012,0.78162
lux,2013,0.93321
lux,2014,0.7806
lux,2015,0.78028
lux,2016,0.79813
lux,2017,0.9303
lux,2018,0.5855
lux,2019,0.77584
lux,2020,0.38476
lux,2021,0.39774
lux,2022,0.41044
lux,2023,0.81191
lva,1985,20.06903
lva,1986,17.69296
lva,1987,18.19121
lva,1988,17.22559
lva,1989,17.87757
lva,1990,17.76341
lva,1991,15.97834
lva,1992,15.24282
lva,1993,15.19319
lva,1994,15.50292
lva,1995,12.5604
lva,1996,8.8406
lva,1997,7.60806
lva,1998,7.29262
lva,1999,7.58528
lva,2000,6.83498
lva,2001,6.42434
lva,2002,5.92195
lva,2003,6.41809
lva,2004,5.80998
lva,2005,5.88202
lva,2006,6.36916
lva,2007,6.61246
lva,2008,6.08158
lva,2009,5.39886
lva,2010,4.50218
lva,2011,4.28738
lva,2012,4.11468
lva,2013,5.04074
lva,2014,4.87555
lva,2015,4.89886
lva,2016,5.14956
lva,2017,4.85731
lva,2018,4.50475
lva,2019,4.17217
lva,2020,3.71895
lva,2021,7.2811
lva,2022,4.65904
lva,2023,2.66714
mar,1985,5787.84848
mar,1986,5311.3657
mar,1987,4890.6267
mar,1988,4469.44412
mar,1989,4092.4911
mar,1990,3788.31523
mar,1991,3569.10312
mar,1992,3264.53218
mar,1993,2967.65179
mar,1994,2747.11677
mar,1995,2574.04899
mar,1996,2425.66111
mar,1997,2281.28804
mar,1998,2116.71132
mar,1999,1910.73689
mar,2000,1750.22184
mar,2001,1617.11647
mar,2002,1501.47688
mar,2003,1431.17268
mar,2004,1385.2488
mar,2005,1301.43248
mar,2006,1226.70879
mar,2007,1157.29394
mar,2008,1092.82088
mar,2009,1041.14694
mar,2010,994.88954
mar,2011,921.51879
mar,2012,846.90217
mar,2013,773.94316
mar,2014,715.49558
mar,2015,672.07528
mar,2016,634.60592
mar,2017,590.7223
mar,2018,553.36646
mar,2019,523.69314
mar,2020,531.14741
mar,2021,593.91263
mar,2022,452.92927
mar,2023,439.42849
mco,1985,0.11571
mco,1986,0.06823
mco,1987,0.0662
mco,1988,0.06341
mco,1989,0.05975
mco,1990,0.05617
mco,1991,0.05337
mco,1992,0.05208
mco,1993,0.03459
mco,1994,0.03471
mco,1995,0.03532
mco,1996,0.03605
mco,1997,0.03692
mco,1998,0.03829
mco,1999,0.03911
mco,2000,0.04045
mco,2001,0.04229
mco,2002,0.03775
mco,2003,0.01761
mco,2004,0.01813
mco,2005,0.01784
mco,2006,0.0183
mco,2007,0.03809
mco,2008,0.041
mco,2009,0.0403
mco,2010,0.04
mco,2011,0.03661
mco,2012,0.01889
mco,2013,0.01906
mco,2014,0.0209
mco,2015,0.02115
mco,2016,0.02216
mco,2017,0.02055
mco,2018,0.02151
mco,2019,0.02114
mco,2020,0.08769
mco,2021,0.01834
mco,2022,0.01795
mco,2023,0.01921
mda,1985,62.21692
mda,1986,60.36037
mda,1987,56.90713
mda,1988,50.56321
mda,1989,45.26041
mda,1990,43.73953
mda,1991,41.06382
mda,1992,41.04922
mda,1993,39.14058
mda,1994,37.13491
mda,1995,33.02882
mda,1996,30.29043
mda,1997,30.6703
mda,1998,25.89499
mda,1999,21.9217
mda,2000,18.97489
mda,2001,16.88933
mda,2002,15.21665
mda,2003,14.54599
mda,2004,14.57974
mda,2005,13.80051
mda,2006,13.14486
mda,2007,12.84007
mda,2008,12.52113
mda,2009,12.14312
mda,2010,10.82247
mda,2011,9.66167
mda,2012,9.23286
mda,2013,8.81812
mda,2014,10.00031
mda,2015,10.20798
mda,2016,9.92652
mda,2017,8.86947
mda,2018,8.46017
mda,2019,8.09636
mda,2020,10.56727
mda,2021,8.44685
mda,2022,6.11496
mda,2023,6.16125
mdg,1985,3509.70088
mdg,1986,3448.93336
mdg,1987,3395.52363
mdg,1988,3419.99493
mdg,1989,3511.72982
mdg,1990,3677.12185
mdg,1991,3784.74792
mdg,1992,3931.57014
mdg,1993,4003.86742
mdg,1994,4142.9414
mdg,1995,4276.7593
mdg,1996,4394.0375
mdg,1997,4497.5716
mdg,1998,4525.92149
mdg,1999,4467.51494
mdg,2000,4427.63087
mdg,2001,4276.95181
mdg,2002,4180.69964
mdg,2003,4076.81772
mdg,2004,4023.87972
mdg,2005,3979.47336
mdg,2006,3957.32078
mdg,2007,4002.19482
mdg,2008,4008.10763
mdg,2009,4085.30509
mdg,2010,4072.15472
mdg,2011,4010.59103
mdg,2012,4005.68752
mdg,2013,4022.7974
mdg,2014,4039.1286
mdg,2015,4069.15582
mdg,2016,4122.2521
mdg,2017,4217.43001
mdg,2018,4308.70358
mdg,2019,4381.00413
mdg,2020,4314.90746
mdg,2021,4560.81531
mdg,2022,4339.26161
mdg,2023,4459.83136
mdv,1985,49.28618
mdv,1986,46.28135
mdv,1987,43.52354
mdv,1988,39.50485
mdv,1989,35.62214
mdv,1990,32.0958
mdv,1991,28.13962
mdv,1992,24.78337
mdv,1993,21.3376
mdv,1994,18.14364
mdv,1995,14.80254
mdv,1996,12.0499
mdv,1997,9.95577
mdv,1998,8.54877
mdv,1999,6.53331
mdv,2000,5.25964
mdv,2001,4.43284
mdv,2002,4.15626
mdv,2003,3.84457
mdv,2004,3.58221
mdv,2005,3.04873
mdv,2006,3.0957
mdv,2007,3.27414
mdv,2008,3.72462
mdv,2009,3.87098
mdv,2010,3.70439
mdv,2011,3.67737
mdv,2012,3.61691
mdv,2013,3.56861
mdv,2014,3.13484
mdv,2015,2.91695
mdv,2016,2.81782
mdv,2017,2.7047
mdv,2018,2.50439
mdv,2019,2.42209
mdv,2020,2.89359
mdv,2021,3.62508
mdv,2022,2.05036
mdv,2023,1.84423
mex,1985,2628.85693
mex,1986,2462.80911
mex,1987,2271.92501
mex,1988,2136.98045
mex,1989,2059.5207
mex,1990,1964.88124
mex,1991,1883.41491
mex,1992,1805.68803
mex,1993,1753.0317
mex,1994,1704.51518
mex,1995,1630.2072
mex,1996,1568.07238
mex,1997,1509.28341
mex,1998,1449.64315
mex,1999,1391.91451
mex,2000,1345.51101
mex,2001,1317.56494
mex,2002,1304.9642
mex,2003,1270.56688
mex,2004,1239.1436
mex,2005,1197.39833
mex,2006,1165.83382
mex,2007,1138.83502
mex,2008,1163.66868
mex,2009,1165.72733
mex,2010,1149.01004
mex,2011,1094.92045
mex,2012,1062.03801
mex,2013,1040.54853
mex,2014,992.49001
mex,2015,952.33731
mex,2016,933.28337
mex,2017,933.39221
mex,2018,933.88237
mex,2019,919.90186
mex,2020,1291.40229
mex,2021,2168.4381
mex,2022,937.61035
mex,2023,857.99037
mhl,1985,4.62708
mhl,1986,5.09073
mhl,1987,5.33296
mhl,1988,5.24677
mhl,1989,5.69994
mhl,1990,5.88717
mhl,1991,5.57423
mhl,1992,6.01286
mhl,1993,5.9604
mhl,1994,5.64317
mhl,1995,5.63831
mhl,1996,5.47671
mhl,1997,5.19402
mhl,1998,4.94868
mhl,1999,4.80827
mhl,2000,4.85014
mhl,2001,4.45885
mhl,2002,4.31137
mhl,2003,4.29564
mhl,2004,4.60833
mhl,2005,4.51467
mhl,2006,4.42245
mhl,2007,4.24051
mhl,2008,4.03748
mhl,2009,3.81475
mhl,2010,3.41116
mhl,2011,3.17526
mhl,2012,2.94925
mhl,2013,2.68565
mhl,2014,2.55108
mhl,2015,2.25703
mhl,2016,2.1634
mhl,2017,2.03307
mhl,2018,1.82266
mhl,2019,1.75493
mhl,2020,1.7781
mhl,2021,1.97123
mhl,2022,1.52868
mhl,2023,1.27082
mkd,1985,6.42245
mkd,1986,6.01171
mkd,1987,6.0658
mkd,1988,6.17621
mkd,1989,5.46993
mkd,1990,5.97453
mkd,1991,5.62254
mkd,1992,5.24719
mkd,1993,4.99287
mkd,1994,4.75789
mkd,1995,4.47424
mkd,1996,4.60997
mkd,1997,4.04472
mkd,1998,4.04571
mkd,1999,3.33747
mkd,2000,3.31325
mkd,2001,2.56967
mkd,2002,2.82222
mkd,2003,2.26953
mkd,2004,2.01208
mkd,2005,1.72901
mkd,2006,1.74062
mkd,2007,1.68012
mkd,2008,1.40154
mkd,2009,1.4291
mkd,2010,1.38251
mkd,2011,1.15215
mkd,2012,1.26799
mkd,2013,1.11315
mkd,2014,1.04628
mkd,2015,0.93173
mkd,2016,0.94003
mkd,2017,0.81009
mkd,2018,0.7598
mkd,2019,0.66668
mkd,2020,1.42507
mkd,2021,2.28598
mkd,2022,0.46881
mkd,2023,0.46552
mli,1985,4972.91438
mli,1986,4927.01209
mli,1987,4795.49692
mli,1988,4804.48527
mli,1989,4746.81885
mli,1990,4695.77627
mli,1991,4695.3469
mli,1992,4588.07717
mli,1993,4496.52639
mli,1994,4337.74253
mli,1995,4184.46877
mli,1996,4172.96025
mli,1997,4025.99393
mli,1998,3957.73292
mli,1999,3954.84658
mli,2000,4034.86532
mli,2001,3894.76807
mli,2002,3777.2669
mli,2003,3714.7835
mli,2004,3703.80342
mli,2005,3743.1463
mli,2006,3780.37918
mli,2007,3936.2785
mli,2008,4037.89566
mli,2009,4102.10655
mli,2010,4170.9132
mli,2011,4234.82234
mli,2012,4308.5862
mli,2013,4168.81259
mli,2014,4108.21227
mli,2015,4049.50914
mli,2016,3975.05678
mli,2017,3899.52418
mli,2018,3780.44341
mli,2019,3605.24826
mli,2020,3599.34089
mli,2021,3778.28621
mli,2022,3547.04462
mli,2023,3494.95692
mlt,1985,1.18342
mlt,1986,1.06475
mlt,1987,1.06205
mlt,1988,0.9921
mlt,1989,1.00449
mlt,1990,0.97357
mlt,1991,0.90657
mlt,1992,0.92543
mlt,1993,0.85412
mlt,1994,0.76832
mlt,1995,0.7037
mlt,1996,0.8175
mlt,1997,0.76978
mlt,1998,0.67152
mlt,1999,0.71073
mlt,2000,0.56793
mlt,2001,0.49403
mlt,2002,0.527
mlt,2003,0.54198
mlt,2004,0.43648
mlt,2005,0.43463
mlt,2006,0.4768
mlt,2007,0.40362
mlt,2008,0.40836
mlt,2009,0.43967
mlt,2010,0.34706
mlt,2011,0.44825
mlt,2012,0.39375
mlt,2013,0.30283
mlt,2014,0.33587
mlt,2015,0.29814
mlt,2016,0.41803
mlt,2017,0.30951
mlt,2018,0.38307
mlt,2019,0.3596
mlt,2020,0.4382
mlt,2021,0.42965
mlt,2022,0.42058
mlt,2023,0.3536
mmr,1985,7765.22209
mmr,1986,7340.41914
mmr,1987,6933.3028
mmr,1988,6628.76282
mmr,1989,6526.63197
mmr,1990,6350.43692
mmr,1991,6166.12849
mmr,1992,5890.25764
mmr,1993,5660.46845
mmr,1994,5366.9344
mmr,1995,5064.36661
mmr,1996,4719.30502
mmr,1997,4414.99809
mmr,1998,4193.2167
mmr,1999,4063.0067
mmr,2000,3933.45466
mmr,2001,3815.27129
mmr,2002,3667.45729
mmr,2003,3478.86866
mmr,2004,3279.72277
mmr,2005,3098.70207
mmr,2006,2960.92977
mmr,2007,2847.82738
mmr,2008,2764.9521
mmr,2009,2570.92849
mmr,2010,2459.74679
mmr,2011,2344.39556
mmr,2012,2277.65691
mmr,2013,2224.43321
mmr,2014,2139.32607
mmr,2015,2106.2074
mmr,2016,2057.30545
mmr,2017,1989.88665
mmr,2018,1896.4101
mmr,2019,1823.72419
mmr,2020,1834.28709
mmr,2021,2124.21138
mmr,2022,1753.58804
mmr,2023,1668.77306
mne,1985,1.21394
mne,1986,1.1305
mne,1987,1.08967
mne,1988,1.05839
mne,1989,0.99307
mne,1990,1.00188
mne,1991,1.05286
mne,1992,1.07676
mne,1993,1.04042
mne,1994,1.06303
mne,1995,1.09259
mne,1996,1.10112
mne,1997,1.08748
mne,1998,1.06554
mne,1999,1.05993
mne,2000,1.03782
mne,2001,0.97048
mne,2002,0.88971
mne,2003,0.87338
mne,2004,0.77826
mne,2005,0.69092
mne,2006,0.6728
mne,2007,0.69106
mne,2008,0.69174
mne,2009,0.69754
mne,2010,0.59607
mne,2011,0.55662
mne,2012,0.55342
mne,2013,0.56224
mne,2014,0.5376
mne,2015,0.53853
mne,2016,0.46722
mne,2017,0.55576
mne,2018,0.4908
mne,2019,0.46014
mne,2020,1.04854
mne,2021,1.02997
mne,2022,0.91796
mne,2023,0.40719
mng,1985,260.27437
mng,1986,257.29835
mng,1987,256.66278
mng,1988,253.38748
mng,1989,232.81088
mng,1990,203.98407
mng,1991,159.77179
mng,1992,128.12437
mng,1993,106.43451
mng,1994,100.56675
mng,1995,98.8365
mng,1996,98.16471
mng,1997,95.41053
mng,1998,89.8284
mng,1999,82.96554
mng,2000,73.46855
mng,2001,65.14993
mng,2002,58.16381
mng,2003,53.57519
mng,2004,50.44586
mng,2005,47.19155
mng,2006,46.41827
mng,2007,46.40906
mng,2008,48.56428
mng,2009,49.3583
mng,2010,45.8201
mng,2011,44.94796
mng,2012,44.81199
mng,2013,45.29151
mng,2014,44.0047
mng,2015,40.84895
mng,2016,37.13117
mng,2017,34.02602
mng,2018,33.40523
mng,2019,34.11537
mng,2020,34.42544
mng,2021,44.45281
mng,2022,27.72062
mng,2023,26.34207
moz,1985,8799.05806
moz,1986,8320.60683
moz,1987,8351.11857
moz,1988,7673.98844
moz,1989,7362.66278
moz,1990,7046.16611
moz,1991,6730.83296
moz,1992,6487.46019
moz,1993,6026.83306
moz,1994,5796.2908
moz,1995,6137.27393
moz,1996,5872.15347
moz,1997,5395.79759
moz,1998,5141.78749
moz,1999,4696.31093
moz,2000,4151.5255
moz,2001,3596.44796
moz,2002,3020.78936
moz,2003,2751.75419
moz,2004,2479.95983
moz,2005,2345.24008
moz,2006,2343.1461
moz,2007,2607.11461
moz,2008,3029.24731
moz,2009,3004.54484
moz,2010,2668.66754
moz,2011,2375.15909
moz,2012,1953.75994
moz,2013,1768.68779
moz,2014,1890.42879
moz,2015,1958.08551
moz,2016,1861.31566
moz,2017,1744.55195
moz,2018,1516.65095
moz,2019,1302.18721
moz,2020,1314.62185
moz,2021,1955.36015
moz,2022,1150.78403
moz,2023,1036.64901
mrt,1985,726.27263
mrt,1986,711.15557
mrt,1987,690.55328
mrt,1988,684.33195
mrt,1989,702.34804
mrt,1990,693.46238
mrt,1991,701.1508
mrt,1992,689.29042
mrt,1993,736.64684
mrt,1994,758.83227
mrt,1995,782.69287
mrt,1996,780.18143
mrt,1997,714.32217
mrt,1998,666.74075
mrt,1999,647.73763
mrt,2000,638.22302
mrt,2001,627.18717
mrt,2002,611.31885
mrt,2003,606.97045
mrt,2004,611.7738
mrt,2005,605.10426
mrt,2006,608.46723
mrt,2007,623.62255
mrt,2008,629.29873
mrt,2009,640.14003
mrt,2010,659.1849
mrt,2011,673.23302
mrt,2012,695.66872
mrt,2013,713.12364
mrt,2014,709.62806
mrt,2015,702.92086
mrt,2016,696.94055
mrt,2017,701.79455
mrt,2018,694.45265
mrt,2019,685.28478
mrt,2020,678.74098
mrt,2021,711.76214
mrt,2022,654.30373
mrt,2023,658.78536
mus,1985,21.56761
mus,1986,19.8932
mus,1987,19.94251
mus,1988,19.01448
mus,1989,18.35946
mus,1990,17.52907
mus,1991,16.92457
mus,1992,16.99212
mus,1993,16.0583
mus,1994,14.0977
mus,1995,11.81468
mus,1996,10.93046
mus,1997,10.06506
mus,1998,9.25217
mus,1999,9.48978
mus,2000,8.73497
mus,2001,8.14028
mus,2002,8.20634
mus,2003,7.98498
mus,2004,8.09722
mus,2005,7.97285
mus,2006,7.72411
mus,2007,7.69135
mus,2008,7.66082
mus,2009,7.82103
mus,2010,7.85178
mus,2011,8.14143
mus,2012,8.05578
mus,2013,8.17948
mus,2014,8.16165
mus,2015,7.95546
mus,2016,8.23517
mus,2017,8.95112
mus,2018,8.8007
mus,2019,8.73985
mus,2020,7.74294
mus,2021,10.36212
mus,2022,7.34636
mus,2023,7.77901
mwi,1985,4280.153
mwi,1986,4402.67472
mwi,1987,4525.93092
mwi,1988,4925.18461
mwi,1989,5049.82719
mwi,1990,5142.5487
mwi,1991,5143.85705
mwi,1992,5075.87447
mwi,1993,4979.07941
mwi,1994,4490.00552
mwi,1995,3717.57225
mwi,1996,3412.56882
mwi,1997,3266.42997
mwi,1998,3254.7915
mwi,1999,2887.74443
mwi,2000,2553.87784
mwi,2001,2288.23901
mwi,2002,2109.81527
mwi,2003,1848.98449
mwi,2004,1668.99548
mwi,2005,1601.52257
mwi,2006,1650.59348
mwi,2007,1956.62574
mwi,2008,2555.48938
mwi,2009,3075.05403
mwi,2010,3118.67055
mwi,2011,2944.89149
mwi,2012,2706.80699
mwi,2013,2500.3915
mwi,2014,2228.49754
mwi,2015,2133.79112
mwi,2016,1873.85557
mwi,2017,1724.76281
mwi,2018,1646.25213
mwi,2019,1624.73251
mwi,2020,1629.87624
mwi,2021,1836.56391
mwi,2022,1559.94486
mwi,2023,1489.82011
mys,1985,287.61818
mys,1986,273.50935
mys,1987,258.19694
mys,1988,254.21448
mys,1989,238.33693
mys,1990,238.45887
mys,1991,239.66941
mys,1992,240.41636
mys,1993,237.79558
mys,1994,231.85434
mys,1995,229.3584
mys,1996,228.24988
mys,1997,219.14033
mys,1998,208.65959
mys,1999,205.26245
mys,2000,193.46169
mys,2001,180.53245
mys,2002,166.70659
mys,2003,161.91812
mys,2004,153.81348
mys,2005,145.34794
mys,2006,139.75497
mys,2007,137.47734
mys,2008,140.98257
mys,2009,142.21641
mys,2010,140.18966
mys,2011,144.57025
mys,2012,144.98944
mys,2013,146.72687
mys,2014,152.06699
mys,2015,152.1518
mys,2016,148.54104
mys,2017,145.40626
mys,2018,141.00126
mys,2019,135.54261
mys,2020,130.16198
mys,2021,221.3944
mys,2022,161.65074
mys,2023,115.01349
nam,1985,148.82875
nam,1986,150.72503
nam,1987,151.25579
nam,1988,160.26552
nam,1989,150.76136
nam,1990,182.51156
nam,1991,192.83506
nam,1992,198.4836
nam,1993,202.19892
nam,1994,207.06304
nam,1995,203.74213
nam,1996,209.72149
nam,1997,212.20198
nam,1998,225.78602
nam,1999,215.16336
nam,2000,220.50395
nam,2001,212.86314
nam,2002,175.47827
nam,2003,161.37299
nam,2004,158.59047
nam,2005,198.20344
nam,2006,241.36272
nam,2007,295.75985
nam,2008,332.78419
nam,2009,348.135
nam,2010,347.45081
nam,2011,332.63083
nam,2012,302.34633
nam,2013,282.00202
nam,2014,264.55545
nam,2015,223.22933
nam,2016,184.55011
nam,2017,158.41757
nam,2018,148.29488
nam,2019,131.60387
nam,2020,108.37416
nam,2021,193.09023
nam,2022,96.57206
nam,2023,106.52328
ner,1985,4563.7918
ner,1986,4556.86838
ner,1987,4541.77749
ner,1988,4495.41003
ner,1989,4477.85604
ner,1990,4488.66144
ner,1991,4482.99295
ner,1992,4450.05206
ner,1993,4462.84263
ner,1994,4491.34222
ner,1995,4546.04454
ner,1996,4637.6878
ner,1997,4718.4156
ner,1998,4866.15581
ner,1999,5025.17646
ner,2000,5191.07944
ner,2001,5329.66987
ner,2002,5419.34547
ner,2003,5427.4264
ner,2004,5425.57935
ner,2005,5402.1046
ner,2006,5359.97928
ner,2007,5275.25258
ner,2008,5153.24796
ner,2009,5140.91683
ner,2010,5074.4568
ner,2011,4905.15179
ner,2012,4764.11293
ner,2013,4652.03992
ner,2014,4509.69052
ner,2015,4392.64294
ner,2016,4273.45757
ner,2017,4180.91594
ner,2018,4114.51206
ner,2019,4036.81934
ner,2020,3919.95085
ner,2021,4071.72934
ner,2022,3832.38238
ner,2023,3838.56265
nga,1985,52354.57483
nga,1986,53872.49097
nga,1987,54278.19826
nga,1988,54805.30091
nga,1989,55229.23049
nga,1990,55571.03187
nga,1991,56655.35742
nga,1992,56382.06417
nga,1993,55643.06281
nga,1994,56644.04829
nga,1995,57925.76808
nga,1996,59125.35322
nga,1997,60136.09453
nga,1998,61585.77159
nga,1999,62297.43147
nga,2000,62997.63574
nga,2001,64461.55261
nga,2002,65312.65474
nga,2003,65392.06699
nga,2004,65930.76911
nga,2005,66656.06865
nga,2006,68692.99156
nga,2007,69912.3495
nga,2008,72947.51962
nga,2009,74932.96382
nga,2010,76803.80501
nga,2011,79358.66891
nga,2012,81441.2002
nga,2013,83909.47721
nga,2014,85684.00918
nga,2015,86725.16545
nga,2016,85280.4826
nga,2017,83899.46145
nga,2018,81800.90204
nga,2019,79269.96984
nga,2020,76854.72513
nga,2021,76691.32271
nga,2022,75278.18178
nga,2023,74559.07091
nic,1985,479.68578
nic,1986,472.83804
nic,1987,480.38245
nic,1988,459.80282
nic,1989,436.24953
nic,1990,429.36721
nic,1991,416.88396
nic,1992,413.09007
nic,1993,399.49218
nic,1994,382.9555
nic,1995,371.89232
nic,1996,357.64537
nic,1997,341.38359
nic,1998,341.51279
nic,1999,321.68134
nic,2000,298.75653
nic,2001,267.01433
nic,2002,230.29053
nic,2003,208.04081
nic,2004,189.58369
nic,2005,170.0734
nic,2006,155.68266
nic,2007,146.81572
nic,2008,140.67977
nic,2009,138.4572
nic,2010,134.73578
nic,2011,128.97276
nic,2012,122.77511
nic,2013,119.07431
nic,2014,114.44937
nic,2015,111.3699
nic,2016,105.55921
nic,2017,99.02491
nic,2018,90.70182
nic,2019,93.76282
nic,2020,116.52907
nic,2021,164.61405
nic,2022,81.03549
nic,2023,79.78903
nld,1985,21.0588
nld,1986,23.173
nld,1987,23.11352
nld,1988,22.68252
nld,1989,23.83664
nld,1990,23.75446
nld,1991,24.51466
nld,1992,24.00536
nld,1993,24.20256
nld,1994,24.18432
nld,1995,23.93269
nld,1996,24.0023
nld,1997,24.77266
nld,1998,24.93051
nld,1999,26.96595
nld,2000,27.77173
nld,2001,25.82933
nld,2002,25.85796
nld,2003,24.20763
nld,2004,21.47064
nld,2005,19.36162
nld,2006,16.81547
nld,2007,14.96776
nld,2008,14.39004
nld,2009,13.34828
nld,2010,11.93423
nld,2011,11.93646
nld,2012,10.75448
nld,2013,9.73148
nld,2014,9.65676
nld,2015,8.84244
nld,2016,9.15478
nld,2017,8.5969
nld,2018,8.16078
nld,2019,8.2478
nld,2020,6.52908
nld,2021,8.97113
nld,2022,7.60612
nld,2023,7.22183
nor,1985,4.63964
nor,1986,4.61658
nor,1987,4.71813
nor,1988,5.37299
nor,1989,5.24856
nor,1990,5.43696
nor,1991,5.03685
nor,1992,4.55186
nor,1993,4.16304
nor,1994,3.97118
nor,1995,3.72949
nor,1996,3.54826
nor,1997,3.25574
nor,1998,3.15304
nor,1999,3.20215
nor,2000,3.20721
nor,2001,3.08418
nor,2002,2.8231
nor,2003,3.04866
nor,2004,3.2212
nor,2005,3.17828
nor,2006,3.08941
nor,2007,2.90931
nor,2008,2.81632
nor,2009,2.73589
nor,2010,2.50996
nor,2011,2.23644
nor,2012,1.83482
nor,2013,1.68133
nor,2014,1.40578
nor,2015,1.30811
nor,2016,1.20449
nor,2017,1.04209
nor,2018,0.91785
nor,2019,0.86153
nor,2020,1.14568
nor,2021,0.92786
nor,2022,1.38736
nor,2023,0.67443
npl,1985,8173.79053
npl,1986,7983.15067
npl,1987,7720.43808
npl,1988,7479.81008
npl,1989,7112.66264
npl,1990,6847.23069
npl,1991,6436.24907
npl,1992,5932.80682
npl,1993,5613.33555
npl,1994,5315.58144
npl,1995,5121.58716
npl,1996,4688.62935
npl,1997,4308.73991
npl,1998,4041.86052
npl,1999,3925.15019
npl,2000,3644.50062
npl,2001,3291.80601
npl,2002,3002.66773
npl,2003,2760.05534
npl,2004,2544.89142
npl,2005,2341.17446
npl,2006,2106.80143
npl,2007,2013.9772
npl,2008,1932.23874
npl,2009,1885.84602
npl,2010,1856.9468
npl,2011,1777.58782
npl,2012,1698.008
npl,2013,1601.20005
npl,2014,1515.87626
npl,2015,1451.662
npl,2016,1309.71876
npl,2017,1191.37083
npl,2018,1084.83256
npl,2019,997.6602
npl,2020,890.99329
npl,2021,1002.12233
npl,2022,809.66094
npl,2023,815.532
nru,1985,0.52103
nru,1986,0.5833
nru,1987,0.58865
nru,1988,0.5908
nru,1989,0.59199
nru,1990,0.59608
nru,1991,0.67274
nru,1992,0.69003
nru,1993,0.68812
nru,1994,0.67597
nru,1995,0.66433
nru,1996,0.65071
nru,1997,0.64414
nru,1998,0.75242
nru,1999,0.80834
nru,2000,0.79884
nru,2001,0.8452
nru,2002,0.89861
nru,2003,0.90431
nru,2004,0.91804
nru,2005,0.93707
nru,2006,0.88665
nru,2007,0.92314
nru,2008,0.97411
nru,2009,1.02921
nru,2010,1.07711
nru,2011,0.96708
nru,2012,0.94477
nru,2013,0.91966
nru,2014,0.89408
nru,2015,0.94853
nru,2016,0.92902
nru,2017,0.94691
nru,2018,0.9464
nru,2019,0.91427
nru,2020,1.03214
nru,2021,0.86338
nru,2022,0.9963
nru,2023,0.82833
nzl,1985,10.06822
nzl,1986,9.40103
nzl,1987,10.48186
nzl,1988,10.68069
nzl,1989,10.32907
nzl,1990,10.48393
nzl,1991,9.72136
nzl,1992,8.69385
nzl,1993,8.22432
nzl,1994,7.41653
nzl,1995,8.02597
nzl,1996,7.74086
nzl,1997,7.28287
nzl,1998,6.54719
nzl,1999,6.70276
nzl,2000,6.04291
nzl,2001,5.75824
nzl,2002,5.67969
nzl,2003,6.00696
nzl,2004,6.10517
nzl,2005,6.0647
nzl,2006,5.97872
nzl,2007,6.61433
nzl,2008,6.29098
nzl,2009,6.26908
nzl,2010,6.29292
nzl,2011,6.17396
nzl,2012,5.64165
nzl,2013,4.84695
nzl,2014,4.22709
nzl,2015,4.81992
nzl,2016,4.48977
nzl,2017,4.42262
nzl,2018,4.2949
nzl,2019,4.43128
nzl,2020,4.35656
nzl,2021,4.46361
nzl,2022,13.33337
nzl,2023,4.16205
omn,1985,27.81619
omn,1986,25.56329
omn,1987,23.68105
omn,1988,22.08311
omn,1989,20.55917
omn,1990,18.97841
omn,1991,17.53437
omn,1992,16.34792
omn,1993,15.16066
omn,1994,14.11612
omn,1995,13.12566
omn,1996,12.39048
omn,1997,11.67826
omn,1998,11.0389
omn,1999,10.49978
omn,2000,10.09087
omn,2001,9.82994
omn,2002,9.7359
omn,2003,9.73506
omn,2004,9.44113
omn,2005,9.27217
omn,2006,9.07564
omn,2007,9.36125
omn,2008,9.50083
omn,2009,10.24472
omn,2010,10.93626
omn,2011,10.50665
omn,2012,11.40113
omn,2013,12.23139
omn,2014,12.54648
omn,2015,12.81876
omn,2016,13.06996
omn,2017,13.12487
omn,2018,12.50234
omn,2019,12.08312
omn,2020,27.38957
omn,2021,61.0347
omn,2022,10.22457
omn,2023,10.67143
pak,1985,18765.92671
pak,1986,19569.74741
pak,1987,20422.9394
pak,1988,20973.23175
pak,1989,21393.09853
pak,1990,21601.71095
pak,1991,22561.15064
pak,1992,23820.30003
pak,1993,24725.4161
pak,1994,25331.31458
pak,1995,25854.63802
pak,1996,25975.18806
pak,1997,25825.51681
pak,1998,24950.10177
pak,1999,24554.5137
pak,2000,23725.09164
pak,2001,22753.51466
pak,2002,21646.64118
pak,2003,20539.57488
pak,2004,18932.21453
pak,2005,18149.43606
pak,2006,16950.0067
pak,2007,16292.66263
pak,2008,16153.22479
pak,2009,16073.45109
pak,2010,16039.27999
pak,2011,15728.632
pak,2012,15311.94734
pak,2013,14781.34778
pak,2014,14122.91924
pak,2015,13494.91732
pak,2016,12730.14912
pak,2017,12208.57248
pak,2018,11882.01261
pak,2019,11602.61982
pak,2020,11968.74933
pak,2021,13111.80197
pak,2022,10974.96807
pak,2023,10669.44307
pan,1985,60.89113
pan,1986,60.30346
pan,1987,59.67936
pan,1988,60.2617
pan,1989,62.95851
pan,1990,58.39733
pan,1991,57.27282
pan,1992,56.22478
pan,1993,53.92303
pan,1994,52.67924
pan,1995,51.99232
pan,1996,50.19854
pan,1997,48.59465
pan,1998,47.2315
pan,1999,45.92058
pan,2000,45.354
pan,2001,43.883
pan,2002,42.60301
pan,2003,42.19068
pan,2004,42.09609
pan,2005,41.57593
pan,2006,41.37824
pan,2007,41.12206
pan,2008,41.34507
pan,2009,41.74474
pan,2010,42.30666
pan,2011,42.4451
pan,2012,41.68762
pan,2013,40.5015
pan,2014,38.43152
pan,2015,37.77476
pan,2016,36.57623
pan,2017,36.45156
pan,2018,33.51682
pan,2019,30.3054
pan,2020,53.24584
pan,2021,42.21101
pan,2022,28.72618
pan,2023,26.44806
per,1985,1326.31397
per,1986,1299.82195
per,1987,1300.70589
per,1988,1295.70346
per,1989,1301.73659
per,1990,1311.89168
per,1991,1375.42354
per,1992,1326.92134
per,1993,1295.57409
per,1994,1252.65302
per,1995,1184.7756
per,1996,1083.42735
per,1997,982.47157
per,1998,890.14533
per,1999,791.32449
per,2000,731.25052
per,2001,679.24111
per,2002,651.93904
per,2003,641.64528
per,2004,665.20834
per,2005,639.53814
per,2006,610.95241
per,2007,576.50808
per,2008,544.74049
per,2009,527.67061
per,2010,496.97712
per,2011,481.58789
per,2012,447.13581
per,2013,421.03323
per,2014,403.56799
per,2015,390.67321
per,2016,372.80267
per,2017,360.29351
per,2018,357.33926
per,2019,329.20428
per,2020,409.31915
per,2021,769.0798
per,2022,436.48314
per,2023,277.61149
phl,1985,4139.58389
phl,1986,4077.2799
phl,1987,3993.05022
phl,1988,3904.69238
phl,1989,3794.47443
phl,1990,3761.22693
phl,1991,3784.26397
phl,1992,3482.22237
phl,1993,3408.48756
phl,1994,3361.06043
phl,1995,3329.84406
phl,1996,3192.13362
phl,1997,3132.73718
phl,1998,3087.83658
phl,1999,3021.02276
phl,2000,2955.7741
phl,2001,3122.54335
phl,2002,2993.75541
phl,2003,3021.66445
phl,2004,2900.709
phl,2005,2814.08322
phl,2006,3156.35162
phl,2007,3032.39123
phl,2008,3082.84949
phl,2009,3110.2522
phl,2010,3005.056
phl,2011,2945.42104
phl,2012,2789.97851
phl,2013,2750.84654
phl,2014,2563.75311
phl,2015,2500.01222
phl,2016,2275.1103
phl,2017,1909.92391
phl,2018,1964.52342
phl,2019,1844.40373
phl,2020,1687.08308
phl,2021,2781.43385
phl,2022,1688.9468
phl,2023,1541.44878
plw,1985,0.29206
plw,1986,0.28407
plw,1987,0.27657
plw,1988,0.31025
plw,1989,0.30981
plw,1990,0.337
plw,1991,0.3538
plw,1992,0.3908
plw,1993,0.39528
plw,1994,0.4206
plw,1995,0.39586
plw,1996,0.41691
plw,1997,0.39595
plw,1998,0.35154
plw,1999,0.32757
plw,2000,0.32733
plw,2001,0.33087
plw,2002,0.33104
plw,2003,0.3042
plw,2004,0.2959
plw,2005,0.29032
plw,2006,0.28364
plw,2007,0.25971
plw,2008,0.25726
plw,2009,0.23893
plw,2010,0.24003
plw,2011,0.20556
plw,2012,0.20849
plw,2013,0.21005
plw,2014,0.18464
plw,2015,0.17637
plw,2016,0.1813
plw,2017,0.17869
plw,2018,0.17445
plw,2019,0.17705
plw,2020,0.24219
plw,2021,0.22048
plw,2022,0.23768
plw,2023,0.17257
png,1985,515.53737
png,1986,514.61033
png,1987,514.49084
png,1988,521.20886
png,1989,518.56847
png,1990,514.80412
png,1991,513.09822
png,1992,506.64911
png,1993,512.82516
png,1994,512.16462
png,1995,517.35062
png,1996,530.7305
png,1997,549.83351
png,1998,583.98123
png,1999,594.40547
png,2000,616.15368
png,2001,636.80228
png,2002,662.82359
png,2003,677.18023
png,2004,685.86448
png,2005,699.83341
png,2006,708.92831
png,2007,724.51907
png,2008,712.75264
png,2009,694.43591
png,2010,677.09992
png,2011,644.91264
png,2012,618.44162
png,2013,592.74988
png,2014,570.85561
png,2015,547.48818
png,2016,533.84403
png,2017,519.72224
png,2018,518.44302
png,2019,506.23213
png,2020,497.00619
png,2021,571.07546
png,2022,484.71443
png,2023,481.68065
pol,1985,130.92889
pol,1986,120.27047
pol,1987,111.29171
pol,1988,107.52933
pol,1989,101.41731
pol,1990,99.15113
pol,1991,95.92119
pol,1992,84.72829
pol,1993,73.87961
pol,1994,65.03052
pol,1995,53.30154
pol,1996,47.18364
pol,1997,40.34022
pol,1998,34.50621
pol,1999,29.74634
pol,2000,26.34992
pol,2001,22.43329
pol,2002,18.93932
pol,2003,17.02636
pol,2004,15.89114
pol,2005,14.99486
pol,2006,14.23934
pol,2007,13.56274
pol,2008,13.22804
pol,2009,11.91203
pol,2010,11.02435
pol,2011,9.33038
pol,2012,8.57847
pol,2013,7.74864
pol,2014,7.48584
pol,2015,7.17241
pol,2016,7.31033
pol,2017,7.65203
pol,2018,7.17316
pol,2019,6.87906
pol,2020,10.60669
pol,2021,8.2155
pol,2022,5.16607
pol,2023,4.98212
pri,1985,20.32951
pri,1986,19.22885
pri,1987,18.65453
pri,1988,19.2852
pri,1989,22.48147
pri,1990,21.01635
pri,1991,17.05927
pri,1992,17.1441
pri,1993,16.76794
pri,1994,16.14079
pri,1995,15.63234
pri,1996,15.3878
pri,1997,14.82231
pri,1998,13.74012
pri,1999,13.10144
pri,2000,12.9739
pri,2001,11.67979
pri,2002,10.32383
pri,2003,9.99306
pri,2004,10.22827
pri,2005,10.27808
pri,2006,9.21435
pri,2007,8.63203
pri,2008,7.84482
pri,2009,7.38921
pri,2010,7.41189
pri,2011,7.07901
pri,2012,6.55669
pri,2013,5.75302
pri,2014,5.51823
pri,2015,4.79955
pri,2016,4.43273
pri,2017,4.1568
pri,2018,2.83169
pri,2019,2.54462
pri,2020,1.97155
pri,2021,9.38434
pri,2022,10.30263
pri,2023,2.07833
prk,1985,301.85326
prk,1986,278.22556
prk,1987,252.6281
prk,1988,226.97817
prk,1989,204.32511
prk,1990,186.91523
prk,1991,168.72187
prk,1992,164.66597
prk,1993,205.33661
prk,1994,259.34071
prk,1995,587.28457
prk,1996,587.15924
prk,1997,575.85601
prk,1998,567.43987
prk,1999,554.93191
prk,2000,534.32739
prk,2001,521.56469
prk,2002,504.86377
prk,2003,280.92726
prk,2004,274.22411
prk,2005,264.93254
prk,2006,274.34079
prk,2007,274.4189
prk,2008,273.91049
prk,2009,260.88142
prk,2010,256.24584
prk,2011,254.31778
prk,2012,253.94969
prk,2013,252.66983
prk,2014,249.06665
prk,2015,246.66722
prk,2016,246.62732
prk,2017,243.77539
prk,2018,240.20664
prk,2019,231.96641
prk,2020,231.92492
prk,2021,249.5963
prk,2022,230.95449
prk,2023,228.8304
prt,1985,26.29802
prt,1986,23.5211
prt,1987,23.69495
prt,1988,22.02067
prt,1989,21.28853
prt,1990,20.37574
prt,1991,19.45816
prt,1992,18.0613
prt,1993,17.19898
prt,1994,14.4289
prt,1995,13.23016
prt,1996,13.21543
prt,1997,13.368
prt,1998,12.08153
prt,1999,11.47533
prt,2000,11.18433
prt,2001,10.36938
prt,2002,9.91879
prt,2003,9.47718
prt,2004,8.78126
prt,2005,9.03444
prt,2006,8.33619
prt,2007,8.68737
prt,2008,9.16479
prt,2009,9.39614
prt,2010,10.08015
prt,2011,9.19981
prt,2012,8.96333
prt,2013,8.51343
prt,2014,8.84059
prt,2015,9.33589
prt,2016,10.50848
prt,2017,11.53562
prt,2018,12.04461
prt,2019,12.48995
prt,2020,11.36653
prt,2021,14.6137
prt,2022,13.65519
prt,2023,12.94941
pry,1985,305.92595
pry,1986,304.02929
pry,1987,301.55383
pry,1988,300.37684
pry,1989,288.40854
pry,1990,275.34556
pry,1991,269.2898
pry,1992,275.84226
pry,1993,279.01616
pry,1994,284.89565
pry,1995,287.7343
pry,1996,288.32414
pry,1997,290.61261
pry,1998,291.26567
pry,1999,288.77881
pry,2000,283.5447
pry,2001,278.28391
pry,2002,271.48843
pry,2003,263.9498
pry,2004,258.13706
pry,2005,250.7397
pry,2006,239.21719
pry,2007,226.37769
pry,2008,213.99266
pry,2009,197.56308
pry,2010,175.9105
pry,2011,157.24903
pry,2012,132.64632
pry,2013,112.41515
pry,2014,96.72643
pry,2015,88.88931
pry,2016,83.79095
pry,2017,82.0673
pry,2018,80.96775
pry,2019,80.3493
pry,2020,95.36631
pry,2021,193.50008
pry,2022,106.94531
pry,2023,79.70257
pse,1985,81.93516
pse,1986,78.93652
pse,1987,74.06494
pse,1988,76.65458
pse,1989,76.91296
pse,1990,76.23752
pse,1991,76.64524
pse,1992,76.51545
pse,1993,74.52295
pse,1994,72.4115
pse,1995,71.46101
pse,1996,69.63528
pse,1997,68.67032
pse,1998,69.49956
pse,1999,69.39337
pse,2000,71.48753
pse,2001,74.25307
pse,2002,71.90302
pse,2003,70.07287
pse,2004,69.27047
pse,2005,65.58377
pse,2006,64.63146
pse,2007,62.56411
pse,2008,64.06779
pse,2009,63.86203
pse,2010,58.3307
pse,2011,54.30203
pse,2012,50.04172
pse,2013,45.00802
pse,2014,42.6589
pse,2015,38.19636
pse,2016,34.29525
pse,2017,30.93921
pse,2018,28.62473
pse,2019,26.06123
pse,2020,28.58158
pse,2021,41.72758
pse,2022,24.30054
pse,2023,23.58713
qat,1985,1.57184
qat,1986,1.46711
qat,1987,1.48662
qat,1988,1.5107
qat,1989,1.47543
qat,1990,1.39542
qat,1991,1.36191
qat,1992,1.36956
qat,1993,1.36377
qat,1994,1.32253
qat,1995,1.34742
qat,1996,1.30037
qat,1997,1.24919
qat,1998,1.25174
qat,1999,1.21811
qat,2000,1.2802
qat,2001,1.38601
qat,2002,1.38143
qat,2003,1.3702
qat,2004,1.34837
qat,2005,1.36118
qat,2006,1.14445
qat,2007,1.17705
qat,2008,1.3989
qat,2009,1.39901
qat,2010,1.46158
qat,2011,1.47713
qat,2012,1.47095
qat,2013,1.4925
qat,2014,1.51191
qat,2015,1.46959
qat,2016,1.39826
qat,2017,1.37766
qat,2018,1.31739
qat,2019,1.26741
qat,2020,1.7751
qat,2021,1.90689
qat,2022,2.34227
qat,2023,1.1575
rou,1985,639.55251
rou,1986,661.29708
rou,1987,650.98269
rou,1988,597.20412
rou,1989,521.77838
rou,1990,372.26137
rou,1991,292.98427
rou,1992,256.17046
rou,1993,225.11132
rou,1994,203.36066
rou,1995,181.91945
rou,1996,167.87842
rou,1997,155.79007
rou,1998,136.21446
rou,1999,118.01656
rou,2000,103.21754
rou,2001,89.83127
rou,2002,82.8728
rou,2003,77.99357
rou,2004,72.35
rou,2005,68.59473
rou,2006,61.20379
rou,2007,56.70283
rou,2008,59.8273
rou,2009,59.44968
rou,2010,51.81072
rou,2011,40.78307
rou,2012,38.71496
rou,2013,33.80136
rou,2014,35.7978
rou,2015,36.10024
rou,2016,35.82803
rou,2017,35.56705
rou,2018,31.84917
rou,2019,27.62796
rou,2020,30.53039
rou,2021,36.8635
rou,2022,23.52106
rou,2023,21.44781
rus,1985,1985.208
rus,1986,1755.6134
rus,1987,1660.90639
rus,1988,1502.31064
rus,1989,1346.75194
rus,1990,1183.57667
rus,1991,1052.92297
rus,1992,1012.72712
rus,1993,1078.39269
rus,1994,1213.20979
rus,1995,1133.75619
rus,1996,922.15289
rus,1997,761.08603
rus,1998,688.14476
rus,1999,665.37399
rus,2000,646.67715
rus,2001,634.13817
rus,2002,653.77134
rus,2003,666.17049
rus,2004,619.84365
rus,2005,560.61834
rus,2006,477.86323
rus,2007,468.44592
rus,2008,462.00135
rus,2009,423.57475
rus,2010,416.46877
rus,2011,355.77008
rus,2012,341.51654
rus,2013,315.29258
rus,2014,306.22618
rus,2015,286.2298
rus,2016,259.39355
rus,2017,207.74777
rus,2018,193.99077
rus,2019,175.78358
rus,2020,273.94464
rus,2021,292.44873
rus,2022,173.58859
rus,2023,121.97393
rwa,1985,3541.27715
rwa,1986,3606.14084
rwa,1987,3695.74418
rwa,1988,3854.24957
rwa,1989,4028.57896
rwa,1990,4255.01849
rwa,1991,4463.53151
rwa,1992,4965.75865
rwa,1993,5368.34929
rwa,1994,18668.33514
rwa,1995,3375.1344
rwa,1996,3233.34003
rwa,1997,4142.01111
rwa,1998,4319.17735
rwa,1999,3683.48265
rwa,2000,3062.06349
rwa,2001,2683.945
rwa,2002,2377.05284
rwa,2003,1959.08364
rwa,2004,1668.48161
rwa,2005,1712.3617
rwa,2006,1830.35125
rwa,2007,1830.58985
rwa,2008,1675.08255
rwa,2009,1528.30846
rwa,2010,1424.87042
rwa,2011,1281.18395
rwa,2012,1176.81321
rwa,2013,1137.90797
rwa,2014,1103.06857
rwa,2015,1089.35701
rwa,2016,1059.87813
rwa,2017,1062.81647
rwa,2018,1048.08642
rwa,2019,1023.9725
rwa,2020,988.96524
rwa,2021,996.8241
rwa,2022,921.70993
rwa,2023,907.78782
sau,1985,144.50742
sau,1986,140.55132
sau,1987,137.10348
sau,1988,132.69395
sau,1989,127.62741
sau,1990,122.47213
sau,1991,118.4077
sau,1992,113.73718
sau,1993,110.87913
sau,1994,107.94717
sau,1995,104.67468
sau,1996,101.32539
sau,1997,98.29909
sau,1998,95.66888
sau,1999,91.65679
sau,2000,89.1118
sau,2001,81.8128
sau,2002,74.77772
sau,2003,69.06168
sau,2004,64.87028
sau,2005,63.35478
sau,2006,63.47054
sau,2007,63.91821
sau,2008,61.24781
sau,2009,57.88086
sau,2010,53.37332
sau,2011,52.28755
sau,2012,51.1553
sau,2013,47.94648
sau,2014,47.66901
sau,2015,46.52723
sau,2016,47.49042
sau,2017,48.47574
sau,2018,47.97808
sau,2019,43.24089
sau,2020,57.21611
sau,2021,61.42598
sau,2022,44.14065
sau,2023,40.17972
sdn,1985,8720.58996
sdn,1986,8465.44389
sdn,1987,8361.47327
sdn,1988,8171.99337
sdn,1989,8368.60383
sdn,1990,8098.93273
sdn,1991,8587.60037
sdn,1992,8641.27255
sdn,1993,8533.05047
sdn,1994,8008.66081
sdn,1995,7670.4725
sdn,1996,7587.46327
sdn,1997,7321.27316
sdn,1998,7282.86804
sdn,1999,7362.01619
sdn,2000,7332.21401
sdn,2001,7138.4055
sdn,2002,6954.50829
sdn,2003,7124.69262
sdn,2004,6540.26473
sdn,2005,6259.28894
sdn,2006,6085.74207
sdn,2007,5666.01574
sdn,2008,5504.66207
sdn,2009,5035.48849
sdn,2010,4977.68793
sdn,2011,4809.81819
sdn,2012,4599.95169
sdn,2013,4448.434
sdn,2014,4255.08476
sdn,2015,4254.58644
sdn,2016,4210.94989
sdn,2017,4137.74638
sdn,2018,4164.62093
sdn,2019,4163.66485
sdn,2020,4406.00489
sdn,2021,4967.87352
sdn,2022,4350.14939
sdn,2023,4301.10351
sen,1985,2730.57431
sen,1986,2506.56975
sen,1987,2353.15389
sen,1988,2205.7299
sen,1989,2093.8631
sen,1990,2068.2391
sen,1991,2016.01711
sen,1992,1986.13259
sen,1993,1992.07969
sen,1994,1989.55682
sen,1995,2051.16448
sen,1996,2139.87924
sen,1997,2182.65303
sen,1998,2257.9148
sen,1999,2318.87485
sen,2000,2276.00727
sen,2001,2220.62239
sen,2002,2148.43984
sen,2003,2156.65741
sen,2004,2108.45662
sen,2005,2083.14969
sen,2006,1996.68208
sen,2007,2005.52764
sen,2008,2083.96423
sen,2009,2029.83975
sen,2010,2050.01002
sen,2011,2009.45637
sen,2012,2021.9169
sen,2013,1942.30087
sen,2014,1872.36347
sen,2015,1796.01288
sen,2016,1755.12536
sen,2017,1650.86055
sen,2018,1535.49653
sen,2019,1423.38023
sen,2020,1267.46625
sen,2021,1344.7421
sen,2022,1186.87414
sen,2023,1262.93073
sgp,1985,8.51471
sgp,1986,7.11393
sgp,1987,7.92409
sgp,1988,9.76848
sgp,1989,8.26736
sgp,1990,8.55316
sgp,1991,8.01011
sgp,1992,7.92777
sgp,1993,8.12137
sgp,1994,8.2487
sgp,1995,8.49811
sgp,1996,9.01731
sgp,1997,8.8646
sgp,1998,8.21346
sgp,1999,8.08944
sgp,2000,8.79294
sgp,2001,7.45304
sgp,2002,7.17675
sgp,2003,6.25031
sgp,2004,5.82324
sgp,2005,5.62541
sgp,2006,5.50298
sgp,2007,5.34899
sgp,2008,5.0374
sgp,2009,4.67036
sgp,2010,4.27554
sgp,2011,4.47306
sgp,2012,4.82226
sgp,2013,4.22118
sgp,2014,4.25374
sgp,2015,3.96943
sgp,2016,3.82195
sgp,2017,3.72988
sgp,2018,3.68125
sgp,2019,3.52752
sgp,2020,5.99177
sgp,2021,9.21848
sgp,2022,15.20981
sgp,2023,2.90587
slb,1985,24.02341
slb,1986,26.6067
slb,1987,23.97255
slb,1988,23.48868
slb,1989,23.40021
slb,1990,23.34017
slb,1991,23.05481
slb,1992,22.95789
slb,1993,23.53932
slb,1994,23.94251
slb,1995,24.30339
slb,1996,24.44348
slb,1997,24.5931
slb,1998,25.12167
slb,1999,25.3483
slb,2000,25.95726
slb,2001,26.27564
slb,2002,26.71305
slb,2003,26.8996
slb,2004,26.66125
slb,2005,26.46861
slb,2006,26.56992
slb,2007,27.64325
slb,2008,26.39616
slb,2009,26.54561
slb,2010,26.10319
slb,2011,26.80544
slb,2012,27.34194
slb,2013,28.46312
slb,2014,29.48792
slb,2015,29.77912
slb,2016,29.43751
slb,2017,28.91445
slb,2018,28.20802
slb,2019,27.93935
slb,2020,27.3208
slb,2021,32.23745
slb,2022,26.82431
slb,2023,26.41558
sle,1985,2558.80577
sle,1986,2658.61449
sle,1987,2735.1864
sle,1988,2827.17799
sle,1989,2937.86954
sle,1990,2999.65701
sle,1991,3428.13496
sle,1992,3291.75611
sle,1993,3309.86274
sle,1994,3426.45321
sle,1995,3473.89765
sle,1996,3368.11119
sle,1997,3388.05294
sle,1998,3486.18808
sle,1999,3447.44117
sle,2000,3194.44119
sle,2001,3134.42069
sle,2002,3285.12319
sle,2003,3224.95894
sle,2004,3106.46292
sle,2005,2988.47489
sle,2006,2745.3858
sle,2007,2673.18638
sle,2008,2614.82372
sle,2009,2542.74588
sle,2010,2477.97127
sle,2011,2379.34099
sle,2012,2264.0068
sle,2013,2069.88603
sle,2014,2010.39464
sle,2015,1780.80868
sle,2016,1559.36977
sle,2017,1442.99412
sle,2018,1237.92362
sle,2019,1175.95399
sle,2020,1075.72305
sle,2021,1032.82121
sle,2022,950.57933
sle,2023,915.38665
slv,1985,337.76997
slv,1986,296.49375
slv,1987,319.11445
slv,1988,314.0507
slv,1989,282.83754
slv,1990,263.22161
slv,1991,234.82285
slv,1992,218.10081
slv,1993,202.40137
slv,1994,179.37123
slv,1995,158.38276
slv,1996,137.66936
slv,1997,115.93711
slv,1998,105.91203
slv,1999,88.85967
slv,2000,76.91238
slv,2001,69.79571
slv,2002,58.25011
slv,2003,52.40763
slv,2004,45.86316
slv,2005,43.35836
slv,2006,41.70503
slv,2007,41.01887
slv,2008,40.13019
slv,2009,41.45121
slv,2010,41.01229
slv,2011,42.33199
slv,2012,42.96426
slv,2013,45.61848
slv,2014,47.74782
slv,2015,49.34138
slv,2016,47.71513
slv,2017,46.67637
slv,2018,44.43574
slv,2019,41.54016
slv,2020,48.8103
slv,2021,59.07937
slv,2022,38.75645
slv,2023,38.88464
smr,1985,0.02654
smr,1986,0.02617
smr,1987,0.02609
smr,1988,0.02609
smr,1989,0.0264
smr,1990,0.02698
smr,1991,0.02711
smr,1992,0.02674
smr,1993,0.02588
smr,1994,0.02598
smr,1995,0.02641
smr,1996,0.02706
smr,1997,0.02737
smr,1998,0.02724
smr,1999,0.02732
smr,2000,0.04493
smr,2001,0.04865
smr,2002,0.0446
smr,2003,0.03885
smr,2004,0.03813
smr,2005,0.03375
smr,2006,0.0345
smr,2007,0.02283
smr,2008,0.02793
smr,2009,0.02401
smr,2010,0.02575
smr,2011,0.0248
smr,2012,0.02238
smr,2013,0.02593
smr,2014,0.02053
smr,2015,0.0188
smr,2016,0.017
smr,2017,0.01517
smr,2018,0.01547
smr,2019,0.01555
smr,2020,0.09723
smr,2021,0.07345
smr,2022,0.04559
smr,2023,0.01531
som,1985,4779.67702
som,1986,4947.15191
som,1987,4967.00671
som,1988,5228.62299
som,1989,4998.56982
som,1990,4835.17819
som,1991,5060.37004
som,1992,4477.57201
som,1993,4001.8708
som,1994,4504.29515
som,1995,4461.17436
som,1996,4719.12345
som,1997,4799.6628
som,1998,4863.64622
som,1999,5032.70113
som,2000,5128.95965
som,2001,5230.2266
som,2002,5392.21854
som,2003,5517.50567
som,2004,5664.49525
som,2005,5735.37032
som,2006,5883.42192
som,2007,5950.0262
som,2008,5887.83464
som,2009,5762.80725
som,2010,6261.36226
som,2011,5833.13472
som,2012,5365.63598
som,2013,5251.60113
som,2014,5167.23786
som,2015,5107.37546
som,2016,5037.91176
som,2017,4928.93469
som,2018,5129.74475
som,2019,4745.28748
som,2020,4857.7847
som,2021,5528.08913
som,2022,4848.89117
som,2023,4437.46086
srb,1985,15.86268
srb,1986,15.03036
srb,1987,14.35524
srb,1988,13.65526
srb,1989,12.92075
srb,1990,12.76486
srb,1991,12.62879
srb,1992,12.80006
srb,1993,13.15251
srb,1994,13.23121
srb,1995,13.13802
srb,1996,12.97947
srb,1997,12.78993
srb,1998,13.54366
srb,1999,11.87857
srb,2000,11.1443
srb,2001,10.63679
srb,2002,10.28679
srb,2003,9.92793
srb,2004,9.48467
srb,2005,8.92038
srb,2006,8.37108
srb,2007,8.18768
srb,2008,8.28231
srb,2009,8.57314
srb,2010,8.83177
srb,2011,8.81033
srb,2012,8.96682
srb,2013,8.81943
srb,2014,9.00958
srb,2015,9.03702
srb,2016,8.80064
srb,2017,8.47916
srb,2018,8.02822
srb,2019,7.87821
srb,2020,9.80995
srb,2021,16.48567
srb,2022,8.78882
srb,2023,6.42592
ssd,1985,9421.23593
ssd,1986,9267.44204
ssd,1987,20183.35438
ssd,1988,13917.01354
ssd,1989,12773.87972
ssd,1990,12081.76741
ssd,1991,12078.76134
ssd,1992,19597.0284
ssd,1993,19673.80048
ssd,1994,4451.81542
ssd,1995,12202.64556
ssd,1996,12286.21116
ssd,1997,11869.36887
ssd,1998,21623.22203
ssd,1999,5989.35232
ssd,2000,4981.64609
ssd,2001,4876.238
ssd,2002,4819.26782
ssd,2003,3871.10823
ssd,2004,3784.51044
ssd,2005,3611.79116
ssd,2006,3462.20859
ssd,2007,3309.63666
ssd,2008,3147.63689
ssd,2009,3120.57416
ssd,2010,3016.59749
ssd,2011,3152.98876
ssd,2012,3178.9144
ssd,2013,3298.68581
ssd,2014,5215.82332
ssd,2015,5645.92982
ssd,2016,6185.42973
ssd,2017,5591.31771
ssd,2018,2686.10373
ssd,2019,2284.21329
ssd,2020,2296.30782
ssd,2021,2417.29509
ssd,2022,2254.22403
ssd,2023,2271.30137
stp,1985,7.07456
stp,1986,7.96057
stp,1987,7.51266
stp,1988,7.49857
stp,1989,8.16749
stp,1990,8.21801
stp,1991,8.46764
stp,1992,8.4331
stp,1993,8.63252
stp,1994,8.77999
stp,1995,9.17192
stp,1996,9.21383
stp,1997,9.42341
stp,1998,9.68416
stp,1999,10.03777
stp,2000,10.31173
stp,2001,10.43569
stp,2002,10.6666
stp,2003,10.85938
stp,2004,10.97211
stp,2005,11.41108
stp,2006,11.38045
stp,2007,11.48122
stp,2008,11.60354
stp,2009,11.57452
stp,2010,11.51223
stp,2011,11.24188
stp,2012,10.91494
stp,2013,10.22663
stp,2014,9.33412
stp,2015,8.4549
stp,2016,7.7083
stp,2017,6.97106
stp,2018,6.28113
stp,2019,5.91122
stp,2020,5.75713
stp,2021,6.18344
stp,2022,5.27706
stp,2023,4.90393
sur,1985,49.11458
sur,1986,48.25498
sur,1987,47.73166
sur,1988,46.70181
sur,1989,46.18951
sur,1990,43.47407
sur,1991,41.66189
sur,1992,40.43216
sur,1993,39.13649
sur,1994,37.32806
sur,1995,37.13207
sur,1996,36.67383
sur,1997,36.06751
sur,1998,35.41469
sur,1999,34.73965
sur,2000,34.24462
sur,2001,33.27786
sur,2002,30.49426
sur,2003,27.73617
sur,2004,24.79055
sur,2005,22.77086
sur,2006,21.22675
sur,2007,19.84396
sur,2008,18.4244
sur,2009,16.84531
sur,2010,15.3111
sur,2011,14.27801
sur,2012,13.95667
sur,2013,13.87822
sur,2014,13.65522
sur,2015,13.04369
sur,2016,12.08636
sur,2017,11.48067
sur,2018,10.97236
sur,2019,10.51589
sur,2020,10.23654
sur,2021,15.66929
sur,2022,9.54999
sur,2023,9.09935
svk,1985,17.30084
svk,1986,16.51708
svk,1987,16.01479
svk,1988,15.00391
svk,1989,13.7561
svk,1990,14.22252
svk,1991,13.30345
svk,1992,11.17152
svk,1993,9.95477
svk,1994,8.21296
svk,1995,6.69459
svk,1996,6.14712
svk,1997,6.07727
svk,1998,5.53064
svk,1999,5.08186
svk,2000,4.50224
svk,2001,4.11935
svk,2002,3.67644
svk,2003,3.62743
svk,2004,3.58887
svk,2005,3.60395
svk,2006,3.1188
svk,2007,3.50338
svk,2008,3.14681
svk,2009,3.38563
svk,2010,3.12282
svk,2011,3.10763
svk,2012,2.81646
svk,2013,2.86328
svk,2014,2.74425
svk,2015,2.53849
svk,2016,2.86292
svk,2017,2.77523
svk,2018,2.68044
svk,2019,2.74632
svk,2020,2.31424
svk,2021,6.94178
svk,2022,2.87066
svk,2023,2.33713
svn,1985,4.42539
svn,1986,4.12138
svn,1987,4.10042
svn,1988,4.03037
svn,1989,3.41047
svn,1990,3.09986
svn,1991,2.84211
svn,1992,2.56452
svn,1993,2.46658
svn,1994,2.27368
svn,1995,2.10344
svn,1996,1.89805
svn,1997,1.6989
svn,1998,1.5439
svn,1999,1.42223
svn,2000,1.30319
svn,2001,1.11084
svn,2002,0.99102
svn,2003,1.0085
svn,2004,1.04714
svn,2005,1.09339
svn,2006,1.1941
svn,2007,1.2652
svn,2008,1.4813
svn,2009,1.44213
svn,2010,1.47739
svn,2011,1.40387
svn,2012,1.358
svn,2013,1.21407
svn,2014,1.18734
svn,2015,1.07399
svn,2016,1.01348
svn,2017,0.96045
svn,2018,0.80614
svn,2019,0.74077
svn,2020,2.20008
svn,2021,1.56541
svn,2022,2.74811
svn,2023,0.59586
swe,1985,7.97552
swe,1986,8.42228
swe,1987,8.65102
swe,1988,10.16083
swe,1989,9.82443
swe,1990,10.35221
swe,1991,10.15724
swe,1992,9.53264
swe,1993,8.97903
swe,1994,8.25041
swe,1995,6.95238
swe,1996,5.94296
swe,1997,5.28227
swe,1998,5.11699
swe,1999,5.11449
swe,2000,4.91857
swe,2001,4.77536
swe,2002,5.15324
swe,2003,5.42001
swe,2004,5.29017
swe,2005,5.13206
swe,2006,5.56495
swe,2007,5.54468
swe,2008,5.5894
swe,2009,5.6559
swe,2010,5.44459
swe,2011,5.46181
swe,2012,5.60356
swe,2013,5.60864
swe,2014,5.58347
swe,2015,5.16182
swe,2016,5.2661
swe,2017,5.18952
swe,2018,5.16993
swe,2019,5.06472
swe,2020,5.85978
swe,2021,5.80781
swe,2022,5.31545
swe,2023,3.94411
swz,1985,191.84754
swz,1986,182.51821
swz,1987,174.6546
swz,1988,166.4056
swz,1989,176.0021
swz,1990,183.52242
swz,1991,195.50496
swz,1992,211.49227
swz,1993,224.37163
swz,1994,233.89677
swz,1995,201.76998
swz,1996,198.11848
swz,1997,179.25647
swz,1998,155.63
swz,1999,136.96316
swz,2000,122.43419
swz,2001,104.53613
swz,2002,113.17387
swz,2003,135.26051
swz,2004,157.54701
swz,2005,185.64985
swz,2006,178.71192
swz,2007,226.90887
swz,2008,271.56202
swz,2009,301.38368
swz,2010,258.07181
swz,2011,260.00996
swz,2012,206.2432
swz,2013,164.6211
swz,2014,121.62736
swz,2015,91.53544
swz,2016,67.59371
swz,2017,47.22279
swz,2018,40.94039
swz,2019,29.39785
swz,2020,30.96626
swz,2021,66.04892
swz,2022,33.45133
swz,2023,34.93327
syc,1985,1.19819
syc,1986,1.14681
syc,1987,1.08133
syc,1988,1.0188
syc,1989,1.0093
syc,1990,0.88218
syc,1991,0.9428
syc,1992,0.82029
syc,1993,0.82651
syc,1994,0.77427
syc,1995,0.63992
syc,1996,0.6073
syc,1997,0.5383
syc,1998,0.57166
syc,1999,0.58679
syc,2000,0.65516
syc,2001,0.61062
syc,2002,0.66126
syc,2003,0.70136
syc,2004,0.77353
syc,2005,0.79272
syc,2006,0.78388
syc,2007,0.8389
syc,2008,0.86132
syc,2009,0.86556
syc,2010,0.79487
syc,2011,0.84969
syc,2012,0.86176
syc,2013,0.7846
syc,2014,0.7485
syc,2015,0.7888
syc,2016,0.83462
syc,2017,0.85443
syc,2018,0.87836
syc,2019,0.86071
syc,2020,0.90945
syc,2021,1.30441
syc,2022,1.54501
syc,2023,0.73059
syr,1985,240.26586
syr,1986,232.76739
syr,1987,220.7965
syr,1988,206.40168
syr,1989,189.39939
syr,1990,173.48636
syr,1991,164.02155
syr,1992,157.13016
syr,1993,156.80038
syr,1994,159.00862
syr,1995,163.99508
syr,1996,167.7296
syr,1997,169.84773
syr,1998,170.61294
syr,1999,166.23117
syr,2000,159.28473
syr,2001,149.73809
syr,2002,138.23078
syr,2003,127.1838
syr,2004,119.79186
syr,2005,115.1975
syr,2006,109.75844
syr,2007,116.27978
syr,2008,131.44048
syr,2009,124.02615
syr,2010,125.15251
syr,2011,133.02136
syr,2012,141.19085
syr,2013,145.42899
syr,2014,120.10704
syr,2015,100.53772
syr,2016,85.10417
syr,2017,85.43183
syr,2018,78.51591
syr,2019,98.24553
syr,2020,100.19493
syr,2021,137.37729
syr,2022,98.87565
syr,2023,106.25781
tcd,1985,2807.84436
tcd,1986,2755.55476
tcd,1987,3080.53384
tcd,1988,3166.69545
tcd,1989,3283.95756
tcd,1990,3507.72657
tcd,1991,3508.30119
tcd,1992,3864.04461
tcd,1993,4190.93264
tcd,1994,4075.47086
tcd,1995,4090.63735
tcd,1996,4512.48486
tcd,1997,4608.40834
tcd,1998,4880.61381
tcd,1999,5044.6275
tcd,2000,5303.73711
tcd,2001,5433.29859
tcd,2002,5516.83905
tcd,2003,5553.52607
tcd,2004,5832.33218
tcd,2005,6220.39009
tcd,2006,6570.41753
tcd,2007,6887.33484
tcd,2008,7186.09177
tcd,2009,7527.29396
tcd,2010,7745.57373
tcd,2011,7818.8849
tcd,2012,7923.25166
tcd,2013,7896.73429
tcd,2014,7996.57802
tcd,2015,8011.83994
tcd,2016,7799.05542
tcd,2017,7613.61038
tcd,2018,7319.30145
tcd,2019,7081.94342
tcd,2020,6611.10916
tcd,2021,6702.962
tcd,2022,6204.30361
tcd,2023,6122.75501
tgo,1985,1001.80799
tgo,1986,997.08129
tgo,1987,999.57715
tgo,1988,1006.98529
tgo,1989,1051.99662
tgo,1990,1094.30089
tgo,1991,1147.297
tgo,1992,1195.49046
tgo,1993,1277.83291
tgo,1994,1144.24165
tgo,1995,1139.89658
tgo,1996,1106.81596
tgo,1997,1084.79272
tgo,1998,1055.62601
tgo,1999,1006.06745
tgo,2000,966.51357
tgo,2001,956.20563
tgo,2002,914.4885
tgo,2003,898.2284
tgo,2004,912.31791
tgo,2005,950.49574
tgo,2006,1024.49224
tgo,2007,1053.99183
tgo,2008,1105.54824
tgo,2009,1175.19813
tgo,2010,1268.10364
tgo,2011,1286.62981
tgo,2012,1299.69771
tgo,2013,1290.15889
tgo,2014,1281.19666
tgo,2015,1249.60429
tgo,2016,1244.14132
tgo,2017,1211.88634
tgo,2018,1201.37046
tgo,2019,1159.08631
tgo,2020,1119.18359
tgo,2021,1127.28362
tgo,2022,1038.49487
tgo,2023,1010.97802
tha,1985,954.2572
tha,1986,848.26453
tha,1987,775.58943
tha,1988,721.82516
tha,1989,697.71727
tha,1990,649.01863
tha,1991,638.91413
tha,1992,626.3808
tha,1993,614.21865
tha,1994,572.45704
tha,1995,538.2742
tha,1996,506.97897
tha,1997,487.84721
tha,1998,472.571
tha,1999,467.71865
tha,2000,459.41238
tha,2001,437.64217
tha,2002,409.69107
tha,2003,380.85472
tha,2004,393.91187
tha,2005,356.56679
tha,2006,337.532
tha,2007,328.82381
tha,2008,311.98841
tha,2009,307.41062
tha,2010,303.35199
tha,2011,304.92077
tha,2012,297.37696
tha,2013,275.56893
tha,2014,262.08462
tha,2015,251.99608
tha,2016,244.63802
tha,2017,235.40375
tha,2018,225.69794
tha,2019,219.22632
tha,2020,228.26467
tha,2021,234.18575
tha,2022,676.15667
tha,2023,203.67044
tjk,1985,187.92688
tjk,1986,184.22706
tjk,1987,193.15045
tjk,1988,185.2464
tjk,1989,197.58685
tjk,1990,186.00707
tjk,1991,184.11878
tjk,1992,193.42984
tjk,1993,191.71999
tjk,1994,191.64623
tjk,1995,181.74498
tjk,1996,158.07223
tjk,1997,153.85499
tjk,1998,146.81455
tjk,1999,126.05303
tjk,2000,105.8389
tjk,2001,109.02382
tjk,2002,90.9793
tjk,2003,75.07765
tjk,2004,73.96644
tjk,2005,72.17967
tjk,2006,71.27371
tjk,2007,64.91296
tjk,2008,64.51806
tjk,2009,67.10108
tjk,2010,64.62693
tjk,2011,63.32505
tjk,2012,58.83253
tjk,2013,55.42222
tjk,2014,55.879
tjk,2015,55.9856
tjk,2016,54.85921
tjk,2017,45.57345
tjk,2018,44.77956
tjk,2019,44.80217
tjk,2020,70.34028
tjk,2021,68.14957
tjk,2022,39.62854
tjk,2023,37.62331
tkm,1985,96.40797
tkm,1986,97.39779
tkm,1987,96.56315
tkm,1988,92.47785
tkm,1989,86.4912
tkm,1990,81.17204
tkm,1991,77.82322
tkm,1992,74.60524
tkm,1993,69.8536
tkm,1994,65.03565
tkm,1995,59.32018
tkm,1996,51.89105
tkm,1997,44.63297
tkm,1998,37.51741
tkm,1999,31.1478
tkm,2000,27.13293
tkm,2001,23.88335
tkm,2002,21.40154
tkm,2003,19.65262
tkm,2004,18.68886
tkm,2005,18.19896
tkm,2006,17.54682
tkm,2007,16.36023
tkm,2008,14.89668
tkm,2009,13.4597
tkm,2010,12.52197
tkm,2011,11.87368
tkm,2012,11.52937
tkm,2013,11.31528
tkm,2014,10.81317
tkm,2015,10.32615
tkm,2016,9.76573
tkm,2017,9.38961
tkm,2018,9.01902
tkm,2019,8.64808
tkm,2020,8.8102
tkm,2021,9.12048
tkm,2022,7.51223
tkm,2023,7.23703
tls,1985,589.56488
tls,1986,575.46827
tls,1987,548.51771
tls,1988,548.44954
tls,1989,482.87403
tls,1990,480.09067
tls,1991,473.69901
tls,1992,462.75016
tls,1993,452.16224
tls,1994,444.36867
tls,1995,448.86768
tls,1996,440.02388
tls,1997,438.53503
tls,1998,443.85786
tls,1999,581.81611
tls,2000,229.22215
tls,2001,235.1786
tls,2002,241.7202
tls,2003,251.02471
tls,2004,238.21684
tls,2005,222.60908
tls,2006,205.27528
tls,2007,191.19903
tls,2008,177.00164
tls,2009,163.02528
tls,2010,149.79459
tls,2011,137.44362
tls,2012,126.58788
tls,2013,117.22016
tls,2014,108.56606
tls,2015,99.44759
tls,2016,92.08614
tls,2017,85.01824
tls,2018,78.30222
tls,2019,73.69491
tls,2020,79.68222
tls,2021,80.61643
tls,2022,72.13972
tls,2023,58.78646
ton,1985,5.06498
ton,1986,5.02312
ton,1987,4.87643
ton,1988,4.8115
ton,1989,4.59848
ton,1990,4.57737
ton,1991,4.45508
ton,1992,4.25198
ton,1993,4.16495
ton,1994,3.96159
ton,1995,3.67881
ton,1996,3.45159
ton,1997,3.32932
ton,1998,3.13575
ton,1999,3.00801
ton,2000,3.0096
ton,2001,2.97952
ton,2002,3.00592
ton,2003,2.97984
ton,2004,2.90175
ton,2005,2.91842
ton,2006,2.79016
ton,2007,2.73206
ton,2008,2.68984
ton,2009,2.75998
ton,2010,2.5636
ton,2011,2.49179
ton,2012,2.42424
ton,2013,2.30976
ton,2014,2.24151
ton,2015,2.16032
ton,2016,2.07439
ton,2017,1.98393
ton,2018,1.88507
ton,2019,1.83195
ton,2020,1.85005
ton,2021,1.87681
ton,2022,1.76137
ton,2023,1.61474
tto,1985,28.63444
tto,1986,28.48953
tto,1987,26.56226
tto,1988,25.51722
tto,1989,24.04734
tto,1990,22.23311
tto,1991,20.74679
tto,1992,20.64291
tto,1993,19.83303
tto,1994,19.14161
tto,1995,18.33451
tto,1996,17.63303
tto,1997,16.6043
tto,1998,15.71839
tto,1999,15.33045
tto,2000,14.81626
tto,2001,14.15286
tto,2002,13.38642
tto,2003,12.96211
tto,2004,12.11554
tto,2005,11.66459
tto,2006,11.36821
tto,2007,11.14717
tto,2008,10.85777
tto,2009,10.67554
tto,2010,10.62867
tto,2011,10.32421
tto,2012,9.85014
tto,2013,9.54924
tto,2014,9.39777
tto,2015,9.385
tto,2016,9.31415
tto,2017,9.25054
tto,2018,9.33036
tto,2019,9.57889
tto,2020,6.0318
tto,2021,9.10537
tto,2022,4.9996
tto,2023,8.70424
tun,1985,311.33954
tun,1986,287.11732
tun,1987,248.86662
tun,1988,215.3928
tun,1989,189.30872
tun,1990,183.5165
tun,1991,178.27237
tun,1992,173.41778
tun,1993,168.73021
tun,1994,156.27063
tun,1995,141.23799
tun,1996,125.25575
tun,1997,112.56853
tun,1998,100.98028
tun,1999,93.49771
tun,2000,90.09482
tun,2001,87.49673
tun,2002,84.88172
tun,2003,84.69188
tun,2004,83.48265
tun,2005,82.81607
tun,2006,81.76071
tun,2007,81.12738
tun,2008,81.09396
tun,2009,81.59323
tun,2010,84.53171
tun,2011,90.02016
tun,2012,93.52194
tun,2013,94.16144
tun,2014,92.60738
tun,2015,89.14871
tun,2016,85.03582
tun,2017,80.13715
tun,2018,76.6253
tun,2019,74.45593
tun,2020,75.03181
tun,2021,109.05678
tun,2022,65.24264
tun,2023,59.89818
tur,1985,838.38057
tur,1986,793.65649
tur,1987,750.61822
tur,1988,698.65945
tur,1989,656.68475
tur,1990,599.65868
tur,1991,574.79069
tur,1992,562.38827
tur,1993,555.60179
tur,1994,549.19104
tur,1995,541.98489
tur,1996,527.78714
tur,1997,516.43697
tur,1998,503.64052
tur,1999,502.86403
tur,2000,448.96805
tur,2001,424.32388
tur,2002,391.99718
tur,2003,370.9089
tur,2004,360.29678
tur,2005,348.22248
tur,2006,337.18551
tur,2007,324.52328
tur,2008,312.08007
tur,2009,299.55611
tur,2010,285.74494
tur,2011,288.26341
tur,2012,277.01567
tur,2013,262.73586
tur,2014,270.83342
tur,2015,269.27249
tur,2016,270.11023
tur,2017,254.26136
tur,2018,237.66393
tur,2019,217.17942
tur,2020,230.76092
tur,2021,228.63005
tur,2022,228.85259
tur,2023,156.79463
tuv,1985,0.6937
tuv,1986,0.6949
tuv,1987,0.77804
tuv,1988,0.9212
tuv,1989,0.89108
tuv,1990,0.86031
tuv,1991,0.85904
tuv,1992,0.93288
tuv,1993,0.85046
tuv,1994,0.82312
tuv,1995,0.80381
tuv,1996,0.77246
tuv,1997,0.6798
tuv,1998,0.65667
tuv,1999,0.63378
tuv,2000,0.60273
tuv,2001,0.57561
tuv,2002,0.54945
tuv,2003,0.48132
tuv,2004,0.47393
tuv,2005,0.51935
tuv,2006,0.51102
tuv,2007,0.49517
tuv,2008,0.49003
tuv,2009,0.49273
tuv,2010,0.50023
tuv,2011,0.40946
tuv,2012,0.42068
tuv,2013,0.42092
tuv,2014,0.42383
tuv,2015,0.43259
tuv,2016,0.44298
tuv,2017,0.45199
tuv,2018,0.40932
tuv,2019,0.4076
tuv,2020,0.52745
tuv,2021,0.38849
tuv,2022,0.53081
tuv,2023,0.38353
tza,1985,10073.02118
tza,1986,10131.38928
tza,1987,10258.78319
tza,1988,10355.06409
tza,1989,10265.85811
tza,1990,10109.22437
tza,1991,9979.32695
tza,1992,10035.12591
tza,1993,10065.63141
tza,1994,9969.63341
tza,1995,10146.30144
tza,1996,10152.18631
tza,1997,10322.68905
tza,1998,10090.04261
tza,1999,8835.80866
tza,2000,8074.17278
tza,2001,7177.44693
tza,2002,6744.93385
tza,2003,6084.71493
tza,2004,5781.74012
tza,2005,5681.52636
tza,2006,6039.97023
tza,2007,7535.84812
tza,2008,8602.00117
tza,2009,8574.49674
tza,2010,8431.21833
tza,2011,8325.06539
tza,2012,8086.28335
tza,2013,8983.62406
tza,2014,8759.87478
tza,2015,8478.14131
tza,2016,8011.84264
tza,2017,7227.56269
tza,2018,6839.50078
tza,2019,6365.98218
tza,2020,3551.35302
tza,2021,3668.9618
tza,2022,3497.28086
tza,2023,6472.37382
uga,1985,6290.15671
uga,1986,6085.80694
uga,1987,5759.98409
uga,1988,5504.23499
uga,1989,5277.58111
uga,1990,5150.73245
uga,1991,5037.91319
uga,1992,5039.01342
uga,1993,5049.97354
uga,1994,5146.23941
uga,1995,5377.71556
uga,1996,5399.17372
uga,1997,5656.20838
uga,1998,5753.76192
uga,1999,5704.61892
uga,2000,5501.3387
uga,2001,5220.71445
uga,2002,5036.57169
uga,2003,4882.68576
uga,2004,4853.91763
uga,2005,5343.19447
uga,2006,5316.77462
uga,2007,4549.58901
uga,2008,4338.6077
uga,2009,4399.06468
uga,2010,4227.99811
uga,2011,4147.66496
uga,2012,4054.33923
uga,2013,4409.14963
uga,2014,4500.13343
uga,2015,4379.72879
uga,2016,4046.48694
uga,2017,3754.22586
uga,2018,3632.41207
uga,2019,3499.65224
uga,2020,3427.54558
uga,2021,3599.75192
uga,2022,3114.98926
uga,2023,2916.99281
ukr,1985,418.2183
ukr,1986,406.55468
ukr,1987,360.63023
ukr,1988,330.76593
ukr,1989,297.1598
ukr,1990,272.52056
ukr,1991,258.95448
ukr,1992,246.02066
ukr,1993,239.63242
ukr,1994,239.03714
ukr,1995,232.69412
ukr,1996,215.28241
ukr,1997,182.42911
ukr,1998,154.84849
ukr,1999,132.97627
ukr,2000,122.75289
ukr,2001,113.88846
ukr,2002,111.67503
ukr,2003,114.59962
ukr,2004,117.88514
ukr,2005,116.51124
ukr,2006,123.82227
ukr,2007,128.49985
ukr,2008,134.3988
ukr,2009,125.1463
ukr,2010,108.21688
ukr,2011,103.07776
ukr,2012,104.15764
ukr,2013,100.50248
ukr,2014,91.54188
ukr,2015,77.554
ukr,2016,72.37213
ukr,2017,63.90875
ukr,2018,59.39895
ukr,2019,55.54606
ukr,2020,60.66271
ukr,2021,79.93321
ukr,2022,36.17185
ukr,2023,31.72448
ury,1985,22.09469
ury,1986,21.99772
ury,1987,22.17816
ury,1988,21.57567
ury,1989,20.08944
ury,1990,19.63794
ury,1991,18.3531
ury,1992,18.0782
ury,1993,17.04598
ury,1994,16.86352
ury,1995,16.06614
ury,1996,15.29419
ury,1997,14.80264
ury,1998,13.56052
ury,1999,13.059
ury,2000,12.22868
ury,2001,12.33883
ury,2002,11.96418
ury,2003,11.30706
ury,2004,10.60263
ury,2005,10.08049
ury,2006,9.59961
ury,2007,9.12047
ury,2008,8.88267
ury,2009,8.36469
ury,2010,8.14331
ury,2011,7.77564
ury,2012,7.81333
ury,2013,7.77969
ury,2014,7.79745
ury,2015,7.69621
ury,2016,7.48841
ury,2017,7.06411
ury,2018,6.33991
ury,2019,5.89823
ury,2020,6.92111
ury,2021,16.92188
ury,2022,6.66991
ury,2023,5.11857
usa,1985,423.36359
usa,1986,430.73367
usa,1987,444.45839
usa,1988,464.58199
usa,1989,481.98607
usa,1990,490.3133
usa,1991,484.19382
usa,1992,462.43969
usa,1993,458.71344
usa,1994,448.41777
usa,1995,444.09739
usa,1996,433.15801
usa,1997,422.17383
usa,1998,428.9278
usa,1999,451.97972
usa,2000,478.34774
usa,2001,497.64393
usa,2002,509.38764
usa,2003,530.67356
usa,2004,530.7902
usa,2005,541.70311
usa,2006,563.50823
usa,2007,571.12876
usa,2008,579.33064
usa,2009,596.8655
usa,2010,580.2868
usa,2011,604.92779
usa,2012,618.25464
usa,2013,631.41235
usa,2014,658.84577
usa,2015,677.83864
usa,2016,703.18426
usa,2017,691.48811
usa,2018,669.7238
usa,2019,660.93908
usa,2020,817.92723
usa,2021,1149.07416
usa,2022,751.45128
usa,2023,608.33063
uzb,1985,474.94834
uzb,1986,467.89894
uzb,1987,431.94414
uzb,1988,386.27306
uzb,1989,353.94666
uzb,1990,344.07838
uzb,1991,333.12078
uzb,1992,329.42063
uzb,1993,326.43443
uzb,1994,325.67639
uzb,1995,307.95153
uzb,1996,282.95225
uzb,1997,258.8577
uzb,1998,246.30041
uzb,1999,237.49208
uzb,2000,228.26532
uzb,2001,221.14494
uzb,2002,215.53058
uzb,2003,210.28582
uzb,2004,211.53385
uzb,2005,212.1548
uzb,2006,214.61726
uzb,2007,219.84218
uzb,2008,224.77801
uzb,2009,220.40482
uzb,2010,216.70819
uzb,2011,211.23888
uzb,2012,210.60771
uzb,2013,220.40552
uzb,2014,228.7416
uzb,2015,229.9322
uzb,2016,224.85082
uzb,2017,221.91557
uzb,2018,226.78283
uzb,2019,238.01053
uzb,2020,247.02106
uzb,2021,252.91252
uzb,2022,253.94149
uzb,2023,249.69855
vct,1985,2.22124
vct,1986,1.96198
vct,1987,1.84785
vct,1988,1.74996
vct,1989,1.79986
vct,1990,1.85456
vct,1991,1.85697
vct,1992,2.33141
vct,1993,2.00647
vct,1994,2.02289
vct,1995,2.02074
vct,1996,1.94016
vct,1997,1.83815
vct,1998,1.71843
vct,1999,1.59167
vct,2000,1.47321
vct,2001,1.37945
vct,2002,1.27854
vct,2003,1.17393
vct,2004,1.08463
vct,2005,1.04763
vct,2006,1.00233
vct,2007,1.00447
vct,2008,1.06044
vct,2009,1.06838
vct,2010,1.08212
vct,2011,1.03071
vct,2012,1.07872
vct,2013,1.25656
vct,2014,1.10354
vct,2015,1.00557
vct,2016,0.83808
vct,2017,0.86754
vct,2018,0.80676
vct,2019,0.79917
vct,2020,0.76138
vct,2021,1.36617
vct,2022,0.70896
vct,2023,0.68789
ven,1985,452.56647
ven,1986,447.55201
ven,1987,457.90273
ven,1988,455.75345
ven,1989,454.40332
ven,1990,476.58774
ven,1991,458.30725
ven,1992,469.49672
ven,1993,469.20577
ven,1994,484.32077
ven,1995,484.08633
ven,1996,498.51796
ven,1997,476.56399
ven,1998,478.9669
ven,1999,513.51726
ven,2000,500.68554
ven,2001,593.86224
ven,2002,517.11509
ven,2003,576.00255
ven,2004,552.5088
ven,2005,554.45031
ven,2006,576.54096
ven,2007,544.77081
ven,2008,610.03119
ven,2009,634.94309
ven,2010,639.87028
ven,2011,613.52659
ven,2012,665.25726
ven,2013,714.76695
ven,2014,764.2428
ven,2015,775.05841
ven,2016,911.27935
ven,2017,1068.11269
ven,2018,1056.831
ven,2019,953.66573
ven,2020,913.06908
ven,2021,1077.54459
ven,2022,927.84784
ven,2023,967.91079
vnm,1985,3527.7444
vnm,1986,3231.48625
vnm,1987,2937.86234
vnm,1988,2803.58777
vnm,1989,2840.00067
vnm,1990,2783.94064
vnm,1991,2713.82376
vnm,1992,2597.76862
vnm,1993,2448.06298
vnm,1994,2244.66089
vnm,1995,1951.48268
vnm,1996,1708.28783
vnm,1997,1517.13463
vnm,1998,1273.87416
vnm,1999,1149.00202
vnm,2000,1147.10582
vnm,2001,1103.61879
vnm,2002,1056.91125
vnm,2003,1029.62697
vnm,2004,1044.40242
vnm,2005,975.62336
vnm,2006,948.58486
vnm,2007,965.02201
vnm,2008,976.35997
vnm,2009,971.42842
vnm,2010,948.79248
vnm,2011,950.00177
vnm,2012,967.65603
vnm,2013,966.56089
vnm,2014,1010.17279
vnm,2015,989.52106
vnm,2016,912.10142
vnm,2017,873.30155
vnm,2018,790.22773
vnm,2019,786.95325
vnm,2020,767.0021
vnm,2021,761.51778
vnm,2022,698.56942
vnm,2023,660.81206
vut,1985,11.26287
vut,1986,10.58753
vut,1987,11.06564
vut,1988,9.65104
vut,1989,9.20413
vut,1990,8.68546
vut,1991,8.21555
vut,1992,8.28944
vut,1993,7.91009
vut,1994,7.7551
vut,1995,7.75414
vut,1996,7.58447
vut,1997,7.63102
vut,1998,7.83822
vut,1999,8.61161
vut,2000,8.03467
vut,2001,8.1281
vut,2002,7.97484
vut,2003,8.30706
vut,2004,8.44967
vut,2005,8.3616
vut,2006,8.32889
vut,2007,8.44067
vut,2008,8.60852
vut,2009,8.69371
vut,2010,8.98295
vut,2011,9.0112
vut,2012,9.02164
vut,2013,9.32795
vut,2014,9.51039
vut,2015,9.53733
vut,2016,9.49104
vut,2017,9.59554
vut,2018,9.64008
vut,2019,9.43125
vut,2020,9.58006
vut,2021,11.12335
vut,2022,9.4181
vut,2023,8.9923
wsm,1985,9.67748
wsm,1986,9.22874
wsm,1987,8.75813
wsm,1988,8.44581
wsm,1989,7.98684
wsm,1990,7.79849
wsm,1991,7.41694
wsm,1992,6.95295
wsm,1993,6.7325
wsm,1994,6.57535
wsm,1995,6.25255
wsm,1996,6.20894
wsm,1997,5.932
wsm,1998,5.73743
wsm,1999,5.57559
wsm,2000,5.41352
wsm,2001,5.30744
wsm,2002,5.0043
wsm,2003,4.84827
wsm,2004,4.77546
wsm,2005,4.82638
wsm,2006,4.73455
wsm,2007,4.70417
wsm,2008,4.89673
wsm,2009,5.4017
wsm,2010,5.43869
wsm,2011,5.56721
wsm,2012,6.07622
wsm,2013,6.08243
wsm,2014,6.42996
wsm,2015,6.48143
wsm,2016,6.41909
wsm,2017,6.54397
wsm,2018,6.51563
wsm,2019,6.48144
wsm,2020,6.60882
wsm,2021,6.63243
wsm,2022,6.18925
wsm,2023,5.58486
yem,1985,2637.38433
yem,1986,2720.6503
yem,1987,2597.88364
yem,1988,2601.86866
yem,1989,2551.70615
yem,1990,2534.70385
yem,1991,2473.91947
yem,1992,2444.03367
yem,1993,2413.68493
yem,1994,2377.3128
yem,1995,2270.44957
yem,1996,2105.60435
yem,1997,2061.86339
yem,1998,2005.77774
yem,1999,1976.9574
yem,2000,1931.44494
yem,2001,1879.56941
yem,2002,1801.51716
yem,2003,1732.89201
yem,2004,1669.82561
yem,2005,1584.46501
yem,2006,1536.33156
yem,2007,1470.81563
yem,2008,1421.31027
yem,2009,1411.1126
yem,2010,1372.39244
yem,2011,1340.13139
yem,2012,1373.17611
yem,2013,1403.03565
yem,2014,1448.79567
yem,2015,1508.1064
yem,2016,1548.07412
yem,2017,1692.50077
yem,2018,1647.64043
yem,2019,1655.7831
yem,2020,1751.31651
yem,2021,2065.17341
yem,2022,1691.02259
yem,2023,1642.12458
zaf,1985,2495.70575
zaf,1986,2428.05342
zaf,1987,2381.78371
zaf,1988,2264.48959
zaf,1989,2144.54144
zaf,1990,1986.80765
zaf,1991,1897.05272
zaf,1992,1748.29775
zaf,1993,1672.33956
zaf,1994,1443.57815
zaf,1995,1420.63318
zaf,1996,1685.47939
zaf,1997,1663.77148
zaf,1998,1631.25579
zaf,1999,1604.04444
zaf,2000,1777.29928
zaf,2001,1944.50383
zaf,2002,2263.23713
zaf,2003,2541.45354
zaf,2004,2807.53512
zaf,2005,3134.61858
zaf,2006,3279.51933
zaf,2007,3172.48071
zaf,2008,3377.94533
zaf,2009,2840.5087
zaf,2010,2624.35868
zaf,2011,2363.56237
zaf,2012,2305.48019
zaf,2013,2151.65812
zaf,2014,1963.66832
zaf,2015,1792.37848
zaf,2016,1638.4605
zaf,2017,1543.90498
zaf,2018,1483.62036
zaf,2019,1401.78685
zaf,2020,1398.48091
zaf,2021,2275.5047
zaf,2022,1538.02601
zaf,2023,1395.2715
zmb,1985,1917.19358
zmb,1986,2048.51882
zmb,1987,2140.546
zmb,1988,2211.39727
zmb,1989,2271.79828
zmb,1990,2285.72129
zmb,1991,2286.51938
zmb,1992,2211.31315
zmb,1993,2077.10645
zmb,1994,2032.95196
zmb,1995,1912.59629
zmb,1996,1814.61124
zmb,1997,1724.21031
zmb,1998,1716.47012
zmb,1999,1689.55134
zmb,2000,1549.36791
zmb,2001,1412.87925
zmb,2002,1292.09211
zmb,2003,1205.95988
zmb,2004,1292.62965
zmb,2005,1354.78764
zmb,2006,1389.2232
zmb,2007,1757.04916
zmb,2008,2184.70669
zmb,2009,2304.24184
zmb,2010,1917.28633
zmb,2011,1709.18776
zmb,2012,1521.39674
zmb,2013,1280.57086
zmb,2014,1052.25262
zmb,2015,945.59716
zmb,2016,979.16592
zmb,2017,886.31641
zmb,2018,746.88009
zmb,2019,665.9457
zmb,2020,646.80168
zmb,2021,932.17063
zmb,2022,604.66591
zmb,2023,585.81781
zwe,1985,2108.52041
zwe,1986,1929.8375
zwe,1987,1760.1556
zwe,1988,1554.43239
zwe,1989,1372.25936
zwe,1990,1271.84813
zwe,1991,1205.2868
zwe,1992,1221.30109
zwe,1993,1162.41232
zwe,1994,1157.32021
zwe,1995,1152.71751
zwe,1996,1272.79724
zwe,1997,1354.14473
zwe,1998,1472.39992
zwe,1999,1673.18335
zwe,2000,1738.049
zwe,2001,2040.13683
zwe,2002,1844.69203
zwe,2003,2037.12299
zwe,2004,2026.22917
zwe,2005,2027.86823
zwe,2006,2134.41721
zwe,2007,2369.10136
zwe,2008,2478.20242
zwe,2009,2660.36609
zwe,2010,2865.71479
zwe,2011,2924.72951
zwe,2012,2914.05878
zwe,2013,2721.66161
zwe,2014,2353.21236
zwe,2015,2089.95718
zwe,2016,1964.13094
zwe,2017,1834.64879
zwe,2018,1815.78216
zwe,2019,1842.13693
zwe,2020,1828.2399
zwe,2021,2181.38022
zwe,2022,1825.20341
zwe,2023,1777.04963
