country,year,sex,violence_homicidenum
afg,2000,sex_btsx,2031.953
afg,2000,sex_fmle,245.4284
afg,2000,sex_mle,1786.525
afg,2001,sex_btsx,2083.086
afg,2001,sex_fmle,255.0533
afg,2001,sex_mle,1828.033
afg,2002,sex_btsx,2299.757
afg,2002,sex_fmle,288.8439
afg,2002,sex_mle,2010.913
afg,2003,sex_btsx,2463.23
afg,2003,sex_fmle,325.2517
afg,2003,sex_mle,2137.978
afg,2004,sex_btsx,2407.386
afg,2004,sex_fmle,330.479
afg,2004,sex_mle,2076.907
afg,2005,sex_btsx,2467.121
afg,2005,sex_fmle,348.2059
afg,2005,sex_mle,2118.915
afg,2006,sex_btsx,2500.98
afg,2006,sex_fmle,360.2982
afg,2006,sex_mle,2140.682
afg,2007,sex_btsx,2478.267
afg,2007,sex_fmle,356.3215
afg,2007,sex_mle,2121.945
afg,2008,sex_btsx,2513.372
afg,2008,sex_fmle,371.9536
afg,2008,sex_mle,2141.418
afg,2009,sex_btsx,2543.485
afg,2009,sex_fmle,399.5384
afg,2009,sex_mle,2143.947
afg,2010,sex_btsx,2638.419
afg,2010,sex_fmle,404.6889
afg,2010,sex_mle,2233.73
afg,2011,sex_btsx,2665.553
afg,2011,sex_fmle,415.7651
afg,2011,sex_mle,2249.788
afg,2012,sex_btsx,2702.277
afg,2012,sex_fmle,432.9586
afg,2012,sex_mle,2269.318
afg,2013,sex_btsx,2782.517
afg,2013,sex_fmle,474.9973
afg,2013,sex_mle,2307.519
afg,2014,sex_btsx,2853.4
afg,2014,sex_fmle,502.4122
afg,2014,sex_mle,2350.987
afg,2015,sex_btsx,3129.581
afg,2015,sex_fmle,576.2368
afg,2015,sex_mle,2553.344
afg,2016,sex_btsx,3191.218
afg,2016,sex_fmle,598.781
afg,2016,sex_mle,2592.437
afg,2017,sex_btsx,3030.841
afg,2017,sex_fmle,575.6881
afg,2017,sex_mle,2455.153
afg,2018,sex_btsx,3168.136
afg,2018,sex_fmle,607.3214
afg,2018,sex_mle,2560.815
afg,2019,sex_btsx,3216.681
afg,2019,sex_fmle,621.16
afg,2019,sex_mle,2595.521
ago,2000,sex_btsx,2181.796
ago,2000,sex_fmle,416.7875
ago,2000,sex_mle,1765.009
ago,2001,sex_btsx,2220.582
ago,2001,sex_fmle,420.4047
ago,2001,sex_mle,1800.177
ago,2002,sex_btsx,2256.481
ago,2002,sex_fmle,426.5684
ago,2002,sex_mle,1829.913
ago,2003,sex_btsx,2292.329
ago,2003,sex_fmle,431.3447
ago,2003,sex_mle,1860.985
ago,2004,sex_btsx,2305.251
ago,2004,sex_fmle,435.996
ago,2004,sex_mle,1869.255
ago,2005,sex_btsx,2345.646
ago,2005,sex_fmle,440.4626
ago,2005,sex_mle,1905.183
ago,2006,sex_btsx,2387.691
ago,2006,sex_fmle,443.5392
ago,2006,sex_mle,1944.152
ago,2007,sex_btsx,2415.525
ago,2007,sex_fmle,446.0707
ago,2007,sex_mle,1969.455
ago,2008,sex_btsx,2450.268
ago,2008,sex_fmle,449.0249
ago,2008,sex_mle,2001.243
ago,2009,sex_btsx,2493.566
ago,2009,sex_fmle,450.247
ago,2009,sex_mle,2043.319
ago,2010,sex_btsx,2523.906
ago,2010,sex_fmle,451.2688
ago,2010,sex_mle,2072.637
ago,2011,sex_btsx,2568.175
ago,2011,sex_fmle,453.9039
ago,2011,sex_mle,2114.271
ago,2012,sex_btsx,2604.331
ago,2012,sex_fmle,455.1655
ago,2012,sex_mle,2149.165
ago,2013,sex_btsx,2667.86
ago,2013,sex_fmle,465.0572
ago,2013,sex_mle,2202.802
ago,2014,sex_btsx,2733.422
ago,2014,sex_fmle,476.9018
ago,2014,sex_mle,2256.52
ago,2015,sex_btsx,2803.152
ago,2015,sex_fmle,489.5916
ago,2015,sex_mle,2313.561
ago,2016,sex_btsx,2832.309
ago,2016,sex_fmle,497.9511
ago,2016,sex_mle,2334.358
ago,2017,sex_btsx,2846.99
ago,2017,sex_fmle,504.1437
ago,2017,sex_mle,2342.847
ago,2018,sex_btsx,2891.476
ago,2018,sex_fmle,515.6892
ago,2018,sex_mle,2375.787
ago,2019,sex_btsx,2928.248
ago,2019,sex_fmle,525.2393
ago,2019,sex_mle,2403.008
alb,2000,sex_btsx,192.1099
alb,2000,sex_fmle,28.9116
alb,2000,sex_mle,163.1983
alb,2001,sex_btsx,213.7327
alb,2001,sex_fmle,37.02071
alb,2001,sex_mle,176.712
alb,2002,sex_btsx,210.8219
alb,2002,sex_fmle,39.60463
alb,2002,sex_mle,171.2173
alb,2003,sex_btsx,189.5674
alb,2003,sex_fmle,40.04342
alb,2003,sex_mle,149.524
alb,2004,sex_btsx,169.1043
alb,2004,sex_fmle,35.90542
alb,2004,sex_mle,133.1989
alb,2005,sex_btsx,157.9546
alb,2005,sex_fmle,43.44862
alb,2005,sex_mle,114.5059
alb,2006,sex_btsx,136.9569
alb,2006,sex_fmle,35.08814
alb,2006,sex_mle,101.8688
alb,2007,sex_btsx,128.5339
alb,2007,sex_fmle,33.42624
alb,2007,sex_mle,95.10762
alb,2008,sex_btsx,123.0614
alb,2008,sex_fmle,33.62904
alb,2008,sex_mle,89.43232
alb,2009,sex_btsx,124.6689
alb,2009,sex_fmle,35.49893
alb,2009,sex_mle,89.17
alb,2010,sex_btsx,138.5101
alb,2010,sex_fmle,38.9611
alb,2010,sex_mle,99.54905
alb,2011,sex_btsx,148.6755
alb,2011,sex_fmle,49.28423
alb,2011,sex_mle,99.39131
alb,2012,sex_btsx,151.9236
alb,2012,sex_fmle,42.39138
alb,2012,sex_mle,109.5322
alb,2013,sex_btsx,140.9681
alb,2013,sex_fmle,38.47796
alb,2013,sex_mle,102.4902
alb,2014,sex_btsx,129.3491
alb,2014,sex_fmle,35.68249
alb,2014,sex_mle,93.66664
alb,2015,sex_btsx,114.3983
alb,2015,sex_fmle,32.9373
alb,2015,sex_mle,81.46102
alb,2016,sex_btsx,109.0378
alb,2016,sex_fmle,31.31584
alb,2016,sex_mle,77.722
alb,2017,sex_btsx,97.96504
alb,2017,sex_fmle,28.28567
alb,2017,sex_mle,69.67937
alb,2018,sex_btsx,105.6978
alb,2018,sex_fmle,30.55434
alb,2018,sex_mle,75.14343
alb,2019,sex_btsx,102.5659
alb,2019,sex_fmle,29.72211
alb,2019,sex_mle,72.8438
are,2000,sex_btsx,46.85338
are,2000,sex_fmle,4.99599
are,2000,sex_mle,41.8574
are,2001,sex_btsx,50.32112
are,2001,sex_fmle,5.13436
are,2001,sex_mle,45.18676
are,2002,sex_btsx,52.46363
are,2002,sex_fmle,5.16975
are,2002,sex_mle,47.29388
are,2003,sex_btsx,54.93557
are,2003,sex_fmle,5.18292
are,2003,sex_mle,49.75265
are,2004,sex_btsx,54.87804
are,2004,sex_fmle,5.166
are,2004,sex_mle,49.71204
are,2005,sex_btsx,64.30662
are,2005,sex_fmle,5.77938
are,2005,sex_mle,58.52724
are,2006,sex_btsx,68.75617
are,2006,sex_fmle,5.77291
are,2006,sex_mle,62.98326
are,2007,sex_btsx,76.27114
are,2007,sex_fmle,6.13932
are,2007,sex_mle,70.13183
are,2008,sex_btsx,79.95171
are,2008,sex_fmle,6.42619
are,2008,sex_mle,73.52551
are,2009,sex_btsx,79.77218
are,2009,sex_fmle,6.3803
are,2009,sex_mle,73.39187
are,2010,sex_btsx,79.15953
are,2010,sex_fmle,6.33089
are,2010,sex_mle,72.82865
are,2011,sex_btsx,77.61125
are,2011,sex_fmle,6.21218
are,2011,sex_mle,71.39907
are,2012,sex_btsx,80.21743
are,2012,sex_fmle,6.47774
are,2012,sex_mle,73.7397
are,2013,sex_btsx,78.29724
are,2013,sex_fmle,6.47404
are,2013,sex_mle,71.8232
are,2014,sex_btsx,77.4689
are,2014,sex_fmle,6.55139
are,2014,sex_mle,70.9175
are,2015,sex_btsx,76.15637
are,2015,sex_fmle,6.62914
are,2015,sex_mle,69.52723
are,2016,sex_btsx,76.93767
are,2016,sex_fmle,6.65393
are,2016,sex_mle,70.28374
are,2017,sex_btsx,71.40695
are,2017,sex_fmle,6.27877
are,2017,sex_mle,65.12818
are,2018,sex_btsx,71.73912
are,2018,sex_fmle,6.38548
are,2018,sex_mle,65.35364
are,2019,sex_btsx,70.20221
are,2019,sex_fmle,6.36483
are,2019,sex_mle,63.83738
arg,2000,sex_btsx,2722.357
arg,2000,sex_fmle,413.6561
arg,2000,sex_mle,2308.701
arg,2001,sex_btsx,3283.805
arg,2001,sex_fmle,501.896
arg,2001,sex_mle,2781.909
arg,2002,sex_btsx,3594.035
arg,2002,sex_fmle,536.6586
arg,2002,sex_mle,3057.376
arg,2003,sex_btsx,3168.879
arg,2003,sex_fmle,502.1886
arg,2003,sex_mle,2666.69
arg,2004,sex_btsx,2486.519
arg,2004,sex_fmle,400.9935
arg,2004,sex_mle,2085.526
arg,2005,sex_btsx,2307.867
arg,2005,sex_fmle,371.8112
arg,2005,sex_mle,1936.056
arg,2006,sex_btsx,2230.062
arg,2006,sex_fmle,367.0677
arg,2006,sex_mle,1862.995
arg,2007,sex_btsx,2061.884
arg,2007,sex_fmle,336.3816
arg,2007,sex_mle,1725.502
arg,2008,sex_btsx,2164.125
arg,2008,sex_fmle,345.6605
arg,2008,sex_mle,1818.464
arg,2009,sex_btsx,2174.724
arg,2009,sex_fmle,371.2584
arg,2009,sex_mle,1803.465
arg,2010,sex_btsx,2195.215
arg,2010,sex_fmle,367.2823
arg,2010,sex_mle,1827.933
arg,2011,sex_btsx,2179.478
arg,2011,sex_fmle,356.334
arg,2011,sex_mle,1823.144
arg,2012,sex_btsx,2502.946
arg,2012,sex_fmle,401.8612
arg,2012,sex_mle,2101.085
arg,2013,sex_btsx,2552.115
arg,2013,sex_fmle,406.8708
arg,2013,sex_mle,2145.244
arg,2014,sex_btsx,2757.2
arg,2014,sex_fmle,442.2779
arg,2014,sex_mle,2314.923
arg,2015,sex_btsx,2742.454
arg,2015,sex_fmle,436.7282
arg,2015,sex_mle,2305.726
arg,2016,sex_btsx,2708.677
arg,2016,sex_fmle,429.9848
arg,2016,sex_mle,2278.693
arg,2017,sex_btsx,2788.342
arg,2017,sex_fmle,442.4708
arg,2017,sex_mle,2345.871
arg,2018,sex_btsx,2695.107
arg,2018,sex_fmle,427.1744
arg,2018,sex_mle,2267.932
arg,2019,sex_btsx,2711.868
arg,2019,sex_fmle,430.1539
arg,2019,sex_mle,2281.714
arm,2000,sex_btsx,137.7742
arm,2000,sex_fmle,29.6996
arm,2000,sex_mle,108.0746
arm,2001,sex_btsx,129.1454
arm,2001,sex_fmle,26.08019
arm,2001,sex_mle,103.0652
arm,2002,sex_btsx,122.5744
arm,2002,sex_fmle,25.05967
arm,2002,sex_mle,97.51471
arm,2003,sex_btsx,117.2891
arm,2003,sex_fmle,22.80243
arm,2003,sex_mle,94.48663
arm,2004,sex_btsx,120.1564
arm,2004,sex_fmle,24.14804
arm,2004,sex_mle,96.0084
arm,2005,sex_btsx,123.1429
arm,2005,sex_fmle,23.17044
arm,2005,sex_mle,99.97246
arm,2006,sex_btsx,126.9311
arm,2006,sex_fmle,24.11091
arm,2006,sex_mle,102.8202
arm,2007,sex_btsx,124.5731
arm,2007,sex_fmle,23.33955
arm,2007,sex_mle,101.2335
arm,2008,sex_btsx,126.1594
arm,2008,sex_fmle,24.76889
arm,2008,sex_mle,101.3905
arm,2009,sex_btsx,126.8397
arm,2009,sex_fmle,23.38038
arm,2009,sex_mle,103.4593
arm,2010,sex_btsx,123.7825
arm,2010,sex_fmle,22.78707
arm,2010,sex_mle,100.9954
arm,2011,sex_btsx,124.5319
arm,2011,sex_fmle,22.69029
arm,2011,sex_mle,101.8416
arm,2012,sex_btsx,124.3797
arm,2012,sex_fmle,24.79969
arm,2012,sex_mle,99.57998
arm,2013,sex_btsx,116.6045
arm,2013,sex_fmle,25.20241
arm,2013,sex_mle,91.4021
arm,2014,sex_btsx,113.6958
arm,2014,sex_fmle,25.04807
arm,2014,sex_mle,88.64773
arm,2015,sex_btsx,113.541
arm,2015,sex_fmle,24.38308
arm,2015,sex_mle,89.15789
arm,2016,sex_btsx,111.4785
arm,2016,sex_fmle,23.66684
arm,2016,sex_mle,87.81161
arm,2017,sex_btsx,110.7382
arm,2017,sex_fmle,23.40404
arm,2017,sex_mle,87.33417
arm,2018,sex_btsx,112.7528
arm,2018,sex_fmle,23.76887
arm,2018,sex_mle,88.98388
arm,2019,sex_btsx,111.9239
arm,2019,sex_fmle,23.52403
arm,2019,sex_mle,88.39986
atg,2000,sex_btsx,3.19408
atg,2000,sex_fmle,0.48636
atg,2000,sex_mle,2.70772
atg,2001,sex_btsx,4.8318
atg,2001,sex_fmle,0.82275
atg,2001,sex_mle,4.00905
atg,2002,sex_btsx,4.00525
atg,2002,sex_fmle,0.68025
atg,2002,sex_mle,3.32501
atg,2003,sex_btsx,4.27014
atg,2003,sex_fmle,0.79184
atg,2003,sex_mle,3.47829
atg,2004,sex_btsx,4.44571
atg,2004,sex_fmle,1.06454
atg,2004,sex_mle,3.38117
atg,2005,sex_btsx,4.97958
atg,2005,sex_fmle,0.6057
atg,2005,sex_mle,4.37388
atg,2006,sex_btsx,3.4113
atg,2006,sex_fmle,0.89786
atg,2006,sex_mle,2.51344
atg,2007,sex_btsx,2.91157
atg,2007,sex_fmle,0.54138
atg,2007,sex_mle,2.37019
atg,2008,sex_btsx,2.53384
atg,2008,sex_fmle,0.64823
atg,2008,sex_mle,1.88561
atg,2009,sex_btsx,2.73276
atg,2009,sex_fmle,0.71725
atg,2009,sex_mle,2.01551
atg,2010,sex_btsx,2.7067
atg,2010,sex_fmle,0.68163
atg,2010,sex_mle,2.02507
atg,2011,sex_btsx,2.55474
atg,2011,sex_fmle,0.6934
atg,2011,sex_mle,1.86134
atg,2012,sex_btsx,2.46114
atg,2012,sex_fmle,0.64072
atg,2012,sex_mle,1.82042
atg,2013,sex_btsx,2.40814
atg,2013,sex_fmle,0.58507
atg,2013,sex_mle,1.82308
atg,2014,sex_btsx,2.31239
atg,2014,sex_fmle,0.51816
atg,2014,sex_mle,1.79423
atg,2015,sex_btsx,2.25641
atg,2015,sex_fmle,0.56486
atg,2015,sex_mle,1.69155
atg,2016,sex_btsx,2.28878
atg,2016,sex_fmle,0.58152
atg,2016,sex_mle,1.70726
atg,2017,sex_btsx,2.29219
atg,2017,sex_fmle,0.58819
atg,2017,sex_mle,1.704
atg,2018,sex_btsx,2.34533
atg,2018,sex_fmle,0.606
atg,2018,sex_mle,1.73933
atg,2019,sex_btsx,2.34838
atg,2019,sex_fmle,0.6097
atg,2019,sex_mle,1.73868
aus,2000,sex_btsx,313.1627
aus,2000,sex_fmle,122.0263
aus,2000,sex_mle,191.1364
aus,2001,sex_btsx,306.701
aus,2001,sex_fmle,104.0371
aus,2001,sex_mle,202.664
aus,2002,sex_btsx,295.0162
aus,2002,sex_fmle,100.8314
aus,2002,sex_mle,194.1847
aus,2003,sex_btsx,257.6622
aus,2003,sex_fmle,79.90129
aus,2003,sex_mle,177.7609
aus,2004,sex_btsx,254.0409
aus,2004,sex_fmle,93.63751
aus,2004,sex_mle,160.4034
aus,2005,sex_btsx,255.0217
aus,2005,sex_fmle,90.63444
aus,2005,sex_mle,164.3873
aus,2006,sex_btsx,266.5863
aus,2006,sex_fmle,94.44859
aus,2006,sex_mle,172.1377
aus,2007,sex_btsx,234.4706
aus,2007,sex_fmle,88.16715
aus,2007,sex_mle,146.3034
aus,2008,sex_btsx,273.6045
aus,2008,sex_fmle,106.1834
aus,2008,sex_mle,167.4211
aus,2009,sex_btsx,287.3435
aus,2009,sex_fmle,83.57449
aus,2009,sex_mle,203.769
aus,2010,sex_btsx,265.6149
aus,2010,sex_fmle,97.03811
aus,2010,sex_mle,168.5768
aus,2011,sex_btsx,262.3607
aus,2011,sex_fmle,100.2202
aus,2011,sex_mle,162.1404
aus,2012,sex_btsx,294.9876
aus,2012,sex_fmle,92.37399
aus,2012,sex_mle,202.6136
aus,2013,sex_btsx,257.3118
aus,2013,sex_fmle,95.53973
aus,2013,sex_mle,161.7721
aus,2014,sex_btsx,258.165
aus,2014,sex_fmle,94.76887
aus,2014,sex_mle,163.3962
aus,2015,sex_btsx,271.6807
aus,2015,sex_fmle,89.27572
aus,2015,sex_mle,182.405
aus,2016,sex_btsx,239.8817
aus,2016,sex_fmle,84.98602
aus,2016,sex_mle,154.8957
aus,2017,sex_btsx,242.1832
aus,2017,sex_fmle,84.73913
aus,2017,sex_mle,157.444
aus,2018,sex_btsx,246.4793
aus,2018,sex_fmle,85.69068
aus,2018,sex_mle,160.7886
aus,2019,sex_btsx,243.4607
aus,2019,sex_fmle,84.03245
aus,2019,sex_mle,159.4283
aut,2000,sex_btsx,81.43589
aut,2000,sex_fmle,39.60241
aut,2000,sex_mle,41.83348
aut,2001,sex_btsx,81.01752
aut,2001,sex_fmle,39.48195
aut,2001,sex_mle,41.53558
aut,2002,sex_btsx,72.71
aut,2002,sex_fmle,34.589
aut,2002,sex_mle,38.121
aut,2003,sex_btsx,49.66872
aut,2003,sex_fmle,23.77297
aut,2003,sex_mle,25.89575
aut,2004,sex_btsx,62.89009
aut,2004,sex_fmle,29.33593
aut,2004,sex_mle,33.55416
aut,2005,sex_btsx,69.96013
aut,2005,sex_fmle,32.87515
aut,2005,sex_mle,37.08498
aut,2006,sex_btsx,71.8476
aut,2006,sex_fmle,33.69463
aut,2006,sex_mle,38.15297
aut,2007,sex_btsx,55.88582
aut,2007,sex_fmle,25.62814
aut,2007,sex_mle,30.25768
aut,2008,sex_btsx,51.56744
aut,2008,sex_fmle,24.09128
aut,2008,sex_mle,27.47615
aut,2009,sex_btsx,62.38558
aut,2009,sex_fmle,28.94269
aut,2009,sex_mle,33.44289
aut,2010,sex_btsx,48.62348
aut,2010,sex_fmle,22.37009
aut,2010,sex_mle,26.2534
aut,2011,sex_btsx,70.1092
aut,2011,sex_fmle,32.7424
aut,2011,sex_mle,37.3668
aut,2012,sex_btsx,77.1368
aut,2012,sex_fmle,35.27501
aut,2012,sex_mle,41.86179
aut,2013,sex_btsx,59.18637
aut,2013,sex_fmle,27.42375
aut,2013,sex_mle,31.76263
aut,2014,sex_btsx,41.5963
aut,2014,sex_fmle,19.67214
aut,2014,sex_mle,21.92416
aut,2015,sex_btsx,55.44312
aut,2015,sex_fmle,25.8759
aut,2015,sex_mle,29.56722
aut,2016,sex_btsx,46.28779
aut,2016,sex_fmle,22.24937
aut,2016,sex_mle,24.03842
aut,2017,sex_btsx,47.14046
aut,2017,sex_fmle,22.72534
aut,2017,sex_mle,24.41513
aut,2018,sex_btsx,47.90832
aut,2018,sex_fmle,23.13102
aut,2018,sex_mle,24.77729
aut,2019,sex_btsx,46.75218
aut,2019,sex_fmle,22.55186
aut,2019,sex_mle,24.20032
aze,2000,sex_btsx,249.1368
aze,2000,sex_fmle,43.52138
aze,2000,sex_mle,205.6154
aze,2001,sex_btsx,244.0093
aze,2001,sex_fmle,45.34174
aze,2001,sex_mle,198.6675
aze,2002,sex_btsx,237.0762
aze,2002,sex_fmle,45.44564
aze,2002,sex_mle,191.6305
aze,2003,sex_btsx,225.9836
aze,2003,sex_fmle,44.68873
aze,2003,sex_mle,181.2949
aze,2004,sex_btsx,226.7207
aze,2004,sex_fmle,43.87615
aze,2004,sex_mle,182.8446
aze,2005,sex_btsx,223.3953
aze,2005,sex_fmle,45.20953
aze,2005,sex_mle,178.1858
aze,2006,sex_btsx,221.6631
aze,2006,sex_fmle,43.96105
aze,2006,sex_mle,177.7021
aze,2007,sex_btsx,220.842
aze,2007,sex_fmle,48.39663
aze,2007,sex_mle,172.4454
aze,2008,sex_btsx,222.2842
aze,2008,sex_fmle,46.22253
aze,2008,sex_mle,176.0616
aze,2009,sex_btsx,226.6978
aze,2009,sex_fmle,48.36486
aze,2009,sex_mle,178.3329
aze,2010,sex_btsx,233.7568
aze,2010,sex_fmle,48.72779
aze,2010,sex_mle,185.0291
aze,2011,sex_btsx,237.2619
aze,2011,sex_fmle,48.38815
aze,2011,sex_mle,188.8737
aze,2012,sex_btsx,240.7226
aze,2012,sex_fmle,50.06965
aze,2012,sex_mle,190.653
aze,2013,sex_btsx,248.9993
aze,2013,sex_fmle,52.14817
aze,2013,sex_mle,196.8512
aze,2014,sex_btsx,254.9379
aze,2014,sex_fmle,53.99447
aze,2014,sex_mle,200.9434
aze,2015,sex_btsx,252.6122
aze,2015,sex_fmle,53.67162
aze,2015,sex_mle,198.9406
aze,2016,sex_btsx,246.3159
aze,2016,sex_fmle,52.52202
aze,2016,sex_mle,193.7939
aze,2017,sex_btsx,242.2391
aze,2017,sex_fmle,51.54159
aze,2017,sex_mle,190.6975
aze,2018,sex_btsx,250.4341
aze,2018,sex_fmle,53.61331
aze,2018,sex_mle,196.8208
aze,2019,sex_btsx,251.5824
aze,2019,sex_fmle,54.07526
aze,2019,sex_mle,197.5071
bdi,2000,sex_btsx,355.0715
bdi,2000,sex_fmle,90.98429
bdi,2000,sex_mle,264.0872
bdi,2001,sex_btsx,360.7309
bdi,2001,sex_fmle,92.87205
bdi,2001,sex_mle,267.8589
bdi,2002,sex_btsx,367.6961
bdi,2002,sex_fmle,95.04867
bdi,2002,sex_mle,272.6474
bdi,2003,sex_btsx,376.477
bdi,2003,sex_fmle,98.55968
bdi,2003,sex_mle,277.9173
bdi,2004,sex_btsx,386.1311
bdi,2004,sex_fmle,100.8631
bdi,2004,sex_mle,285.268
bdi,2005,sex_btsx,395.6798
bdi,2005,sex_fmle,104.0343
bdi,2005,sex_mle,291.6454
bdi,2006,sex_btsx,406.2863
bdi,2006,sex_fmle,107.2639
bdi,2006,sex_mle,299.0224
bdi,2007,sex_btsx,416.9372
bdi,2007,sex_fmle,109.7817
bdi,2007,sex_mle,307.1555
bdi,2008,sex_btsx,427.9169
bdi,2008,sex_fmle,111.7712
bdi,2008,sex_mle,316.1457
bdi,2009,sex_btsx,444.2573
bdi,2009,sex_fmle,113.6403
bdi,2009,sex_mle,330.6169
bdi,2010,sex_btsx,454.1071
bdi,2010,sex_fmle,113.3902
bdi,2010,sex_mle,340.7169
bdi,2011,sex_btsx,483.0204
bdi,2011,sex_fmle,118.5614
bdi,2011,sex_mle,364.459
bdi,2012,sex_btsx,542.6809
bdi,2012,sex_fmle,132.5002
bdi,2012,sex_mle,410.1807
bdi,2013,sex_btsx,580.2505
bdi,2013,sex_fmle,139.5814
bdi,2013,sex_mle,440.6691
bdi,2014,sex_btsx,609.0863
bdi,2014,sex_fmle,147.1726
bdi,2014,sex_mle,461.9137
bdi,2015,sex_btsx,614.5179
bdi,2015,sex_fmle,148.4011
bdi,2015,sex_mle,466.1168
bdi,2016,sex_btsx,667.8568
bdi,2016,sex_fmle,160.5257
bdi,2016,sex_mle,507.3311
bdi,2017,sex_btsx,687.4148
bdi,2017,sex_fmle,164.7361
bdi,2017,sex_mle,522.6787
bdi,2018,sex_btsx,723.608
bdi,2018,sex_fmle,173.1247
bdi,2018,sex_mle,550.4834
bdi,2019,sex_btsx,759.9368
bdi,2019,sex_fmle,181.5418
bdi,2019,sex_mle,578.395
bel,2000,sex_btsx,207.1292
bel,2000,sex_fmle,84.37831
bel,2000,sex_mle,122.7509
bel,2001,sex_btsx,229.607
bel,2001,sex_fmle,93.27268
bel,2001,sex_mle,136.3344
bel,2002,sex_btsx,237.2369
bel,2002,sex_fmle,97.38184
bel,2002,sex_mle,139.8551
bel,2003,sex_btsx,195.4096
bel,2003,sex_fmle,81.12327
bel,2003,sex_mle,114.2863
bel,2004,sex_btsx,214.3603
bel,2004,sex_fmle,89.38636
bel,2004,sex_mle,124.974
bel,2005,sex_btsx,198.6284
bel,2005,sex_fmle,83.32168
bel,2005,sex_mle,115.3068
bel,2006,sex_btsx,186.6912
bel,2006,sex_fmle,77.89859
bel,2006,sex_mle,108.7927
bel,2007,sex_btsx,188.3774
bel,2007,sex_fmle,80.03532
bel,2007,sex_mle,108.3421
bel,2008,sex_btsx,165.0859
bel,2008,sex_fmle,68.22555
bel,2008,sex_mle,96.8604
bel,2009,sex_btsx,168.5806
bel,2009,sex_fmle,71.90104
bel,2009,sex_mle,96.67953
bel,2010,sex_btsx,161.1346
bel,2010,sex_fmle,68.54539
bel,2010,sex_mle,92.58921
bel,2011,sex_btsx,180.184
bel,2011,sex_fmle,77.25676
bel,2011,sex_mle,102.9272
bel,2012,sex_btsx,169.4878
bel,2012,sex_fmle,71.58525
bel,2012,sex_mle,97.90256
bel,2013,sex_btsx,159.486
bel,2013,sex_fmle,69.99105
bel,2013,sex_mle,89.49491
bel,2014,sex_btsx,164.3055
bel,2014,sex_fmle,70.43244
bel,2014,sex_mle,93.87307
bel,2015,sex_btsx,164.6803
bel,2015,sex_fmle,72.1081
bel,2015,sex_mle,92.57216
bel,2016,sex_btsx,163.7724
bel,2016,sex_fmle,72.38108
bel,2016,sex_mle,91.39136
bel,2017,sex_btsx,155.8748
bel,2017,sex_fmle,68.94366
bel,2017,sex_mle,86.93111
bel,2018,sex_btsx,152.4203
bel,2018,sex_fmle,67.45411
bel,2018,sex_mle,84.96621
bel,2019,sex_btsx,149.4945
bel,2019,sex_fmle,66.19493
bel,2019,sex_mle,83.29962
ben,2000,sex_btsx,507.7444
ben,2000,sex_fmle,118.7941
ben,2000,sex_mle,388.9504
ben,2001,sex_btsx,519.8924
ben,2001,sex_fmle,119.9813
ben,2001,sex_mle,399.9111
ben,2002,sex_btsx,530.1193
ben,2002,sex_fmle,121.2256
ben,2002,sex_mle,408.8937
ben,2003,sex_btsx,542.9661
ben,2003,sex_fmle,123.9045
ben,2003,sex_mle,419.0616
ben,2004,sex_btsx,555.6892
ben,2004,sex_fmle,124.7882
ben,2004,sex_mle,430.901
ben,2005,sex_btsx,569.7076
ben,2005,sex_fmle,127.3349
ben,2005,sex_mle,442.3727
ben,2006,sex_btsx,576.3199
ben,2006,sex_fmle,129.5509
ben,2006,sex_mle,446.769
ben,2007,sex_btsx,581.1543
ben,2007,sex_fmle,131.07
ben,2007,sex_mle,450.0843
ben,2008,sex_btsx,586.652
ben,2008,sex_fmle,132.9519
ben,2008,sex_mle,453.7001
ben,2009,sex_btsx,592.566
ben,2009,sex_fmle,135.4853
ben,2009,sex_mle,457.0806
ben,2010,sex_btsx,600.1107
ben,2010,sex_fmle,138.1288
ben,2010,sex_mle,461.982
ben,2011,sex_btsx,620.5132
ben,2011,sex_fmle,143.837
ben,2011,sex_mle,476.6762
ben,2012,sex_btsx,640.4057
ben,2012,sex_fmle,149.1217
ben,2012,sex_mle,491.284
ben,2013,sex_btsx,650.5997
ben,2013,sex_fmle,151.0739
ben,2013,sex_mle,499.5259
ben,2014,sex_btsx,667.2376
ben,2014,sex_fmle,154.7526
ben,2014,sex_mle,512.4851
ben,2015,sex_btsx,680.4557
ben,2015,sex_fmle,158.0275
ben,2015,sex_mle,522.4283
ben,2016,sex_btsx,694.333
ben,2016,sex_fmle,159.9952
ben,2016,sex_mle,534.3377
ben,2017,sex_btsx,699.5966
ben,2017,sex_fmle,162.3945
ben,2017,sex_mle,537.2021
ben,2018,sex_btsx,714.0171
ben,2018,sex_fmle,166.9043
ben,2018,sex_mle,547.1128
ben,2019,sex_btsx,726.1295
ben,2019,sex_fmle,170.7017
ben,2019,sex_mle,555.4278
bfa,2000,sex_btsx,1217.627
bfa,2000,sex_fmle,341.0902
bfa,2000,sex_mle,876.5371
bfa,2001,sex_btsx,1245.249
bfa,2001,sex_fmle,353.0843
bfa,2001,sex_mle,892.1643
bfa,2002,sex_btsx,1295.15
bfa,2002,sex_fmle,364.4861
bfa,2002,sex_mle,930.6641
bfa,2003,sex_btsx,1319.215
bfa,2003,sex_fmle,371.5484
bfa,2003,sex_mle,947.6668
bfa,2004,sex_btsx,1334.168
bfa,2004,sex_fmle,358.3741
bfa,2004,sex_mle,975.7938
bfa,2005,sex_btsx,1366.92
bfa,2005,sex_fmle,366.8918
bfa,2005,sex_mle,1000.028
bfa,2006,sex_btsx,1401.681
bfa,2006,sex_fmle,372.0889
bfa,2006,sex_mle,1029.592
bfa,2007,sex_btsx,1440.007
bfa,2007,sex_fmle,377.2745
bfa,2007,sex_mle,1062.732
bfa,2008,sex_btsx,1479.017
bfa,2008,sex_fmle,385.2385
bfa,2008,sex_mle,1093.778
bfa,2009,sex_btsx,1538.351
bfa,2009,sex_fmle,409.4001
bfa,2009,sex_mle,1128.951
bfa,2010,sex_btsx,1558.993
bfa,2010,sex_fmle,405.1361
bfa,2010,sex_mle,1153.857
bfa,2011,sex_btsx,1599.654
bfa,2011,sex_fmle,430.3132
bfa,2011,sex_mle,1169.341
bfa,2012,sex_btsx,1638.984
bfa,2012,sex_fmle,435.0135
bfa,2012,sex_mle,1203.97
bfa,2013,sex_btsx,1683.032
bfa,2013,sex_fmle,454.5004
bfa,2013,sex_mle,1228.532
bfa,2014,sex_btsx,1743.003
bfa,2014,sex_fmle,484.1674
bfa,2014,sex_mle,1258.836
bfa,2015,sex_btsx,1784.547
bfa,2015,sex_fmle,505.0888
bfa,2015,sex_mle,1279.458
bfa,2016,sex_btsx,1818.296
bfa,2016,sex_fmle,522.0665
bfa,2016,sex_mle,1296.23
bfa,2017,sex_btsx,1835.176
bfa,2017,sex_fmle,531.4872
bfa,2017,sex_mle,1303.688
bfa,2018,sex_btsx,1899.767
bfa,2018,sex_fmle,555.0952
bfa,2018,sex_mle,1344.672
bfa,2019,sex_btsx,1943.304
bfa,2019,sex_fmle,573.1203
bfa,2019,sex_mle,1370.184
bgd,2000,sex_btsx,3889.343
bgd,2000,sex_fmle,1181.336
bgd,2000,sex_mle,2708.007
bgd,2001,sex_btsx,4037.274
bgd,2001,sex_fmle,1257.844
bgd,2001,sex_mle,2779.429
bgd,2002,sex_btsx,4049.576
bgd,2002,sex_fmle,1278.139
bgd,2002,sex_mle,2771.437
bgd,2003,sex_btsx,4110.867
bgd,2003,sex_fmle,1308.059
bgd,2003,sex_mle,2802.807
bgd,2004,sex_btsx,4286.961
bgd,2004,sex_fmle,1349.899
bgd,2004,sex_mle,2937.061
bgd,2005,sex_btsx,4319.783
bgd,2005,sex_fmle,1326.65
bgd,2005,sex_mle,2993.133
bgd,2006,sex_btsx,4523.855
bgd,2006,sex_fmle,1349.454
bgd,2006,sex_mle,3174.401
bgd,2007,sex_btsx,4530.212
bgd,2007,sex_fmle,1337.112
bgd,2007,sex_mle,3193.101
bgd,2008,sex_btsx,4630.732
bgd,2008,sex_fmle,1367.067
bgd,2008,sex_mle,3263.664
bgd,2009,sex_btsx,4690.821
bgd,2009,sex_fmle,1387.352
bgd,2009,sex_mle,3303.469
bgd,2010,sex_btsx,4648.512
bgd,2010,sex_fmle,1387.93
bgd,2010,sex_mle,3260.583
bgd,2011,sex_btsx,4671.389
bgd,2011,sex_fmle,1405.733
bgd,2011,sex_mle,3265.656
bgd,2012,sex_btsx,4755.162
bgd,2012,sex_fmle,1431.422
bgd,2012,sex_mle,3323.74
bgd,2013,sex_btsx,4851.174
bgd,2013,sex_fmle,1455.276
bgd,2013,sex_mle,3395.898
bgd,2014,sex_btsx,4849.449
bgd,2014,sex_fmle,1432.162
bgd,2014,sex_mle,3417.287
bgd,2015,sex_btsx,4669.112
bgd,2015,sex_fmle,1359.253
bgd,2015,sex_mle,3309.859
bgd,2016,sex_btsx,4460.286
bgd,2016,sex_fmle,1265.869
bgd,2016,sex_mle,3194.417
bgd,2017,sex_btsx,4364.185
bgd,2017,sex_fmle,1225.846
bgd,2017,sex_mle,3138.338
bgd,2018,sex_btsx,4617.141
bgd,2018,sex_fmle,1272.579
bgd,2018,sex_mle,3344.562
bgd,2019,sex_btsx,4622.723
bgd,2019,sex_fmle,1245.95
bgd,2019,sex_mle,3376.773
bgr,2000,sex_btsx,306.2622
bgr,2000,sex_fmle,84.94429
bgr,2000,sex_mle,221.3179
bgr,2001,sex_btsx,287.521
bgr,2001,sex_fmle,76.96823
bgr,2001,sex_mle,210.5528
bgr,2002,sex_btsx,263.21
bgr,2002,sex_fmle,70.9085
bgr,2002,sex_mle,192.3015
bgr,2003,sex_btsx,246.4844
bgr,2003,sex_fmle,66.30578
bgr,2003,sex_mle,180.1786
bgr,2004,sex_btsx,230.8667
bgr,2004,sex_fmle,62.58597
bgr,2004,sex_mle,168.2807
bgr,2005,sex_btsx,208.6351
bgr,2005,sex_fmle,57.65196
bgr,2005,sex_mle,150.9832
bgr,2006,sex_btsx,192.3478
bgr,2006,sex_fmle,52.39813
bgr,2006,sex_mle,139.9497
bgr,2007,sex_btsx,179.6915
bgr,2007,sex_fmle,49.11667
bgr,2007,sex_mle,130.5748
bgr,2008,sex_btsx,168.6906
bgr,2008,sex_fmle,45.4597
bgr,2008,sex_mle,123.2309
bgr,2009,sex_btsx,155.9244
bgr,2009,sex_fmle,42.23607
bgr,2009,sex_mle,113.6883
bgr,2010,sex_btsx,146.6209
bgr,2010,sex_fmle,41.39696
bgr,2010,sex_mle,105.224
bgr,2011,sex_btsx,136.5169
bgr,2011,sex_fmle,37.8326
bgr,2011,sex_mle,98.68427
bgr,2012,sex_btsx,131.2077
bgr,2012,sex_fmle,36.22996
bgr,2012,sex_mle,94.97773
bgr,2013,sex_btsx,120.5707
bgr,2013,sex_fmle,33.32037
bgr,2013,sex_mle,87.25035
bgr,2014,sex_btsx,115.7096
bgr,2014,sex_fmle,32.9533
bgr,2014,sex_mle,82.75631
bgr,2015,sex_btsx,112.4872
bgr,2015,sex_fmle,32.38827
bgr,2015,sex_mle,80.09892
bgr,2016,sex_btsx,100.867
bgr,2016,sex_fmle,29.62449
bgr,2016,sex_mle,71.24248
bgr,2017,sex_btsx,101.2836
bgr,2017,sex_fmle,29.71095
bgr,2017,sex_mle,71.57263
bgr,2018,sex_btsx,90.1067
bgr,2018,sex_fmle,26.38563
bgr,2018,sex_mle,63.72107
bgr,2019,sex_btsx,84.44756
bgr,2019,sex_fmle,24.71541
bgr,2019,sex_mle,59.73215
bhr,2000,sex_btsx,10.59784
bhr,2000,sex_fmle,4.62616
bhr,2000,sex_mle,5.97168
bhr,2001,sex_btsx,8.85817
bhr,2001,sex_fmle,3.38238
bhr,2001,sex_mle,5.4758
bhr,2002,sex_btsx,7.95066
bhr,2002,sex_fmle,3.35891
bhr,2002,sex_mle,4.59175
bhr,2003,sex_btsx,7.97024
bhr,2003,sex_fmle,3.00545
bhr,2003,sex_mle,4.96479
bhr,2004,sex_btsx,7.98315
bhr,2004,sex_fmle,2.98823
bhr,2004,sex_mle,4.99493
bhr,2005,sex_btsx,8.13883
bhr,2005,sex_fmle,3.05815
bhr,2005,sex_mle,5.08069
bhr,2006,sex_btsx,8.47907
bhr,2006,sex_fmle,3.39351
bhr,2006,sex_mle,5.08556
bhr,2007,sex_btsx,9.00415
bhr,2007,sex_fmle,2.89025
bhr,2007,sex_mle,6.1139
bhr,2008,sex_btsx,9.47987
bhr,2008,sex_fmle,3.22376
bhr,2008,sex_mle,6.25611
bhr,2009,sex_btsx,9.78003
bhr,2009,sex_fmle,3.54362
bhr,2009,sex_mle,6.23641
bhr,2010,sex_btsx,9.88862
bhr,2010,sex_fmle,4.00898
bhr,2010,sex_mle,5.87964
bhr,2011,sex_btsx,9.98768
bhr,2011,sex_fmle,3.95089
bhr,2011,sex_mle,6.03679
bhr,2012,sex_btsx,7.53972
bhr,2012,sex_fmle,2.79203
bhr,2012,sex_mle,4.74769
bhr,2013,sex_btsx,6.83206
bhr,2013,sex_fmle,2.37387
bhr,2013,sex_mle,4.45818
bhr,2014,sex_btsx,9.34096
bhr,2014,sex_fmle,3.07504
bhr,2014,sex_mle,6.26592
bhr,2015,sex_btsx,7.11884
bhr,2015,sex_fmle,2.48392
bhr,2015,sex_mle,4.63493
bhr,2016,sex_btsx,5.19249
bhr,2016,sex_fmle,1.7796
bhr,2016,sex_mle,3.41289
bhr,2017,sex_btsx,3.2602
bhr,2017,sex_fmle,1.10171
bhr,2017,sex_mle,2.15849
bhr,2018,sex_btsx,5.32717
bhr,2018,sex_fmle,1.75095
bhr,2018,sex_mle,3.57622
bhr,2019,sex_btsx,5.09617
bhr,2019,sex_fmle,1.65115
bhr,2019,sex_mle,3.44502
bhs,2000,sex_btsx,60.15374
bhs,2000,sex_fmle,8.99096
bhs,2000,sex_mle,51.16278
bhs,2001,sex_btsx,52.24197
bhs,2001,sex_fmle,7.01401
bhs,2001,sex_mle,45.22796
bhs,2002,sex_btsx,51.92624
bhs,2002,sex_fmle,6.99179
bhs,2002,sex_mle,44.93445
bhs,2003,sex_btsx,51.43475
bhs,2003,sex_fmle,6.56042
bhs,2003,sex_mle,44.87433
bhs,2004,sex_btsx,51.79506
bhs,2004,sex_fmle,6.65275
bhs,2004,sex_mle,45.14231
bhs,2005,sex_btsx,56.66136
bhs,2005,sex_fmle,7.45516
bhs,2005,sex_mle,49.20621
bhs,2006,sex_btsx,63.77715
bhs,2006,sex_fmle,8.21203
bhs,2006,sex_mle,55.56511
bhs,2007,sex_btsx,73.11393
bhs,2007,sex_fmle,9.42929
bhs,2007,sex_mle,63.68465
bhs,2008,sex_btsx,78.8377
bhs,2008,sex_fmle,9.84445
bhs,2008,sex_mle,68.99324
bhs,2009,sex_btsx,88.1041
bhs,2009,sex_fmle,11.3648
bhs,2009,sex_mle,76.7393
bhs,2010,sex_btsx,97.82482
bhs,2010,sex_fmle,12.39544
bhs,2010,sex_mle,85.42939
bhs,2011,sex_btsx,110.2311
bhs,2011,sex_fmle,14.54715
bhs,2011,sex_mle,95.68398
bhs,2012,sex_btsx,113.1432
bhs,2012,sex_fmle,13.99607
bhs,2012,sex_mle,99.14717
bhs,2013,sex_btsx,118.1012
bhs,2013,sex_fmle,14.91824
bhs,2013,sex_mle,103.1829
bhs,2014,sex_btsx,122.8388
bhs,2014,sex_fmle,15.79446
bhs,2014,sex_mle,107.0443
bhs,2015,sex_btsx,127.2396
bhs,2015,sex_fmle,16.63428
bhs,2015,sex_mle,110.6053
bhs,2016,sex_btsx,122.3001
bhs,2016,sex_fmle,16.19211
bhs,2016,sex_mle,106.108
bhs,2017,sex_btsx,122.8964
bhs,2017,sex_fmle,16.17516
bhs,2017,sex_mle,106.7212
bhs,2018,sex_btsx,141.1323
bhs,2018,sex_fmle,18.49952
bhs,2018,sex_mle,122.6327
bhs,2019,sex_btsx,148.4793
bhs,2019,sex_fmle,19.31707
bhs,2019,sex_mle,129.1623
bih,2000,sex_btsx,105.9152
bih,2000,sex_fmle,26.40638
bih,2000,sex_mle,79.50884
bih,2001,sex_btsx,100.0885
bih,2001,sex_fmle,24.83578
bih,2001,sex_mle,75.25269
bih,2002,sex_btsx,98.01548
bih,2002,sex_fmle,24.85848
bih,2002,sex_mle,73.157
bih,2003,sex_btsx,91.34112
bih,2003,sex_fmle,23.19495
bih,2003,sex_mle,68.14617
bih,2004,sex_btsx,84.67692
bih,2004,sex_fmle,22.04116
bih,2004,sex_mle,62.63576
bih,2005,sex_btsx,82.90839
bih,2005,sex_fmle,20.3819
bih,2005,sex_mle,62.5265
bih,2006,sex_btsx,81.7484
bih,2006,sex_fmle,20.91556
bih,2006,sex_mle,60.83284
bih,2007,sex_btsx,79.23689
bih,2007,sex_fmle,19.65047
bih,2007,sex_mle,59.58642
bih,2008,sex_btsx,77.5192
bih,2008,sex_fmle,18.18042
bih,2008,sex_mle,59.33878
bih,2009,sex_btsx,75.19933
bih,2009,sex_fmle,19.18419
bih,2009,sex_mle,56.01514
bih,2010,sex_btsx,69.99037
bih,2010,sex_fmle,17.61083
bih,2010,sex_mle,52.37954
bih,2011,sex_btsx,66.43798
bih,2011,sex_fmle,16.83115
bih,2011,sex_mle,49.60683
bih,2012,sex_btsx,65.66521
bih,2012,sex_fmle,16.8133
bih,2012,sex_mle,48.85191
bih,2013,sex_btsx,60.94064
bih,2013,sex_fmle,15.65174
bih,2013,sex_mle,45.28891
bih,2014,sex_btsx,59.76857
bih,2014,sex_fmle,15.38831
bih,2014,sex_mle,44.38026
bih,2015,sex_btsx,59.65357
bih,2015,sex_fmle,15.51763
bih,2015,sex_mle,44.13594
bih,2016,sex_btsx,55.68786
bih,2016,sex_fmle,14.47457
bih,2016,sex_mle,41.21329
bih,2017,sex_btsx,52.87995
bih,2017,sex_fmle,13.79435
bih,2017,sex_mle,39.0856
bih,2018,sex_btsx,50.74091
bih,2018,sex_fmle,13.28676
bih,2018,sex_mle,37.45415
bih,2019,sex_btsx,48.85762
bih,2019,sex_fmle,12.84514
bih,2019,sex_mle,36.01248
blr,2000,sex_btsx,1318.416
blr,2000,sex_fmle,490.5132
blr,2000,sex_mle,827.9026
blr,2001,sex_btsx,1292.073
blr,2001,sex_fmle,470.3302
blr,2001,sex_mle,821.7432
blr,2002,sex_btsx,1138.384
blr,2002,sex_fmle,408.3015
blr,2002,sex_mle,730.0823
blr,2003,sex_btsx,1007.085
blr,2003,sex_fmle,351.7538
blr,2003,sex_mle,655.3314
blr,2004,sex_btsx,947.8666
blr,2004,sex_fmle,333.6046
blr,2004,sex_mle,614.262
blr,2005,sex_btsx,897.5588
blr,2005,sex_fmle,304.1715
blr,2005,sex_mle,593.3873
blr,2006,sex_btsx,822.0743
blr,2006,sex_fmle,273.1379
blr,2006,sex_mle,548.9364
blr,2007,sex_btsx,735.6227
blr,2007,sex_fmle,242.338
blr,2007,sex_mle,493.2847
blr,2008,sex_btsx,648.3332
blr,2008,sex_fmle,208.406
blr,2008,sex_mle,439.9272
blr,2009,sex_btsx,574.059
blr,2009,sex_fmle,188.7816
blr,2009,sex_mle,385.2774
blr,2010,sex_btsx,506.8138
blr,2010,sex_fmle,161.3693
blr,2010,sex_mle,345.4444
blr,2011,sex_btsx,460.1777
blr,2011,sex_fmle,143.8701
blr,2011,sex_mle,316.3076
blr,2012,sex_btsx,427.088
blr,2012,sex_fmle,138.6399
blr,2012,sex_mle,288.4481
blr,2013,sex_btsx,408.8281
blr,2013,sex_fmle,133.1816
blr,2013,sex_mle,275.6465
blr,2014,sex_btsx,357.5774
blr,2014,sex_fmle,117.4208
blr,2014,sex_mle,240.1567
blr,2015,sex_btsx,350.178
blr,2015,sex_fmle,116.6899
blr,2015,sex_mle,233.4882
blr,2016,sex_btsx,343.3423
blr,2016,sex_fmle,115.0763
blr,2016,sex_mle,228.266
blr,2017,sex_btsx,336.276
blr,2017,sex_fmle,113.4046
blr,2017,sex_mle,222.8714
blr,2018,sex_btsx,277.4174
blr,2018,sex_fmle,93.7114
blr,2018,sex_mle,183.706
blr,2019,sex_btsx,255.1611
blr,2019,sex_fmle,86.51964
blr,2019,sex_mle,168.6414
blz,2000,sex_btsx,53.72651
blz,2000,sex_fmle,8.59525
blz,2000,sex_mle,45.13126
blz,2001,sex_btsx,64.53607
blz,2001,sex_fmle,10.57097
blz,2001,sex_mle,53.9651
blz,2002,sex_btsx,74.04512
blz,2002,sex_fmle,12.16276
blz,2002,sex_mle,61.88236
blz,2003,sex_btsx,73.83691
blz,2003,sex_fmle,11.25805
blz,2003,sex_mle,62.57886
blz,2004,sex_btsx,79.07827
blz,2004,sex_fmle,12.06601
blz,2004,sex_mle,67.01226
blz,2005,sex_btsx,83.30175
blz,2005,sex_fmle,13.11599
blz,2005,sex_mle,70.18576
blz,2006,sex_btsx,89.81163
blz,2006,sex_fmle,14.2432
blz,2006,sex_mle,75.56842
blz,2007,sex_btsx,95.53174
blz,2007,sex_fmle,15.03828
blz,2007,sex_mle,80.49346
blz,2008,sex_btsx,101.0213
blz,2008,sex_fmle,15.78465
blz,2008,sex_mle,85.23661
blz,2009,sex_btsx,105.9604
blz,2009,sex_fmle,15.60821
blz,2009,sex_mle,90.35223
blz,2010,sex_btsx,117.539
blz,2010,sex_fmle,17.87144
blz,2010,sex_mle,99.66759
blz,2011,sex_btsx,121.38
blz,2011,sex_fmle,18.03427
blz,2011,sex_mle,103.3457
blz,2012,sex_btsx,125.7892
blz,2012,sex_fmle,18.57313
blz,2012,sex_mle,107.2161
blz,2013,sex_btsx,116.7906
blz,2013,sex_fmle,16.12716
blz,2013,sex_mle,100.6634
blz,2014,sex_btsx,121.2484
blz,2014,sex_fmle,16.8794
blz,2014,sex_mle,104.369
blz,2015,sex_btsx,124.1385
blz,2015,sex_fmle,17.04189
blz,2015,sex_mle,107.0966
blz,2016,sex_btsx,130.7819
blz,2016,sex_fmle,17.61952
blz,2016,sex_mle,113.1624
blz,2017,sex_btsx,135.4931
blz,2017,sex_fmle,17.69218
blz,2017,sex_mle,117.8009
blz,2018,sex_btsx,141.1426
blz,2018,sex_fmle,17.86741
blz,2018,sex_mle,123.2751
blz,2019,sex_btsx,145.7696
blz,2019,sex_fmle,17.7352
blz,2019,sex_mle,128.0344
bol,2000,sex_btsx,601.1416
bol,2000,sex_fmle,108.653
bol,2000,sex_mle,492.4886
bol,2001,sex_btsx,610.5461
bol,2001,sex_fmle,109.7156
bol,2001,sex_mle,500.8305
bol,2002,sex_btsx,620.0018
bol,2002,sex_fmle,110.8447
bol,2002,sex_mle,509.157
bol,2003,sex_btsx,629.4774
bol,2003,sex_fmle,111.7181
bol,2003,sex_mle,517.7593
bol,2004,sex_btsx,639.1145
bol,2004,sex_fmle,112.4347
bol,2004,sex_mle,526.6798
bol,2005,sex_btsx,648.8346
bol,2005,sex_fmle,112.1087
bol,2005,sex_mle,536.7259
bol,2006,sex_btsx,704.9768
bol,2006,sex_fmle,120.9492
bol,2006,sex_mle,584.0277
bol,2007,sex_btsx,850.4592
bol,2007,sex_fmle,147.6126
bol,2007,sex_mle,702.8465
bol,2008,sex_btsx,954.2982
bol,2008,sex_fmle,165.5526
bol,2008,sex_mle,788.7456
bol,2009,sex_btsx,1049.548
bol,2009,sex_fmle,182.7066
bol,2009,sex_mle,866.8414
bol,2010,sex_btsx,1223.13
bol,2010,sex_fmle,211.8729
bol,2010,sex_mle,1011.258
bol,2011,sex_btsx,1265.754
bol,2011,sex_fmle,218.5742
bol,2011,sex_mle,1047.18
bol,2012,sex_btsx,1264.474
bol,2012,sex_fmle,216.1998
bol,2012,sex_mle,1048.275
bol,2013,sex_btsx,1161.025
bol,2013,sex_fmle,197.3139
bol,2013,sex_mle,963.7107
bol,2014,sex_btsx,1087.649
bol,2014,sex_fmle,182.6779
bol,2014,sex_mle,904.9708
bol,2015,sex_btsx,981.5465
bol,2015,sex_fmle,163.5417
bol,2015,sex_mle,818.0049
bol,2016,sex_btsx,940.433
bol,2016,sex_fmle,155.5589
bol,2016,sex_mle,784.8741
bol,2017,sex_btsx,953.4268
bol,2017,sex_fmle,156.4154
bol,2017,sex_mle,797.0113
bol,2018,sex_btsx,1086.193
bol,2018,sex_fmle,176.8042
bol,2018,sex_mle,909.3886
bol,2019,sex_btsx,1096.763
bol,2019,sex_fmle,176.9882
bol,2019,sex_mle,919.7749
bra,2000,sex_btsx,56489.66
bra,2000,sex_fmle,5166.704
bra,2000,sex_mle,51322.96
bra,2001,sex_btsx,58987.08
bra,2001,sex_fmle,5317.624
bra,2001,sex_mle,53669.46
bra,2002,sex_btsx,61235.38
bra,2002,sex_fmle,5436.163
bra,2002,sex_mle,55799.21
bra,2003,sex_btsx,62219.35
bra,2003,sex_fmle,5511.383
bra,2003,sex_mle,56707.96
bra,2004,sex_btsx,58991.97
bra,2004,sex_fmle,5275.617
bra,2004,sex_mle,53716.35
bra,2005,sex_btsx,57665.8
bra,2005,sex_fmle,5272.886
bra,2005,sex_mle,52392.92
bra,2006,sex_btsx,58505.64
bra,2006,sex_fmle,5376.47
bra,2006,sex_mle,53129.17
bra,2007,sex_btsx,57610.49
bra,2007,sex_fmle,5260.179
bra,2007,sex_mle,52350.31
bra,2008,sex_btsx,60088.8
bra,2008,sex_fmle,5498.105
bra,2008,sex_mle,54590.7
bra,2009,sex_btsx,62139.87
bra,2009,sex_fmle,5810.877
bra,2009,sex_mle,56328.99
bra,2010,sex_btsx,60959.47
bra,2010,sex_fmle,5686.743
bra,2010,sex_mle,55272.73
bra,2011,sex_btsx,60598.16
bra,2011,sex_fmle,5700.651
bra,2011,sex_mle,54897.51
bra,2012,sex_btsx,65011.46
bra,2012,sex_fmle,6013.978
bra,2012,sex_mle,58997.48
bra,2013,sex_btsx,63942.96
bra,2013,sex_fmle,5924.487
bra,2013,sex_mle,58018.48
bra,2014,sex_btsx,64564.37
bra,2014,sex_fmle,5864.061
bra,2014,sex_mle,58700.31
bra,2015,sex_btsx,64859.39
bra,2015,sex_fmle,5916.048
bra,2015,sex_mle,58943.35
bra,2016,sex_btsx,67936.72
bra,2016,sex_fmle,6212.934
bra,2016,sex_mle,61723.79
bra,2017,sex_btsx,68885.51
bra,2017,sex_fmle,6290.236
bra,2017,sex_mle,62595.27
bra,2018,sex_btsx,68128.52
bra,2018,sex_fmle,6206.888
bra,2018,sex_mle,61921.63
bra,2019,sex_btsx,68779.13
bra,2019,sex_fmle,6249.488
bra,2019,sex_mle,62529.64
brb,2000,sex_btsx,26.64099
brb,2000,sex_fmle,7.48135
brb,2000,sex_mle,19.15964
brb,2001,sex_btsx,27.3834
brb,2001,sex_fmle,7.68824
brb,2001,sex_mle,19.69516
brb,2002,sex_btsx,29.40604
brb,2002,sex_fmle,8.38349
brb,2002,sex_mle,21.02255
brb,2003,sex_btsx,30.68247
brb,2003,sex_fmle,8.84014
brb,2003,sex_mle,21.84234
brb,2004,sex_btsx,31.95926
brb,2004,sex_fmle,9.27227
brb,2004,sex_mle,22.68699
brb,2005,sex_btsx,32.60161
brb,2005,sex_fmle,9.60038
brb,2005,sex_mle,23.00123
brb,2006,sex_btsx,34.22009
brb,2006,sex_fmle,9.90709
brb,2006,sex_mle,24.31301
brb,2007,sex_btsx,33.20093
brb,2007,sex_fmle,9.4121
brb,2007,sex_mle,23.78883
brb,2008,sex_btsx,34.55982
brb,2008,sex_fmle,10.09876
brb,2008,sex_mle,24.46106
brb,2009,sex_btsx,32.32068
brb,2009,sex_fmle,9.19594
brb,2009,sex_mle,23.12475
brb,2010,sex_btsx,33.22669
brb,2010,sex_fmle,9.68055
brb,2010,sex_mle,23.54613
brb,2011,sex_btsx,33.24406
brb,2011,sex_fmle,10.12563
brb,2011,sex_mle,23.11843
brb,2012,sex_btsx,32.52851
brb,2012,sex_fmle,7.26038
brb,2012,sex_mle,25.26812
brb,2013,sex_btsx,32.40827
brb,2013,sex_fmle,9.83557
brb,2013,sex_mle,22.5727
brb,2014,sex_btsx,31.8638
brb,2014,sex_fmle,9.4199
brb,2014,sex_mle,22.4439
brb,2015,sex_btsx,32.00854
brb,2015,sex_fmle,9.42519
brb,2015,sex_mle,22.58335
brb,2016,sex_btsx,31.96279
brb,2016,sex_fmle,9.906
brb,2016,sex_mle,22.05679
brb,2017,sex_btsx,32.14313
brb,2017,sex_fmle,8.96802
brb,2017,sex_mle,23.17512
brb,2018,sex_btsx,32.34996
brb,2018,sex_fmle,8.95295
brb,2018,sex_mle,23.39701
brb,2019,sex_btsx,32.33795
brb,2019,sex_fmle,8.83424
brb,2019,sex_mle,23.5037
brn,2000,sex_btsx,5.20505
brn,2000,sex_fmle,1.79074
brn,2000,sex_mle,3.41431
brn,2001,sex_btsx,4.19478
brn,2001,sex_fmle,1.47191
brn,2001,sex_mle,2.72287
brn,2002,sex_btsx,3.42302
brn,2002,sex_fmle,0.95681
brn,2002,sex_mle,2.46621
brn,2003,sex_btsx,3.25534
brn,2003,sex_fmle,0.92388
brn,2003,sex_mle,2.33146
brn,2004,sex_btsx,3.08023
brn,2004,sex_fmle,0.9868
brn,2004,sex_mle,2.09343
brn,2005,sex_btsx,3.55573
brn,2005,sex_fmle,1.036
brn,2005,sex_mle,2.51973
brn,2006,sex_btsx,4.59263
brn,2006,sex_fmle,1.42415
brn,2006,sex_mle,3.16848
brn,2007,sex_btsx,3.96634
brn,2007,sex_fmle,1.30449
brn,2007,sex_mle,2.66186
brn,2008,sex_btsx,2.68677
brn,2008,sex_fmle,0.9792
brn,2008,sex_mle,1.70757
brn,2009,sex_btsx,2.54899
brn,2009,sex_fmle,0.83931
brn,2009,sex_mle,1.70968
brn,2010,sex_btsx,2.18243
brn,2010,sex_fmle,0.73726
brn,2010,sex_mle,1.44516
brn,2011,sex_btsx,4.31273
brn,2011,sex_fmle,1.2823
brn,2011,sex_mle,3.03043
brn,2012,sex_btsx,3.8731
brn,2012,sex_fmle,1.26108
brn,2012,sex_mle,2.61203
brn,2013,sex_btsx,4.01284
brn,2013,sex_fmle,1.53746
brn,2013,sex_mle,2.47538
brn,2014,sex_btsx,3.46458
brn,2014,sex_fmle,1.26163
brn,2014,sex_mle,2.20295
brn,2015,sex_btsx,4.53165
brn,2015,sex_fmle,1.43392
brn,2015,sex_mle,3.09773
brn,2016,sex_btsx,5.51355
brn,2016,sex_fmle,1.46662
brn,2016,sex_mle,4.04692
brn,2017,sex_btsx,5.04629
brn,2017,sex_fmle,1.81028
brn,2017,sex_mle,3.236
brn,2018,sex_btsx,3.51167
brn,2018,sex_fmle,1.21021
brn,2018,sex_mle,2.30146
brn,2019,sex_btsx,2.99734
brn,2019,sex_fmle,0.99616
brn,2019,sex_mle,2.00118
btn,2000,sex_btsx,19.64205
btn,2000,sex_fmle,5.24375
btn,2000,sex_mle,14.39829
btn,2001,sex_btsx,19.44698
btn,2001,sex_fmle,5.16131
btn,2001,sex_mle,14.28567
btn,2002,sex_btsx,17.96714
btn,2002,sex_fmle,4.73052
btn,2002,sex_mle,13.23662
btn,2003,sex_btsx,13.45908
btn,2003,sex_fmle,3.54895
btn,2003,sex_mle,9.91013
btn,2004,sex_btsx,14.923
btn,2004,sex_fmle,3.88047
btn,2004,sex_mle,11.04253
btn,2005,sex_btsx,14.09363
btn,2005,sex_fmle,3.63441
btn,2005,sex_mle,10.45923
btn,2006,sex_btsx,14.11734
btn,2006,sex_fmle,3.64515
btn,2006,sex_mle,10.47219
btn,2007,sex_btsx,16.10606
btn,2007,sex_fmle,4.17846
btn,2007,sex_mle,11.9276
btn,2008,sex_btsx,16.43339
btn,2008,sex_fmle,4.78632
btn,2008,sex_mle,11.64707
btn,2009,sex_btsx,17.42959
btn,2009,sex_fmle,5.26858
btn,2009,sex_mle,12.16102
btn,2010,sex_btsx,19.51517
btn,2010,sex_fmle,6.09356
btn,2010,sex_mle,13.42162
btn,2011,sex_btsx,23.19342
btn,2011,sex_fmle,7.5507
btn,2011,sex_mle,15.64271
btn,2012,sex_btsx,25.07897
btn,2012,sex_fmle,7.99241
btn,2012,sex_mle,17.08656
btn,2013,sex_btsx,26.60914
btn,2013,sex_fmle,7.22131
btn,2013,sex_mle,19.38783
btn,2014,sex_btsx,19.5185
btn,2014,sex_fmle,5.93303
btn,2014,sex_mle,13.58547
btn,2015,sex_btsx,14.85369
btn,2015,sex_fmle,4.48973
btn,2015,sex_mle,10.36395
btn,2016,sex_btsx,12.25664
btn,2016,sex_fmle,3.80727
btn,2016,sex_mle,8.44937
btn,2017,sex_btsx,14.7295
btn,2017,sex_fmle,3.81192
btn,2017,sex_mle,10.91757
btn,2018,sex_btsx,18.48448
btn,2018,sex_fmle,4.69057
btn,2018,sex_mle,13.79391
btn,2019,sex_btsx,18.32087
btn,2019,sex_fmle,4.55258
btn,2019,sex_mle,13.76829
bwa,2000,sex_btsx,263.2002
bwa,2000,sex_fmle,25.38897
bwa,2000,sex_mle,237.8113
bwa,2001,sex_btsx,269.2367
bwa,2001,sex_fmle,24.67334
bwa,2001,sex_mle,244.5634
bwa,2002,sex_btsx,295.4908
bwa,2002,sex_fmle,26.86898
bwa,2002,sex_mle,268.6218
bwa,2003,sex_btsx,318.9373
bwa,2003,sex_fmle,29.30134
bwa,2003,sex_mle,289.636
bwa,2004,sex_btsx,310.5276
bwa,2004,sex_fmle,28.49313
bwa,2004,sex_mle,282.0344
bwa,2005,sex_btsx,318.7714
bwa,2005,sex_fmle,31.07736
bwa,2005,sex_mle,287.694
bwa,2006,sex_btsx,313.2379
bwa,2006,sex_fmle,31.96239
bwa,2006,sex_mle,281.2755
bwa,2007,sex_btsx,320.4684
bwa,2007,sex_fmle,35.02584
bwa,2007,sex_mle,285.4426
bwa,2008,sex_btsx,326.1571
bwa,2008,sex_fmle,36.77595
bwa,2008,sex_mle,289.3812
bwa,2009,sex_btsx,333.4141
bwa,2009,sex_fmle,38.68427
bwa,2009,sex_mle,294.7298
bwa,2010,sex_btsx,341.7829
bwa,2010,sex_fmle,41.17859
bwa,2010,sex_mle,300.6043
bwa,2011,sex_btsx,340.5973
bwa,2011,sex_fmle,39.77555
bwa,2011,sex_mle,300.8218
bwa,2012,sex_btsx,345.6402
bwa,2012,sex_fmle,40.8187
bwa,2012,sex_mle,304.8215
bwa,2013,sex_btsx,350.3215
bwa,2013,sex_fmle,43.04141
bwa,2013,sex_mle,307.2801
bwa,2014,sex_btsx,354.3538
bwa,2014,sex_fmle,44.9784
bwa,2014,sex_mle,309.3754
bwa,2015,sex_btsx,359.4468
bwa,2015,sex_fmle,47.31701
bwa,2015,sex_mle,312.1298
bwa,2016,sex_btsx,365.8278
bwa,2016,sex_fmle,49.45692
bwa,2016,sex_mle,316.3709
bwa,2017,sex_btsx,373.1599
bwa,2017,sex_fmle,51.8855
bwa,2017,sex_mle,321.2744
bwa,2018,sex_btsx,381.1052
bwa,2018,sex_fmle,54.53862
bwa,2018,sex_mle,326.5666
bwa,2019,sex_btsx,389.2063
bwa,2019,sex_fmle,57.28614
bwa,2019,sex_mle,331.9201
caf,2000,sex_btsx,875.9125
caf,2000,sex_fmle,168.6075
caf,2000,sex_mle,707.305
caf,2001,sex_btsx,895.2565
caf,2001,sex_fmle,171.6619
caf,2001,sex_mle,723.5946
caf,2002,sex_btsx,913.5568
caf,2002,sex_fmle,177.359
caf,2002,sex_mle,736.1978
caf,2003,sex_btsx,930.6867
caf,2003,sex_fmle,180.3641
caf,2003,sex_mle,750.3226
caf,2004,sex_btsx,947.5854
caf,2004,sex_fmle,182.7835
caf,2004,sex_mle,764.802
caf,2005,sex_btsx,961.5636
caf,2005,sex_fmle,184.336
caf,2005,sex_mle,777.2275
caf,2006,sex_btsx,962.568
caf,2006,sex_fmle,187.9864
caf,2006,sex_mle,774.5815
caf,2007,sex_btsx,969.3043
caf,2007,sex_fmle,189.2479
caf,2007,sex_mle,780.0564
caf,2008,sex_btsx,975.0503
caf,2008,sex_fmle,190.6823
caf,2008,sex_mle,784.3681
caf,2009,sex_btsx,977.7341
caf,2009,sex_fmle,194.5742
caf,2009,sex_mle,783.1599
caf,2010,sex_btsx,974.8055
caf,2010,sex_fmle,199.8521
caf,2010,sex_mle,774.9534
caf,2011,sex_btsx,968.2074
caf,2011,sex_fmle,202.7096
caf,2011,sex_mle,765.4978
caf,2012,sex_btsx,957.9205
caf,2012,sex_fmle,202.4737
caf,2012,sex_mle,755.4467
caf,2013,sex_btsx,962.5485
caf,2013,sex_fmle,204.0783
caf,2013,sex_mle,758.4702
caf,2014,sex_btsx,970.9872
caf,2014,sex_fmle,204.8158
caf,2014,sex_mle,766.1714
caf,2015,sex_btsx,984.1898
caf,2015,sex_fmle,204.9725
caf,2015,sex_mle,779.2172
caf,2016,sex_btsx,999.4955
caf,2016,sex_fmle,202.7381
caf,2016,sex_mle,796.7574
caf,2017,sex_btsx,999.4485
caf,2017,sex_fmle,200.0588
caf,2017,sex_mle,799.3897
caf,2018,sex_btsx,999.8077
caf,2018,sex_fmle,196.7051
caf,2018,sex_mle,803.1026
caf,2019,sex_btsx,1008.551
caf,2019,sex_fmle,192.2656
caf,2019,sex_mle,816.2851
can,2000,sex_btsx,543.4806
can,2000,sex_fmle,113.3532
can,2000,sex_mle,430.1274
can,2001,sex_btsx,550.8428
can,2001,sex_fmle,114.0899
can,2001,sex_mle,436.7529
can,2002,sex_btsx,577.3723
can,2002,sex_fmle,123.6463
can,2002,sex_mle,453.7261
can,2003,sex_btsx,545.5635
can,2003,sex_fmle,113.4999
can,2003,sex_mle,432.0636
can,2004,sex_btsx,621.8799
can,2004,sex_fmle,129.252
can,2004,sex_mle,492.6279
can,2005,sex_btsx,662.2655
can,2005,sex_fmle,140.9847
can,2005,sex_mle,521.2807
can,2006,sex_btsx,603.6735
can,2006,sex_fmle,131.5956
can,2006,sex_mle,472.0779
can,2007,sex_btsx,595.1792
can,2007,sex_fmle,130.1229
can,2007,sex_mle,465.0562
can,2008,sex_btsx,614.6709
can,2008,sex_fmle,140.9831
can,2008,sex_mle,473.6878
can,2009,sex_btsx,610.9346
can,2009,sex_fmle,143.4426
can,2009,sex_mle,467.492
can,2010,sex_btsx,557.2538
can,2010,sex_fmle,133.2611
can,2010,sex_mle,423.9927
can,2011,sex_btsx,604.9368
can,2011,sex_fmle,151.0134
can,2011,sex_mle,453.9234
can,2012,sex_btsx,549.5691
can,2012,sex_fmle,137.818
can,2012,sex_mle,411.7511
can,2013,sex_btsx,508.997
can,2013,sex_fmle,128.7688
can,2013,sex_mle,380.2282
can,2014,sex_btsx,523.1218
can,2014,sex_fmle,133.4681
can,2014,sex_mle,389.6537
can,2015,sex_btsx,607.5267
can,2015,sex_fmle,156.1079
can,2015,sex_mle,451.4188
can,2016,sex_btsx,609.5315
can,2016,sex_fmle,157.9206
can,2016,sex_mle,451.6109
can,2017,sex_btsx,660.835
can,2017,sex_fmle,172.4501
can,2017,sex_mle,488.3848
can,2018,sex_btsx,603.5254
can,2018,sex_fmle,158.3067
can,2018,sex_mle,445.2187
can,2019,sex_btsx,605.0322
can,2019,sex_fmle,159.611
can,2019,sex_mle,445.4212
che,2000,sex_btsx,75.21667
che,2000,sex_fmle,30.71535
che,2000,sex_mle,44.50132
che,2001,sex_btsx,79.72304
che,2001,sex_fmle,32.57956
che,2001,sex_mle,47.14348
che,2002,sex_btsx,79.44257
che,2002,sex_fmle,33.94508
che,2002,sex_mle,45.4975
che,2003,sex_btsx,75.56444
che,2003,sex_fmle,31.97059
che,2003,sex_mle,43.59385
che,2004,sex_btsx,73.72374
che,2004,sex_fmle,31.60231
che,2004,sex_mle,42.12144
che,2005,sex_btsx,69.66096
che,2005,sex_fmle,30.34788
che,2005,sex_mle,39.31308
che,2006,sex_btsx,62.60399
che,2006,sex_fmle,27.56679
che,2006,sex_mle,35.03719
che,2007,sex_btsx,56.96696
che,2007,sex_fmle,24.60904
che,2007,sex_mle,32.35792
che,2008,sex_btsx,54.64895
che,2008,sex_fmle,23.28134
che,2008,sex_mle,31.36761
che,2009,sex_btsx,52.50096
che,2009,sex_fmle,22.02442
che,2009,sex_mle,30.47654
che,2010,sex_btsx,51.09953
che,2010,sex_fmle,22.44038
che,2010,sex_mle,28.65916
che,2011,sex_btsx,49.06853
che,2011,sex_fmle,21.53829
che,2011,sex_mle,27.53024
che,2012,sex_btsx,48.72582
che,2012,sex_fmle,21.23763
che,2012,sex_mle,27.48819
che,2013,sex_btsx,50.18616
che,2013,sex_fmle,22.10616
che,2013,sex_mle,28.08
che,2014,sex_btsx,48.23762
che,2014,sex_fmle,21.46795
che,2014,sex_mle,26.76967
che,2015,sex_btsx,50.03262
che,2015,sex_fmle,22.40777
che,2015,sex_mle,27.62485
che,2016,sex_btsx,47.95343
che,2016,sex_fmle,21.57114
che,2016,sex_mle,26.38229
che,2017,sex_btsx,47.08257
che,2017,sex_fmle,21.20174
che,2017,sex_mle,25.88083
che,2018,sex_btsx,43.71894
che,2018,sex_fmle,19.70726
che,2018,sex_mle,24.01169
che,2019,sex_btsx,42.3335
che,2019,sex_fmle,19.10408
che,2019,sex_mle,23.22942
chl,2000,sex_btsx,870.5061
chl,2000,sex_fmle,99.8226
chl,2000,sex_mle,770.6835
chl,2001,sex_btsx,864.6574
chl,2001,sex_fmle,85.52464
chl,2001,sex_mle,779.1328
chl,2002,sex_btsx,832.4922
chl,2002,sex_fmle,84.18317
chl,2002,sex_mle,748.309
chl,2003,sex_btsx,826.3227
chl,2003,sex_fmle,71.55828
chl,2003,sex_mle,754.7644
chl,2004,sex_btsx,854.3689
chl,2004,sex_fmle,78.19809
chl,2004,sex_mle,776.1708
chl,2005,sex_btsx,952.1649
chl,2005,sex_fmle,107.1906
chl,2005,sex_mle,844.9743
chl,2006,sex_btsx,924.5778
chl,2006,sex_fmle,96.65251
chl,2006,sex_mle,827.9253
chl,2007,sex_btsx,769.2867
chl,2007,sex_fmle,101.1979
chl,2007,sex_mle,668.0888
chl,2008,sex_btsx,742.621
chl,2008,sex_fmle,89.13858
chl,2008,sex_mle,653.4824
chl,2009,sex_btsx,929.691
chl,2009,sex_fmle,95.26564
chl,2009,sex_mle,834.4254
chl,2010,sex_btsx,804.3968
chl,2010,sex_fmle,112.1265
chl,2010,sex_mle,692.2702
chl,2011,sex_btsx,820.0681
chl,2011,sex_fmle,86.80736
chl,2011,sex_mle,733.2607
chl,2012,sex_btsx,718.8007
chl,2012,sex_fmle,94.12095
chl,2012,sex_mle,624.6798
chl,2013,sex_btsx,716.0768
chl,2013,sex_fmle,92.37808
chl,2013,sex_mle,623.6987
chl,2014,sex_btsx,880.4028
chl,2014,sex_fmle,107.0128
chl,2014,sex_mle,773.3899
chl,2015,sex_btsx,814.3603
chl,2015,sex_fmle,92.71937
chl,2015,sex_mle,721.6409
chl,2016,sex_btsx,729.6017
chl,2016,sex_fmle,91.35384
chl,2016,sex_mle,638.2478
chl,2017,sex_btsx,740.5498
chl,2017,sex_fmle,94.10305
chl,2017,sex_mle,646.4468
chl,2018,sex_btsx,751.4025
chl,2018,sex_fmle,97.5154
chl,2018,sex_mle,653.8871
chl,2019,sex_btsx,743.723
chl,2019,sex_fmle,98.50253
chl,2019,sex_mle,645.2205
chn,2000,sex_btsx,30241.17
chn,2000,sex_fmle,11699.63
chn,2000,sex_mle,18541.55
chn,2001,sex_btsx,27906.95
chn,2001,sex_fmle,10998.08
chn,2001,sex_mle,16908.86
chn,2002,sex_btsx,25772.39
chn,2002,sex_fmle,10292.27
chn,2002,sex_mle,15480.13
chn,2003,sex_btsx,24399.75
chn,2003,sex_fmle,9721.544
chn,2003,sex_mle,14678.2
chn,2004,sex_btsx,23035.82
chn,2004,sex_fmle,9182.596
chn,2004,sex_mle,13853.22
chn,2005,sex_btsx,21983.94
chn,2005,sex_fmle,8814.309
chn,2005,sex_mle,13169.63
chn,2006,sex_btsx,21410.84
chn,2006,sex_fmle,8678.212
chn,2006,sex_mle,12732.62
chn,2007,sex_btsx,19536.67
chn,2007,sex_fmle,7977.601
chn,2007,sex_mle,11559.07
chn,2008,sex_btsx,18389.52
chn,2008,sex_fmle,7609.806
chn,2008,sex_mle,10779.71
chn,2009,sex_btsx,16895.86
chn,2009,sex_fmle,7083.27
chn,2009,sex_mle,9812.589
chn,2010,sex_btsx,15181.35
chn,2010,sex_fmle,6433.891
chn,2010,sex_mle,8747.463
chn,2011,sex_btsx,15337.87
chn,2011,sex_fmle,6579.53
chn,2011,sex_mle,8758.344
chn,2012,sex_btsx,15533.81
chn,2012,sex_fmle,6719.107
chn,2012,sex_mle,8814.698
chn,2013,sex_btsx,14465.31
chn,2013,sex_fmle,6272.172
chn,2013,sex_mle,8193.135
chn,2014,sex_btsx,13845.08
chn,2014,sex_fmle,6031.261
chn,2014,sex_mle,7813.823
chn,2015,sex_btsx,13369.6
chn,2015,sex_fmle,5829.717
chn,2015,sex_mle,7539.886
chn,2016,sex_btsx,13093.98
chn,2016,sex_fmle,5690.578
chn,2016,sex_mle,7403.4
chn,2017,sex_btsx,12915.88
chn,2017,sex_fmle,5651.86
chn,2017,sex_mle,7264.018
chn,2018,sex_btsx,11656.53
chn,2018,sex_fmle,5130.973
chn,2018,sex_mle,6525.554
chn,2019,sex_btsx,11114.8
chn,2019,sex_fmle,4916.541
chn,2019,sex_mle,6198.262
civ,2000,sex_btsx,2383.833
civ,2000,sex_fmle,799.8489
civ,2000,sex_mle,1583.984
civ,2001,sex_btsx,2428.635
civ,2001,sex_fmle,805.2875
civ,2001,sex_mle,1623.348
civ,2002,sex_btsx,2462.31
civ,2002,sex_fmle,807.6262
civ,2002,sex_mle,1654.684
civ,2003,sex_btsx,2490.413
civ,2003,sex_fmle,820.7126
civ,2003,sex_mle,1669.7
civ,2004,sex_btsx,2510.131
civ,2004,sex_fmle,840.1771
civ,2004,sex_mle,1669.953
civ,2005,sex_btsx,2538.353
civ,2005,sex_fmle,857.4901
civ,2005,sex_mle,1680.863
civ,2006,sex_btsx,2549.032
civ,2006,sex_fmle,873.1623
civ,2006,sex_mle,1675.87
civ,2007,sex_btsx,2569.46
civ,2007,sex_fmle,892.3799
civ,2007,sex_mle,1677.081
civ,2008,sex_btsx,2594.909
civ,2008,sex_fmle,908.2213
civ,2008,sex_mle,1686.688
civ,2009,sex_btsx,2634.648
civ,2009,sex_fmle,932.8366
civ,2009,sex_mle,1701.811
civ,2010,sex_btsx,2671.186
civ,2010,sex_fmle,964.7474
civ,2010,sex_mle,1706.439
civ,2011,sex_btsx,2664.366
civ,2011,sex_fmle,970.6774
civ,2011,sex_mle,1693.688
civ,2012,sex_btsx,2653.013
civ,2012,sex_fmle,986.0154
civ,2012,sex_mle,1666.998
civ,2013,sex_btsx,2741.203
civ,2013,sex_fmle,1039.391
civ,2013,sex_mle,1701.812
civ,2014,sex_btsx,2788.65
civ,2014,sex_fmle,1075.036
civ,2014,sex_mle,1713.613
civ,2015,sex_btsx,2826.563
civ,2015,sex_fmle,1108.47
civ,2015,sex_mle,1718.092
civ,2016,sex_btsx,2855.71
civ,2016,sex_fmle,1130.442
civ,2016,sex_mle,1725.268
civ,2017,sex_btsx,2875.898
civ,2017,sex_fmle,1146.818
civ,2017,sex_mle,1729.08
civ,2018,sex_btsx,2919.333
civ,2018,sex_fmle,1170.596
civ,2018,sex_mle,1748.736
civ,2019,sex_btsx,2954.56
civ,2019,sex_fmle,1187.702
civ,2019,sex_mle,1766.858
cmr,2000,sex_btsx,1477.11
cmr,2000,sex_fmle,304.9355
cmr,2000,sex_mle,1172.174
cmr,2001,sex_btsx,1568.368
cmr,2001,sex_fmle,317.7046
cmr,2001,sex_mle,1250.663
cmr,2002,sex_btsx,1654.048
cmr,2002,sex_fmle,329.718
cmr,2002,sex_mle,1324.33
cmr,2003,sex_btsx,1703.744
cmr,2003,sex_fmle,333.8933
cmr,2003,sex_mle,1369.85
cmr,2004,sex_btsx,1736.819
cmr,2004,sex_fmle,334.1412
cmr,2004,sex_mle,1402.678
cmr,2005,sex_btsx,1759.202
cmr,2005,sex_fmle,333.1783
cmr,2005,sex_mle,1426.023
cmr,2006,sex_btsx,1754.585
cmr,2006,sex_fmle,329.8699
cmr,2006,sex_mle,1424.715
cmr,2007,sex_btsx,1761.233
cmr,2007,sex_fmle,330.7813
cmr,2007,sex_mle,1430.452
cmr,2008,sex_btsx,1780.58
cmr,2008,sex_fmle,332.3765
cmr,2008,sex_mle,1448.204
cmr,2009,sex_btsx,1852.261
cmr,2009,sex_fmle,346.2726
cmr,2009,sex_mle,1505.989
cmr,2010,sex_btsx,1832.677
cmr,2010,sex_fmle,343.9025
cmr,2010,sex_mle,1488.774
cmr,2011,sex_btsx,1813.807
cmr,2011,sex_fmle,340.853
cmr,2011,sex_mle,1472.954
cmr,2012,sex_btsx,1799.378
cmr,2012,sex_fmle,339.9485
cmr,2012,sex_mle,1459.429
cmr,2013,sex_btsx,1727.087
cmr,2013,sex_fmle,327.212
cmr,2013,sex_mle,1399.875
cmr,2014,sex_btsx,1643.868
cmr,2014,sex_fmle,313.9863
cmr,2014,sex_mle,1329.881
cmr,2015,sex_btsx,1639.823
cmr,2015,sex_fmle,317.9262
cmr,2015,sex_mle,1321.897
cmr,2016,sex_btsx,1659.2
cmr,2016,sex_fmle,325.7523
cmr,2016,sex_mle,1333.448
cmr,2017,sex_btsx,1676.194
cmr,2017,sex_fmle,337.1279
cmr,2017,sex_mle,1339.066
cmr,2018,sex_btsx,1675.622
cmr,2018,sex_fmle,346.1024
cmr,2018,sex_mle,1329.519
cmr,2019,sex_btsx,1666.222
cmr,2019,sex_fmle,353.0545
cmr,2019,sex_mle,1313.167
cod,2000,sex_btsx,6810.259
cod,2000,sex_fmle,1556.199
cod,2000,sex_mle,5254.06
cod,2001,sex_btsx,7001.119
cod,2001,sex_fmle,1570.613
cod,2001,sex_mle,5430.506
cod,2002,sex_btsx,7234.189
cod,2002,sex_fmle,1591.574
cod,2002,sex_mle,5642.615
cod,2003,sex_btsx,7407.181
cod,2003,sex_fmle,1610.617
cod,2003,sex_mle,5796.563
cod,2004,sex_btsx,7588.564
cod,2004,sex_fmle,1627.929
cod,2004,sex_mle,5960.635
cod,2005,sex_btsx,7776.741
cod,2005,sex_fmle,1621.524
cod,2005,sex_mle,6155.217
cod,2006,sex_btsx,7965.768
cod,2006,sex_fmle,1641.424
cod,2006,sex_mle,6324.344
cod,2007,sex_btsx,8161.536
cod,2007,sex_fmle,1659.644
cod,2007,sex_mle,6501.892
cod,2008,sex_btsx,8389.903
cod,2008,sex_fmle,1689.309
cod,2008,sex_mle,6700.593
cod,2009,sex_btsx,8635.096
cod,2009,sex_fmle,1728.457
cod,2009,sex_mle,6906.639
cod,2010,sex_btsx,8884.964
cod,2010,sex_fmle,1778.871
cod,2010,sex_mle,7106.093
cod,2011,sex_btsx,9071.819
cod,2011,sex_fmle,1823.813
cod,2011,sex_mle,7248.005
cod,2012,sex_btsx,9247.823
cod,2012,sex_fmle,1871.447
cod,2012,sex_mle,7376.375
cod,2013,sex_btsx,9565.039
cod,2013,sex_fmle,1957.099
cod,2013,sex_mle,7607.939
cod,2014,sex_btsx,9885.805
cod,2014,sex_fmle,2041.666
cod,2014,sex_mle,7844.138
cod,2015,sex_btsx,10205.76
cod,2015,sex_fmle,2126.639
cod,2015,sex_mle,8079.12
cod,2016,sex_btsx,10478.77
cod,2016,sex_fmle,2173.729
cod,2016,sex_mle,8305.041
cod,2017,sex_btsx,10607.11
cod,2017,sex_fmle,2212.254
cod,2017,sex_mle,8394.856
cod,2018,sex_btsx,10934.27
cod,2018,sex_fmle,2294.083
cod,2018,sex_mle,8640.192
cod,2019,sex_btsx,11120.37
cod,2019,sex_fmle,2334.853
cod,2019,sex_mle,8785.52
cog,2000,sex_btsx,386.3474
cog,2000,sex_fmle,81.11472
cog,2000,sex_mle,305.2327
cog,2001,sex_btsx,396.3157
cog,2001,sex_fmle,83.17659
cog,2001,sex_mle,313.1391
cog,2002,sex_btsx,405.0203
cog,2002,sex_fmle,83.86674
cog,2002,sex_mle,321.1536
cog,2003,sex_btsx,412.4792
cog,2003,sex_fmle,85.43067
cog,2003,sex_mle,327.0485
cog,2004,sex_btsx,419.0722
cog,2004,sex_fmle,86.94986
cog,2004,sex_mle,332.1224
cog,2005,sex_btsx,423.9512
cog,2005,sex_fmle,87.10321
cog,2005,sex_mle,336.848
cog,2006,sex_btsx,430.6494
cog,2006,sex_fmle,87.14648
cog,2006,sex_mle,343.5029
cog,2007,sex_btsx,439.2505
cog,2007,sex_fmle,88.31298
cog,2007,sex_mle,350.9375
cog,2008,sex_btsx,447.8116
cog,2008,sex_fmle,89.71857
cog,2008,sex_mle,358.093
cog,2009,sex_btsx,457.5702
cog,2009,sex_fmle,91.4263
cog,2009,sex_mle,366.1439
cog,2010,sex_btsx,467.5917
cog,2010,sex_fmle,93.896
cog,2010,sex_mle,373.6957
cog,2011,sex_btsx,473.9451
cog,2011,sex_fmle,95.7904
cog,2011,sex_mle,378.1547
cog,2012,sex_btsx,479.1713
cog,2012,sex_fmle,99.19089
cog,2012,sex_mle,379.9804
cog,2013,sex_btsx,490.7256
cog,2013,sex_fmle,97.80707
cog,2013,sex_mle,392.9185
cog,2014,sex_btsx,499.3994
cog,2014,sex_fmle,99.14757
cog,2014,sex_mle,400.2518
cog,2015,sex_btsx,509.8121
cog,2015,sex_fmle,101.0166
cog,2015,sex_mle,408.7955
cog,2016,sex_btsx,523.0874
cog,2016,sex_fmle,103.1822
cog,2016,sex_mle,419.9051
cog,2017,sex_btsx,526.1168
cog,2017,sex_fmle,104.9425
cog,2017,sex_mle,421.1743
cog,2018,sex_btsx,531.6872
cog,2018,sex_fmle,107.325
cog,2018,sex_mle,424.3622
cog,2019,sex_btsx,538.7526
cog,2019,sex_fmle,110.0627
cog,2019,sex_mle,428.6898
col,2000,sex_btsx,36591.42
col,2000,sex_fmle,2740.568
col,2000,sex_mle,33850.85
col,2001,sex_btsx,38311.43
col,2001,sex_fmle,3144.353
col,2001,sex_mle,35167.07
col,2002,sex_btsx,40179.03
col,2002,sex_fmle,3299.816
col,2002,sex_mle,36879.22
col,2003,sex_btsx,31425.02
col,2003,sex_fmle,2727.321
col,2003,sex_mle,28697.7
col,2004,sex_btsx,29643.52
col,2004,sex_fmle,2506.911
col,2004,sex_mle,27136.61
col,2005,sex_btsx,25373.37
col,2005,sex_fmle,2250.712
col,2005,sex_mle,23122.66
col,2006,sex_btsx,25555.08
col,2006,sex_fmle,2024.095
col,2006,sex_mle,23530.98
col,2007,sex_btsx,24196.44
col,2007,sex_fmle,1997.459
col,2007,sex_mle,22198.98
col,2008,sex_btsx,25164.56
col,2008,sex_fmle,2111.646
col,2008,sex_mle,23052.91
col,2009,sex_btsx,29379.65
col,2009,sex_fmle,2511.004
col,2009,sex_mle,26868.65
col,2010,sex_btsx,28046.03
col,2010,sex_fmle,2424.114
col,2010,sex_mle,25621.92
col,2011,sex_btsx,26241.07
col,2011,sex_fmle,2298.844
col,2011,sex_mle,23942.23
col,2012,sex_btsx,25268.21
col,2012,sex_fmle,2172.068
col,2012,sex_mle,23096.14
col,2013,sex_btsx,23994.13
col,2013,sex_fmle,2033.195
col,2013,sex_mle,21960.93
col,2014,sex_btsx,22391.19
col,2014,sex_fmle,1935.66
col,2014,sex_mle,20455.53
col,2015,sex_btsx,21100.49
col,2015,sex_fmle,1728.409
col,2015,sex_mle,19372.08
col,2016,sex_btsx,20749.91
col,2016,sex_fmle,1864.995
col,2016,sex_mle,18884.92
col,2017,sex_btsx,20189.21
col,2017,sex_fmle,1832.246
col,2017,sex_mle,18356.96
col,2018,sex_btsx,19859.57
col,2018,sex_fmle,1810.409
col,2018,sex_mle,18049.16
col,2019,sex_btsx,19268.23
col,2019,sex_fmle,1758.009
col,2019,sex_mle,17510.22
com,2000,sex_btsx,57.99931
com,2000,sex_fmle,14.94735
com,2000,sex_mle,43.05196
com,2001,sex_btsx,58.46442
com,2001,sex_fmle,14.99903
com,2001,sex_mle,43.46539
com,2002,sex_btsx,58.96241
com,2002,sex_fmle,15.25015
com,2002,sex_mle,43.71225
com,2003,sex_btsx,59.25388
com,2003,sex_fmle,15.07677
com,2003,sex_mle,44.17711
com,2004,sex_btsx,59.39888
com,2004,sex_fmle,15.0751
com,2004,sex_mle,44.32378
com,2005,sex_btsx,59.34713
com,2005,sex_fmle,15.30333
com,2005,sex_mle,44.0438
com,2006,sex_btsx,59.1074
com,2006,sex_fmle,15.47046
com,2006,sex_mle,43.63694
com,2007,sex_btsx,58.94354
com,2007,sex_fmle,15.8261
com,2007,sex_mle,43.11744
com,2008,sex_btsx,59.10884
com,2008,sex_fmle,15.15551
com,2008,sex_mle,43.95332
com,2009,sex_btsx,58.6138
com,2009,sex_fmle,16.60511
com,2009,sex_mle,42.00869
com,2010,sex_btsx,59.60803
com,2010,sex_fmle,15.38107
com,2010,sex_mle,44.22696
com,2011,sex_btsx,58.91921
com,2011,sex_fmle,16.17033
com,2011,sex_mle,42.74888
com,2012,sex_btsx,59.65814
com,2012,sex_fmle,15.72164
com,2012,sex_mle,43.9365
com,2013,sex_btsx,60.64502
com,2013,sex_fmle,15.93618
com,2013,sex_mle,44.70885
com,2014,sex_btsx,61.22553
com,2014,sex_fmle,15.68765
com,2014,sex_mle,45.53788
com,2015,sex_btsx,62.29076
com,2015,sex_fmle,15.9321
com,2015,sex_mle,46.35866
com,2016,sex_btsx,63.22549
com,2016,sex_fmle,16.08612
com,2016,sex_mle,47.13937
com,2017,sex_btsx,63.24771
com,2017,sex_fmle,16.10095
com,2017,sex_mle,47.14676
com,2018,sex_btsx,62.97249
com,2018,sex_fmle,16.03025
com,2018,sex_mle,46.94223
com,2019,sex_btsx,63.21834
com,2019,sex_fmle,16.04721
com,2019,sex_mle,47.17113
cpv,2000,sex_btsx,39.61828
cpv,2000,sex_fmle,8.9172
cpv,2000,sex_mle,30.70107
cpv,2001,sex_btsx,40.05635
cpv,2001,sex_fmle,9.02311
cpv,2001,sex_mle,31.03324
cpv,2002,sex_btsx,40.52466
cpv,2002,sex_fmle,9.11059
cpv,2002,sex_mle,31.41408
cpv,2003,sex_btsx,41.08478
cpv,2003,sex_fmle,9.19984
cpv,2003,sex_mle,31.88494
cpv,2004,sex_btsx,41.77237
cpv,2004,sex_fmle,9.25899
cpv,2004,sex_mle,32.51338
cpv,2005,sex_btsx,38.82847
cpv,2005,sex_fmle,8.5088
cpv,2005,sex_mle,30.31967
cpv,2006,sex_btsx,39.27058
cpv,2006,sex_fmle,8.5731
cpv,2006,sex_mle,30.69748
cpv,2007,sex_btsx,39.07441
cpv,2007,sex_fmle,8.6811
cpv,2007,sex_mle,30.39332
cpv,2008,sex_btsx,41.43231
cpv,2008,sex_fmle,9.11027
cpv,2008,sex_mle,32.32204
cpv,2009,sex_btsx,44.7624
cpv,2009,sex_fmle,9.93933
cpv,2009,sex_mle,34.82307
cpv,2010,sex_btsx,48.69453
cpv,2010,sex_fmle,11.01607
cpv,2010,sex_mle,37.67846
cpv,2011,sex_btsx,54.78388
cpv,2011,sex_fmle,12.56178
cpv,2011,sex_mle,42.22209
cpv,2012,sex_btsx,58.78606
cpv,2012,sex_fmle,13.53909
cpv,2012,sex_mle,45.24697
cpv,2013,sex_btsx,61.01408
cpv,2013,sex_fmle,14.07447
cpv,2013,sex_mle,46.93962
cpv,2014,sex_btsx,63.61922
cpv,2014,sex_fmle,14.60109
cpv,2014,sex_mle,49.01813
cpv,2015,sex_btsx,61.36824
cpv,2015,sex_fmle,14.21314
cpv,2015,sex_mle,47.1551
cpv,2016,sex_btsx,64.77571
cpv,2016,sex_fmle,14.76855
cpv,2016,sex_mle,50.00717
cpv,2017,sex_btsx,65.61278
cpv,2017,sex_fmle,15.02002
cpv,2017,sex_mle,50.59276
cpv,2018,sex_btsx,70.51477
cpv,2018,sex_fmle,16.22927
cpv,2018,sex_mle,54.2855
cpv,2019,sex_btsx,73.46032
cpv,2019,sex_fmle,16.97948
cpv,2019,sex_mle,56.48084
cri,2000,sex_btsx,250.9605
cri,2000,sex_fmle,44.74087
cri,2000,sex_mle,206.2196
cri,2001,sex_btsx,258.2087
cri,2001,sex_fmle,28.962
cri,2001,sex_mle,229.2467
cri,2002,sex_btsx,258.6286
cri,2002,sex_fmle,36.28673
cri,2002,sex_mle,222.3418
cri,2003,sex_btsx,301.7473
cri,2003,sex_fmle,38.8694
cri,2003,sex_mle,262.8779
cri,2004,sex_btsx,281.519
cri,2004,sex_fmle,40.42353
cri,2004,sex_mle,241.0955
cri,2005,sex_btsx,336.0959
cri,2005,sex_fmle,62.08979
cri,2005,sex_mle,274.0061
cri,2006,sex_btsx,352.6391
cri,2006,sex_fmle,43.39327
cri,2006,sex_mle,309.2458
cri,2007,sex_btsx,366.4742
cri,2007,sex_fmle,36.04912
cri,2007,sex_mle,330.4251
cri,2008,sex_btsx,510.4834
cri,2008,sex_fmle,65.53467
cri,2008,sex_mle,444.9488
cri,2009,sex_btsx,523.4279
cri,2009,sex_fmle,55.23341
cri,2009,sex_mle,468.1945
cri,2010,sex_btsx,529.9878
cri,2010,sex_fmle,53.23631
cri,2010,sex_mle,476.7515
cri,2011,sex_btsx,477.6724
cri,2011,sex_fmle,70.81872
cri,2011,sex_mle,406.8537
cri,2012,sex_btsx,408.4336
cri,2012,sex_fmle,51.96449
cri,2012,sex_mle,356.4691
cri,2013,sex_btsx,413.4166
cri,2013,sex_fmle,39.44053
cri,2013,sex_mle,373.9761
cri,2014,sex_btsx,480.066
cri,2014,sex_fmle,55.62421
cri,2014,sex_mle,424.4418
cri,2015,sex_btsx,553.9333
cri,2015,sex_fmle,63.29681
cri,2015,sex_mle,490.6365
cri,2016,sex_btsx,574.2911
cri,2016,sex_fmle,66.04761
cri,2016,sex_mle,508.2435
cri,2017,sex_btsx,599.9278
cri,2017,sex_fmle,65.05492
cri,2017,sex_mle,534.8729
cri,2018,sex_btsx,610.5395
cri,2018,sex_fmle,64.7275
cri,2018,sex_mle,545.812
cri,2019,sex_btsx,635.2824
cri,2019,sex_fmle,65.92498
cri,2019,sex_mle,569.3574
cub,2000,sex_btsx,608.8189
cub,2000,sex_fmle,159.615
cub,2000,sex_mle,449.2038
cub,2001,sex_btsx,625.691
cub,2001,sex_fmle,164.9399
cub,2001,sex_mle,460.7511
cub,2002,sex_btsx,678.0453
cub,2002,sex_fmle,189.5216
cub,2002,sex_mle,488.5237
cub,2003,sex_btsx,660.924
cub,2003,sex_fmle,158.2006
cub,2003,sex_mle,502.7234
cub,2004,sex_btsx,681.0098
cub,2004,sex_fmle,152.0008
cub,2004,sex_mle,529.0089
cub,2005,sex_btsx,713.6553
cub,2005,sex_fmle,176.7054
cub,2005,sex_mle,536.9499
cub,2006,sex_btsx,596.0715
cub,2006,sex_fmle,138.2199
cub,2006,sex_mle,457.8516
cub,2007,sex_btsx,589.1545
cub,2007,sex_fmle,143.4261
cub,2007,sex_mle,445.7284
cub,2008,sex_btsx,535.9652
cub,2008,sex_fmle,124.5587
cub,2008,sex_mle,411.4066
cub,2009,sex_btsx,584.1909
cub,2009,sex_fmle,156.9399
cub,2009,sex_mle,427.2509
cub,2010,sex_btsx,519.4135
cub,2010,sex_fmle,129.4748
cub,2010,sex_mle,389.9387
cub,2011,sex_btsx,551.008
cub,2011,sex_fmle,137.3228
cub,2011,sex_mle,413.6853
cub,2012,sex_btsx,641.8085
cub,2012,sex_fmle,141.9008
cub,2012,sex_mle,499.9077
cub,2013,sex_btsx,703.0721
cub,2013,sex_fmle,154.401
cub,2013,sex_mle,548.6712
cub,2014,sex_btsx,619.4008
cub,2014,sex_fmle,160.2233
cub,2014,sex_mle,459.1775
cub,2015,sex_btsx,644.3799
cub,2015,sex_fmle,143.4776
cub,2015,sex_mle,500.9023
cub,2016,sex_btsx,595.5489
cub,2016,sex_fmle,123.8429
cub,2016,sex_mle,471.706
cub,2017,sex_btsx,539.0244
cub,2017,sex_fmle,135.4679
cub,2017,sex_mle,403.5565
cub,2018,sex_btsx,585.0987
cub,2018,sex_fmle,131.3241
cub,2018,sex_mle,453.7746
cub,2019,sex_btsx,583.6234
cub,2019,sex_fmle,130.5878
cub,2019,sex_mle,453.0356
cyp,2000,sex_btsx,18.05041
cyp,2000,sex_fmle,6.114
cyp,2000,sex_mle,11.93641
cyp,2001,sex_btsx,17.55897
cyp,2001,sex_fmle,5.35997
cyp,2001,sex_mle,12.199
cyp,2002,sex_btsx,17.33791
cyp,2002,sex_fmle,5.63157
cyp,2002,sex_mle,11.70634
cyp,2003,sex_btsx,15.74855
cyp,2003,sex_fmle,4.29802
cyp,2003,sex_mle,11.45054
cyp,2004,sex_btsx,15.14038
cyp,2004,sex_fmle,7.52263
cyp,2004,sex_mle,7.61775
cyp,2005,sex_btsx,19.65446
cyp,2005,sex_fmle,2.6666
cyp,2005,sex_mle,16.98787
cyp,2006,sex_btsx,20.41576
cyp,2006,sex_fmle,6.66291
cyp,2006,sex_mle,13.75285
cyp,2007,sex_btsx,16.50762
cyp,2007,sex_fmle,4.47885
cyp,2007,sex_mle,12.02877
cyp,2008,sex_btsx,11.71388
cyp,2008,sex_fmle,4.26959
cyp,2008,sex_mle,7.44429
cyp,2009,sex_btsx,25.0884
cyp,2009,sex_fmle,10.61578
cyp,2009,sex_mle,14.47262
cyp,2010,sex_btsx,6.1202
cyp,2010,sex_fmle,0.01619
cyp,2010,sex_mle,6.10401
cyp,2011,sex_btsx,31.77402
cyp,2011,sex_fmle,11.62029
cyp,2011,sex_mle,20.15374
cyp,2012,sex_btsx,27.00665
cyp,2012,sex_fmle,7.01524
cyp,2012,sex_mle,19.99141
cyp,2013,sex_btsx,18.21442
cyp,2013,sex_fmle,6.66283
cyp,2013,sex_mle,11.55159
cyp,2014,sex_btsx,13.6572
cyp,2014,sex_fmle,8.04197
cyp,2014,sex_mle,5.61523
cyp,2015,sex_btsx,16.16327
cyp,2015,sex_fmle,5.50127
cyp,2015,sex_mle,10.662
cyp,2016,sex_btsx,14.97139
cyp,2016,sex_fmle,6.5196
cyp,2016,sex_mle,8.45179
cyp,2017,sex_btsx,14.26077
cyp,2017,sex_fmle,6.40757
cyp,2017,sex_mle,7.85319
cyp,2018,sex_btsx,15.58379
cyp,2018,sex_fmle,7.04451
cyp,2018,sex_mle,8.53928
cyp,2019,sex_btsx,15.28892
cyp,2019,sex_fmle,6.92258
cyp,2019,sex_mle,8.36634
cze,2000,sex_btsx,164.8676
cze,2000,sex_fmle,57.09184
cze,2000,sex_mle,107.7758
cze,2001,sex_btsx,148.7156
cze,2001,sex_fmle,52.78559
cze,2001,sex_mle,95.93004
cze,2002,sex_btsx,144.6308
cze,2002,sex_fmle,51.50544
cze,2002,sex_mle,93.12534
cze,2003,sex_btsx,144.154
cze,2003,sex_fmle,50.5863
cze,2003,sex_mle,93.56769
cze,2004,sex_btsx,134.0585
cze,2004,sex_fmle,46.00125
cze,2004,sex_mle,88.05729
cze,2005,sex_btsx,124.0194
cze,2005,sex_fmle,44.69113
cze,2005,sex_mle,79.3283
cze,2006,sex_btsx,123.391
cze,2006,sex_fmle,44.35096
cze,2006,sex_mle,79.03999
cze,2007,sex_btsx,119.5486
cze,2007,sex_fmle,41.9795
cze,2007,sex_mle,77.56908
cze,2008,sex_btsx,111.7641
cze,2008,sex_fmle,39.65486
cze,2008,sex_mle,72.10924
cze,2009,sex_btsx,103.9826
cze,2009,sex_fmle,38.16715
cze,2009,sex_mle,65.81546
cze,2010,sex_btsx,100.5166
cze,2010,sex_fmle,36.50036
cze,2010,sex_mle,64.0162
cze,2011,sex_btsx,95.68101
cze,2011,sex_fmle,35.38234
cze,2011,sex_mle,60.29867
cze,2012,sex_btsx,95.50029
cze,2012,sex_fmle,35.54533
cze,2012,sex_mle,59.95496
cze,2013,sex_btsx,90.31492
cze,2013,sex_fmle,33.91555
cze,2013,sex_mle,56.39936
cze,2014,sex_btsx,85.14599
cze,2014,sex_fmle,31.87503
cze,2014,sex_mle,53.27096
cze,2015,sex_btsx,81.89188
cze,2015,sex_fmle,31.3227
cze,2015,sex_mle,50.56918
cze,2016,sex_btsx,74.57873
cze,2016,sex_fmle,28.84736
cze,2016,sex_mle,45.73137
cze,2017,sex_btsx,71.52338
cze,2017,sex_fmle,27.66374
cze,2017,sex_mle,43.85964
cze,2018,sex_btsx,69.44382
cze,2018,sex_fmle,26.85322
cze,2018,sex_mle,42.5906
cze,2019,sex_btsx,66.2561
cze,2019,sex_fmle,25.62672
cze,2019,sex_mle,40.62939
deu,2000,sex_btsx,966.8021
deu,2000,sex_fmle,284.9709
deu,2000,sex_mle,681.8312
deu,2001,sex_btsx,935.2876
deu,2001,sex_fmle,276.8684
deu,2001,sex_mle,658.4191
deu,2002,sex_btsx,920.168
deu,2002,sex_fmle,275.3005
deu,2002,sex_mle,644.8675
deu,2003,sex_btsx,884.9789
deu,2003,sex_fmle,264.9037
deu,2003,sex_mle,620.0751
deu,2004,sex_btsx,866.7879
deu,2004,sex_fmle,261.2324
deu,2004,sex_mle,605.5555
deu,2005,sex_btsx,846.9809
deu,2005,sex_fmle,258.3266
deu,2005,sex_mle,588.6543
deu,2006,sex_btsx,813.8335
deu,2006,sex_fmle,250.404
deu,2006,sex_mle,563.4295
deu,2007,sex_btsx,783.0821
deu,2007,sex_fmle,241.5498
deu,2007,sex_mle,541.5323
deu,2008,sex_btsx,765.4507
deu,2008,sex_fmle,239.9218
deu,2008,sex_mle,525.5289
deu,2009,sex_btsx,770.2988
deu,2009,sex_fmle,246.6019
deu,2009,sex_mle,523.6969
deu,2010,sex_btsx,760.2776
deu,2010,sex_fmle,243.7204
deu,2010,sex_mle,516.5572
deu,2011,sex_btsx,735.1261
deu,2011,sex_fmle,237.1943
deu,2011,sex_mle,497.9318
deu,2012,sex_btsx,709.8689
deu,2012,sex_fmle,230.6414
deu,2012,sex_mle,479.2275
deu,2013,sex_btsx,710.4371
deu,2013,sex_fmle,237.5248
deu,2013,sex_mle,472.9123
deu,2014,sex_btsx,726.9944
deu,2014,sex_fmle,239.7969
deu,2014,sex_mle,487.1975
deu,2015,sex_btsx,750.6754
deu,2015,sex_fmle,388.2758
deu,2015,sex_mle,362.3996
deu,2016,sex_btsx,823.1537
deu,2016,sex_fmle,358.6518
deu,2016,sex_mle,464.5019
deu,2017,sex_btsx,820.8582
deu,2017,sex_fmle,369.5392
deu,2017,sex_mle,451.3191
deu,2018,sex_btsx,769.3073
deu,2018,sex_fmle,355.5698
deu,2018,sex_mle,413.7375
deu,2019,sex_btsx,768.7503
deu,2019,sex_fmle,363.3157
deu,2019,sex_mle,405.4347
dji,2000,sex_btsx,62.85716
dji,2000,sex_fmle,14.62971
dji,2000,sex_mle,48.22744
dji,2001,sex_btsx,63.25453
dji,2001,sex_fmle,14.83646
dji,2001,sex_mle,48.41807
dji,2002,sex_btsx,63.55511
dji,2002,sex_fmle,14.9964
dji,2002,sex_mle,48.55871
dji,2003,sex_btsx,63.67168
dji,2003,sex_fmle,15.19369
dji,2003,sex_mle,48.47799
dji,2004,sex_btsx,63.77677
dji,2004,sex_fmle,15.29467
dji,2004,sex_mle,48.4821
dji,2005,sex_btsx,63.8257
dji,2005,sex_fmle,15.20465
dji,2005,sex_mle,48.62105
dji,2006,sex_btsx,63.77877
dji,2006,sex_fmle,15.82043
dji,2006,sex_mle,47.95835
dji,2007,sex_btsx,63.7285
dji,2007,sex_fmle,14.9423
dji,2007,sex_mle,48.7862
dji,2008,sex_btsx,63.58479
dji,2008,sex_fmle,14.8154
dji,2008,sex_mle,48.76939
dji,2009,sex_btsx,63.35618
dji,2009,sex_fmle,14.65474
dji,2009,sex_mle,48.70144
dji,2010,sex_btsx,63.10317
dji,2010,sex_fmle,14.47908
dji,2010,sex_mle,48.62408
dji,2011,sex_btsx,62.81
dji,2011,sex_fmle,14.33306
dji,2011,sex_mle,48.47694
dji,2012,sex_btsx,62.54636
dji,2012,sex_fmle,14.27468
dji,2012,sex_mle,48.27168
dji,2013,sex_btsx,63.34978
dji,2013,sex_fmle,14.54918
dji,2013,sex_mle,48.8006
dji,2014,sex_btsx,63.4949
dji,2014,sex_fmle,14.57996
dji,2014,sex_mle,48.91494
dji,2015,sex_btsx,63.96973
dji,2015,sex_fmle,14.71177
dji,2015,sex_mle,49.25796
dji,2016,sex_btsx,64.25435
dji,2016,sex_fmle,14.77947
dji,2016,sex_mle,49.47487
dji,2017,sex_btsx,64.19663
dji,2017,sex_fmle,14.77799
dji,2017,sex_mle,49.41863
dji,2018,sex_btsx,64.06282
dji,2018,sex_fmle,14.7673
dji,2018,sex_mle,49.29553
dji,2019,sex_btsx,64.07297
dji,2019,sex_fmle,14.79495
dji,2019,sex_mle,49.27802
dnk,2000,sex_btsx,75.24963
dnk,2000,sex_fmle,22.0914
dnk,2000,sex_mle,53.15824
dnk,2001,sex_btsx,53.92593
dnk,2001,sex_fmle,15.19524
dnk,2001,sex_mle,38.73069
dnk,2002,sex_btsx,54.44132
dnk,2002,sex_fmle,15.21206
dnk,2002,sex_mle,39.22926
dnk,2003,sex_btsx,64.54294
dnk,2003,sex_fmle,18.03738
dnk,2003,sex_mle,46.50556
dnk,2004,sex_btsx,37.85018
dnk,2004,sex_fmle,10.23695
dnk,2004,sex_mle,27.61323
dnk,2005,sex_btsx,63.02277
dnk,2005,sex_fmle,17.1036
dnk,2005,sex_mle,45.91917
dnk,2006,sex_btsx,40.65472
dnk,2006,sex_fmle,10.86478
dnk,2006,sex_mle,29.78994
dnk,2007,sex_btsx,50.50132
dnk,2007,sex_fmle,13.75408
dnk,2007,sex_mle,36.74724
dnk,2008,sex_btsx,48.188
dnk,2008,sex_fmle,13.00686
dnk,2008,sex_mle,35.18114
dnk,2009,sex_btsx,48.84542
dnk,2009,sex_fmle,13.59548
dnk,2009,sex_mle,35.24994
dnk,2010,sex_btsx,45.69851
dnk,2010,sex_fmle,12.94709
dnk,2010,sex_mle,32.75142
dnk,2011,sex_btsx,46.37026
dnk,2011,sex_fmle,12.79287
dnk,2011,sex_mle,33.57739
dnk,2012,sex_btsx,49.91046
dnk,2012,sex_fmle,13.91038
dnk,2012,sex_mle,36.00008
dnk,2013,sex_btsx,53.66698
dnk,2013,sex_fmle,15.28669
dnk,2013,sex_mle,38.3803
dnk,2014,sex_btsx,60.61332
dnk,2014,sex_fmle,17.7429
dnk,2014,sex_mle,42.87042
dnk,2015,sex_btsx,61.47056
dnk,2015,sex_fmle,18.09715
dnk,2015,sex_mle,43.37341
dnk,2016,sex_btsx,60.99773
dnk,2016,sex_fmle,18.68284
dnk,2016,sex_mle,42.31489
dnk,2017,sex_btsx,64.74959
dnk,2017,sex_fmle,19.94872
dnk,2017,sex_mle,44.80087
dnk,2018,sex_btsx,61.95621
dnk,2018,sex_fmle,19.1797
dnk,2018,sex_mle,42.77651
dnk,2019,sex_btsx,63.01327
dnk,2019,sex_fmle,19.55158
dnk,2019,sex_mle,43.46169
dom,2000,sex_btsx,1461.598
dom,2000,sex_fmle,210.1215
dom,2000,sex_mle,1251.476
dom,2001,sex_btsx,1519.031
dom,2001,sex_fmle,218.5109
dom,2001,sex_mle,1300.52
dom,2002,sex_btsx,1703.83
dom,2002,sex_fmle,247.4194
dom,2002,sex_mle,1456.411
dom,2003,sex_btsx,2006.244
dom,2003,sex_fmle,290.3784
dom,2003,sex_mle,1715.865
dom,2004,sex_btsx,2323.324
dom,2004,sex_fmle,341.283
dom,2004,sex_mle,1982.041
dom,2005,sex_btsx,2460.737
dom,2005,sex_fmle,334.0795
dom,2005,sex_mle,2126.657
dom,2006,sex_btsx,2505.361
dom,2006,sex_fmle,354.8476
dom,2006,sex_mle,2150.513
dom,2007,sex_btsx,2540.131
dom,2007,sex_fmle,359.8375
dom,2007,sex_mle,2180.293
dom,2008,sex_btsx,2650.783
dom,2008,sex_fmle,371.4986
dom,2008,sex_mle,2279.284
dom,2009,sex_btsx,2695.625
dom,2009,sex_fmle,375.0222
dom,2009,sex_mle,2320.603
dom,2010,sex_btsx,2730.548
dom,2010,sex_fmle,373.7819
dom,2010,sex_mle,2356.766
dom,2011,sex_btsx,2704.315
dom,2011,sex_fmle,361.3384
dom,2011,sex_mle,2342.976
dom,2012,sex_btsx,2545.683
dom,2012,sex_fmle,341.1394
dom,2012,sex_mle,2204.543
dom,2013,sex_btsx,2361.138
dom,2013,sex_fmle,318.1273
dom,2013,sex_mle,2043.01
dom,2014,sex_btsx,2196.058
dom,2014,sex_fmle,298.9481
dom,2014,sex_mle,1897.11
dom,2015,sex_btsx,2048.641
dom,2015,sex_fmle,280.89
dom,2015,sex_mle,1767.751
dom,2016,sex_btsx,1864.616
dom,2016,sex_fmle,256.8405
dom,2016,sex_mle,1607.776
dom,2017,sex_btsx,1683.831
dom,2017,sex_fmle,232.489
dom,2017,sex_mle,1451.342
dom,2018,sex_btsx,1964.02
dom,2018,sex_fmle,271.6191
dom,2018,sex_mle,1692.401
dom,2019,sex_btsx,1916.628
dom,2019,sex_fmle,267.0657
dom,2019,sex_mle,1649.562
dza,2000,sex_btsx,672.257
dza,2000,sex_fmle,168.1149
dza,2000,sex_mle,504.142
dza,2001,sex_btsx,676.7211
dza,2001,sex_fmle,168.728
dza,2001,sex_mle,507.993
dza,2002,sex_btsx,680.2081
dza,2002,sex_fmle,168.8167
dza,2002,sex_mle,511.3914
dza,2003,sex_btsx,682.0516
dza,2003,sex_fmle,167.3273
dza,2003,sex_mle,514.7243
dza,2004,sex_btsx,585.0159
dza,2004,sex_fmle,140.9726
dza,2004,sex_mle,444.0433
dza,2005,sex_btsx,487.7235
dza,2005,sex_fmle,114.3594
dza,2005,sex_mle,373.3641
dza,2006,sex_btsx,470.0145
dza,2006,sex_fmle,107.7873
dza,2006,sex_mle,362.2272
dza,2007,sex_btsx,454.5548
dza,2007,sex_fmle,102.6295
dza,2007,sex_mle,351.9253
dza,2008,sex_btsx,456.2273
dza,2008,sex_fmle,102.5293
dza,2008,sex_mle,353.698
dza,2009,sex_btsx,446.956
dza,2009,sex_fmle,100.2192
dza,2009,sex_mle,346.7367
dza,2010,sex_btsx,451.8958
dza,2010,sex_fmle,101.3628
dza,2010,sex_mle,350.533
dza,2011,sex_btsx,482.1168
dza,2011,sex_fmle,108.428
dza,2011,sex_mle,373.6887
dza,2012,sex_btsx,559.0693
dza,2012,sex_fmle,126.2326
dza,2012,sex_mle,432.8367
dza,2013,sex_btsx,603.6907
dza,2013,sex_fmle,136.9451
dza,2013,sex_mle,466.7456
dza,2014,sex_btsx,649.2417
dza,2014,sex_fmle,148.2848
dza,2014,sex_mle,500.957
dza,2015,sex_btsx,662.4649
dza,2015,sex_fmle,152.097
dza,2015,sex_mle,510.368
dza,2016,sex_btsx,671.7598
dza,2016,sex_fmle,154.49
dza,2016,sex_mle,517.2697
dza,2017,sex_btsx,682.3072
dza,2017,sex_fmle,157.6595
dza,2017,sex_mle,524.6478
dza,2018,sex_btsx,690.5491
dza,2018,sex_fmle,160.5474
dza,2018,sex_mle,530.0016
dza,2019,sex_btsx,713.2341
dza,2019,sex_fmle,166.6167
dza,2019,sex_mle,546.6174
ecu,2000,sex_btsx,2974.221
ecu,2000,sex_fmle,232.9411
ecu,2000,sex_mle,2741.28
ecu,2001,sex_btsx,2790.463
ecu,2001,sex_fmle,247.7792
ecu,2001,sex_mle,2542.684
ecu,2002,sex_btsx,2792.838
ecu,2002,sex_fmle,266.7186
ecu,2002,sex_mle,2526.12
ecu,2003,sex_btsx,2335.723
ecu,2003,sex_fmle,212.2603
ecu,2003,sex_mle,2123.463
ecu,2004,sex_btsx,2964.783
ecu,2004,sex_fmle,263.8683
ecu,2004,sex_mle,2700.915
ecu,2005,sex_btsx,3099.492
ecu,2005,sex_fmle,242.8737
ecu,2005,sex_mle,2856.618
ecu,2006,sex_btsx,3027.862
ecu,2006,sex_fmle,269.6166
ecu,2006,sex_mle,2758.246
ecu,2007,sex_btsx,2945.023
ecu,2007,sex_fmle,284.6175
ecu,2007,sex_mle,2660.406
ecu,2008,sex_btsx,3316.782
ecu,2008,sex_fmle,263.8228
ecu,2008,sex_mle,3052.959
ecu,2009,sex_btsx,3000.666
ecu,2009,sex_fmle,247.9241
ecu,2009,sex_mle,2752.742
ecu,2010,sex_btsx,3228.688
ecu,2010,sex_fmle,251.8817
ecu,2010,sex_mle,2976.807
ecu,2011,sex_btsx,2972.029
ecu,2011,sex_fmle,310.557
ecu,2011,sex_mle,2661.472
ecu,2012,sex_btsx,2361.518
ecu,2012,sex_fmle,263.745
ecu,2012,sex_mle,2097.773
ecu,2013,sex_btsx,1877.068
ecu,2013,sex_fmle,231.6344
ecu,2013,sex_mle,1645.433
ecu,2014,sex_btsx,1632.931
ecu,2014,sex_fmle,220.0668
ecu,2014,sex_mle,1412.864
ecu,2015,sex_btsx,1427.656
ecu,2015,sex_fmle,216.6018
ecu,2015,sex_mle,1211.055
ecu,2016,sex_btsx,1254
ecu,2016,sex_fmle,185.4614
ecu,2016,sex_mle,1068.539
ecu,2017,sex_btsx,1093.117
ecu,2017,sex_fmle,171.1961
ecu,2017,sex_mle,921.921
ecu,2018,sex_btsx,1297.427
ecu,2018,sex_fmle,215.6537
ecu,2018,sex_mle,1081.773
ecu,2019,sex_btsx,1209.688
ecu,2019,sex_fmle,213.4568
ecu,2019,sex_mle,996.2316
egy,2000,sex_btsx,2453.944
egy,2000,sex_fmle,694.6173
egy,2000,sex_mle,1759.327
egy,2001,sex_btsx,2458.525
egy,2001,sex_fmle,686.1099
egy,2001,sex_mle,1772.415
egy,2002,sex_btsx,2463.453
egy,2002,sex_fmle,671.8345
egy,2002,sex_mle,1791.618
egy,2003,sex_btsx,2465.464
egy,2003,sex_fmle,657.0702
egy,2003,sex_mle,1808.393
egy,2004,sex_btsx,2462.845
egy,2004,sex_fmle,625.4078
egy,2004,sex_mle,1837.437
egy,2005,sex_btsx,2506.399
egy,2005,sex_fmle,622.864
egy,2005,sex_mle,1883.535
egy,2006,sex_btsx,2585.862
egy,2006,sex_fmle,611.7338
egy,2006,sex_mle,1974.128
egy,2007,sex_btsx,2689.201
egy,2007,sex_fmle,599.8759
egy,2007,sex_mle,2089.325
egy,2008,sex_btsx,2824.266
egy,2008,sex_fmle,604.1049
egy,2008,sex_mle,2220.161
egy,2009,sex_btsx,2979.439
egy,2009,sex_fmle,626.4238
egy,2009,sex_mle,2353.015
egy,2010,sex_btsx,3243.518
egy,2010,sex_fmle,690.9781
egy,2010,sex_mle,2552.54
egy,2011,sex_btsx,3496.22
egy,2011,sex_fmle,696.142
egy,2011,sex_mle,2800.078
egy,2012,sex_btsx,3579.082
egy,2012,sex_fmle,737.8365
egy,2012,sex_mle,2841.246
egy,2013,sex_btsx,3608.751
egy,2013,sex_fmle,720.1226
egy,2013,sex_mle,2888.629
egy,2014,sex_btsx,3643.216
egy,2014,sex_fmle,751.7952
egy,2014,sex_mle,2891.421
egy,2015,sex_btsx,3683.51
egy,2015,sex_fmle,795.3603
egy,2015,sex_mle,2888.15
egy,2016,sex_btsx,3720.629
egy,2016,sex_fmle,764.0138
egy,2016,sex_mle,2956.615
egy,2017,sex_btsx,3769.189
egy,2017,sex_fmle,777.7941
egy,2017,sex_mle,2991.395
egy,2018,sex_btsx,4041.146
egy,2018,sex_fmle,837.1914
egy,2018,sex_mle,3203.955
egy,2019,sex_btsx,4164.908
egy,2019,sex_fmle,863.5811
egy,2019,sex_mle,3301.327
eri,2000,sex_btsx,328.3681
eri,2000,sex_fmle,78.08182
eri,2000,sex_mle,250.2863
eri,2001,sex_btsx,334.7617
eri,2001,sex_fmle,80.78823
eri,2001,sex_mle,253.9735
eri,2002,sex_btsx,342.057
eri,2002,sex_fmle,83.20779
eri,2002,sex_mle,258.8492
eri,2003,sex_btsx,349.7524
eri,2003,sex_fmle,84.2065
eri,2003,sex_mle,265.5459
eri,2004,sex_btsx,356.1888
eri,2004,sex_fmle,81.69165
eri,2004,sex_mle,274.4971
eri,2005,sex_btsx,360.8784
eri,2005,sex_fmle,76.26796
eri,2005,sex_mle,284.6104
eri,2006,sex_btsx,364.2249
eri,2006,sex_fmle,71.07672
eri,2006,sex_mle,293.1482
eri,2007,sex_btsx,365.8848
eri,2007,sex_fmle,68.04103
eri,2007,sex_mle,297.8438
eri,2008,sex_btsx,366.1723
eri,2008,sex_fmle,67.56929
eri,2008,sex_mle,298.603
eri,2009,sex_btsx,366.3562
eri,2009,sex_fmle,69.49595
eri,2009,sex_mle,296.8603
eri,2010,sex_btsx,366.4848
eri,2010,sex_fmle,73.02004
eri,2010,sex_mle,293.4648
eri,2011,sex_btsx,365.8824
eri,2011,sex_fmle,76.43078
eri,2011,sex_mle,289.4516
eri,2012,sex_btsx,364.9057
eri,2012,sex_fmle,79.13446
eri,2012,sex_mle,285.7713
eri,2013,sex_btsx,370.6188
eri,2013,sex_fmle,81.70793
eri,2013,sex_mle,288.9109
eri,2014,sex_btsx,375.6293
eri,2014,sex_fmle,83.28568
eri,2014,sex_mle,292.3437
eri,2015,sex_btsx,382.4965
eri,2015,sex_fmle,85.09424
eri,2015,sex_mle,297.4023
eri,2016,sex_btsx,390.3418
eri,2016,sex_fmle,86.05196
eri,2016,sex_mle,304.2898
eri,2017,sex_btsx,392.28
eri,2017,sex_fmle,86.16806
eri,2017,sex_mle,306.1119
eri,2018,sex_btsx,382.9907
eri,2018,sex_fmle,81.90834
eri,2018,sex_mle,301.0824
eri,2019,sex_btsx,384.2425
eri,2019,sex_fmle,80.21483
eri,2019,sex_mle,304.0277
esp,2000,sex_btsx,561.4281
esp,2000,sex_fmle,153.7286
esp,2000,sex_mle,407.6995
esp,2001,sex_btsx,587.5094
esp,2001,sex_fmle,161.8311
esp,2001,sex_mle,425.6783
esp,2002,sex_btsx,573.356
esp,2002,sex_fmle,158.1788
esp,2002,sex_mle,415.1773
esp,2003,sex_btsx,597.8528
esp,2003,sex_fmle,172.1837
esp,2003,sex_mle,425.6691
esp,2004,sex_btsx,527.1032
esp,2004,sex_fmle,154.8364
esp,2004,sex_mle,372.2667
esp,2005,sex_btsx,524.271
esp,2005,sex_fmle,153.5314
esp,2005,sex_mle,370.7396
esp,2006,sex_btsx,480.9924
esp,2006,sex_fmle,145.2967
esp,2006,sex_mle,335.6957
esp,2007,sex_btsx,488.5626
esp,2007,sex_fmle,148.8619
esp,2007,sex_mle,339.7007
esp,2008,sex_btsx,431.3218
esp,2008,sex_fmle,134.5371
esp,2008,sex_mle,296.7847
esp,2009,sex_btsx,403.6173
esp,2009,sex_fmle,129.6857
esp,2009,sex_mle,273.9316
esp,2010,sex_btsx,395.1049
esp,2010,sex_fmle,127.8551
esp,2010,sex_mle,267.2498
esp,2011,sex_btsx,387.7799
esp,2011,sex_fmle,127.8408
esp,2011,sex_mle,259.9391
esp,2012,sex_btsx,363.9921
esp,2012,sex_fmle,121.2401
esp,2012,sex_mle,242.7521
esp,2013,sex_btsx,345.2488
esp,2013,sex_fmle,118.1069
esp,2013,sex_mle,227.1419
esp,2014,sex_btsx,329.3575
esp,2014,sex_fmle,114.3363
esp,2014,sex_mle,215.0212
esp,2015,sex_btsx,297.7928
esp,2015,sex_fmle,103.9191
esp,2015,sex_mle,193.8737
esp,2016,sex_btsx,294.2733
esp,2016,sex_fmle,106.2482
esp,2016,sex_mle,188.0251
esp,2017,sex_btsx,324.5239
esp,2017,sex_fmle,117.8269
esp,2017,sex_mle,206.697
esp,2018,sex_btsx,274.7106
esp,2018,sex_fmle,99.95508
esp,2018,sex_mle,174.7555
esp,2019,sex_btsx,261.5741
esp,2019,sex_fmle,94.99698
esp,2019,sex_mle,166.5771
est,2000,sex_btsx,206.0318
est,2000,sex_fmle,38.00413
est,2000,sex_mle,168.0277
est,2001,sex_btsx,216.5834
est,2001,sex_fmle,50.23705
est,2001,sex_mle,166.3463
est,2002,sex_btsx,167.9987
est,2002,sex_fmle,41.20141
est,2002,sex_mle,126.7973
est,2003,sex_btsx,155.4647
est,2003,sex_fmle,43.44448
est,2003,sex_mle,112.0202
est,2004,sex_btsx,117.6175
est,2004,sex_fmle,21.59897
est,2004,sex_mle,96.01858
est,2005,sex_btsx,136.9589
est,2005,sex_fmle,38.71453
est,2005,sex_mle,98.24442
est,2006,sex_btsx,114.4563
est,2006,sex_fmle,34.06402
est,2006,sex_mle,80.39223
est,2007,sex_btsx,106.6383
est,2007,sex_fmle,21.70308
est,2007,sex_mle,84.9352
est,2008,sex_btsx,97.28601
est,2008,sex_fmle,22.27557
est,2008,sex_mle,75.01044
est,2009,sex_btsx,89.9026
est,2009,sex_fmle,29.35651
est,2009,sex_mle,60.54609
est,2010,sex_btsx,68.78976
est,2010,sex_fmle,17.37266
est,2010,sex_mle,51.41709
est,2011,sex_btsx,69.93323
est,2011,sex_fmle,14.78812
est,2011,sex_mle,55.14511
est,2012,sex_btsx,68.87857
est,2012,sex_fmle,18.7252
est,2012,sex_mle,50.15337
est,2013,sex_btsx,56.25168
est,2013,sex_fmle,19.17973
est,2013,sex_mle,37.07195
est,2014,sex_btsx,44.73488
est,2014,sex_fmle,10.05787
est,2014,sex_mle,34.67702
est,2015,sex_btsx,45.6426
est,2015,sex_fmle,12.01293
est,2015,sex_mle,33.62967
est,2016,sex_btsx,35.85713
est,2016,sex_fmle,10.11948
est,2016,sex_mle,25.73764
est,2017,sex_btsx,32.37835
est,2017,sex_fmle,8.45892
est,2017,sex_mle,23.91943
est,2018,sex_btsx,31.60688
est,2018,sex_fmle,8.65488
est,2018,sex_mle,22.952
est,2019,sex_btsx,28.49674
est,2019,sex_fmle,8.19206
est,2019,sex_mle,20.30468
eth,2000,sex_btsx,7313.004
eth,2000,sex_fmle,1828.124
eth,2000,sex_mle,5484.879
eth,2001,sex_btsx,7322.003
eth,2001,sex_fmle,1836.342
eth,2001,sex_mle,5485.661
eth,2002,sex_btsx,7336.15
eth,2002,sex_fmle,1826.943
eth,2002,sex_mle,5509.207
eth,2003,sex_btsx,7344.449
eth,2003,sex_fmle,1819.516
eth,2003,sex_mle,5524.933
eth,2004,sex_btsx,7336.177
eth,2004,sex_fmle,1809.857
eth,2004,sex_mle,5526.32
eth,2005,sex_btsx,7334.965
eth,2005,sex_fmle,1809.775
eth,2005,sex_mle,5525.19
eth,2006,sex_btsx,7382.611
eth,2006,sex_fmle,1837.989
eth,2006,sex_mle,5544.622
eth,2007,sex_btsx,7398.563
eth,2007,sex_fmle,1853.879
eth,2007,sex_mle,5544.685
eth,2008,sex_btsx,7411.491
eth,2008,sex_fmle,1857.464
eth,2008,sex_mle,5554.027
eth,2009,sex_btsx,7472.776
eth,2009,sex_fmle,1887.533
eth,2009,sex_mle,5585.243
eth,2010,sex_btsx,7540.853
eth,2010,sex_fmle,1900.44
eth,2010,sex_mle,5640.412
eth,2011,sex_btsx,7610.526
eth,2011,sex_fmle,1921.933
eth,2011,sex_mle,5688.593
eth,2012,sex_btsx,7713.423
eth,2012,sex_fmle,1953.345
eth,2012,sex_mle,5760.079
eth,2013,sex_btsx,7752.876
eth,2013,sex_fmle,1962.5
eth,2013,sex_mle,5790.376
eth,2014,sex_btsx,7841.507
eth,2014,sex_fmle,1992.009
eth,2014,sex_mle,5849.499
eth,2015,sex_btsx,7920.648
eth,2015,sex_fmle,2008.353
eth,2015,sex_mle,5912.295
eth,2016,sex_btsx,7992.318
eth,2016,sex_fmle,2018.236
eth,2016,sex_mle,5974.082
eth,2017,sex_btsx,8009.855
eth,2017,sex_fmle,2038.712
eth,2017,sex_mle,5971.143
eth,2018,sex_btsx,8037.659
eth,2018,sex_fmle,2062.404
eth,2018,sex_mle,5975.255
eth,2019,sex_btsx,8075.997
eth,2019,sex_fmle,2083.331
eth,2019,sex_mle,5992.665
fin,2000,sex_btsx,146.1918
fin,2000,sex_fmle,58.6566
fin,2000,sex_mle,87.53521
fin,2001,sex_btsx,151.4433
fin,2001,sex_fmle,59.13387
fin,2001,sex_mle,92.30943
fin,2002,sex_btsx,136.768
fin,2002,sex_fmle,54.93077
fin,2002,sex_mle,81.83723
fin,2003,sex_btsx,115.5831
fin,2003,sex_fmle,44.72811
fin,2003,sex_mle,70.85497
fin,2004,sex_btsx,134.3475
fin,2004,sex_fmle,53.63134
fin,2004,sex_mle,80.71619
fin,2005,sex_btsx,117.5465
fin,2005,sex_fmle,47.01766
fin,2005,sex_mle,70.52886
fin,2006,sex_btsx,118.0541
fin,2006,sex_fmle,45.72279
fin,2006,sex_mle,72.33131
fin,2007,sex_btsx,122.651
fin,2007,sex_fmle,49.01044
fin,2007,sex_mle,73.64059
fin,2008,sex_btsx,124.3989
fin,2008,sex_fmle,49.74289
fin,2008,sex_mle,74.65598
fin,2009,sex_btsx,117.6413
fin,2009,sex_fmle,46.5127
fin,2009,sex_mle,71.12859
fin,2010,sex_btsx,110.0909
fin,2010,sex_fmle,43.96876
fin,2010,sex_mle,66.12215
fin,2011,sex_btsx,105.3452
fin,2011,sex_fmle,43.98781
fin,2011,sex_mle,61.35739
fin,2012,sex_btsx,86.62699
fin,2012,sex_fmle,38.40064
fin,2012,sex_mle,48.22635
fin,2013,sex_btsx,84.96575
fin,2013,sex_fmle,35.8779
fin,2013,sex_mle,49.08785
fin,2014,sex_btsx,81.57323
fin,2014,sex_fmle,35.75795
fin,2014,sex_mle,45.81528
fin,2015,sex_btsx,77.62468
fin,2015,sex_fmle,34.17214
fin,2015,sex_mle,43.45255
fin,2016,sex_btsx,72.23706
fin,2016,sex_fmle,32.44602
fin,2016,sex_mle,39.79105
fin,2017,sex_btsx,68.77295
fin,2017,sex_fmle,30.88062
fin,2017,sex_mle,37.89233
fin,2018,sex_btsx,67.58879
fin,2018,sex_fmle,30.25784
fin,2018,sex_mle,37.33095
fin,2019,sex_btsx,64.278
fin,2019,sex_fmle,28.62806
fin,2019,sex_mle,35.64994
fji,2000,sex_btsx,23.2949
fji,2000,sex_fmle,5.7096
fji,2000,sex_mle,17.58529
fji,2001,sex_btsx,23.39527
fji,2001,sex_fmle,5.73717
fji,2001,sex_mle,17.6581
fji,2002,sex_btsx,23.44999
fji,2002,sex_fmle,5.71246
fji,2002,sex_mle,17.73753
fji,2003,sex_btsx,23.48042
fji,2003,sex_fmle,5.64611
fji,2003,sex_mle,17.83431
fji,2004,sex_btsx,22.80574
fji,2004,sex_fmle,5.43298
fji,2004,sex_mle,17.37276
fji,2005,sex_btsx,22.37419
fji,2005,sex_fmle,5.31267
fji,2005,sex_mle,17.06152
fji,2006,sex_btsx,21.82924
fji,2006,sex_fmle,5.24193
fji,2006,sex_mle,16.58731
fji,2007,sex_btsx,21.33938
fji,2007,sex_fmle,5.10142
fji,2007,sex_mle,16.23796
fji,2008,sex_btsx,21.07235
fji,2008,sex_fmle,4.96429
fji,2008,sex_mle,16.10806
fji,2009,sex_btsx,22.78075
fji,2009,sex_fmle,5.49896
fji,2009,sex_mle,17.28179
fji,2010,sex_btsx,21.46054
fji,2010,sex_fmle,5.14301
fji,2010,sex_mle,16.31754
fji,2011,sex_btsx,20.75409
fji,2011,sex_fmle,4.9849
fji,2011,sex_mle,15.76919
fji,2012,sex_btsx,20.31521
fji,2012,sex_fmle,4.82325
fji,2012,sex_mle,15.49197
fji,2013,sex_btsx,19.93419
fji,2013,sex_fmle,4.76004
fji,2013,sex_mle,15.17415
fji,2014,sex_btsx,20.00964
fji,2014,sex_fmle,4.77542
fji,2014,sex_mle,15.23422
fji,2015,sex_btsx,20.06766
fji,2015,sex_fmle,4.75129
fji,2015,sex_mle,15.31637
fji,2016,sex_btsx,20.16093
fji,2016,sex_fmle,4.76678
fji,2016,sex_mle,15.39415
fji,2017,sex_btsx,20.27545
fji,2017,sex_fmle,4.79012
fji,2017,sex_mle,15.48534
fji,2018,sex_btsx,19.59761
fji,2018,sex_fmle,4.6187
fji,2018,sex_mle,14.97891
fji,2019,sex_btsx,19.44686
fji,2019,sex_fmle,4.56054
fji,2019,sex_mle,14.88632
fra,2000,sex_btsx,778.0394
fra,2000,sex_fmle,286.9037
fra,2000,sex_mle,491.1358
fra,2001,sex_btsx,774.0172
fra,2001,sex_fmle,292.3037
fra,2001,sex_mle,481.7135
fra,2002,sex_btsx,771.8681
fra,2002,sex_fmle,297.3324
fra,2002,sex_mle,474.5357
fra,2003,sex_btsx,736.3711
fra,2003,sex_fmle,282.1385
fra,2003,sex_mle,454.2326
fra,2004,sex_btsx,731.7488
fra,2004,sex_fmle,284.3217
fra,2004,sex_mle,447.4271
fra,2005,sex_btsx,705.187
fra,2005,sex_fmle,259.9516
fra,2005,sex_mle,445.2353
fra,2006,sex_btsx,681.8079
fra,2006,sex_fmle,247.1082
fra,2006,sex_mle,434.6997
fra,2007,sex_btsx,664.0302
fra,2007,sex_fmle,251.7808
fra,2007,sex_mle,412.2495
fra,2008,sex_btsx,690.6881
fra,2008,sex_fmle,250.4894
fra,2008,sex_mle,440.1987
fra,2009,sex_btsx,676.667
fra,2009,sex_fmle,256.5728
fra,2009,sex_mle,420.0942
fra,2010,sex_btsx,627.2339
fra,2010,sex_fmle,231.2125
fra,2010,sex_mle,396.0214
fra,2011,sex_btsx,620.0432
fra,2011,sex_fmle,226.2432
fra,2011,sex_mle,393.8
fra,2012,sex_btsx,625.2242
fra,2012,sex_fmle,240.0996
fra,2012,sex_mle,385.1246
fra,2013,sex_btsx,612.988
fra,2013,sex_fmle,233.1809
fra,2013,sex_mle,379.8071
fra,2014,sex_btsx,567.2024
fra,2014,sex_fmle,214.7965
fra,2014,sex_mle,352.4059
fra,2015,sex_btsx,600.4471
fra,2015,sex_fmle,237.8719
fra,2015,sex_mle,362.5752
fra,2016,sex_btsx,579.4044
fra,2016,sex_fmle,220.3577
fra,2016,sex_mle,359.0466
fra,2017,sex_btsx,568.4052
fra,2017,sex_fmle,223.0525
fra,2017,sex_mle,345.3527
fra,2018,sex_btsx,547.0434
fra,2018,sex_fmle,215.3375
fra,2018,sex_mle,331.706
fra,2019,sex_btsx,537.573
fra,2019,sex_fmle,212.3408
fra,2019,sex_mle,325.2321
fsm,2000,sex_btsx,4.74832
fsm,2000,sex_fmle,1.63452
fsm,2000,sex_mle,3.1138
fsm,2001,sex_btsx,4.70789
fsm,2001,sex_fmle,1.62263
fsm,2001,sex_mle,3.08526
fsm,2002,sex_btsx,4.78068
fsm,2002,sex_fmle,1.64005
fsm,2002,sex_mle,3.14063
fsm,2003,sex_btsx,4.83028
fsm,2003,sex_fmle,1.66226
fsm,2003,sex_mle,3.16802
fsm,2004,sex_btsx,4.92499
fsm,2004,sex_fmle,1.69172
fsm,2004,sex_mle,3.23327
fsm,2005,sex_btsx,4.95793
fsm,2005,sex_fmle,1.70445
fsm,2005,sex_mle,3.25347
fsm,2006,sex_btsx,4.91142
fsm,2006,sex_fmle,1.6916
fsm,2006,sex_mle,3.21981
fsm,2007,sex_btsx,4.86981
fsm,2007,sex_fmle,1.65733
fsm,2007,sex_mle,3.21248
fsm,2008,sex_btsx,4.84823
fsm,2008,sex_fmle,1.63547
fsm,2008,sex_mle,3.21275
fsm,2009,sex_btsx,4.82635
fsm,2009,sex_fmle,1.61733
fsm,2009,sex_mle,3.20903
fsm,2010,sex_btsx,4.89117
fsm,2010,sex_fmle,1.61934
fsm,2010,sex_mle,3.27183
fsm,2011,sex_btsx,4.84611
fsm,2011,sex_fmle,1.58041
fsm,2011,sex_mle,3.2657
fsm,2012,sex_btsx,4.84995
fsm,2012,sex_fmle,1.55952
fsm,2012,sex_mle,3.29043
fsm,2013,sex_btsx,4.96152
fsm,2013,sex_fmle,1.59827
fsm,2013,sex_mle,3.36325
fsm,2014,sex_btsx,4.99817
fsm,2014,sex_fmle,1.58265
fsm,2014,sex_mle,3.41552
fsm,2015,sex_btsx,5.05807
fsm,2015,sex_fmle,1.58662
fsm,2015,sex_mle,3.47145
fsm,2016,sex_btsx,5.08447
fsm,2016,sex_fmle,1.61386
fsm,2016,sex_mle,3.47061
fsm,2017,sex_btsx,5.09987
fsm,2017,sex_fmle,1.61152
fsm,2017,sex_mle,3.48835
fsm,2018,sex_btsx,5.21601
fsm,2018,sex_fmle,1.64318
fsm,2018,sex_mle,3.57283
fsm,2019,sex_btsx,5.26807
fsm,2019,sex_fmle,1.6558
fsm,2019,sex_mle,3.61227
gab,2000,sex_btsx,124.9508
gab,2000,sex_fmle,22.55413
gab,2000,sex_mle,102.3967
gab,2001,sex_btsx,128.8532
gab,2001,sex_fmle,23.11525
gab,2001,sex_mle,105.738
gab,2002,sex_btsx,130.4633
gab,2002,sex_fmle,23.52309
gab,2002,sex_mle,106.9402
gab,2003,sex_btsx,132.6107
gab,2003,sex_fmle,23.97304
gab,2003,sex_mle,108.6376
gab,2004,sex_btsx,136.8991
gab,2004,sex_fmle,24.52884
gab,2004,sex_mle,112.3702
gab,2005,sex_btsx,138.3158
gab,2005,sex_fmle,24.94605
gab,2005,sex_mle,113.3698
gab,2006,sex_btsx,143.1339
gab,2006,sex_fmle,25.77878
gab,2006,sex_mle,117.3552
gab,2007,sex_btsx,146.7158
gab,2007,sex_fmle,25.7396
gab,2007,sex_mle,120.9762
gab,2008,sex_btsx,149.0243
gab,2008,sex_fmle,25.4592
gab,2008,sex_mle,123.5651
gab,2009,sex_btsx,150.6718
gab,2009,sex_fmle,26.24346
gab,2009,sex_mle,124.4284
gab,2010,sex_btsx,154.3259
gab,2010,sex_fmle,25.73419
gab,2010,sex_mle,128.5917
gab,2011,sex_btsx,158.123
gab,2011,sex_fmle,25.55792
gab,2011,sex_mle,132.565
gab,2012,sex_btsx,161.8598
gab,2012,sex_fmle,25.8715
gab,2012,sex_mle,135.9883
gab,2013,sex_btsx,166.8708
gab,2013,sex_fmle,26.74229
gab,2013,sex_mle,140.1285
gab,2014,sex_btsx,170.8422
gab,2014,sex_fmle,27.36774
gab,2014,sex_mle,143.4745
gab,2015,sex_btsx,174.2549
gab,2015,sex_fmle,28.2504
gab,2015,sex_mle,146.0045
gab,2016,sex_btsx,176.327
gab,2016,sex_fmle,29.29912
gab,2016,sex_mle,147.0279
gab,2017,sex_btsx,176.9017
gab,2017,sex_fmle,29.26252
gab,2017,sex_mle,147.6392
gab,2018,sex_btsx,181.532
gab,2018,sex_fmle,30.5014
gab,2018,sex_mle,151.0306
gab,2019,sex_btsx,183.7029
gab,2019,sex_fmle,31.4205
gab,2019,sex_mle,152.2824
gbr,2000,sex_btsx,1230.907
gbr,2000,sex_fmle,444.5074
gbr,2000,sex_mle,786.3992
gbr,2001,sex_btsx,1286.132
gbr,2001,sex_fmle,457.2311
gbr,2001,sex_mle,828.9013
gbr,2002,sex_btsx,1192.308
gbr,2002,sex_fmle,420.7793
gbr,2002,sex_mle,771.5292
gbr,2003,sex_btsx,1170.705
gbr,2003,sex_fmle,418.7031
gbr,2003,sex_mle,752.0018
gbr,2004,sex_btsx,1223.413
gbr,2004,sex_fmle,437.2046
gbr,2004,sex_mle,786.2079
gbr,2005,sex_btsx,1151.421
gbr,2005,sex_fmle,412.7134
gbr,2005,sex_mle,738.7078
gbr,2006,sex_btsx,1080.017
gbr,2006,sex_fmle,379.8052
gbr,2006,sex_mle,700.2119
gbr,2007,sex_btsx,1084.683
gbr,2007,sex_fmle,382.0562
gbr,2007,sex_mle,702.6263
gbr,2008,sex_btsx,1051.473
gbr,2008,sex_fmle,371.25
gbr,2008,sex_mle,680.2226
gbr,2009,sex_btsx,1009.294
gbr,2009,sex_fmle,358.7814
gbr,2009,sex_mle,650.5129
gbr,2010,sex_btsx,1013.923
gbr,2010,sex_fmle,366.8787
gbr,2010,sex_mle,647.0439
gbr,2011,sex_btsx,923.6787
gbr,2011,sex_fmle,335.6615
gbr,2011,sex_mle,588.0172
gbr,2012,sex_btsx,931.5222
gbr,2012,sex_fmle,344.1429
gbr,2012,sex_mle,587.3792
gbr,2013,sex_btsx,908.4429
gbr,2013,sex_fmle,332.9484
gbr,2013,sex_mle,575.4946
gbr,2014,sex_btsx,899.4259
gbr,2014,sex_fmle,334.6039
gbr,2014,sex_mle,564.822
gbr,2015,sex_btsx,886.2805
gbr,2015,sex_fmle,331.4411
gbr,2015,sex_mle,554.8394
gbr,2016,sex_btsx,962.81
gbr,2016,sex_fmle,367.0918
gbr,2016,sex_mle,595.7182
gbr,2017,sex_btsx,973.4546
gbr,2017,sex_fmle,373.7689
gbr,2017,sex_mle,599.6857
gbr,2018,sex_btsx,884.0818
gbr,2018,sex_fmle,340.8234
gbr,2018,sex_mle,543.2584
gbr,2019,sex_btsx,867.7019
gbr,2019,sex_fmle,336.0339
gbr,2019,sex_mle,531.668
geo,2000,sex_btsx,303.0287
geo,2000,sex_fmle,72.22155
geo,2000,sex_mle,230.8072
geo,2001,sex_btsx,315.9719
geo,2001,sex_fmle,77.61483
geo,2001,sex_mle,238.357
geo,2002,sex_btsx,333.6247
geo,2002,sex_fmle,83.2695
geo,2002,sex_mle,250.3552
geo,2003,sex_btsx,347.9584
geo,2003,sex_fmle,100.0359
geo,2003,sex_mle,247.9225
geo,2004,sex_btsx,361.5034
geo,2004,sex_fmle,88.41885
geo,2004,sex_mle,273.0845
geo,2005,sex_btsx,386.8014
geo,2005,sex_fmle,97.77262
geo,2005,sex_mle,289.0288
geo,2006,sex_btsx,367.7209
geo,2006,sex_fmle,80.31356
geo,2006,sex_mle,287.4074
geo,2007,sex_btsx,348.5442
geo,2007,sex_fmle,84.51815
geo,2007,sex_mle,264.026
geo,2008,sex_btsx,309.9115
geo,2008,sex_fmle,78.12769
geo,2008,sex_mle,231.7838
geo,2009,sex_btsx,271.8413
geo,2009,sex_fmle,65.92645
geo,2009,sex_mle,205.9149
geo,2010,sex_btsx,236.6644
geo,2010,sex_fmle,49.97838
geo,2010,sex_mle,186.686
geo,2011,sex_btsx,224.4036
geo,2011,sex_fmle,53.29382
geo,2011,sex_mle,171.1098
geo,2012,sex_btsx,196.0492
geo,2012,sex_fmle,45.34913
geo,2012,sex_mle,150.7
geo,2013,sex_btsx,160.5136
geo,2013,sex_fmle,38.31745
geo,2013,sex_mle,122.1961
geo,2014,sex_btsx,138.314
geo,2014,sex_fmle,35.16687
geo,2014,sex_mle,103.1471
geo,2015,sex_btsx,116.9201
geo,2015,sex_fmle,28.29439
geo,2015,sex_mle,88.6257
geo,2016,sex_btsx,94.18382
geo,2016,sex_fmle,22.62241
geo,2016,sex_mle,71.56141
geo,2017,sex_btsx,93.48234
geo,2017,sex_fmle,22.54157
geo,2017,sex_mle,70.94077
geo,2018,sex_btsx,98.87903
geo,2018,sex_fmle,24.01734
geo,2018,sex_mle,74.86169
geo,2019,sex_btsx,90.39996
geo,2019,sex_fmle,22.14797
geo,2019,sex_mle,68.252
gha,2000,sex_btsx,1301.696
gha,2000,sex_fmle,529.5971
gha,2000,sex_mle,772.099
gha,2001,sex_btsx,1329.282
gha,2001,sex_fmle,524.7756
gha,2001,sex_mle,804.5067
gha,2002,sex_btsx,1352.361
gha,2002,sex_fmle,519.0254
gha,2002,sex_mle,833.3354
gha,2003,sex_btsx,1376.312
gha,2003,sex_fmle,521.9811
gha,2003,sex_mle,854.3306
gha,2004,sex_btsx,1407.167
gha,2004,sex_fmle,527.1501
gha,2004,sex_mle,880.0165
gha,2005,sex_btsx,1430.23
gha,2005,sex_fmle,532.2756
gha,2005,sex_mle,897.9548
gha,2006,sex_btsx,1457.992
gha,2006,sex_fmle,541.6258
gha,2006,sex_mle,916.3666
gha,2007,sex_btsx,1483.922
gha,2007,sex_fmle,552.9171
gha,2007,sex_mle,931.0053
gha,2008,sex_btsx,1517.816
gha,2008,sex_fmle,546.8478
gha,2008,sex_mle,970.9678
gha,2009,sex_btsx,1552.9
gha,2009,sex_fmle,551.4162
gha,2009,sex_mle,1001.484
gha,2010,sex_btsx,1586.621
gha,2010,sex_fmle,571.6889
gha,2010,sex_mle,1014.932
gha,2011,sex_btsx,1620.458
gha,2011,sex_fmle,589.4209
gha,2011,sex_mle,1031.037
gha,2012,sex_btsx,1663.134
gha,2012,sex_fmle,608.6868
gha,2012,sex_mle,1054.448
gha,2013,sex_btsx,1698.062
gha,2013,sex_fmle,624.6141
gha,2013,sex_mle,1073.448
gha,2014,sex_btsx,1724.589
gha,2014,sex_fmle,633.4236
gha,2014,sex_mle,1091.166
gha,2015,sex_btsx,1744.382
gha,2015,sex_fmle,641.0822
gha,2015,sex_mle,1103.3
gha,2016,sex_btsx,1767.589
gha,2016,sex_fmle,648.4384
gha,2016,sex_mle,1119.151
gha,2017,sex_btsx,1791.731
gha,2017,sex_fmle,660.3725
gha,2017,sex_mle,1131.358
gha,2018,sex_btsx,1828.928
gha,2018,sex_fmle,677.1131
gha,2018,sex_mle,1151.815
gha,2019,sex_btsx,1857.115
gha,2019,sex_fmle,690.6245
gha,2019,sex_mle,1166.49
gin,2000,sex_btsx,1001.271
gin,2000,sex_fmle,279.2915
gin,2000,sex_mle,721.98
gin,2001,sex_btsx,1000.529
gin,2001,sex_fmle,270.6404
gin,2001,sex_mle,729.8884
gin,2002,sex_btsx,998.5878
gin,2002,sex_fmle,261.9179
gin,2002,sex_mle,736.6699
gin,2003,sex_btsx,993.4669
gin,2003,sex_fmle,257.3308
gin,2003,sex_mle,736.1361
gin,2004,sex_btsx,986.7785
gin,2004,sex_fmle,248.0034
gin,2004,sex_mle,738.7752
gin,2005,sex_btsx,986.762
gin,2005,sex_fmle,239.0533
gin,2005,sex_mle,747.7087
gin,2006,sex_btsx,988.6019
gin,2006,sex_fmle,230.1732
gin,2006,sex_mle,758.4287
gin,2007,sex_btsx,990.7426
gin,2007,sex_fmle,227.9132
gin,2007,sex_mle,762.8295
gin,2008,sex_btsx,994.6355
gin,2008,sex_fmle,230.5179
gin,2008,sex_mle,764.1176
gin,2009,sex_btsx,1003.967
gin,2009,sex_fmle,238.6388
gin,2009,sex_mle,765.3285
gin,2010,sex_btsx,1006.747
gin,2010,sex_fmle,247.2475
gin,2010,sex_mle,759.4998
gin,2011,sex_btsx,1012.949
gin,2011,sex_fmle,256.0209
gin,2011,sex_mle,756.9284
gin,2012,sex_btsx,1022.804
gin,2012,sex_fmle,265.134
gin,2012,sex_mle,757.6699
gin,2013,sex_btsx,1033.824
gin,2013,sex_fmle,272.7836
gin,2013,sex_mle,761.0403
gin,2014,sex_btsx,1057.874
gin,2014,sex_fmle,276.4543
gin,2014,sex_mle,781.4202
gin,2015,sex_btsx,1078.181
gin,2015,sex_fmle,284.3264
gin,2015,sex_mle,793.8546
gin,2016,sex_btsx,1101.65
gin,2016,sex_fmle,294.1173
gin,2016,sex_mle,807.5323
gin,2017,sex_btsx,1102.784
gin,2017,sex_fmle,292.5652
gin,2017,sex_mle,810.2187
gin,2018,sex_btsx,1113.531
gin,2018,sex_fmle,293.348
gin,2018,sex_mle,820.1829
gin,2019,sex_btsx,1128.071
gin,2019,sex_fmle,294.8542
gin,2019,sex_mle,833.2173
gmb,2000,sex_btsx,154.8104
gmb,2000,sex_fmle,16.97169
gmb,2000,sex_mle,137.8387
gmb,2001,sex_btsx,152.0969
gmb,2001,sex_fmle,16.66248
gmb,2001,sex_mle,135.4344
gmb,2002,sex_btsx,150.3218
gmb,2002,sex_fmle,16.45413
gmb,2002,sex_mle,133.8677
gmb,2003,sex_btsx,148.2124
gmb,2003,sex_fmle,16.05403
gmb,2003,sex_mle,132.1584
gmb,2004,sex_btsx,145.0753
gmb,2004,sex_fmle,15.56201
gmb,2004,sex_mle,129.5133
gmb,2005,sex_btsx,143.008
gmb,2005,sex_fmle,15.22202
gmb,2005,sex_mle,127.786
gmb,2006,sex_btsx,147.6046
gmb,2006,sex_fmle,15.64103
gmb,2006,sex_mle,131.9636
gmb,2007,sex_btsx,152.0946
gmb,2007,sex_fmle,16.30597
gmb,2007,sex_mle,135.7887
gmb,2008,sex_btsx,156.66
gmb,2008,sex_fmle,16.70827
gmb,2008,sex_mle,139.9517
gmb,2009,sex_btsx,161.8271
gmb,2009,sex_fmle,17.5107
gmb,2009,sex_mle,144.3164
gmb,2010,sex_btsx,167.6358
gmb,2010,sex_fmle,18.60541
gmb,2010,sex_mle,149.0304
gmb,2011,sex_btsx,172.0737
gmb,2011,sex_fmle,19.41743
gmb,2011,sex_mle,152.6563
gmb,2012,sex_btsx,175.8464
gmb,2012,sex_fmle,20.32603
gmb,2012,sex_mle,155.5204
gmb,2013,sex_btsx,176.8681
gmb,2013,sex_fmle,20.66653
gmb,2013,sex_mle,156.2015
gmb,2014,sex_btsx,180.9698
gmb,2014,sex_fmle,21.50876
gmb,2014,sex_mle,159.461
gmb,2015,sex_btsx,183.4422
gmb,2015,sex_fmle,22.0532
gmb,2015,sex_mle,161.389
gmb,2016,sex_btsx,185.6416
gmb,2016,sex_fmle,22.37935
gmb,2016,sex_mle,163.2623
gmb,2017,sex_btsx,187.7365
gmb,2017,sex_fmle,22.7092
gmb,2017,sex_mle,165.0273
gmb,2018,sex_btsx,191.9582
gmb,2018,sex_fmle,23.27361
gmb,2018,sex_mle,168.6846
gmb,2019,sex_btsx,194.9436
gmb,2019,sex_fmle,23.64282
gmb,2019,sex_mle,171.3007
gnb,2000,sex_btsx,157.0403
gnb,2000,sex_fmle,47.76187
gnb,2000,sex_mle,109.2784
gnb,2001,sex_btsx,157.1292
gnb,2001,sex_fmle,47.89023
gnb,2001,sex_mle,109.2389
gnb,2002,sex_btsx,157.611
gnb,2002,sex_fmle,47.8589
gnb,2002,sex_mle,109.7521
gnb,2003,sex_btsx,160.6562
gnb,2003,sex_fmle,49.38333
gnb,2003,sex_mle,111.2728
gnb,2004,sex_btsx,159.4256
gnb,2004,sex_fmle,47.25853
gnb,2004,sex_mle,112.167
gnb,2005,sex_btsx,162.2189
gnb,2005,sex_fmle,46.1966
gnb,2005,sex_mle,116.0223
gnb,2006,sex_btsx,162.1182
gnb,2006,sex_fmle,45.05341
gnb,2006,sex_mle,117.0648
gnb,2007,sex_btsx,159.2923
gnb,2007,sex_fmle,43.94673
gnb,2007,sex_mle,115.3456
gnb,2008,sex_btsx,161.6894
gnb,2008,sex_fmle,44.02727
gnb,2008,sex_mle,117.6621
gnb,2009,sex_btsx,163.5782
gnb,2009,sex_fmle,45.11601
gnb,2009,sex_mle,118.4622
gnb,2010,sex_btsx,165.2932
gnb,2010,sex_fmle,45.10349
gnb,2010,sex_mle,120.1897
gnb,2011,sex_btsx,166.2268
gnb,2011,sex_fmle,44.84079
gnb,2011,sex_mle,121.3861
gnb,2012,sex_btsx,167.6148
gnb,2012,sex_fmle,45.73997
gnb,2012,sex_mle,121.8749
gnb,2013,sex_btsx,169.6624
gnb,2013,sex_fmle,46.42578
gnb,2013,sex_mle,123.2366
gnb,2014,sex_btsx,172.0647
gnb,2014,sex_fmle,47.34619
gnb,2014,sex_mle,124.7185
gnb,2015,sex_btsx,166.7701
gnb,2015,sex_fmle,46.47705
gnb,2015,sex_mle,120.2931
gnb,2016,sex_btsx,171.0767
gnb,2016,sex_fmle,47.87663
gnb,2016,sex_mle,123.2001
gnb,2017,sex_btsx,171.2406
gnb,2017,sex_fmle,48.81674
gnb,2017,sex_mle,122.4238
gnb,2018,sex_btsx,172.2827
gnb,2018,sex_fmle,50.09847
gnb,2018,sex_mle,122.1842
gnb,2019,sex_btsx,172.8318
gnb,2019,sex_fmle,51.37775
gnb,2019,sex_mle,121.454
gnq,2000,sex_btsx,24.37481
gnq,2000,sex_fmle,3.74072
gnq,2000,sex_mle,20.63409
gnq,2001,sex_btsx,24.95467
gnq,2001,sex_fmle,3.7507
gnq,2001,sex_mle,21.20398
gnq,2002,sex_btsx,25.66729
gnq,2002,sex_fmle,3.80588
gnq,2002,sex_mle,21.86141
gnq,2003,sex_btsx,26.44211
gnq,2003,sex_fmle,3.89034
gnq,2003,sex_mle,22.55177
gnq,2004,sex_btsx,27.41938
gnq,2004,sex_fmle,3.94149
gnq,2004,sex_mle,23.4779
gnq,2005,sex_btsx,28.77295
gnq,2005,sex_fmle,4.31946
gnq,2005,sex_mle,24.4535
gnq,2006,sex_btsx,29.17385
gnq,2006,sex_fmle,4.15262
gnq,2006,sex_mle,25.02123
gnq,2007,sex_btsx,30.25797
gnq,2007,sex_fmle,4.2646
gnq,2007,sex_mle,25.99338
gnq,2008,sex_btsx,31.36425
gnq,2008,sex_fmle,4.49235
gnq,2008,sex_mle,26.8719
gnq,2009,sex_btsx,32.42791
gnq,2009,sex_fmle,4.56319
gnq,2009,sex_mle,27.86472
gnq,2010,sex_btsx,33.61974
gnq,2010,sex_fmle,4.69918
gnq,2010,sex_mle,28.92057
gnq,2011,sex_btsx,34.89225
gnq,2011,sex_fmle,4.8009
gnq,2011,sex_mle,30.09135
gnq,2012,sex_btsx,36.02065
gnq,2012,sex_fmle,4.93155
gnq,2012,sex_mle,31.0891
gnq,2013,sex_btsx,37.32859
gnq,2013,sex_fmle,5.1028
gnq,2013,sex_mle,32.22579
gnq,2014,sex_btsx,39.18265
gnq,2014,sex_fmle,5.45962
gnq,2014,sex_mle,33.72303
gnq,2015,sex_btsx,40.29375
gnq,2015,sex_fmle,5.65978
gnq,2015,sex_mle,34.63397
gnq,2016,sex_btsx,41.6929
gnq,2016,sex_fmle,5.90366
gnq,2016,sex_mle,35.78924
gnq,2017,sex_btsx,42.19424
gnq,2017,sex_fmle,6.01243
gnq,2017,sex_mle,36.18181
gnq,2018,sex_btsx,43.60357
gnq,2018,sex_fmle,6.24396
gnq,2018,sex_mle,37.35961
gnq,2019,sex_btsx,44.71108
gnq,2019,sex_fmle,6.43366
gnq,2019,sex_mle,38.27742
grc,2000,sex_btsx,124.8174
grc,2000,sex_fmle,44.27311
grc,2000,sex_mle,80.54424
grc,2001,sex_btsx,116.5434
grc,2001,sex_fmle,35.23099
grc,2001,sex_mle,81.31237
grc,2002,sex_btsx,85.13722
grc,2002,sex_fmle,23.75534
grc,2002,sex_mle,61.38188
grc,2003,sex_btsx,121.9205
grc,2003,sex_fmle,37.16195
grc,2003,sex_mle,84.75853
grc,2004,sex_btsx,101.1252
grc,2004,sex_fmle,31.14677
grc,2004,sex_mle,69.97847
grc,2005,sex_btsx,120.4261
grc,2005,sex_fmle,45.42616
grc,2005,sex_mle,74.99989
grc,2006,sex_btsx,94.1193
grc,2006,sex_fmle,22.41181
grc,2006,sex_mle,71.70749
grc,2007,sex_btsx,127.7247
grc,2007,sex_fmle,31.41916
grc,2007,sex_mle,96.30555
grc,2008,sex_btsx,149.398
grc,2008,sex_fmle,42.81557
grc,2008,sex_mle,106.5824
grc,2009,sex_btsx,166.5518
grc,2009,sex_fmle,51.74899
grc,2009,sex_mle,114.8028
grc,2010,sex_btsx,167.5267
grc,2010,sex_fmle,38.64962
grc,2010,sex_mle,128.8771
grc,2011,sex_btsx,187.785
grc,2011,sex_fmle,39.91461
grc,2011,sex_mle,147.8704
grc,2012,sex_btsx,176.7867
grc,2012,sex_fmle,43.58399
grc,2012,sex_mle,133.2027
grc,2013,sex_btsx,160.3834
grc,2013,sex_fmle,58.53062
grc,2013,sex_mle,101.8528
grc,2014,sex_btsx,124.7059
grc,2014,sex_fmle,36.54875
grc,2014,sex_mle,88.1572
grc,2015,sex_btsx,99.94789
grc,2015,sex_fmle,34.96011
grc,2015,sex_mle,64.98778
grc,2016,sex_btsx,90.48333
grc,2016,sex_fmle,30.64071
grc,2016,sex_mle,59.84263
grc,2017,sex_btsx,81.51432
grc,2017,sex_fmle,24.3586
grc,2017,sex_mle,57.15573
grc,2018,sex_btsx,106.6404
grc,2018,sex_fmle,32.37534
grc,2018,sex_mle,74.26509
grc,2019,sex_btsx,103.9562
grc,2019,sex_fmle,32.06162
grc,2019,sex_mle,71.89456
grd,2000,sex_btsx,4.48128
grd,2000,sex_fmle,1.40404
grd,2000,sex_mle,3.07723
grd,2001,sex_btsx,3.9803
grd,2001,sex_fmle,1.33217
grd,2001,sex_mle,2.64813
grd,2002,sex_btsx,4.10273
grd,2002,sex_fmle,1.24427
grd,2002,sex_mle,2.85847
grd,2003,sex_btsx,3.9039
grd,2003,sex_fmle,1.17152
grd,2003,sex_mle,2.73238
grd,2004,sex_btsx,3.64019
grd,2004,sex_fmle,0.86048
grd,2004,sex_mle,2.77971
grd,2005,sex_btsx,4.38943
grd,2005,sex_fmle,0.94836
grd,2005,sex_mle,3.44107
grd,2006,sex_btsx,4.78841
grd,2006,sex_fmle,1.18978
grd,2006,sex_mle,3.59863
grd,2007,sex_btsx,4.98141
grd,2007,sex_fmle,1.49959
grd,2007,sex_mle,3.48182
grd,2008,sex_btsx,4.74379
grd,2008,sex_fmle,1.57421
grd,2008,sex_mle,3.16958
grd,2009,sex_btsx,4.00177
grd,2009,sex_fmle,1.10019
grd,2009,sex_mle,2.90158
grd,2010,sex_btsx,4.24137
grd,2010,sex_fmle,0.97265
grd,2010,sex_mle,3.26872
grd,2011,sex_btsx,4.67624
grd,2011,sex_fmle,0.94107
grd,2011,sex_mle,3.73517
grd,2012,sex_btsx,6.08384
grd,2012,sex_fmle,1.37073
grd,2012,sex_mle,4.71311
grd,2013,sex_btsx,5.82191
grd,2013,sex_fmle,1.35028
grd,2013,sex_mle,4.47163
grd,2014,sex_btsx,5.878
grd,2014,sex_fmle,1.35154
grd,2014,sex_mle,4.52646
grd,2015,sex_btsx,6.00133
grd,2015,sex_fmle,0.97219
grd,2015,sex_mle,5.02914
grd,2016,sex_btsx,7.04445
grd,2016,sex_fmle,1.14324
grd,2016,sex_mle,5.90122
grd,2017,sex_btsx,8.21801
grd,2017,sex_fmle,1.21017
grd,2017,sex_mle,7.00784
grd,2018,sex_btsx,7.48536
grd,2018,sex_fmle,1.34065
grd,2018,sex_mle,6.14471
grd,2019,sex_btsx,7.38922
grd,2019,sex_fmle,1.17163
grd,2019,sex_mle,6.2176
gtm,2000,sex_btsx,3129.001
gtm,2000,sex_fmle,447.8639
gtm,2000,sex_mle,2681.137
gtm,2001,sex_btsx,3487.546
gtm,2001,sex_fmle,508.4925
gtm,2001,sex_mle,2979.053
gtm,2002,sex_btsx,3898.048
gtm,2002,sex_fmle,598.809
gtm,2002,sex_mle,3299.239
gtm,2003,sex_btsx,4521.381
gtm,2003,sex_fmle,659.6037
gtm,2003,sex_mle,3861.777
gtm,2004,sex_btsx,4799.703
gtm,2004,sex_fmle,705.5716
gtm,2004,sex_mle,4094.131
gtm,2005,sex_btsx,5658.755
gtm,2005,sex_fmle,792.3394
gtm,2005,sex_mle,4866.416
gtm,2006,sex_btsx,6216.994
gtm,2006,sex_fmle,864.657
gtm,2006,sex_mle,5352.337
gtm,2007,sex_btsx,6098.246
gtm,2007,sex_fmle,904.3114
gtm,2007,sex_mle,5193.935
gtm,2008,sex_btsx,6549.125
gtm,2008,sex_fmle,908.3122
gtm,2008,sex_mle,5640.813
gtm,2009,sex_btsx,6758.634
gtm,2009,sex_fmle,957.1359
gtm,2009,sex_mle,5801.498
gtm,2010,sex_btsx,6179.816
gtm,2010,sex_fmle,889.0385
gtm,2010,sex_mle,5290.777
gtm,2011,sex_btsx,5869.961
gtm,2011,sex_fmle,836.6537
gtm,2011,sex_mle,5033.308
gtm,2012,sex_btsx,5416.303
gtm,2012,sex_fmle,794.5763
gtm,2012,sex_mle,4621.727
gtm,2013,sex_btsx,5328.015
gtm,2013,sex_fmle,776.8542
gtm,2013,sex_mle,4551.161
gtm,2014,sex_btsx,5058.884
gtm,2014,sex_fmle,745.4108
gtm,2014,sex_mle,4313.473
gtm,2015,sex_btsx,4583.559
gtm,2015,sex_fmle,686.6074
gtm,2015,sex_mle,3896.952
gtm,2016,sex_btsx,4381.232
gtm,2016,sex_fmle,663.353
gtm,2016,sex_mle,3717.879
gtm,2017,sex_btsx,4155.116
gtm,2017,sex_fmle,632.6464
gtm,2017,sex_mle,3522.47
gtm,2018,sex_btsx,4513.834
gtm,2018,sex_fmle,689.4277
gtm,2018,sex_mle,3824.406
gtm,2019,sex_btsx,4410.61
gtm,2019,sex_fmle,678.2484
gtm,2019,sex_mle,3732.361
guy,2000,sex_btsx,127.6664
guy,2000,sex_fmle,23.06056
guy,2000,sex_mle,104.6059
guy,2001,sex_btsx,145.5942
guy,2001,sex_fmle,22.77948
guy,2001,sex_mle,122.8148
guy,2002,sex_btsx,180.7665
guy,2002,sex_fmle,28.09937
guy,2002,sex_mle,152.6671
guy,2003,sex_btsx,204.5281
guy,2003,sex_fmle,27.95397
guy,2003,sex_mle,176.5741
guy,2004,sex_btsx,182.9046
guy,2004,sex_fmle,30.85931
guy,2004,sex_mle,152.0453
guy,2005,sex_btsx,182.054
guy,2005,sex_fmle,33.89798
guy,2005,sex_mle,148.156
guy,2006,sex_btsx,173.1587
guy,2006,sex_fmle,34.48891
guy,2006,sex_mle,138.6697
guy,2007,sex_btsx,159.6443
guy,2007,sex_fmle,28.7993
guy,2007,sex_mle,130.845
guy,2008,sex_btsx,147.1108
guy,2008,sex_fmle,32.07845
guy,2008,sex_mle,115.0324
guy,2009,sex_btsx,134.3918
guy,2009,sex_fmle,25.49505
guy,2009,sex_mle,108.8968
guy,2010,sex_btsx,147.2861
guy,2010,sex_fmle,36.60414
guy,2010,sex_mle,110.682
guy,2011,sex_btsx,142.2986
guy,2011,sex_fmle,31.79387
guy,2011,sex_mle,110.5047
guy,2012,sex_btsx,151.9339
guy,2012,sex_fmle,33.02791
guy,2012,sex_mle,118.906
guy,2013,sex_btsx,167.6145
guy,2013,sex_fmle,32.579
guy,2013,sex_mle,135.0355
guy,2014,sex_btsx,199.2008
guy,2014,sex_fmle,41.3686
guy,2014,sex_mle,157.8322
guy,2015,sex_btsx,173.4159
guy,2015,sex_fmle,35.26325
guy,2015,sex_mle,138.1527
guy,2016,sex_btsx,175.8571
guy,2016,sex_fmle,35.45167
guy,2016,sex_mle,140.4054
guy,2017,sex_btsx,181.3524
guy,2017,sex_fmle,36.46521
guy,2017,sex_mle,144.8872
guy,2018,sex_btsx,188.295
guy,2018,sex_fmle,37.66033
guy,2018,sex_mle,150.6347
guy,2019,sex_btsx,193.5464
guy,2019,sex_fmle,38.5458
guy,2019,sex_mle,155.0006
hnd,2000,sex_btsx,3427.678
hnd,2000,sex_fmle,1088.354
hnd,2000,sex_mle,2339.325
hnd,2001,sex_btsx,3603.369
hnd,2001,sex_fmle,1163.369
hnd,2001,sex_mle,2440
hnd,2002,sex_btsx,3432.706
hnd,2002,sex_fmle,1211.734
hnd,2002,sex_mle,2220.972
hnd,2003,sex_btsx,3589.025
hnd,2003,sex_fmle,1272.736
hnd,2003,sex_mle,2316.29
hnd,2004,sex_btsx,3934.92
hnd,2004,sex_fmle,1221.896
hnd,2004,sex_mle,2713.024
hnd,2005,sex_btsx,3852.08
hnd,2005,sex_fmle,1175.226
hnd,2005,sex_mle,2676.855
hnd,2006,sex_btsx,3965.379
hnd,2006,sex_fmle,1207.291
hnd,2006,sex_mle,2758.088
hnd,2007,sex_btsx,4367.965
hnd,2007,sex_fmle,1359.207
hnd,2007,sex_mle,3008.758
hnd,2008,sex_btsx,5099.791
hnd,2008,sex_fmle,1605.557
hnd,2008,sex_mle,3494.234
hnd,2009,sex_btsx,5817.958
hnd,2009,sex_fmle,1867.808
hnd,2009,sex_mle,3950.15
hnd,2010,sex_btsx,6552.17
hnd,2010,sex_fmle,2127.96
hnd,2010,sex_mle,4424.211
hnd,2011,sex_btsx,7086.687
hnd,2011,sex_fmle,2326.702
hnd,2011,sex_mle,4759.986
hnd,2012,sex_btsx,7373.913
hnd,2012,sex_fmle,2357.227
hnd,2012,sex_mle,5016.686
hnd,2013,sex_btsx,7107.991
hnd,2013,sex_fmle,2211.686
hnd,2013,sex_mle,4896.305
hnd,2014,sex_btsx,6710.401
hnd,2014,sex_fmle,2039.941
hnd,2014,sex_mle,4670.46
hnd,2015,sex_btsx,6249.355
hnd,2015,sex_fmle,1835.188
hnd,2015,sex_mle,4414.167
hnd,2016,sex_btsx,5849.667
hnd,2016,sex_fmle,1689.573
hnd,2016,sex_mle,4160.093
hnd,2017,sex_btsx,5375.636
hnd,2017,sex_fmle,1524
hnd,2017,sex_mle,3851.636
hnd,2018,sex_btsx,6420.415
hnd,2018,sex_fmle,1806.949
hnd,2018,sex_mle,4613.466
hnd,2019,sex_btsx,6520.337
hnd,2019,sex_fmle,1811.696
hnd,2019,sex_mle,4708.64
hrv,2000,sex_btsx,115.1272
hrv,2000,sex_fmle,37.11475
hrv,2000,sex_mle,78.01241
hrv,2001,sex_btsx,87.70178
hrv,2001,sex_fmle,30.10375
hrv,2001,sex_mle,57.59803
hrv,2002,sex_btsx,67.14775
hrv,2002,sex_fmle,29.00303
hrv,2002,sex_mle,38.14472
hrv,2003,sex_btsx,72.84405
hrv,2003,sex_fmle,23.19637
hrv,2003,sex_mle,49.64768
hrv,2004,sex_btsx,82.34884
hrv,2004,sex_fmle,35.06277
hrv,2004,sex_mle,47.28607
hrv,2005,sex_btsx,59.32157
hrv,2005,sex_fmle,25.09171
hrv,2005,sex_mle,34.22986
hrv,2006,sex_btsx,81.08666
hrv,2006,sex_fmle,29.01477
hrv,2006,sex_mle,52.07188
hrv,2007,sex_btsx,68.29003
hrv,2007,sex_fmle,24.19882
hrv,2007,sex_mle,44.0912
hrv,2008,sex_btsx,78.52188
hrv,2008,sex_fmle,23.17448
hrv,2008,sex_mle,55.34739
hrv,2009,sex_btsx,58.2402
hrv,2009,sex_fmle,28.15242
hrv,2009,sex_mle,30.08778
hrv,2010,sex_btsx,59.10234
hrv,2010,sex_fmle,28.05583
hrv,2010,sex_mle,31.04651
hrv,2011,sex_btsx,50.10184
hrv,2011,sex_fmle,19.00106
hrv,2011,sex_mle,31.10078
hrv,2012,sex_btsx,53.23483
hrv,2012,sex_fmle,14.06407
hrv,2012,sex_mle,39.17076
hrv,2013,sex_btsx,47.18116
hrv,2013,sex_fmle,22.16969
hrv,2013,sex_mle,25.01147
hrv,2014,sex_btsx,38.45172
hrv,2014,sex_fmle,21.3387
hrv,2014,sex_mle,17.11301
hrv,2015,sex_btsx,37.23477
hrv,2015,sex_fmle,18.18107
hrv,2015,sex_mle,19.0537
hrv,2016,sex_btsx,51.28345
hrv,2016,sex_fmle,21.11546
hrv,2016,sex_mle,30.168
hrv,2017,sex_btsx,52.36728
hrv,2017,sex_fmle,20.35934
hrv,2017,sex_mle,32.00793
hrv,2018,sex_btsx,45.3631
hrv,2018,sex_fmle,19.03742
hrv,2018,sex_mle,26.32568
hrv,2019,sex_btsx,44.62063
hrv,2019,sex_fmle,18.65284
hrv,2019,sex_mle,25.96779
hti,2000,sex_btsx,1716.074
hti,2000,sex_fmle,320.0718
hti,2000,sex_mle,1396.002
hti,2001,sex_btsx,1743.907
hti,2001,sex_fmle,322.3012
hti,2001,sex_mle,1421.606
hti,2002,sex_btsx,1775.617
hti,2002,sex_fmle,324.5041
hti,2002,sex_mle,1451.113
hti,2003,sex_btsx,1815.728
hti,2003,sex_fmle,331.4398
hti,2003,sex_mle,1484.288
hti,2004,sex_btsx,1852.334
hti,2004,sex_fmle,338.0806
hti,2004,sex_mle,1514.254
hti,2005,sex_btsx,1895.935
hti,2005,sex_fmle,348.7075
hti,2005,sex_mle,1547.228
hti,2006,sex_btsx,1946.118
hti,2006,sex_fmle,361.3692
hti,2006,sex_mle,1584.749
hti,2007,sex_btsx,1991.058
hti,2007,sex_fmle,374.0787
hti,2007,sex_mle,1616.98
hti,2008,sex_btsx,2038.39
hti,2008,sex_fmle,388.1277
hti,2008,sex_mle,1650.262
hti,2009,sex_btsx,2082.473
hti,2009,sex_fmle,397.8153
hti,2009,sex_mle,1684.657
hti,2010,sex_btsx,2119.724
hti,2010,sex_fmle,408.7914
hti,2010,sex_mle,1710.932
hti,2011,sex_btsx,2117.558
hti,2011,sex_fmle,407.7745
hti,2011,sex_mle,1709.783
hti,2012,sex_btsx,2141.73
hti,2012,sex_fmle,416.5127
hti,2012,sex_mle,1725.218
hti,2013,sex_btsx,2173.018
hti,2013,sex_fmle,423.5969
hti,2013,sex_mle,1749.421
hti,2014,sex_btsx,2200.042
hti,2014,sex_fmle,430.6062
hti,2014,sex_mle,1769.436
hti,2015,sex_btsx,2221.019
hti,2015,sex_fmle,437.0337
hti,2015,sex_mle,1783.986
hti,2016,sex_btsx,2244.407
hti,2016,sex_fmle,442.973
hti,2016,sex_mle,1801.434
hti,2017,sex_btsx,2265.073
hti,2017,sex_fmle,452.175
hti,2017,sex_mle,1812.898
hti,2018,sex_btsx,2305.155
hti,2018,sex_fmle,465.205
hti,2018,sex_mle,1839.95
hti,2019,sex_btsx,2329.609
hti,2019,sex_fmle,474.4827
hti,2019,sex_mle,1855.126
hun,2000,sex_btsx,264.0042
hun,2000,sex_fmle,97.00586
hun,2000,sex_mle,166.9983
hun,2001,sex_btsx,254.0687
hun,2001,sex_fmle,92.93552
hun,2001,sex_mle,161.1332
hun,2002,sex_btsx,247.9153
hun,2002,sex_fmle,91.85064
hun,2002,sex_mle,156.0647
hun,2003,sex_btsx,201.8211
hun,2003,sex_fmle,75.37262
hun,2003,sex_mle,126.4484
hun,2004,sex_btsx,223.4922
hun,2004,sex_fmle,82.04724
hun,2004,sex_mle,141.445
hun,2005,sex_btsx,197.2521
hun,2005,sex_fmle,73.87037
hun,2005,sex_mle,123.3818
hun,2006,sex_btsx,196.0553
hun,2006,sex_fmle,72.24639
hun,2006,sex_mle,123.8089
hun,2007,sex_btsx,177.5837
hun,2007,sex_fmle,65.57431
hun,2007,sex_mle,112.0094
hun,2008,sex_btsx,208.3981
hun,2008,sex_fmle,77.26509
hun,2008,sex_mle,131.133
hun,2009,sex_btsx,151.0758
hun,2009,sex_fmle,55.43284
hun,2009,sex_mle,95.64293
hun,2010,sex_btsx,156.1169
hun,2010,sex_fmle,57.55277
hun,2010,sex_mle,98.56415
hun,2011,sex_btsx,165.8073
hun,2011,sex_fmle,63.64188
hun,2011,sex_mle,102.1655
hun,2012,sex_btsx,151.9304
hun,2012,sex_fmle,57.78839
hun,2012,sex_mle,94.14206
hun,2013,sex_btsx,144.9002
hun,2013,sex_fmle,56.98564
hun,2013,sex_mle,87.9146
hun,2014,sex_btsx,167.2977
hun,2014,sex_fmle,65.69966
hun,2014,sex_mle,101.5981
hun,2015,sex_btsx,159.0898
hun,2015,sex_fmle,63.76396
hun,2015,sex_mle,95.32583
hun,2016,sex_btsx,148.183
hun,2016,sex_fmle,61.24306
hun,2016,sex_mle,86.93991
hun,2017,sex_btsx,147.6461
hun,2017,sex_fmle,61.25709
hun,2017,sex_mle,86.38905
hun,2018,sex_btsx,139.117
hun,2018,sex_fmle,57.83408
hun,2018,sex_mle,81.28297
hun,2019,sex_btsx,135.3367
hun,2019,sex_fmle,56.29829
hun,2019,sex_mle,79.03843
idn,2000,sex_btsx,12327.83
idn,2000,sex_fmle,3449.683
idn,2000,sex_mle,8878.148
idn,2001,sex_btsx,12428.27
idn,2001,sex_fmle,3479.231
idn,2001,sex_mle,8949.043
idn,2002,sex_btsx,12515.69
idn,2002,sex_fmle,3465.859
idn,2002,sex_mle,9049.834
idn,2003,sex_btsx,12591.95
idn,2003,sex_fmle,3490.949
idn,2003,sex_mle,9101.004
idn,2004,sex_btsx,12674.91
idn,2004,sex_fmle,3521.357
idn,2004,sex_mle,9153.555
idn,2005,sex_btsx,12646.19
idn,2005,sex_fmle,3492.455
idn,2005,sex_mle,9153.732
idn,2006,sex_btsx,12477.08
idn,2006,sex_fmle,3466.696
idn,2006,sex_mle,9010.384
idn,2007,sex_btsx,12364.42
idn,2007,sex_fmle,3441.759
idn,2007,sex_mle,8922.657
idn,2008,sex_btsx,12184.91
idn,2008,sex_fmle,3400.009
idn,2008,sex_mle,8784.905
idn,2009,sex_btsx,11961.17
idn,2009,sex_fmle,3355.398
idn,2009,sex_mle,8605.774
idn,2010,sex_btsx,11793.19
idn,2010,sex_fmle,3333.854
idn,2010,sex_mle,8459.332
idn,2011,sex_btsx,11836.66
idn,2011,sex_fmle,3384.018
idn,2011,sex_mle,8452.643
idn,2012,sex_btsx,11894.24
idn,2012,sex_fmle,3456.902
idn,2012,sex_mle,8437.334
idn,2013,sex_btsx,11888.81
idn,2013,sex_fmle,3537.118
idn,2013,sex_mle,8351.688
idn,2014,sex_btsx,11848.14
idn,2014,sex_fmle,3592.774
idn,2014,sex_mle,8255.367
idn,2015,sex_btsx,11839.31
idn,2015,sex_fmle,3586.636
idn,2015,sex_mle,8252.671
idn,2016,sex_btsx,11829.44
idn,2016,sex_fmle,3599.24
idn,2016,sex_mle,8230.202
idn,2017,sex_btsx,11806.25
idn,2017,sex_fmle,3564.242
idn,2017,sex_mle,8242.005
idn,2018,sex_btsx,11673.3
idn,2018,sex_fmle,3487.323
idn,2018,sex_mle,8185.976
idn,2019,sex_btsx,11606.33
idn,2019,sex_fmle,3423.561
idn,2019,sex_mle,8182.773
ind,2000,sex_btsx,53478.59
ind,2000,sex_fmle,14524.64
ind,2000,sex_mle,38953.95
ind,2001,sex_btsx,52992.4
ind,2001,sex_fmle,14370.34
ind,2001,sex_mle,38622.05
ind,2002,sex_btsx,52600.43
ind,2002,sex_fmle,14247.49
ind,2002,sex_mle,38352.94
ind,2003,sex_btsx,51993.48
ind,2003,sex_fmle,14020.43
ind,2003,sex_mle,37973.05
ind,2004,sex_btsx,52416.91
ind,2004,sex_fmle,14106.37
ind,2004,sex_mle,38310.54
ind,2005,sex_btsx,52183.45
ind,2005,sex_fmle,14008.39
ind,2005,sex_mle,38175.06
ind,2006,sex_btsx,52182.42
ind,2006,sex_fmle,14051.96
ind,2006,sex_mle,38130.45
ind,2007,sex_btsx,52406.62
ind,2007,sex_fmle,14110.82
ind,2007,sex_mle,38295.8
ind,2008,sex_btsx,52764.76
ind,2008,sex_fmle,14104.7
ind,2008,sex_mle,38660.06
ind,2009,sex_btsx,53008.11
ind,2009,sex_fmle,13923.98
ind,2009,sex_mle,39084.12
ind,2010,sex_btsx,53463.74
ind,2010,sex_fmle,13744.59
ind,2010,sex_mle,39719.15
ind,2011,sex_btsx,53956.5
ind,2011,sex_fmle,13582.58
ind,2011,sex_mle,40373.92
ind,2012,sex_btsx,53904.33
ind,2012,sex_fmle,13294.51
ind,2012,sex_mle,40609.82
ind,2013,sex_btsx,53470.18
ind,2013,sex_fmle,13026.63
ind,2013,sex_mle,40443.55
ind,2014,sex_btsx,53309.38
ind,2014,sex_fmle,12874.85
ind,2014,sex_mle,40434.53
ind,2015,sex_btsx,52314.19
ind,2015,sex_fmle,12532.35
ind,2015,sex_mle,39781.84
ind,2016,sex_btsx,51531.5
ind,2016,sex_fmle,12269.29
ind,2016,sex_mle,39262.22
ind,2017,sex_btsx,52056.96
ind,2017,sex_fmle,12433.09
ind,2017,sex_mle,39623.87
ind,2018,sex_btsx,51979
ind,2018,sex_fmle,12477.36
ind,2018,sex_mle,39501.64
ind,2019,sex_btsx,51766.52
ind,2019,sex_fmle,12508.77
ind,2019,sex_mle,39257.75
irl,2000,sex_btsx,45.29903
irl,2000,sex_fmle,11.52303
irl,2000,sex_mle,33.776
irl,2001,sex_btsx,53.33874
irl,2001,sex_fmle,13.20126
irl,2001,sex_mle,40.13748
irl,2002,sex_btsx,52.38666
irl,2002,sex_fmle,12.79975
irl,2002,sex_mle,39.58691
irl,2003,sex_btsx,45.38563
irl,2003,sex_fmle,11.1244
irl,2003,sex_mle,34.26123
irl,2004,sex_btsx,40.79969
irl,2004,sex_fmle,9.9886
irl,2004,sex_mle,30.81109
irl,2005,sex_btsx,52.59988
irl,2005,sex_fmle,13.08566
irl,2005,sex_mle,39.51422
irl,2006,sex_btsx,62.57587
irl,2006,sex_fmle,15.57675
irl,2006,sex_mle,46.99912
irl,2007,sex_btsx,80.21247
irl,2007,sex_fmle,19.16254
irl,2007,sex_mle,61.04993
irl,2008,sex_btsx,51.48048
irl,2008,sex_fmle,12.81778
irl,2008,sex_mle,38.6627
irl,2009,sex_btsx,58.62732
irl,2009,sex_fmle,13.99655
irl,2009,sex_mle,44.63077
irl,2010,sex_btsx,54.48962
irl,2010,sex_fmle,13.16435
irl,2010,sex_mle,41.32527
irl,2011,sex_btsx,43.20497
irl,2011,sex_fmle,10.65192
irl,2011,sex_mle,32.55305
irl,2012,sex_btsx,43.43398
irl,2012,sex_fmle,11.04879
irl,2012,sex_mle,32.38518
irl,2013,sex_btsx,53.23196
irl,2013,sex_fmle,13.88475
irl,2013,sex_mle,39.34721
irl,2014,sex_btsx,52.76452
irl,2014,sex_fmle,13.51609
irl,2014,sex_mle,39.24843
irl,2015,sex_btsx,34.80818
irl,2015,sex_fmle,9.29012
irl,2015,sex_mle,25.51806
irl,2016,sex_btsx,37.06235
irl,2016,sex_fmle,10.07048
irl,2016,sex_mle,26.99187
irl,2017,sex_btsx,40.81356
irl,2017,sex_fmle,11.16839
irl,2017,sex_mle,29.64517
irl,2018,sex_btsx,39.17859
irl,2018,sex_fmle,10.80731
irl,2018,sex_mle,28.37129
irl,2019,sex_btsx,38.17908
irl,2019,sex_fmle,10.6177
irl,2019,sex_mle,27.56138
irn,2000,sex_btsx,3262.037
irn,2000,sex_fmle,666.7776
irn,2000,sex_mle,2595.259
irn,2001,sex_btsx,3212.971
irn,2001,sex_fmle,632.1799
irn,2001,sex_mle,2580.791
irn,2002,sex_btsx,3155.462
irn,2002,sex_fmle,595.8761
irn,2002,sex_mle,2559.586
irn,2003,sex_btsx,3084.98
irn,2003,sex_fmle,560.8686
irn,2003,sex_mle,2524.112
irn,2004,sex_btsx,3003.594
irn,2004,sex_fmle,532.6596
irn,2004,sex_mle,2470.935
irn,2005,sex_btsx,2905.683
irn,2005,sex_fmle,493.5367
irn,2005,sex_mle,2412.146
irn,2006,sex_btsx,2948.289
irn,2006,sex_fmle,478.338
irn,2006,sex_mle,2469.951
irn,2007,sex_btsx,2974.247
irn,2007,sex_fmle,460.4297
irn,2007,sex_mle,2513.818
irn,2008,sex_btsx,2981.823
irn,2008,sex_fmle,449.6515
irn,2008,sex_mle,2532.172
irn,2009,sex_btsx,2977.474
irn,2009,sex_fmle,468.8074
irn,2009,sex_mle,2508.666
irn,2010,sex_btsx,2964.228
irn,2010,sex_fmle,512.8227
irn,2010,sex_mle,2451.405
irn,2011,sex_btsx,2803.546
irn,2011,sex_fmle,540.6808
irn,2011,sex_mle,2262.865
irn,2012,sex_btsx,2639.527
irn,2012,sex_fmle,533.4576
irn,2012,sex_mle,2106.07
irn,2013,sex_btsx,2682.793
irn,2013,sex_fmle,524.6249
irn,2013,sex_mle,2158.169
irn,2014,sex_btsx,2704.061
irn,2014,sex_fmle,515.762
irn,2014,sex_mle,2188.299
irn,2015,sex_btsx,2632.814
irn,2015,sex_fmle,498.5519
irn,2015,sex_mle,2134.262
irn,2016,sex_btsx,2611.021
irn,2016,sex_fmle,494.6806
irn,2016,sex_mle,2116.34
irn,2017,sex_btsx,2591.364
irn,2017,sex_fmle,492.2426
irn,2017,sex_mle,2099.122
irn,2018,sex_btsx,2561.962
irn,2018,sex_fmle,489.1376
irn,2018,sex_mle,2072.825
irn,2019,sex_btsx,2535.214
irn,2019,sex_fmle,488.0325
irn,2019,sex_mle,2047.181
irq,2000,sex_btsx,5505.202
irq,2000,sex_fmle,1408.595
irq,2000,sex_mle,4096.607
irq,2001,sex_btsx,5819.521
irq,2001,sex_fmle,1456.705
irq,2001,sex_mle,4362.816
irq,2002,sex_btsx,5914.938
irq,2002,sex_fmle,1507.439
irq,2002,sex_mle,4407.499
irq,2003,sex_btsx,5973.475
irq,2003,sex_fmle,1539.634
irq,2003,sex_mle,4433.841
irq,2004,sex_btsx,6134.481
irq,2004,sex_fmle,1603.381
irq,2004,sex_mle,4531.1
irq,2005,sex_btsx,6287.422
irq,2005,sex_fmle,1678.226
irq,2005,sex_mle,4609.196
irq,2006,sex_btsx,5960.084
irq,2006,sex_fmle,1574.493
irq,2006,sex_mle,4385.591
irq,2007,sex_btsx,5711.613
irq,2007,sex_fmle,1498.539
irq,2007,sex_mle,4213.074
irq,2008,sex_btsx,5416.007
irq,2008,sex_fmle,1398.607
irq,2008,sex_mle,4017.4
irq,2009,sex_btsx,5178.639
irq,2009,sex_fmle,1312.395
irq,2009,sex_mle,3866.244
irq,2010,sex_btsx,4914.079
irq,2010,sex_fmle,1227.161
irq,2010,sex_mle,3686.918
irq,2011,sex_btsx,5104.593
irq,2011,sex_fmle,1264.97
irq,2011,sex_mle,3839.623
irq,2012,sex_btsx,5220.671
irq,2012,sex_fmle,1296.172
irq,2012,sex_mle,3924.499
irq,2013,sex_btsx,5397.055
irq,2013,sex_fmle,1345.254
irq,2013,sex_mle,4051.801
irq,2014,sex_btsx,5518.428
irq,2014,sex_fmle,1359.641
irq,2014,sex_mle,4158.787
irq,2015,sex_btsx,5704.991
irq,2015,sex_fmle,1456.195
irq,2015,sex_mle,4248.795
irq,2016,sex_btsx,5783.517
irq,2016,sex_fmle,1474.641
irq,2016,sex_mle,4308.876
irq,2017,sex_btsx,5918.551
irq,2017,sex_fmle,1572.057
irq,2017,sex_mle,4346.494
irq,2018,sex_btsx,5677.677
irq,2018,sex_fmle,1538.24
irq,2018,sex_mle,4139.437
irq,2019,sex_btsx,5658.021
irq,2019,sex_fmle,1565.081
irq,2019,sex_mle,4092.94
isl,2000,sex_btsx,3.2583
isl,2000,sex_fmle,1.04334
isl,2000,sex_mle,2.21496
isl,2001,sex_btsx,2.57596
isl,2001,sex_fmle,0.85866
isl,2001,sex_mle,1.7173
isl,2002,sex_btsx,2.68561
isl,2002,sex_fmle,0.95868
isl,2002,sex_mle,1.72692
isl,2003,sex_btsx,2.19155
isl,2003,sex_fmle,0.81364
isl,2003,sex_mle,1.37791
isl,2004,sex_btsx,2.39039
isl,2004,sex_fmle,0.89931
isl,2004,sex_mle,1.49108
isl,2005,sex_btsx,2.26171
isl,2005,sex_fmle,0.74124
isl,2005,sex_mle,1.52047
isl,2006,sex_btsx,1.87356
isl,2006,sex_fmle,0.59546
isl,2006,sex_mle,1.2781
isl,2007,sex_btsx,1.92964
isl,2007,sex_fmle,0.60491
isl,2007,sex_mle,1.32473
isl,2008,sex_btsx,1.72882
isl,2008,sex_fmle,0.53527
isl,2008,sex_mle,1.19355
isl,2009,sex_btsx,1.853
isl,2009,sex_fmle,0.57502
isl,2009,sex_mle,1.27797
isl,2010,sex_btsx,2.0945
isl,2010,sex_fmle,0.708
isl,2010,sex_mle,1.3865
isl,2011,sex_btsx,2.20267
isl,2011,sex_fmle,0.75118
isl,2011,sex_mle,1.4515
isl,2012,sex_btsx,1.98608
isl,2012,sex_fmle,0.67536
isl,2012,sex_mle,1.31073
isl,2013,sex_btsx,1.9853
isl,2013,sex_fmle,0.71835
isl,2013,sex_mle,1.26695
isl,2014,sex_btsx,2.13624
isl,2014,sex_fmle,0.77427
isl,2014,sex_mle,1.36197
isl,2015,sex_btsx,2.27672
isl,2015,sex_fmle,0.80348
isl,2015,sex_mle,1.47324
isl,2016,sex_btsx,3.26406
isl,2016,sex_fmle,1.23111
isl,2016,sex_mle,2.03296
isl,2017,sex_btsx,4.53048
isl,2017,sex_fmle,1.79011
isl,2017,sex_mle,2.74037
isl,2018,sex_btsx,3.43616
isl,2018,sex_fmle,1.34033
isl,2018,sex_mle,2.09582
isl,2019,sex_btsx,4.00932
isl,2019,sex_fmle,1.84147
isl,2019,sex_mle,2.16786
isr,2000,sex_btsx,208.5205
isr,2000,sex_fmle,54.88774
isr,2000,sex_mle,153.6328
isr,2001,sex_btsx,394.7256
isr,2001,sex_fmle,108.8968
isr,2001,sex_mle,285.8288
isr,2002,sex_btsx,506.9179
isr,2002,sex_fmle,142.9683
isr,2002,sex_mle,363.9496
isr,2003,sex_btsx,333.6559
isr,2003,sex_fmle,94.70619
isr,2003,sex_mle,238.9498
isr,2004,sex_btsx,239.231
isr,2004,sex_fmle,64.90133
isr,2004,sex_mle,174.3297
isr,2005,sex_btsx,238.0059
isr,2005,sex_fmle,66.84413
isr,2005,sex_mle,171.1617
isr,2006,sex_btsx,236.6591
isr,2006,sex_fmle,66.18582
isr,2006,sex_mle,170.4732
isr,2007,sex_btsx,164.4849
isr,2007,sex_fmle,42.58855
isr,2007,sex_mle,121.8964
isr,2008,sex_btsx,160.55
isr,2008,sex_fmle,39.93603
isr,2008,sex_mle,120.6139
isr,2009,sex_btsx,161.6369
isr,2009,sex_fmle,41.73709
isr,2009,sex_mle,119.8998
isr,2010,sex_btsx,169.2704
isr,2010,sex_fmle,43.08026
isr,2010,sex_mle,126.1901
isr,2011,sex_btsx,176.3111
isr,2011,sex_fmle,48.52374
isr,2011,sex_mle,127.7874
isr,2012,sex_btsx,160.7151
isr,2012,sex_fmle,44.54704
isr,2012,sex_mle,116.1681
isr,2013,sex_btsx,153.8693
isr,2013,sex_fmle,43.14092
isr,2013,sex_mle,110.7283
isr,2014,sex_btsx,149.5334
isr,2014,sex_fmle,40.46741
isr,2014,sex_mle,109.066
isr,2015,sex_btsx,146.1932
isr,2015,sex_fmle,39.35932
isr,2015,sex_mle,106.8339
isr,2016,sex_btsx,122.4899
isr,2016,sex_fmle,33.80694
isr,2016,sex_mle,88.68297
isr,2017,sex_btsx,120.8989
isr,2017,sex_fmle,33.47001
isr,2017,sex_mle,87.42891
isr,2018,sex_btsx,110.6785
isr,2018,sex_fmle,30.67272
isr,2018,sex_mle,80.0058
isr,2019,sex_btsx,104.0247
isr,2019,sex_fmle,28.84218
isr,2019,sex_mle,75.1825
ita,2000,sex_btsx,768.2933
ita,2000,sex_fmle,208.6637
ita,2000,sex_mle,559.6296
ita,2001,sex_btsx,709.0897
ita,2001,sex_fmle,195.3732
ita,2001,sex_mle,513.7165
ita,2002,sex_btsx,643.51
ita,2002,sex_fmle,183.6149
ita,2002,sex_mle,459.8951
ita,2003,sex_btsx,720.5836
ita,2003,sex_fmle,210.9598
ita,2003,sex_mle,509.6238
ita,2004,sex_btsx,718.9782
ita,2004,sex_fmle,206.1192
ita,2004,sex_mle,512.859
ita,2005,sex_btsx,610.0958
ita,2005,sex_fmle,180.0561
ita,2005,sex_mle,430.0397
ita,2006,sex_btsx,622.4389
ita,2006,sex_fmle,184.3933
ita,2006,sex_mle,438.0456
ita,2007,sex_btsx,628.2401
ita,2007,sex_fmle,186.4052
ita,2007,sex_mle,441.8348
ita,2008,sex_btsx,609.2951
ita,2008,sex_fmle,183.685
ita,2008,sex_mle,425.6101
ita,2009,sex_btsx,583.6656
ita,2009,sex_fmle,183.4793
ita,2009,sex_mle,400.1863
ita,2010,sex_btsx,520.6085
ita,2010,sex_fmle,164.3276
ita,2010,sex_mle,356.281
ita,2011,sex_btsx,541.5419
ita,2011,sex_fmle,172.8378
ita,2011,sex_mle,368.7042
ita,2012,sex_btsx,517.6352
ita,2012,sex_fmle,166.3246
ita,2012,sex_mle,351.3106
ita,2013,sex_btsx,504.1481
ita,2013,sex_fmle,164.7548
ita,2013,sex_mle,339.3933
ita,2014,sex_btsx,497.789
ita,2014,sex_fmle,163.3444
ita,2014,sex_mle,334.4446
ita,2015,sex_btsx,469.0075
ita,2015,sex_fmle,156.4848
ita,2015,sex_mle,312.5227
ita,2016,sex_btsx,443.9263
ita,2016,sex_fmle,149.898
ita,2016,sex_mle,294.0283
ita,2017,sex_btsx,443.9299
ita,2017,sex_fmle,150.2242
ita,2017,sex_mle,293.7058
ita,2018,sex_btsx,423.7996
ita,2018,sex_fmle,143.2323
ita,2018,sex_mle,280.5674
ita,2019,sex_btsx,408.5012
ita,2019,sex_fmle,137.5082
ita,2019,sex_mle,270.993
jam,2000,sex_btsx,1116.56
jam,2000,sex_fmle,170.7423
jam,2000,sex_mle,945.818
jam,2001,sex_btsx,1218.585
jam,2001,sex_fmle,208.4069
jam,2001,sex_mle,1010.178
jam,2002,sex_btsx,942.3477
jam,2002,sex_fmle,212.0232
jam,2002,sex_mle,730.3245
jam,2003,sex_btsx,670.1312
jam,2003,sex_fmle,217.6033
jam,2003,sex_mle,452.5279
jam,2004,sex_btsx,799.7094
jam,2004,sex_fmle,277.9884
jam,2004,sex_mle,521.7211
jam,2005,sex_btsx,1166.528
jam,2005,sex_fmle,307.517
jam,2005,sex_mle,859.0114
jam,2006,sex_btsx,1234.087
jam,2006,sex_fmle,298.5612
jam,2006,sex_mle,935.5261
jam,2007,sex_btsx,1688.979
jam,2007,sex_fmle,333.4208
jam,2007,sex_mle,1355.558
jam,2008,sex_btsx,1708.994
jam,2008,sex_fmle,349.9897
jam,2008,sex_mle,1359.004
jam,2009,sex_btsx,1712.868
jam,2009,sex_fmle,346.7458
jam,2009,sex_mle,1366.122
jam,2010,sex_btsx,1569.074
jam,2010,sex_fmle,313.4697
jam,2010,sex_mle,1255.604
jam,2011,sex_btsx,1424.112
jam,2011,sex_fmle,269.4735
jam,2011,sex_mle,1154.638
jam,2012,sex_btsx,1336.931
jam,2012,sex_fmle,253.2614
jam,2012,sex_mle,1083.67
jam,2013,sex_btsx,1328.855
jam,2013,sex_fmle,259.5178
jam,2013,sex_mle,1069.337
jam,2014,sex_btsx,1311.097
jam,2014,sex_fmle,258.7493
jam,2014,sex_mle,1052.348
jam,2015,sex_btsx,1388.243
jam,2015,sex_fmle,277.1353
jam,2015,sex_mle,1111.108
jam,2016,sex_btsx,1493.43
jam,2016,sex_fmle,302.273
jam,2016,sex_mle,1191.157
jam,2017,sex_btsx,1616.928
jam,2017,sex_fmle,334.2263
jam,2017,sex_mle,1282.702
jam,2018,sex_btsx,1481.717
jam,2018,sex_fmle,310.7263
jam,2018,sex_mle,1170.99
jam,2019,sex_btsx,1484.291
jam,2019,sex_fmle,315.8542
jam,2019,sex_mle,1168.437
jor,2000,sex_btsx,181.3894
jor,2000,sex_fmle,47.4059
jor,2000,sex_mle,133.9835
jor,2001,sex_btsx,181.9625
jor,2001,sex_fmle,47.76678
jor,2001,sex_mle,134.1958
jor,2002,sex_btsx,187.9694
jor,2002,sex_fmle,49.55638
jor,2002,sex_mle,138.413
jor,2003,sex_btsx,187.3686
jor,2003,sex_fmle,49.79349
jor,2003,sex_mle,137.5751
jor,2004,sex_btsx,188.8399
jor,2004,sex_fmle,50.33154
jor,2004,sex_mle,138.5084
jor,2005,sex_btsx,187.487
jor,2005,sex_fmle,50.04183
jor,2005,sex_mle,137.4452
jor,2006,sex_btsx,205.4263
jor,2006,sex_fmle,54.21084
jor,2006,sex_mle,151.2154
jor,2007,sex_btsx,215.188
jor,2007,sex_fmle,55.4547
jor,2007,sex_mle,159.7333
jor,2008,sex_btsx,220.2689
jor,2008,sex_fmle,58.1313
jor,2008,sex_mle,162.1376
jor,2009,sex_btsx,221.4678
jor,2009,sex_fmle,59.41201
jor,2009,sex_mle,162.0558
jor,2010,sex_btsx,232.1193
jor,2010,sex_fmle,62.82636
jor,2010,sex_mle,169.2929
jor,2011,sex_btsx,226.6968
jor,2011,sex_fmle,62.02789
jor,2011,sex_mle,164.6689
jor,2012,sex_btsx,233.4465
jor,2012,sex_fmle,63.6574
jor,2012,sex_mle,169.7891
jor,2013,sex_btsx,244.3231
jor,2013,sex_fmle,66.41471
jor,2013,sex_mle,177.9084
jor,2014,sex_btsx,254.0521
jor,2014,sex_fmle,68.90523
jor,2014,sex_mle,185.1468
jor,2015,sex_btsx,262.188
jor,2015,sex_fmle,70.93248
jor,2015,sex_mle,191.2555
jor,2016,sex_btsx,268.988
jor,2016,sex_fmle,72.50069
jor,2016,sex_mle,196.4873
jor,2017,sex_btsx,274.3742
jor,2017,sex_fmle,74.28271
jor,2017,sex_mle,200.0915
jor,2018,sex_btsx,269.8535
jor,2018,sex_fmle,73.33654
jor,2018,sex_mle,196.5169
jor,2019,sex_btsx,268.9952
jor,2019,sex_fmle,73.31744
jor,2019,sex_mle,195.6778
jpn,2000,sex_btsx,828.051
jpn,2000,sex_fmle,332.5343
jpn,2000,sex_mle,495.5167
jpn,2001,sex_btsx,787.3524
jpn,2001,sex_fmle,316.0342
jpn,2001,sex_mle,471.3183
jpn,2002,sex_btsx,788.3983
jpn,2002,sex_fmle,317.4806
jpn,2002,sex_mle,470.9176
jpn,2003,sex_btsx,756.6401
jpn,2003,sex_fmle,306.9641
jpn,2003,sex_mle,449.676
jpn,2004,sex_btsx,707.0525
jpn,2004,sex_fmle,292.3135
jpn,2004,sex_mle,414.739
jpn,2005,sex_btsx,642.4156
jpn,2005,sex_fmle,269.562
jpn,2005,sex_mle,372.8536
jpn,2006,sex_btsx,630.1889
jpn,2006,sex_fmle,267.0791
jpn,2006,sex_mle,363.1098
jpn,2007,sex_btsx,564.524
jpn,2007,sex_fmle,240.5875
jpn,2007,sex_mle,323.9365
jpn,2008,sex_btsx,601.4319
jpn,2008,sex_fmle,260.2097
jpn,2008,sex_mle,341.2222
jpn,2009,sex_btsx,515.6483
jpn,2009,sex_fmle,223.3561
jpn,2009,sex_mle,292.2922
jpn,2010,sex_btsx,471.8554
jpn,2010,sex_fmle,205.272
jpn,2010,sex_mle,266.5834
jpn,2011,sex_btsx,455.728
jpn,2011,sex_fmle,202.2027
jpn,2011,sex_mle,253.5253
jpn,2012,sex_btsx,444.7402
jpn,2012,sex_fmle,197.913
jpn,2012,sex_mle,246.8272
jpn,2013,sex_btsx,361.5067
jpn,2013,sex_fmle,160.7471
jpn,2013,sex_mle,200.7596
jpn,2014,sex_btsx,386.56
jpn,2014,sex_fmle,172.7076
jpn,2014,sex_mle,213.8524
jpn,2015,sex_btsx,343.8294
jpn,2015,sex_fmle,154.2399
jpn,2015,sex_mle,189.5895
jpn,2016,sex_btsx,318.2121
jpn,2016,sex_fmle,142.6358
jpn,2016,sex_mle,175.5763
jpn,2017,sex_btsx,299.3967
jpn,2017,sex_fmle,134.1607
jpn,2017,sex_mle,165.236
jpn,2018,sex_btsx,284.1013
jpn,2018,sex_fmle,127.1615
jpn,2018,sex_mle,156.9398
jpn,2019,sex_btsx,265.8386
jpn,2019,sex_fmle,118.7213
jpn,2019,sex_mle,147.1173
kaz,2000,sex_btsx,2825.623
kaz,2000,sex_fmle,520.6131
kaz,2000,sex_mle,2305.01
kaz,2001,sex_btsx,2675.422
kaz,2001,sex_fmle,522.5676
kaz,2001,sex_mle,2152.854
kaz,2002,sex_btsx,2288.142
kaz,2002,sex_fmle,472.3894
kaz,2002,sex_mle,1815.752
kaz,2003,sex_btsx,2357.691
kaz,2003,sex_fmle,480.6246
kaz,2003,sex_mle,1877.067
kaz,2004,sex_btsx,2364.444
kaz,2004,sex_fmle,462.7723
kaz,2004,sex_mle,1901.672
kaz,2005,sex_btsx,2301.915
kaz,2005,sex_fmle,443.7899
kaz,2005,sex_mle,1858.125
kaz,2006,sex_btsx,2154.61
kaz,2006,sex_fmle,412.2765
kaz,2006,sex_mle,1742.333
kaz,2007,sex_btsx,2009.999
kaz,2007,sex_fmle,370.4563
kaz,2007,sex_mle,1639.542
kaz,2008,sex_btsx,1947.976
kaz,2008,sex_fmle,380.4325
kaz,2008,sex_mle,1567.544
kaz,2009,sex_btsx,1848.794
kaz,2009,sex_fmle,374.7773
kaz,2009,sex_mle,1474.017
kaz,2010,sex_btsx,1683.032
kaz,2010,sex_fmle,335.158
kaz,2010,sex_mle,1347.874
kaz,2011,sex_btsx,1591.568
kaz,2011,sex_fmle,315.6215
kaz,2011,sex_mle,1275.947
kaz,2012,sex_btsx,1458.276
kaz,2012,sex_fmle,292.1317
kaz,2012,sex_mle,1166.144
kaz,2013,sex_btsx,1327.254
kaz,2013,sex_fmle,268.6511
kaz,2013,sex_mle,1058.603
kaz,2014,sex_btsx,1196.305
kaz,2014,sex_fmle,248.012
kaz,2014,sex_mle,948.2928
kaz,2015,sex_btsx,1123.121
kaz,2015,sex_fmle,232.0193
kaz,2015,sex_mle,891.1019
kaz,2016,sex_btsx,1115.727
kaz,2016,sex_fmle,233.7669
kaz,2016,sex_mle,881.9601
kaz,2017,sex_btsx,1094.831
kaz,2017,sex_fmle,231.7002
kaz,2017,sex_mle,863.1304
kaz,2018,sex_btsx,1007.859
kaz,2018,sex_fmle,214.9947
kaz,2018,sex_mle,792.8645
kaz,2019,sex_btsx,949.4852
kaz,2019,sex_fmle,203.9705
kaz,2019,sex_mle,745.5147
ken,2000,sex_btsx,1351.403
ken,2000,sex_fmle,204.9572
ken,2000,sex_mle,1146.446
ken,2001,sex_btsx,1448.922
ken,2001,sex_fmle,209.5914
ken,2001,sex_mle,1239.331
ken,2002,sex_btsx,1435.8
ken,2002,sex_fmle,219.1508
ken,2002,sex_mle,1216.649
ken,2003,sex_btsx,1473.845
ken,2003,sex_fmle,239.8331
ken,2003,sex_mle,1234.012
ken,2004,sex_btsx,1651.403
ken,2004,sex_fmle,261.1015
ken,2004,sex_mle,1390.301
ken,2005,sex_btsx,1668.953
ken,2005,sex_fmle,228.6208
ken,2005,sex_mle,1440.332
ken,2006,sex_btsx,1765.453
ken,2006,sex_fmle,237.4403
ken,2006,sex_mle,1528.012
ken,2007,sex_btsx,1825.536
ken,2007,sex_fmle,262.7303
ken,2007,sex_mle,1562.805
ken,2008,sex_btsx,1982.189
ken,2008,sex_fmle,300.0789
ken,2008,sex_mle,1682.11
ken,2009,sex_btsx,2280.226
ken,2009,sex_fmle,368.5457
ken,2009,sex_mle,1911.68
ken,2010,sex_btsx,2447.42
ken,2010,sex_fmle,423.8494
ken,2010,sex_mle,2023.57
ken,2011,sex_btsx,2544.233
ken,2011,sex_fmle,482.6863
ken,2011,sex_mle,2061.546
ken,2012,sex_btsx,2698.322
ken,2012,sex_fmle,505.859
ken,2012,sex_mle,2192.463
ken,2013,sex_btsx,2741.637
ken,2013,sex_fmle,521.6735
ken,2013,sex_mle,2219.963
ken,2014,sex_btsx,2850.725
ken,2014,sex_fmle,514.7791
ken,2014,sex_mle,2335.946
ken,2015,sex_btsx,2869.84
ken,2015,sex_fmle,516.2491
ken,2015,sex_mle,2353.591
ken,2016,sex_btsx,2897.111
ken,2016,sex_fmle,519.3566
ken,2016,sex_mle,2377.754
ken,2017,sex_btsx,2866.395
ken,2017,sex_fmle,542.7976
ken,2017,sex_mle,2323.598
ken,2018,sex_btsx,2888.423
ken,2018,sex_fmle,562.0404
ken,2018,sex_mle,2326.383
ken,2019,sex_btsx,2942.39
ken,2019,sex_fmle,571.0108
ken,2019,sex_mle,2371.379
kgz,2000,sex_btsx,434.2873
kgz,2000,sex_fmle,77.10217
kgz,2000,sex_mle,357.1852
kgz,2001,sex_btsx,389.8068
kgz,2001,sex_fmle,66.9687
kgz,2001,sex_mle,322.8381
kgz,2002,sex_btsx,416.4849
kgz,2002,sex_fmle,77.8436
kgz,2002,sex_mle,338.6413
kgz,2003,sex_btsx,427.4487
kgz,2003,sex_fmle,77.7675
kgz,2003,sex_mle,349.6812
kgz,2004,sex_btsx,428.843
kgz,2004,sex_fmle,77.1214
kgz,2004,sex_mle,351.7216
kgz,2005,sex_btsx,429.0596
kgz,2005,sex_fmle,77.35448
kgz,2005,sex_mle,351.7051
kgz,2006,sex_btsx,432.4328
kgz,2006,sex_fmle,77.04473
kgz,2006,sex_mle,355.3881
kgz,2007,sex_btsx,434.552
kgz,2007,sex_fmle,77.13189
kgz,2007,sex_mle,357.4201
kgz,2008,sex_btsx,440.1396
kgz,2008,sex_fmle,81.33511
kgz,2008,sex_mle,358.8045
kgz,2009,sex_btsx,431.0183
kgz,2009,sex_fmle,82.56125
kgz,2009,sex_mle,348.4571
kgz,2010,sex_btsx,595.5685
kgz,2010,sex_fmle,107.2426
kgz,2010,sex_mle,488.3259
kgz,2011,sex_btsx,510.8999
kgz,2011,sex_fmle,105.0908
kgz,2011,sex_mle,405.809
kgz,2012,sex_btsx,514.5212
kgz,2012,sex_fmle,104.7385
kgz,2012,sex_mle,409.7826
kgz,2013,sex_btsx,354.5578
kgz,2013,sex_fmle,71.93749
kgz,2013,sex_mle,282.6203
kgz,2014,sex_btsx,344.1608
kgz,2014,sex_fmle,72.83104
kgz,2014,sex_mle,271.3298
kgz,2015,sex_btsx,347.2546
kgz,2015,sex_fmle,73.24026
kgz,2015,sex_mle,274.0143
kgz,2016,sex_btsx,269.4711
kgz,2016,sex_fmle,56.28045
kgz,2016,sex_mle,213.1907
kgz,2017,sex_btsx,257.2512
kgz,2017,sex_fmle,53.93154
kgz,2017,sex_mle,203.3197
kgz,2018,sex_btsx,304.596
kgz,2018,sex_fmle,64.09791
kgz,2018,sex_mle,240.4981
kgz,2019,sex_btsx,294.1023
kgz,2019,sex_fmle,62.01657
kgz,2019,sex_mle,232.0857
khm,2000,sex_btsx,576.9686
khm,2000,sex_fmle,125.8809
khm,2000,sex_mle,451.0877
khm,2001,sex_btsx,516.8711
khm,2001,sex_fmle,112.796
khm,2001,sex_mle,404.0751
khm,2002,sex_btsx,519.3976
khm,2002,sex_fmle,112.9896
khm,2002,sex_mle,406.4081
khm,2003,sex_btsx,546.5492
khm,2003,sex_fmle,117.7211
khm,2003,sex_mle,428.8281
khm,2004,sex_btsx,542.8741
khm,2004,sex_fmle,115.3595
khm,2004,sex_mle,427.5146
khm,2005,sex_btsx,509.1084
khm,2005,sex_fmle,106.7542
khm,2005,sex_mle,402.3542
khm,2006,sex_btsx,473.3272
khm,2006,sex_fmle,97.80038
khm,2006,sex_mle,375.5268
khm,2007,sex_btsx,447.1415
khm,2007,sex_fmle,91.39696
khm,2007,sex_mle,355.7445
khm,2008,sex_btsx,411.4782
khm,2008,sex_fmle,83.65155
khm,2008,sex_mle,327.8266
khm,2009,sex_btsx,393.8302
khm,2009,sex_fmle,79.80561
khm,2009,sex_mle,314.0246
khm,2010,sex_btsx,379.6272
khm,2010,sex_fmle,77.25597
khm,2010,sex_mle,302.3712
khm,2011,sex_btsx,357.6983
khm,2011,sex_fmle,71.66988
khm,2011,sex_mle,286.0284
khm,2012,sex_btsx,362.4043
khm,2012,sex_fmle,72.11586
khm,2012,sex_mle,290.2884
khm,2013,sex_btsx,367.3572
khm,2013,sex_fmle,72.39354
khm,2013,sex_mle,294.9636
khm,2014,sex_btsx,372.9406
khm,2014,sex_fmle,72.85929
khm,2014,sex_mle,300.0813
khm,2015,sex_btsx,378.6807
khm,2015,sex_fmle,73.19423
khm,2015,sex_mle,305.4864
khm,2016,sex_btsx,384.429
khm,2016,sex_fmle,73.49331
khm,2016,sex_mle,310.9357
khm,2017,sex_btsx,389.9609
khm,2017,sex_fmle,74.15229
khm,2017,sex_mle,315.8086
khm,2018,sex_btsx,353.8241
khm,2018,sex_fmle,66.83618
khm,2018,sex_mle,286.9879
khm,2019,sex_btsx,346.5832
khm,2019,sex_fmle,64.86125
khm,2019,sex_mle,281.7219
kir,2000,sex_btsx,5.55382
kir,2000,sex_fmle,1.50596
kir,2000,sex_mle,4.04787
kir,2001,sex_btsx,5.58525
kir,2001,sex_fmle,1.49382
kir,2001,sex_mle,4.09143
kir,2002,sex_btsx,5.57439
kir,2002,sex_fmle,1.47747
kir,2002,sex_mle,4.09691
kir,2003,sex_btsx,5.58516
kir,2003,sex_fmle,1.41883
kir,2003,sex_mle,4.16634
kir,2004,sex_btsx,5.62002
kir,2004,sex_fmle,1.42305
kir,2004,sex_mle,4.19697
kir,2005,sex_btsx,5.68351
kir,2005,sex_fmle,1.44962
kir,2005,sex_mle,4.23389
kir,2006,sex_btsx,5.66314
kir,2006,sex_fmle,1.42987
kir,2006,sex_mle,4.23327
kir,2007,sex_btsx,5.66399
kir,2007,sex_fmle,1.45209
kir,2007,sex_mle,4.21189
kir,2008,sex_btsx,5.69462
kir,2008,sex_fmle,1.4671
kir,2008,sex_mle,4.22752
kir,2009,sex_btsx,5.70326
kir,2009,sex_fmle,1.44729
kir,2009,sex_mle,4.25597
kir,2010,sex_btsx,5.73061
kir,2010,sex_fmle,1.47666
kir,2010,sex_mle,4.25395
kir,2011,sex_btsx,5.72026
kir,2011,sex_fmle,1.45767
kir,2011,sex_mle,4.26259
kir,2012,sex_btsx,5.72848
kir,2012,sex_fmle,1.45116
kir,2012,sex_mle,4.27732
kir,2013,sex_btsx,5.7589
kir,2013,sex_fmle,1.44292
kir,2013,sex_mle,4.31598
kir,2014,sex_btsx,5.77203
kir,2014,sex_fmle,1.44421
kir,2014,sex_mle,4.32782
kir,2015,sex_btsx,5.77749
kir,2015,sex_fmle,1.43743
kir,2015,sex_mle,4.34006
kir,2016,sex_btsx,5.77613
kir,2016,sex_fmle,1.4258
kir,2016,sex_mle,4.35032
kir,2017,sex_btsx,5.76287
kir,2017,sex_fmle,1.4189
kir,2017,sex_mle,4.34397
kir,2018,sex_btsx,5.69612
kir,2018,sex_fmle,1.39869
kir,2018,sex_mle,4.29743
kir,2019,sex_btsx,5.67375
kir,2019,sex_fmle,1.38883
kir,2019,sex_mle,4.28492
kor,2000,sex_btsx,863.3203
kor,2000,sex_fmle,316.816
kor,2000,sex_mle,546.5043
kor,2001,sex_btsx,814.2362
kor,2001,sex_fmle,305.2548
kor,2001,sex_mle,508.9814
kor,2002,sex_btsx,830.3459
kor,2002,sex_fmle,319.2958
kor,2002,sex_mle,511.0501
kor,2003,sex_btsx,887.2945
kor,2003,sex_fmle,338.7659
kor,2003,sex_mle,548.5286
kor,2004,sex_btsx,941.0787
kor,2004,sex_fmle,359.5003
kor,2004,sex_mle,581.5784
kor,2005,sex_btsx,921.6346
kor,2005,sex_fmle,360.8354
kor,2005,sex_mle,560.7991
kor,2006,sex_btsx,854.5097
kor,2006,sex_fmle,322.9672
kor,2006,sex_mle,531.5425
kor,2007,sex_btsx,754.8148
kor,2007,sex_fmle,289.1652
kor,2007,sex_mle,465.6496
kor,2008,sex_btsx,723.4379
kor,2008,sex_fmle,269.4732
kor,2008,sex_mle,453.9647
kor,2009,sex_btsx,711.0313
kor,2009,sex_fmle,257.1618
kor,2009,sex_mle,453.8695
kor,2010,sex_btsx,648.4622
kor,2010,sex_fmle,231.5913
kor,2010,sex_mle,416.8709
kor,2011,sex_btsx,575.0588
kor,2011,sex_fmle,205.4286
kor,2011,sex_mle,369.6302
kor,2012,sex_btsx,559.6379
kor,2012,sex_fmle,201.2261
kor,2012,sex_mle,358.4117
kor,2013,sex_btsx,579.1428
kor,2013,sex_fmle,208.6922
kor,2013,sex_mle,370.4506
kor,2014,sex_btsx,525.9043
kor,2014,sex_fmle,190.0715
kor,2014,sex_mle,335.8328
kor,2015,sex_btsx,521.1914
kor,2015,sex_fmle,186.6615
kor,2015,sex_mle,334.5299
kor,2016,sex_btsx,443.7967
kor,2016,sex_fmle,158.6793
kor,2016,sex_mle,285.1174
kor,2017,sex_btsx,384.0965
kor,2017,sex_fmle,137.7477
kor,2017,sex_mle,246.3488
kor,2018,sex_btsx,408.9752
kor,2018,sex_fmle,147.3633
kor,2018,sex_mle,261.6119
kor,2019,sex_btsx,386.254
kor,2019,sex_fmle,140.2113
kor,2019,sex_mle,246.0427
kwt,2000,sex_btsx,44.35057
kwt,2000,sex_fmle,7.3169
kwt,2000,sex_mle,37.03367
kwt,2001,sex_btsx,44.99738
kwt,2001,sex_fmle,7.2917
kwt,2001,sex_mle,37.70568
kwt,2002,sex_btsx,44.69083
kwt,2002,sex_fmle,7.1016
kwt,2002,sex_mle,37.58924
kwt,2003,sex_btsx,49.87195
kwt,2003,sex_fmle,7.58894
kwt,2003,sex_mle,42.28301
kwt,2004,sex_btsx,56.13947
kwt,2004,sex_fmle,7.94115
kwt,2004,sex_mle,48.19832
kwt,2005,sex_btsx,51.92768
kwt,2005,sex_fmle,7.76045
kwt,2005,sex_mle,44.16723
kwt,2006,sex_btsx,50.70424
kwt,2006,sex_fmle,7.64085
kwt,2006,sex_mle,43.06339
kwt,2007,sex_btsx,48.75588
kwt,2007,sex_fmle,7.34674
kwt,2007,sex_mle,41.40915
kwt,2008,sex_btsx,48.72187
kwt,2008,sex_fmle,7.22576
kwt,2008,sex_mle,41.49611
kwt,2009,sex_btsx,52.28556
kwt,2009,sex_fmle,7.90164
kwt,2009,sex_mle,44.38392
kwt,2010,sex_btsx,57.18246
kwt,2010,sex_fmle,8.28127
kwt,2010,sex_mle,48.90119
kwt,2011,sex_btsx,59.03304
kwt,2011,sex_fmle,7.7661
kwt,2011,sex_mle,51.26694
kwt,2012,sex_btsx,61.41245
kwt,2012,sex_fmle,8.15719
kwt,2012,sex_mle,53.25526
kwt,2013,sex_btsx,64.94172
kwt,2013,sex_fmle,9.20075
kwt,2013,sex_mle,55.74097
kwt,2014,sex_btsx,69.26723
kwt,2014,sex_fmle,12.04105
kwt,2014,sex_mle,57.22619
kwt,2015,sex_btsx,70.16691
kwt,2015,sex_fmle,10.66608
kwt,2015,sex_mle,59.50083
kwt,2016,sex_btsx,72.35296
kwt,2016,sex_fmle,11.23374
kwt,2016,sex_mle,61.11921
kwt,2017,sex_btsx,74.15336
kwt,2017,sex_fmle,11.48107
kwt,2017,sex_mle,62.67229
kwt,2018,sex_btsx,73.804
kwt,2018,sex_fmle,11.40654
kwt,2018,sex_mle,62.39747
kwt,2019,sex_btsx,74.53994
kwt,2019,sex_fmle,11.55345
kwt,2019,sex_mle,62.98649
lao,2000,sex_btsx,458.414
lao,2000,sex_fmle,129.4895
lao,2000,sex_mle,328.9245
lao,2001,sex_btsx,459.5182
lao,2001,sex_fmle,130.5958
lao,2001,sex_mle,328.9224
lao,2002,sex_btsx,458.1169
lao,2002,sex_fmle,131.4386
lao,2002,sex_mle,326.6784
lao,2003,sex_btsx,458.4968
lao,2003,sex_fmle,132.5456
lao,2003,sex_mle,325.9512
lao,2004,sex_btsx,460.4956
lao,2004,sex_fmle,133.4831
lao,2004,sex_mle,327.0126
lao,2005,sex_btsx,463.0848
lao,2005,sex_fmle,134.5332
lao,2005,sex_mle,328.5516
lao,2006,sex_btsx,463.5816
lao,2006,sex_fmle,134.535
lao,2006,sex_mle,329.0467
lao,2007,sex_btsx,464.549
lao,2007,sex_fmle,134.4569
lao,2007,sex_mle,330.092
lao,2008,sex_btsx,462.3536
lao,2008,sex_fmle,134.7767
lao,2008,sex_mle,327.5768
lao,2009,sex_btsx,462.405
lao,2009,sex_fmle,134.5578
lao,2009,sex_mle,327.8472
lao,2010,sex_btsx,462.5696
lao,2010,sex_fmle,134.1352
lao,2010,sex_mle,328.4344
lao,2011,sex_btsx,462.7323
lao,2011,sex_fmle,133.4444
lao,2011,sex_mle,329.2879
lao,2012,sex_btsx,460.6864
lao,2012,sex_fmle,132.7803
lao,2012,sex_mle,327.9061
lao,2013,sex_btsx,463.0518
lao,2013,sex_fmle,133.5934
lao,2013,sex_mle,329.4583
lao,2014,sex_btsx,467.7041
lao,2014,sex_fmle,134.8764
lao,2014,sex_mle,332.8277
lao,2015,sex_btsx,471.2692
lao,2015,sex_fmle,135.6651
lao,2015,sex_mle,335.6042
lao,2016,sex_btsx,475.2801
lao,2016,sex_fmle,135.8609
lao,2016,sex_mle,339.4192
lao,2017,sex_btsx,475.3534
lao,2017,sex_fmle,135.9487
lao,2017,sex_mle,339.4048
lao,2018,sex_btsx,473.7636
lao,2018,sex_fmle,135.475
lao,2018,sex_mle,338.2886
lao,2019,sex_btsx,474.6426
lao,2019,sex_fmle,135.5842
lao,2019,sex_mle,339.0584
lbn,2000,sex_btsx,156.418
lbn,2000,sex_fmle,37.57997
lbn,2000,sex_mle,118.838
lbn,2001,sex_btsx,162.3046
lbn,2001,sex_fmle,37.3465
lbn,2001,sex_mle,124.9581
lbn,2002,sex_btsx,169.9263
lbn,2002,sex_fmle,37.66053
lbn,2002,sex_mle,132.2658
lbn,2003,sex_btsx,178.1101
lbn,2003,sex_fmle,38.1171
lbn,2003,sex_mle,139.993
lbn,2004,sex_btsx,185.3167
lbn,2004,sex_fmle,38.49179
lbn,2004,sex_mle,146.8249
lbn,2005,sex_btsx,190.0511
lbn,2005,sex_fmle,38.45337
lbn,2005,sex_mle,151.5977
lbn,2006,sex_btsx,191.4131
lbn,2006,sex_fmle,39.42149
lbn,2006,sex_mle,151.9916
lbn,2007,sex_btsx,193.2205
lbn,2007,sex_fmle,39.92533
lbn,2007,sex_mle,153.2951
lbn,2008,sex_btsx,193.1691
lbn,2008,sex_fmle,40.19037
lbn,2008,sex_mle,152.9787
lbn,2009,sex_btsx,184.9342
lbn,2009,sex_fmle,38.97496
lbn,2009,sex_mle,145.9593
lbn,2010,sex_btsx,191.802
lbn,2010,sex_fmle,41.42634
lbn,2010,sex_mle,150.3756
lbn,2011,sex_btsx,204.5291
lbn,2011,sex_fmle,44.05904
lbn,2011,sex_mle,160.4701
lbn,2012,sex_btsx,226.3006
lbn,2012,sex_fmle,49.4945
lbn,2012,sex_mle,176.8061
lbn,2013,sex_btsx,251.7146
lbn,2013,sex_fmle,55.30759
lbn,2013,sex_mle,196.407
lbn,2014,sex_btsx,266.3682
lbn,2014,sex_fmle,57.77341
lbn,2014,sex_mle,208.5948
lbn,2015,sex_btsx,271.3896
lbn,2015,sex_fmle,59.18323
lbn,2015,sex_mle,212.2064
lbn,2016,sex_btsx,275.7851
lbn,2016,sex_fmle,59.91716
lbn,2016,sex_mle,215.868
lbn,2017,sex_btsx,279.5031
lbn,2017,sex_fmle,60.50636
lbn,2017,sex_mle,218.9968
lbn,2018,sex_btsx,283.8582
lbn,2018,sex_fmle,61.16175
lbn,2018,sex_mle,222.6964
lbn,2019,sex_btsx,284.5958
lbn,2019,sex_fmle,60.97621
lbn,2019,sex_mle,223.6195
lbr,2000,sex_btsx,435.5642
lbr,2000,sex_fmle,96.92845
lbr,2000,sex_mle,338.6358
lbr,2001,sex_btsx,441.4065
lbr,2001,sex_fmle,97.96924
lbr,2001,sex_mle,343.4372
lbr,2002,sex_btsx,445.5143
lbr,2002,sex_fmle,94.46435
lbr,2002,sex_mle,351.0499
lbr,2003,sex_btsx,433.8696
lbr,2003,sex_fmle,90.09736
lbr,2003,sex_mle,343.7722
lbr,2004,sex_btsx,430.212
lbr,2004,sex_fmle,83.84449
lbr,2004,sex_mle,346.3675
lbr,2005,sex_btsx,266.5014
lbr,2005,sex_fmle,82.52798
lbr,2005,sex_mle,183.9734
lbr,2006,sex_btsx,271.5386
lbr,2006,sex_fmle,81.85548
lbr,2006,sex_mle,189.6831
lbr,2007,sex_btsx,429.1343
lbr,2007,sex_fmle,82.99527
lbr,2007,sex_mle,346.139
lbr,2008,sex_btsx,433.8626
lbr,2008,sex_fmle,85.66693
lbr,2008,sex_mle,348.1956
lbr,2009,sex_btsx,445.4522
lbr,2009,sex_fmle,91.53516
lbr,2009,sex_mle,353.9171
lbr,2010,sex_btsx,449.8381
lbr,2010,sex_fmle,96.7781
lbr,2010,sex_mle,353.06
lbr,2011,sex_btsx,464.3416
lbr,2011,sex_fmle,103.3023
lbr,2011,sex_mle,361.0393
lbr,2012,sex_btsx,464.111
lbr,2012,sex_fmle,107.0313
lbr,2012,sex_mle,357.0797
lbr,2013,sex_btsx,455.5192
lbr,2013,sex_fmle,106.3283
lbr,2013,sex_mle,349.1908
lbr,2014,sex_btsx,502.993
lbr,2014,sex_fmle,108.184
lbr,2014,sex_mle,394.809
lbr,2015,sex_btsx,483.6303
lbr,2015,sex_fmle,114.1803
lbr,2015,sex_mle,369.45
lbr,2016,sex_btsx,468.6475
lbr,2016,sex_fmle,108.8524
lbr,2016,sex_mle,359.7952
lbr,2017,sex_btsx,468.5817
lbr,2017,sex_fmle,108.3324
lbr,2017,sex_mle,360.2492
lbr,2018,sex_btsx,475.9513
lbr,2018,sex_fmle,110.0662
lbr,2018,sex_mle,365.8851
lbr,2019,sex_btsx,476.9015
lbr,2019,sex_fmle,110.3128
lbr,2019,sex_mle,366.5887
lby,2000,sex_btsx,198.645
lby,2000,sex_fmle,43.33886
lby,2000,sex_mle,155.3061
lby,2001,sex_btsx,201.7591
lby,2001,sex_fmle,43.80039
lby,2001,sex_mle,157.9587
lby,2002,sex_btsx,204.5677
lby,2002,sex_fmle,44.66721
lby,2002,sex_mle,159.9005
lby,2003,sex_btsx,207.1667
lby,2003,sex_fmle,44.63809
lby,2003,sex_mle,162.5286
lby,2004,sex_btsx,209.2833
lby,2004,sex_fmle,44.43791
lby,2004,sex_mle,164.8453
lby,2005,sex_btsx,211.1965
lby,2005,sex_fmle,43.81045
lby,2005,sex_mle,167.386
lby,2006,sex_btsx,207.5159
lby,2006,sex_fmle,42.0853
lby,2006,sex_mle,165.4306
lby,2007,sex_btsx,203.3045
lby,2007,sex_fmle,40.70216
lby,2007,sex_mle,162.6023
lby,2008,sex_btsx,198.8058
lby,2008,sex_fmle,40.09848
lby,2008,sex_mle,158.7073
lby,2009,sex_btsx,193.9021
lby,2009,sex_fmle,39.47533
lby,2009,sex_mle,154.4267
lby,2010,sex_btsx,188.0523
lby,2010,sex_fmle,37.79313
lby,2010,sex_mle,150.2592
lby,2011,sex_btsx,173.6563
lby,2011,sex_fmle,34.82393
lby,2011,sex_mle,138.8324
lby,2012,sex_btsx,159.729
lby,2012,sex_fmle,32.22249
lby,2012,sex_mle,127.5065
lby,2013,sex_btsx,160.6091
lby,2013,sex_fmle,32.35762
lby,2013,sex_mle,128.2515
lby,2014,sex_btsx,156.7626
lby,2014,sex_fmle,33.07465
lby,2014,sex_mle,123.6879
lby,2015,sex_btsx,155.4141
lby,2015,sex_fmle,34.65275
lby,2015,sex_mle,120.7614
lby,2016,sex_btsx,155.2895
lby,2016,sex_fmle,31.46605
lby,2016,sex_mle,123.8234
lby,2017,sex_btsx,155.0361
lby,2017,sex_fmle,31.55792
lby,2017,sex_mle,123.4781
lby,2018,sex_btsx,148.2916
lby,2018,sex_fmle,30.01043
lby,2018,sex_mle,118.2812
lby,2019,sex_btsx,145.2973
lby,2019,sex_fmle,29.26319
lby,2019,sex_mle,116.0341
lca,2000,sex_btsx,29.03273
lca,2000,sex_fmle,4.6205
lca,2000,sex_mle,24.41224
lca,2001,sex_btsx,33.12879
lca,2001,sex_fmle,5.51322
lca,2001,sex_mle,27.61557
lca,2002,sex_btsx,36.09063
lca,2002,sex_fmle,6.36478
lca,2002,sex_mle,29.72585
lca,2003,sex_btsx,36.3677
lca,2003,sex_fmle,6.57865
lca,2003,sex_mle,29.78906
lca,2004,sex_btsx,37.04826
lca,2004,sex_fmle,6.48555
lca,2004,sex_mle,30.5627
lca,2005,sex_btsx,38.15779
lca,2005,sex_fmle,6.33288
lca,2005,sex_mle,31.82491
lca,2006,sex_btsx,38.14967
lca,2006,sex_fmle,6.09725
lca,2006,sex_mle,32.05242
lca,2007,sex_btsx,36.137
lca,2007,sex_fmle,5.61504
lca,2007,sex_mle,30.52196
lca,2008,sex_btsx,37.76953
lca,2008,sex_fmle,6.0494
lca,2008,sex_mle,31.72013
lca,2009,sex_btsx,39.04978
lca,2009,sex_fmle,6.4026
lca,2009,sex_mle,32.64718
lca,2010,sex_btsx,40.60184
lca,2010,sex_fmle,6.76712
lca,2010,sex_mle,33.83473
lca,2011,sex_btsx,40.56792
lca,2011,sex_fmle,7.03096
lca,2011,sex_mle,33.53697
lca,2012,sex_btsx,38.1892
lca,2012,sex_fmle,6.71746
lca,2012,sex_mle,31.47174
lca,2013,sex_btsx,35.56664
lca,2013,sex_fmle,5.93049
lca,2013,sex_mle,29.63615
lca,2014,sex_btsx,34.27335
lca,2014,sex_fmle,5.80815
lca,2014,sex_mle,28.46521
lca,2015,sex_btsx,33.20672
lca,2015,sex_fmle,5.80996
lca,2015,sex_mle,27.39676
lca,2016,sex_btsx,35.0978
lca,2016,sex_fmle,6.27921
lca,2016,sex_mle,28.81859
lca,2017,sex_btsx,41.57124
lca,2017,sex_fmle,7.45558
lca,2017,sex_mle,34.11566
lca,2018,sex_btsx,37.06466
lca,2018,sex_fmle,6.66259
lca,2018,sex_mle,30.40206
lca,2019,sex_btsx,37.00005
lca,2019,sex_fmle,6.67075
lca,2019,sex_mle,30.3293
lka,2000,sex_btsx,1522.201
lka,2000,sex_fmle,233.0468
lka,2000,sex_mle,1289.154
lka,2001,sex_btsx,1532.9
lka,2001,sex_fmle,248.9178
lka,2001,sex_mle,1283.982
lka,2002,sex_btsx,1545.092
lka,2002,sex_fmle,264.3603
lka,2002,sex_mle,1280.732
lka,2003,sex_btsx,1558.13
lka,2003,sex_fmle,276.0697
lka,2003,sex_mle,1282.061
lka,2004,sex_btsx,1606.77
lka,2004,sex_fmle,290.7488
lka,2004,sex_mle,1316.022
lka,2005,sex_btsx,1652.086
lka,2005,sex_fmle,295.5328
lka,2005,sex_mle,1356.553
lka,2006,sex_btsx,1893.209
lka,2006,sex_fmle,326.495
lka,2006,sex_mle,1566.714
lka,2007,sex_btsx,1804.305
lka,2007,sex_fmle,305.3933
lka,2007,sex_mle,1498.911
lka,2008,sex_btsx,1722.243
lka,2008,sex_fmle,292.4073
lka,2008,sex_mle,1429.835
lka,2009,sex_btsx,1344.866
lka,2009,sex_fmle,232.4155
lka,2009,sex_mle,1112.451
lka,2010,sex_btsx,1074.867
lka,2010,sex_fmle,187.0707
lka,2010,sex_mle,887.7959
lka,2011,sex_btsx,926.2333
lka,2011,sex_fmle,162.154
lka,2011,sex_mle,764.0794
lka,2012,sex_btsx,824.4949
lka,2012,sex_fmle,145.0915
lka,2012,sex_mle,679.4033
lka,2013,sex_btsx,743.6243
lka,2013,sex_fmle,131.6077
lka,2013,sex_mle,612.0165
lka,2014,sex_btsx,678.3058
lka,2014,sex_fmle,120.3745
lka,2014,sex_mle,557.9313
lka,2015,sex_btsx,630.4541
lka,2015,sex_fmle,111.3007
lka,2015,sex_mle,519.1533
lka,2016,sex_btsx,615.1424
lka,2016,sex_fmle,107.5287
lka,2016,sex_mle,507.6137
lka,2017,sex_btsx,596.4309
lka,2017,sex_fmle,103.0099
lka,2017,sex_mle,493.4209
lka,2018,sex_btsx,541.3687
lka,2018,sex_fmle,92.11356
lka,2018,sex_mle,449.2551
lka,2019,sex_btsx,499.1065
lka,2019,sex_fmle,83.37702
lka,2019,sex_mle,415.7295
lso,2000,sex_btsx,934.0301
lso,2000,sex_fmle,195.8992
lso,2000,sex_mle,738.131
lso,2001,sex_btsx,933.5358
lso,2001,sex_fmle,197.0611
lso,2001,sex_mle,736.4747
lso,2002,sex_btsx,933.1242
lso,2002,sex_fmle,193.6745
lso,2002,sex_mle,739.4497
lso,2003,sex_btsx,930.6394
lso,2003,sex_fmle,190.9807
lso,2003,sex_mle,739.6587
lso,2004,sex_btsx,921.4551
lso,2004,sex_fmle,189.2656
lso,2004,sex_mle,732.1895
lso,2005,sex_btsx,917.8082
lso,2005,sex_fmle,188.4022
lso,2005,sex_mle,729.406
lso,2006,sex_btsx,916.4271
lso,2006,sex_fmle,186.9247
lso,2006,sex_mle,729.5024
lso,2007,sex_btsx,916.047
lso,2007,sex_fmle,185.2134
lso,2007,sex_mle,730.8336
lso,2008,sex_btsx,868.4031
lso,2008,sex_fmle,176.3548
lso,2008,sex_mle,692.0482
lso,2009,sex_btsx,844.6437
lso,2009,sex_fmle,169.9034
lso,2009,sex_mle,674.7403
lso,2010,sex_btsx,836.4346
lso,2010,sex_fmle,168.6484
lso,2010,sex_mle,667.7863
lso,2011,sex_btsx,813.3559
lso,2011,sex_fmle,163.6761
lso,2011,sex_mle,649.6797
lso,2012,sex_btsx,791.1325
lso,2012,sex_fmle,160.1545
lso,2012,sex_mle,630.9779
lso,2013,sex_btsx,799.6254
lso,2013,sex_fmle,162.9656
lso,2013,sex_mle,636.6598
lso,2014,sex_btsx,854.1828
lso,2014,sex_fmle,175.1167
lso,2014,sex_mle,679.066
lso,2015,sex_btsx,933.6349
lso,2015,sex_fmle,192.0325
lso,2015,sex_mle,741.6023
lso,2016,sex_btsx,941.5688
lso,2016,sex_fmle,192.4131
lso,2016,sex_mle,749.1557
lso,2017,sex_btsx,948.8083
lso,2017,sex_fmle,194.9484
lso,2017,sex_mle,753.8599
lso,2018,sex_btsx,917.22
lso,2018,sex_fmle,189.2353
lso,2018,sex_mle,727.9847
lso,2019,sex_btsx,923.9038
lso,2019,sex_fmle,191.1202
lso,2019,sex_mle,732.7836
ltu,2000,sex_btsx,356.4234
ltu,2000,sex_fmle,100.802
ltu,2000,sex_mle,255.6213
ltu,2001,sex_btsx,345.0616
ltu,2001,sex_fmle,95.13654
ltu,2001,sex_mle,249.9251
ltu,2002,sex_btsx,328.2385
ltu,2002,sex_fmle,89.36946
ltu,2002,sex_mle,238.869
ltu,2003,sex_btsx,335.8348
ltu,2003,sex_fmle,93.43263
ltu,2003,sex_mle,242.4021
ltu,2004,sex_btsx,335.0447
ltu,2004,sex_fmle,87.96169
ltu,2004,sex_mle,247.083
ltu,2005,sex_btsx,331.0746
ltu,2005,sex_fmle,85.52518
ltu,2005,sex_mle,245.5494
ltu,2006,sex_btsx,304.2526
ltu,2006,sex_fmle,80.19573
ltu,2006,sex_mle,224.0569
ltu,2007,sex_btsx,287.1809
ltu,2007,sex_fmle,72.64744
ltu,2007,sex_mle,214.5335
ltu,2008,sex_btsx,275.8004
ltu,2008,sex_fmle,73.80277
ltu,2008,sex_mle,201.9976
ltu,2009,sex_btsx,252.7066
ltu,2009,sex_fmle,67.40427
ltu,2009,sex_mle,185.3023
ltu,2010,sex_btsx,230.6782
ltu,2010,sex_fmle,61.78118
ltu,2010,sex_mle,168.897
ltu,2011,sex_btsx,215.5038
ltu,2011,sex_fmle,59.47922
ltu,2011,sex_mle,156.0246
ltu,2012,sex_btsx,202.9153
ltu,2012,sex_fmle,54.95233
ltu,2012,sex_mle,147.963
ltu,2013,sex_btsx,190.9978
ltu,2013,sex_fmle,52.18
ltu,2013,sex_mle,138.8178
ltu,2014,sex_btsx,175.3177
ltu,2014,sex_fmle,47.02351
ltu,2014,sex_mle,128.2942
ltu,2015,sex_btsx,167.6273
ltu,2015,sex_fmle,46.98151
ltu,2015,sex_mle,120.6458
ltu,2016,sex_btsx,156.5685
ltu,2016,sex_fmle,43.66915
ltu,2016,sex_mle,112.8993
ltu,2017,sex_btsx,144.9341
ltu,2017,sex_fmle,40.5483
ltu,2017,sex_mle,104.3858
ltu,2018,sex_btsx,139.8996
ltu,2018,sex_fmle,39.2876
ltu,2018,sex_mle,100.612
ltu,2019,sex_btsx,131.5447
ltu,2019,sex_fmle,37.0958
ltu,2019,sex_mle,94.44892
lux,2000,sex_btsx,6.30947
lux,2000,sex_fmle,2.72485
lux,2000,sex_mle,3.58462
lux,2001,sex_btsx,5.99327
lux,2001,sex_fmle,2.51023
lux,2001,sex_mle,3.48303
lux,2002,sex_btsx,5.94536
lux,2002,sex_fmle,2.49683
lux,2002,sex_mle,3.44854
lux,2003,sex_btsx,5.56034
lux,2003,sex_fmle,2.24061
lux,2003,sex_mle,3.31973
lux,2004,sex_btsx,3.72532
lux,2004,sex_fmle,1.57145
lux,2004,sex_mle,2.15387
lux,2005,sex_btsx,6.5447
lux,2005,sex_fmle,2.85572
lux,2005,sex_mle,3.68899
lux,2006,sex_btsx,6.3281
lux,2006,sex_fmle,2.85229
lux,2006,sex_mle,3.47581
lux,2007,sex_btsx,6.79718
lux,2007,sex_fmle,3.09649
lux,2007,sex_mle,3.70069
lux,2008,sex_btsx,5.27173
lux,2008,sex_fmle,2.31783
lux,2008,sex_mle,2.9539
lux,2009,sex_btsx,7.04397
lux,2009,sex_fmle,3.16844
lux,2009,sex_mle,3.87552
lux,2010,sex_btsx,5.78747
lux,2010,sex_fmle,2.74671
lux,2010,sex_mle,3.04075
lux,2011,sex_btsx,4.46126
lux,2011,sex_fmle,2.22277
lux,2011,sex_mle,2.23849
lux,2012,sex_btsx,2.8722
lux,2012,sex_fmle,1.44238
lux,2012,sex_mle,1.42982
lux,2013,sex_btsx,2.71809
lux,2013,sex_fmle,1.36429
lux,2013,sex_mle,1.3538
lux,2014,sex_btsx,3.45207
lux,2014,sex_fmle,1.66553
lux,2014,sex_mle,1.78654
lux,2015,sex_btsx,3.98094
lux,2015,sex_fmle,1.76747
lux,2015,sex_mle,2.21348
lux,2016,sex_btsx,3.99671
lux,2016,sex_fmle,1.9612
lux,2016,sex_mle,2.03551
lux,2017,sex_btsx,3.29668
lux,2017,sex_fmle,1.6296
lux,2017,sex_mle,1.66707
lux,2018,sex_btsx,3.25024
lux,2018,sex_fmle,1.61642
lux,2018,sex_mle,1.63382
lux,2019,sex_btsx,3.10823
lux,2019,sex_fmle,1.54842
lux,2019,sex_mle,1.55981
lva,2000,sex_btsx,326.9023
lva,2000,sex_fmle,99.00053
lva,2000,sex_mle,227.9018
lva,2001,sex_btsx,315.5006
lva,2001,sex_fmle,95.59609
lva,2001,sex_mle,219.9045
lva,2002,sex_btsx,296.9675
lva,2002,sex_fmle,87.68672
lva,2002,sex_mle,209.2808
lva,2003,sex_btsx,284.4377
lva,2003,sex_fmle,90.12448
lva,2003,sex_mle,194.3132
lva,2004,sex_btsx,242.8342
lva,2004,sex_fmle,75.26999
lva,2004,sex_mle,167.5642
lva,2005,sex_btsx,252.9847
lva,2005,sex_fmle,70.8575
lva,2005,sex_mle,182.1272
lva,2006,sex_btsx,238.2287
lva,2006,sex_fmle,66.99153
lva,2006,sex_mle,171.2372
lva,2007,sex_btsx,201.4959
lva,2007,sex_fmle,55.10448
lva,2007,sex_mle,146.3914
lva,2008,sex_btsx,197.0185
lva,2008,sex_fmle,54.30586
lva,2008,sex_mle,142.7126
lva,2009,sex_btsx,161.8994
lva,2009,sex_fmle,45.8373
lva,2009,sex_mle,116.0621
lva,2010,sex_btsx,156.7287
lva,2010,sex_fmle,45.55596
lva,2010,sex_mle,111.1727
lva,2011,sex_btsx,144.3524
lva,2011,sex_fmle,42.50978
lva,2011,sex_mle,101.8426
lva,2012,sex_btsx,143.2435
lva,2012,sex_fmle,41.19059
lva,2012,sex_mle,102.0529
lva,2013,sex_btsx,133.5182
lva,2013,sex_fmle,41.63586
lva,2013,sex_mle,91.88233
lva,2014,sex_btsx,127.1039
lva,2014,sex_fmle,36.83406
lva,2014,sex_mle,90.26982
lva,2015,sex_btsx,121.5599
lva,2015,sex_fmle,37.45513
lva,2015,sex_mle,84.10474
lva,2016,sex_btsx,117.7799
lva,2016,sex_fmle,36.78649
lva,2016,sex_mle,80.99338
lva,2017,sex_btsx,116.0552
lva,2017,sex_fmle,36.2651
lva,2017,sex_mle,79.79005
lva,2018,sex_btsx,100.6892
lva,2018,sex_fmle,31.42541
lva,2018,sex_mle,69.26378
lva,2019,sex_btsx,94.48182
lva,2019,sex_fmle,29.39881
lva,2019,sex_mle,65.08301
mar,2000,sex_btsx,550.9675
mar,2000,sex_fmle,124.5426
mar,2000,sex_mle,426.4249
mar,2001,sex_btsx,576.5822
mar,2001,sex_fmle,130.7466
mar,2001,sex_mle,445.8356
mar,2002,sex_btsx,557.3064
mar,2002,sex_fmle,127.5215
mar,2002,sex_mle,429.7848
mar,2003,sex_btsx,564.7707
mar,2003,sex_fmle,129.9087
mar,2003,sex_mle,434.862
mar,2004,sex_btsx,553.161
mar,2004,sex_fmle,127.5745
mar,2004,sex_mle,425.5865
mar,2005,sex_btsx,551.178
mar,2005,sex_fmle,127.2521
mar,2005,sex_mle,423.9259
mar,2006,sex_btsx,557.4237
mar,2006,sex_fmle,128.9416
mar,2006,sex_mle,428.482
mar,2007,sex_btsx,554.6347
mar,2007,sex_fmle,129.4177
mar,2007,sex_mle,425.217
mar,2008,sex_btsx,521.4772
mar,2008,sex_fmle,124.3764
mar,2008,sex_mle,397.1008
mar,2009,sex_btsx,511.5514
mar,2009,sex_fmle,127.0494
mar,2009,sex_mle,384.502
mar,2010,sex_btsx,509.1644
mar,2010,sex_fmle,132.5487
mar,2010,sex_mle,376.6157
mar,2011,sex_btsx,499.5375
mar,2011,sex_fmle,135.3024
mar,2011,sex_mle,364.2351
mar,2012,sex_btsx,502.253
mar,2012,sex_fmle,140.3481
mar,2012,sex_mle,361.9049
mar,2013,sex_btsx,494.995
mar,2013,sex_fmle,137.9853
mar,2013,sex_mle,357.0097
mar,2014,sex_btsx,494.5208
mar,2014,sex_fmle,137.2825
mar,2014,sex_mle,357.2383
mar,2015,sex_btsx,544.851
mar,2015,sex_fmle,150.7907
mar,2015,sex_mle,394.0603
mar,2016,sex_btsx,632.9854
mar,2016,sex_fmle,174.6739
mar,2016,sex_mle,458.3115
mar,2017,sex_btsx,722.3421
mar,2017,sex_fmle,199.1613
mar,2017,sex_mle,523.1808
mar,2018,sex_btsx,621.7079
mar,2018,sex_fmle,171.4065
mar,2018,sex_mle,450.3015
mar,2019,sex_btsx,632.0359
mar,2019,sex_fmle,174.3711
mar,2019,sex_mle,457.6648
mda,2000,sex_btsx,562.2904
mda,2000,sex_fmle,162.6589
mda,2000,sex_mle,399.6316
mda,2001,sex_btsx,527.8571
mda,2001,sex_fmle,159.2773
mda,2001,sex_mle,368.5798
mda,2002,sex_btsx,501.2815
mda,2002,sex_fmle,154.9667
mda,2002,sex_mle,346.3148
mda,2003,sex_btsx,465.476
mda,2003,sex_fmle,148.4091
mda,2003,sex_mle,317.0669
mda,2004,sex_btsx,386.7986
mda,2004,sex_fmle,118.3075
mda,2004,sex_mle,268.4911
mda,2005,sex_btsx,429.2246
mda,2005,sex_fmle,131.5785
mda,2005,sex_mle,297.6461
mda,2006,sex_btsx,385.8892
mda,2006,sex_fmle,117.4929
mda,2006,sex_mle,268.3963
mda,2007,sex_btsx,369.7853
mda,2007,sex_fmle,113.9191
mda,2007,sex_mle,255.8662
mda,2008,sex_btsx,387.2756
mda,2008,sex_fmle,115.7379
mda,2008,sex_mle,271.5377
mda,2009,sex_btsx,345.6511
mda,2009,sex_fmle,101.4222
mda,2009,sex_mle,244.229
mda,2010,sex_btsx,373.9177
mda,2010,sex_fmle,105.1665
mda,2010,sex_mle,268.7512
mda,2011,sex_btsx,296.0926
mda,2011,sex_fmle,83.23025
mda,2011,sex_mle,212.8624
mda,2012,sex_btsx,309.7734
mda,2012,sex_fmle,90.06479
mda,2012,sex_mle,219.7086
mda,2013,sex_btsx,290.937
mda,2013,sex_fmle,86.04236
mda,2013,sex_mle,204.8946
mda,2014,sex_btsx,229.025
mda,2014,sex_fmle,69.07385
mda,2014,sex_mle,159.9512
mda,2015,sex_btsx,223.452
mda,2015,sex_fmle,69.76709
mda,2015,sex_mle,153.6849
mda,2016,sex_btsx,218.1447
mda,2016,sex_fmle,69.77049
mda,2016,sex_mle,148.3742
mda,2017,sex_btsx,138.0514
mda,2017,sex_fmle,44.11628
mda,2017,sex_mle,93.93516
mda,2018,sex_btsx,178.4084
mda,2018,sex_fmle,57.10654
mda,2018,sex_mle,121.3018
mda,2019,sex_btsx,166.5284
mda,2019,sex_fmle,53.33019
mda,2019,sex_mle,113.1982
mdg,2000,sex_btsx,1551.071
mdg,2000,sex_fmle,374.1756
mdg,2000,sex_mle,1176.896
mdg,2001,sex_btsx,1553.952
mdg,2001,sex_fmle,380.6336
mdg,2001,sex_mle,1173.318
mdg,2002,sex_btsx,1576.243
mdg,2002,sex_fmle,388.6343
mdg,2002,sex_mle,1187.609
mdg,2003,sex_btsx,1603.127
mdg,2003,sex_fmle,395.5591
mdg,2003,sex_mle,1207.568
mdg,2004,sex_btsx,1633.776
mdg,2004,sex_fmle,400.5743
mdg,2004,sex_mle,1233.202
mdg,2005,sex_btsx,1650.294
mdg,2005,sex_fmle,406.0638
mdg,2005,sex_mle,1244.23
mdg,2006,sex_btsx,1693.017
mdg,2006,sex_fmle,413.9995
mdg,2006,sex_mle,1279.017
mdg,2007,sex_btsx,1711.906
mdg,2007,sex_fmle,419.2196
mdg,2007,sex_mle,1292.687
mdg,2008,sex_btsx,1723.456
mdg,2008,sex_fmle,425.2074
mdg,2008,sex_mle,1298.249
mdg,2009,sex_btsx,1725.633
mdg,2009,sex_fmle,429.3442
mdg,2009,sex_mle,1296.289
mdg,2010,sex_btsx,1718.068
mdg,2010,sex_fmle,431.1358
mdg,2010,sex_mle,1286.932
mdg,2011,sex_btsx,1726.833
mdg,2011,sex_fmle,436.2796
mdg,2011,sex_mle,1290.553
mdg,2012,sex_btsx,1700.463
mdg,2012,sex_fmle,431.1481
mdg,2012,sex_mle,1269.315
mdg,2013,sex_btsx,1714.537
mdg,2013,sex_fmle,436.8146
mdg,2013,sex_mle,1277.722
mdg,2014,sex_btsx,1743.671
mdg,2014,sex_fmle,442.7391
mdg,2014,sex_mle,1300.932
mdg,2015,sex_btsx,1731.289
mdg,2015,sex_fmle,439.0734
mdg,2015,sex_mle,1292.216
mdg,2016,sex_btsx,1739.174
mdg,2016,sex_fmle,441.0438
mdg,2016,sex_mle,1298.131
mdg,2017,sex_btsx,1760.533
mdg,2017,sex_fmle,443.1779
mdg,2017,sex_mle,1317.355
mdg,2018,sex_btsx,1761.433
mdg,2018,sex_fmle,441.4711
mdg,2018,sex_mle,1319.962
mdg,2019,sex_btsx,1748.778
mdg,2019,sex_fmle,432.4251
mdg,2019,sex_mle,1316.353
mdv,2000,sex_btsx,6.90056
mdv,2000,sex_fmle,1.55122
mdv,2000,sex_mle,5.34933
mdv,2001,sex_btsx,7.12633
mdv,2001,sex_fmle,1.53542
mdv,2001,sex_mle,5.59091
mdv,2002,sex_btsx,7.35503
mdv,2002,sex_fmle,1.58025
mdv,2002,sex_mle,5.77478
mdv,2003,sex_btsx,7.54578
mdv,2003,sex_fmle,1.57515
mdv,2003,sex_mle,5.97063
mdv,2004,sex_btsx,7.69307
mdv,2004,sex_fmle,1.76682
mdv,2004,sex_mle,5.92625
mdv,2005,sex_btsx,7.9378
mdv,2005,sex_fmle,1.54704
mdv,2005,sex_mle,6.39076
mdv,2006,sex_btsx,7.97575
mdv,2006,sex_fmle,1.51837
mdv,2006,sex_mle,6.45739
mdv,2007,sex_btsx,7.99212
mdv,2007,sex_fmle,1.51888
mdv,2007,sex_mle,6.47324
mdv,2008,sex_btsx,8.1621
mdv,2008,sex_fmle,1.58341
mdv,2008,sex_mle,6.57869
mdv,2009,sex_btsx,8.23887
mdv,2009,sex_fmle,1.62833
mdv,2009,sex_mle,6.61054
mdv,2010,sex_btsx,8.32504
mdv,2010,sex_fmle,1.67196
mdv,2010,sex_mle,6.65308
mdv,2011,sex_btsx,8.49976
mdv,2011,sex_fmle,1.7377
mdv,2011,sex_mle,6.76206
mdv,2012,sex_btsx,8.68057
mdv,2012,sex_fmle,1.70127
mdv,2012,sex_mle,6.97929
mdv,2013,sex_btsx,8.83646
mdv,2013,sex_fmle,1.70305
mdv,2013,sex_mle,7.13341
mdv,2014,sex_btsx,9.0242
mdv,2014,sex_fmle,1.73903
mdv,2014,sex_mle,7.28516
mdv,2015,sex_btsx,9.22863
mdv,2015,sex_fmle,1.76492
mdv,2015,sex_mle,7.46371
mdv,2016,sex_btsx,9.46049
mdv,2016,sex_fmle,1.971
mdv,2016,sex_mle,7.48949
mdv,2017,sex_btsx,9.52261
mdv,2017,sex_fmle,1.99448
mdv,2017,sex_mle,7.52813
mdv,2018,sex_btsx,9.89525
mdv,2018,sex_fmle,1.94909
mdv,2018,sex_mle,7.94615
mdv,2019,sex_btsx,10.00277
mdv,2019,sex_fmle,1.99907
mdv,2019,sex_mle,8.0037
mex,2000,sex_btsx,11368.21
mex,2000,sex_fmle,1419.796
mex,2000,sex_mle,9948.416
mex,2001,sex_btsx,10741.43
mex,2001,sex_fmle,1391.591
mex,2001,sex_mle,9349.835
mex,2002,sex_btsx,10589.98
mex,2002,sex_fmle,1384.268
mex,2002,sex_mle,9205.713
mex,2003,sex_btsx,10525.35
mex,2003,sex_fmle,1371.213
mex,2003,sex_mle,9154.142
mex,2004,sex_btsx,9817.556
mex,2004,sex_fmle,1281.843
mex,2004,sex_mle,8535.713
mex,2005,sex_btsx,10444.98
mex,2005,sex_fmle,1352.752
mex,2005,sex_mle,9092.231
mex,2006,sex_btsx,10973.62
mex,2006,sex_fmle,1403.409
mex,2006,sex_mle,9570.208
mex,2007,sex_btsx,8858.956
mex,2007,sex_fmle,1099.692
mex,2007,sex_mle,7759.265
mex,2008,sex_btsx,14700.57
mex,2008,sex_fmle,1703.968
mex,2008,sex_mle,12996.6
mex,2009,sex_btsx,19836.58
mex,2009,sex_fmle,2317.051
mex,2009,sex_mle,17519.53
mex,2010,sex_btsx,26161.82
mex,2010,sex_fmle,2966.801
mex,2010,sex_mle,23195.02
mex,2011,sex_btsx,28456.24
mex,2011,sex_fmle,3208.166
mex,2011,sex_mle,25248.07
mex,2012,sex_btsx,26581.87
mex,2012,sex_fmle,3089.751
mex,2012,sex_mle,23492.12
mex,2013,sex_btsx,22882.11
mex,2013,sex_fmle,2708.066
mex,2013,sex_mle,20174.04
mex,2014,sex_btsx,20143.27
mex,2014,sex_fmle,2529.115
mex,2014,sex_mle,17614.16
mex,2015,sex_btsx,20852.67
mex,2015,sex_fmle,2490.116
mex,2015,sex_mle,18362.55
mex,2016,sex_btsx,24794.09
mex,2016,sex_fmle,2938.226
mex,2016,sex_mle,21855.86
mex,2017,sex_btsx,31645.69
mex,2017,sex_fmle,3717.45
mex,2017,sex_mle,27928.24
mex,2018,sex_btsx,30590.43
mex,2018,sex_fmle,3566.698
mex,2018,sex_mle,27023.73
mex,2019,sex_btsx,32450.14
mex,2019,sex_fmle,3758.393
mex,2019,sex_mle,28691.75
mkd,2000,sex_btsx,64.84238
mkd,2000,sex_fmle,15.94311
mkd,2000,sex_mle,48.89927
mkd,2001,sex_btsx,88.16553
mkd,2001,sex_fmle,11.36759
mkd,2001,sex_mle,76.79794
mkd,2002,sex_btsx,65.07179
mkd,2002,sex_fmle,13.07788
mkd,2002,sex_mle,51.99391
mkd,2003,sex_btsx,59.41359
mkd,2003,sex_fmle,13.19732
mkd,2003,sex_mle,46.21627
mkd,2004,sex_btsx,67.54821
mkd,2004,sex_fmle,16.20079
mkd,2004,sex_mle,51.34742
mkd,2005,sex_btsx,55.46256
mkd,2005,sex_fmle,12.33165
mkd,2005,sex_mle,43.13092
mkd,2006,sex_btsx,62.69038
mkd,2006,sex_fmle,13.20717
mkd,2006,sex_mle,49.48321
mkd,2007,sex_btsx,57.72548
mkd,2007,sex_fmle,14.54147
mkd,2007,sex_mle,43.18401
mkd,2008,sex_btsx,48.2365
mkd,2008,sex_fmle,9.59968
mkd,2008,sex_mle,38.63682
mkd,2009,sex_btsx,34.68313
mkd,2009,sex_fmle,10.71039
mkd,2009,sex_mle,23.97273
mkd,2010,sex_btsx,52.73704
mkd,2010,sex_fmle,15.54276
mkd,2010,sex_mle,37.19429
mkd,2011,sex_btsx,35.55616
mkd,2011,sex_fmle,8.66604
mkd,2011,sex_mle,26.89011
mkd,2012,sex_btsx,40.86289
mkd,2012,sex_fmle,8.28279
mkd,2012,sex_mle,32.58011
mkd,2013,sex_btsx,21.50753
mkd,2013,sex_fmle,7.15726
mkd,2013,sex_mle,14.35027
mkd,2014,sex_btsx,32.44785
mkd,2014,sex_fmle,8.07234
mkd,2014,sex_mle,24.37551
mkd,2015,sex_btsx,32.11459
mkd,2015,sex_fmle,8.02451
mkd,2015,sex_mle,24.09008
mkd,2016,sex_btsx,31.82772
mkd,2016,sex_fmle,8.07827
mkd,2016,sex_mle,23.74944
mkd,2017,sex_btsx,31.55817
mkd,2017,sex_fmle,8.10882
mkd,2017,sex_mle,23.44936
mkd,2018,sex_btsx,31.24554
mkd,2018,sex_fmle,8.12491
mkd,2018,sex_mle,23.12064
mkd,2019,sex_btsx,30.91534
mkd,2019,sex_fmle,8.12543
mkd,2019,sex_mle,22.78991
mli,2000,sex_btsx,1534.775
mli,2000,sex_fmle,389.7939
mli,2000,sex_mle,1144.981
mli,2001,sex_btsx,1567.984
mli,2001,sex_fmle,393.3326
mli,2001,sex_mle,1174.651
mli,2002,sex_btsx,1593.674
mli,2002,sex_fmle,395.0579
mli,2002,sex_mle,1198.616
mli,2003,sex_btsx,1625.504
mli,2003,sex_fmle,396.5946
mli,2003,sex_mle,1228.909
mli,2004,sex_btsx,1666.379
mli,2004,sex_fmle,401.6912
mli,2004,sex_mle,1264.688
mli,2005,sex_btsx,1712.684
mli,2005,sex_fmle,409.6486
mli,2005,sex_mle,1303.035
mli,2006,sex_btsx,1745.516
mli,2006,sex_fmle,414.3766
mli,2006,sex_mle,1331.14
mli,2007,sex_btsx,1792.163
mli,2007,sex_fmle,425.3653
mli,2007,sex_mle,1366.797
mli,2008,sex_btsx,1825.18
mli,2008,sex_fmle,432.113
mli,2008,sex_mle,1393.067
mli,2009,sex_btsx,1867.765
mli,2009,sex_fmle,443.9811
mli,2009,sex_mle,1423.784
mli,2010,sex_btsx,1911.513
mli,2010,sex_fmle,455.2771
mli,2010,sex_mle,1456.236
mli,2011,sex_btsx,1877.861
mli,2011,sex_fmle,449.6001
mli,2011,sex_mle,1428.261
mli,2012,sex_btsx,1839.328
mli,2012,sex_fmle,439.1813
mli,2012,sex_mle,1400.147
mli,2013,sex_btsx,1915.43
mli,2013,sex_fmle,459.7448
mli,2013,sex_mle,1455.686
mli,2014,sex_btsx,1950.79
mli,2014,sex_fmle,467.7898
mli,2014,sex_mle,1483
mli,2015,sex_btsx,1982.296
mli,2015,sex_fmle,476.7208
mli,2015,sex_mle,1505.575
mli,2016,sex_btsx,2030.952
mli,2016,sex_fmle,480.8721
mli,2016,sex_mle,1550.08
mli,2017,sex_btsx,2040.683
mli,2017,sex_fmle,483.5421
mli,2017,sex_mle,1557.14
mli,2018,sex_btsx,2068.728
mli,2018,sex_fmle,490.4592
mli,2018,sex_mle,1578.269
mli,2019,sex_btsx,2094.836
mli,2019,sex_fmle,495.5928
mli,2019,sex_mle,1599.243
mlt,2000,sex_btsx,4.74468
mlt,2000,sex_fmle,1.69074
mlt,2000,sex_mle,3.05394
mlt,2001,sex_btsx,5.97328
mlt,2001,sex_fmle,2.07648
mlt,2001,sex_mle,3.89681
mlt,2002,sex_btsx,5.68885
mlt,2002,sex_fmle,2.04749
mlt,2002,sex_mle,3.64136
mlt,2003,sex_btsx,3.39248
mlt,2003,sex_fmle,1.26141
mlt,2003,sex_mle,2.13108
mlt,2004,sex_btsx,5.09556
mlt,2004,sex_fmle,1.8454
mlt,2004,sex_mle,3.25016
mlt,2005,sex_btsx,3.4734
mlt,2005,sex_fmle,1.20816
mlt,2005,sex_mle,2.26524
mlt,2006,sex_btsx,2.9173
mlt,2006,sex_fmle,0.96839
mlt,2006,sex_mle,1.94891
mlt,2007,sex_btsx,3.58155
mlt,2007,sex_fmle,1.14981
mlt,2007,sex_mle,2.43174
mlt,2008,sex_btsx,4.88585
mlt,2008,sex_fmle,1.6077
mlt,2008,sex_mle,3.27815
mlt,2009,sex_btsx,4.48754
mlt,2009,sex_fmle,1.51039
mlt,2009,sex_mle,2.97715
mlt,2010,sex_btsx,3.4658
mlt,2010,sex_fmle,1.19466
mlt,2010,sex_mle,2.27114
mlt,2011,sex_btsx,3.71805
mlt,2011,sex_fmle,1.30457
mlt,2011,sex_mle,2.41347
mlt,2012,sex_btsx,8.5919
mlt,2012,sex_fmle,2.97522
mlt,2012,sex_mle,5.61668
mlt,2013,sex_btsx,6.6498
mlt,2013,sex_fmle,2.26016
mlt,2013,sex_mle,4.38964
mlt,2014,sex_btsx,5.03362
mlt,2014,sex_fmle,1.64487
mlt,2014,sex_mle,3.38875
mlt,2015,sex_btsx,3.77468
mlt,2015,sex_fmle,1.31195
mlt,2015,sex_mle,2.46273
mlt,2016,sex_btsx,3.77717
mlt,2016,sex_fmle,1.32931
mlt,2016,sex_mle,2.44786
mlt,2017,sex_btsx,4.05074
mlt,2017,sex_fmle,1.42552
mlt,2017,sex_mle,2.62522
mlt,2018,sex_btsx,4.45415
mlt,2018,sex_fmle,1.57051
mlt,2018,sex_mle,2.88364
mlt,2019,sex_btsx,4.41406
mlt,2019,sex_fmle,1.56892
mlt,2019,sex_mle,2.84514
mmr,2000,sex_btsx,2169.389
mmr,2000,sex_fmle,740.3123
mmr,2000,sex_mle,1429.077
mmr,2001,sex_btsx,2199.539
mmr,2001,sex_fmle,737.479
mmr,2001,sex_mle,1462.06
mmr,2002,sex_btsx,2230.562
mmr,2002,sex_fmle,732.9277
mmr,2002,sex_mle,1497.634
mmr,2003,sex_btsx,2256.355
mmr,2003,sex_fmle,732.349
mmr,2003,sex_mle,1524.006
mmr,2004,sex_btsx,2265.706
mmr,2004,sex_fmle,726.3062
mmr,2004,sex_mle,1539.4
mmr,2005,sex_btsx,2267.064
mmr,2005,sex_fmle,716.89
mmr,2005,sex_mle,1550.174
mmr,2006,sex_btsx,2272.055
mmr,2006,sex_fmle,709.5886
mmr,2006,sex_mle,1562.466
mmr,2007,sex_btsx,2269.968
mmr,2007,sex_fmle,700.8015
mmr,2007,sex_mle,1569.166
mmr,2008,sex_btsx,2266.075
mmr,2008,sex_fmle,696.0683
mmr,2008,sex_mle,1570.007
mmr,2009,sex_btsx,2263.991
mmr,2009,sex_fmle,685.9841
mmr,2009,sex_mle,1578.007
mmr,2010,sex_btsx,2265.129
mmr,2010,sex_fmle,677.9222
mmr,2010,sex_mle,1587.207
mmr,2011,sex_btsx,2199.951
mmr,2011,sex_fmle,651.9708
mmr,2011,sex_mle,1547.98
mmr,2012,sex_btsx,2135.378
mmr,2012,sex_fmle,630.013
mmr,2012,sex_mle,1505.365
mmr,2013,sex_btsx,2162.623
mmr,2013,sex_fmle,640.5291
mmr,2013,sex_mle,1522.094
mmr,2014,sex_btsx,2161.194
mmr,2014,sex_fmle,642.5269
mmr,2014,sex_mle,1518.667
mmr,2015,sex_btsx,2158.424
mmr,2015,sex_fmle,644.6527
mmr,2015,sex_mle,1513.772
mmr,2016,sex_btsx,2154.011
mmr,2016,sex_fmle,646.6496
mmr,2016,sex_mle,1507.362
mmr,2017,sex_btsx,2151.839
mmr,2017,sex_fmle,658.7656
mmr,2017,sex_mle,1493.074
mmr,2018,sex_btsx,2134.624
mmr,2018,sex_fmle,666.6872
mmr,2018,sex_mle,1467.937
mmr,2019,sex_btsx,2124.289
mmr,2019,sex_fmle,677.9237
mmr,2019,sex_mle,1446.366
mne,2000,sex_btsx,26.16513
mne,2000,sex_fmle,6.85305
mne,2000,sex_mle,19.31208
mne,2001,sex_btsx,26.13464
mne,2001,sex_fmle,6.94439
mne,2001,sex_mle,19.19025
mne,2002,sex_btsx,26.13778
mne,2002,sex_fmle,6.99766
mne,2002,sex_mle,19.14013
mne,2003,sex_btsx,23.40912
mne,2003,sex_fmle,6.32798
mne,2003,sex_mle,17.08114
mne,2004,sex_btsx,21.72377
mne,2004,sex_fmle,5.70429
mne,2004,sex_mle,16.01948
mne,2005,sex_btsx,23.17086
mne,2005,sex_fmle,5.93997
mne,2005,sex_mle,17.2309
mne,2006,sex_btsx,23.52418
mne,2006,sex_fmle,5.90112
mne,2006,sex_mle,17.62307
mne,2007,sex_btsx,21.33671
mne,2007,sex_fmle,5.34622
mne,2007,sex_mle,15.99049
mne,2008,sex_btsx,22.9205
mne,2008,sex_fmle,5.83308
mne,2008,sex_mle,17.08742
mne,2009,sex_btsx,22.27124
mne,2009,sex_fmle,5.72759
mne,2009,sex_mle,16.54366
mne,2010,sex_btsx,20.75116
mne,2010,sex_fmle,5.2811
mne,2010,sex_mle,15.47006
mne,2011,sex_btsx,20.96269
mne,2011,sex_fmle,5.241
mne,2011,sex_mle,15.72169
mne,2012,sex_btsx,19.63049
mne,2012,sex_fmle,4.81929
mne,2012,sex_mle,14.8112
mne,2013,sex_btsx,18.33844
mne,2013,sex_fmle,4.43114
mne,2013,sex_mle,13.9073
mne,2014,sex_btsx,20.51667
mne,2014,sex_fmle,4.93944
mne,2014,sex_mle,15.57723
mne,2015,sex_btsx,21.56368
mne,2015,sex_fmle,5.16172
mne,2015,sex_mle,16.40196
mne,2016,sex_btsx,24.01746
mne,2016,sex_fmle,5.84128
mne,2016,sex_mle,18.17618
mne,2017,sex_btsx,13.05898
mne,2017,sex_fmle,3.1524
mne,2017,sex_mle,9.90658
mne,2018,sex_btsx,17.91099
mne,2018,sex_fmle,4.33744
mne,2018,sex_mle,13.57356
mne,2019,sex_btsx,17.51896
mne,2019,sex_fmle,4.24866
mne,2019,sex_mle,13.2703
mng,2000,sex_btsx,377.3629
mng,2000,sex_fmle,70.62268
mng,2000,sex_mle,306.7402
mng,2001,sex_btsx,380.8573
mng,2001,sex_fmle,66.30495
mng,2001,sex_mle,314.5523
mng,2002,sex_btsx,384.5824
mng,2002,sex_fmle,63.07002
mng,2002,sex_mle,321.5124
mng,2003,sex_btsx,388.6182
mng,2003,sex_fmle,61.76533
mng,2003,sex_mle,326.8529
mng,2004,sex_btsx,388.8704
mng,2004,sex_fmle,60.11598
mng,2004,sex_mle,328.7544
mng,2005,sex_btsx,396.699
mng,2005,sex_fmle,59.58063
mng,2005,sex_mle,337.1183
mng,2006,sex_btsx,367.4201
mng,2006,sex_fmle,53.87405
mng,2006,sex_mle,313.5461
mng,2007,sex_btsx,330.6949
mng,2007,sex_fmle,47.70951
mng,2007,sex_mle,282.9854
mng,2008,sex_btsx,290.0771
mng,2008,sex_fmle,41.52507
mng,2008,sex_mle,248.5521
mng,2009,sex_btsx,275.9077
mng,2009,sex_fmle,39.56535
mng,2009,sex_mle,236.3424
mng,2010,sex_btsx,274.2841
mng,2010,sex_fmle,40.24807
mng,2010,sex_mle,234.036
mng,2011,sex_btsx,272.6928
mng,2011,sex_fmle,39.7167
mng,2011,sex_mle,232.9761
mng,2012,sex_btsx,252.6622
mng,2012,sex_fmle,36.61231
mng,2012,sex_mle,216.0499
mng,2013,sex_btsx,243.4636
mng,2013,sex_fmle,34.86133
mng,2013,sex_mle,208.6023
mng,2014,sex_btsx,237.2798
mng,2014,sex_fmle,33.68187
mng,2014,sex_mle,203.5979
mng,2015,sex_btsx,225.4124
mng,2015,sex_fmle,31.74082
mng,2015,sex_mle,193.6715
mng,2016,sex_btsx,218.1815
mng,2016,sex_fmle,30.57469
mng,2016,sex_mle,187.6069
mng,2017,sex_btsx,221.4996
mng,2017,sex_fmle,30.90345
mng,2017,sex_mle,190.5961
mng,2018,sex_btsx,204.8913
mng,2018,sex_fmle,28.62135
mng,2018,sex_mle,176.27
mng,2019,sex_btsx,196.7671
mng,2019,sex_fmle,27.57962
mng,2019,sex_mle,169.1875
moz,2000,sex_btsx,1160.131
moz,2000,sex_fmle,255.6736
moz,2000,sex_mle,904.4574
moz,2001,sex_btsx,1215.577
moz,2001,sex_fmle,261.0543
moz,2001,sex_mle,954.523
moz,2002,sex_btsx,1193.905
moz,2002,sex_fmle,244.9047
moz,2002,sex_mle,949.0006
moz,2003,sex_btsx,1194.957
moz,2003,sex_fmle,241.2187
moz,2003,sex_mle,953.7384
moz,2004,sex_btsx,1198.466
moz,2004,sex_fmle,241.2703
moz,2004,sex_mle,957.1953
moz,2005,sex_btsx,1171.078
moz,2005,sex_fmle,237.7706
moz,2005,sex_mle,933.307
moz,2006,sex_btsx,1080.013
moz,2006,sex_fmle,221.0829
moz,2006,sex_mle,858.9304
moz,2007,sex_btsx,1049.397
moz,2007,sex_fmle,217.8863
moz,2007,sex_mle,831.5107
moz,2008,sex_btsx,1057.512
moz,2008,sex_fmle,217.6037
moz,2008,sex_mle,839.9081
moz,2009,sex_btsx,1008.609
moz,2009,sex_fmle,204.5763
moz,2009,sex_mle,804.0328
moz,2010,sex_btsx,1004.938
moz,2010,sex_fmle,203.3868
moz,2010,sex_mle,801.5514
moz,2011,sex_btsx,1002.22
moz,2011,sex_fmle,202.9935
moz,2011,sex_mle,799.2262
moz,2012,sex_btsx,1022.302
moz,2012,sex_fmle,205.7847
moz,2012,sex_mle,816.5177
moz,2013,sex_btsx,1045.126
moz,2013,sex_fmle,215.3199
moz,2013,sex_mle,829.8061
moz,2014,sex_btsx,1074.678
moz,2014,sex_fmle,228.0153
moz,2014,sex_mle,846.6628
moz,2015,sex_btsx,1097.953
moz,2015,sex_fmle,234.2448
moz,2015,sex_mle,863.7084
moz,2016,sex_btsx,1127.901
moz,2016,sex_fmle,241.0937
moz,2016,sex_mle,886.8068
moz,2017,sex_btsx,1158.493
moz,2017,sex_fmle,249.8137
moz,2017,sex_mle,908.6789
moz,2018,sex_btsx,1107.573
moz,2018,sex_fmle,243.1845
moz,2018,sex_mle,864.3881
moz,2019,sex_btsx,1112.834
moz,2019,sex_fmle,249.9687
moz,2019,sex_mle,862.8648
mrt,2000,sex_btsx,399.5788
mrt,2000,sex_fmle,99.08828
mrt,2000,sex_mle,300.4905
mrt,2001,sex_btsx,402.0201
mrt,2001,sex_fmle,98.31733
mrt,2001,sex_mle,303.7027
mrt,2002,sex_btsx,404.4069
mrt,2002,sex_fmle,97.4531
mrt,2002,sex_mle,306.9538
mrt,2003,sex_btsx,407.296
mrt,2003,sex_fmle,97.33926
mrt,2003,sex_mle,309.9567
mrt,2004,sex_btsx,409.5795
mrt,2004,sex_fmle,97.71065
mrt,2004,sex_mle,311.8688
mrt,2005,sex_btsx,407.4291
mrt,2005,sex_fmle,98.9382
mrt,2005,sex_mle,308.4909
mrt,2006,sex_btsx,409.032
mrt,2006,sex_fmle,99.5391
mrt,2006,sex_mle,309.4929
mrt,2007,sex_btsx,410.2766
mrt,2007,sex_fmle,101.3969
mrt,2007,sex_mle,308.8796
mrt,2008,sex_btsx,412.9406
mrt,2008,sex_fmle,101.8033
mrt,2008,sex_mle,311.1373
mrt,2009,sex_btsx,415.8233
mrt,2009,sex_fmle,103.1806
mrt,2009,sex_mle,312.6427
mrt,2010,sex_btsx,419.0317
mrt,2010,sex_fmle,105.5207
mrt,2010,sex_mle,313.511
mrt,2011,sex_btsx,429.2992
mrt,2011,sex_fmle,109.1368
mrt,2011,sex_mle,320.1624
mrt,2012,sex_btsx,439.066
mrt,2012,sex_fmle,111.849
mrt,2012,sex_mle,327.217
mrt,2013,sex_btsx,445.728
mrt,2013,sex_fmle,113.9702
mrt,2013,sex_mle,331.7577
mrt,2014,sex_btsx,460.651
mrt,2014,sex_fmle,118.7987
mrt,2014,sex_mle,341.8523
mrt,2015,sex_btsx,470.9859
mrt,2015,sex_fmle,121.5601
mrt,2015,sex_mle,349.4259
mrt,2016,sex_btsx,480.7398
mrt,2016,sex_fmle,122.8077
mrt,2016,sex_mle,357.932
mrt,2017,sex_btsx,480.9018
mrt,2017,sex_fmle,122.3265
mrt,2017,sex_mle,358.5753
mrt,2018,sex_btsx,485.497
mrt,2018,sex_fmle,122.83
mrt,2018,sex_mle,362.6671
mrt,2019,sex_btsx,491.3766
mrt,2019,sex_fmle,123.1681
mrt,2019,sex_mle,368.2084
mus,2000,sex_btsx,36.5951
mus,2000,sex_fmle,7.6887
mus,2000,sex_mle,28.9064
mus,2001,sex_btsx,28.47411
mus,2001,sex_fmle,6.00629
mus,2001,sex_mle,22.46782
mus,2002,sex_btsx,31.04384
mus,2002,sex_fmle,6.52316
mus,2002,sex_mle,24.52068
mus,2003,sex_btsx,34.01449
mus,2003,sex_fmle,8.35064
mus,2003,sex_mle,25.66386
mus,2004,sex_btsx,38.1367
mus,2004,sex_fmle,8.50855
mus,2004,sex_mle,29.62816
mus,2005,sex_btsx,48.92149
mus,2005,sex_fmle,12.06161
mus,2005,sex_mle,36.85987
mus,2006,sex_btsx,67.9109
mus,2006,sex_fmle,16.98326
mus,2006,sex_mle,50.92763
mus,2007,sex_btsx,48.22347
mus,2007,sex_fmle,11.57315
mus,2007,sex_mle,36.65032
mus,2008,sex_btsx,55.19722
mus,2008,sex_fmle,13.65462
mus,2008,sex_mle,41.5426
mus,2009,sex_btsx,37.86273
mus,2009,sex_fmle,9.80905
mus,2009,sex_mle,28.05367
mus,2010,sex_btsx,53.5138
mus,2010,sex_fmle,14.26922
mus,2010,sex_mle,39.24458
mus,2011,sex_btsx,44.77725
mus,2011,sex_fmle,10.16787
mus,2011,sex_mle,34.60938
mus,2012,sex_btsx,33.05246
mus,2012,sex_fmle,8.45053
mus,2012,sex_mle,24.60193
mus,2013,sex_btsx,44.25871
mus,2013,sex_fmle,11.37907
mus,2013,sex_mle,32.87964
mus,2014,sex_btsx,23.70903
mus,2014,sex_fmle,6.42042
mus,2014,sex_mle,17.28861
mus,2015,sex_btsx,29.54736
mus,2015,sex_fmle,7.62151
mus,2015,sex_mle,21.92585
mus,2016,sex_btsx,20.02108
mus,2016,sex_fmle,4.97635
mus,2016,sex_mle,15.04473
mus,2017,sex_btsx,41.46622
mus,2017,sex_fmle,10.40986
mus,2017,sex_mle,31.05636
mus,2018,sex_btsx,30.59409
mus,2018,sex_fmle,7.60304
mus,2018,sex_mle,22.99105
mus,2019,sex_btsx,29.69317
mus,2019,sex_fmle,7.34714
mus,2019,sex_mle,22.34603
mwi,2000,sex_btsx,778.6924
mwi,2000,sex_fmle,142.9475
mwi,2000,sex_mle,635.7449
mwi,2001,sex_btsx,807.4072
mwi,2001,sex_fmle,147.1762
mwi,2001,sex_mle,660.231
mwi,2002,sex_btsx,651.4609
mwi,2002,sex_fmle,116.8775
mwi,2002,sex_mle,534.5834
mwi,2003,sex_btsx,514.1803
mwi,2003,sex_fmle,89.63954
mwi,2003,sex_mle,424.5408
mwi,2004,sex_btsx,512.0543
mwi,2004,sex_fmle,87.47273
mwi,2004,sex_mle,424.5815
mwi,2005,sex_btsx,488.6625
mwi,2005,sex_fmle,79.6023
mwi,2005,sex_mle,409.0602
mwi,2006,sex_btsx,702.3004
mwi,2006,sex_fmle,121.9821
mwi,2006,sex_mle,580.3183
mwi,2007,sex_btsx,710.1552
mwi,2007,sex_fmle,123.9542
mwi,2007,sex_mle,586.201
mwi,2008,sex_btsx,705.4956
mwi,2008,sex_fmle,126.6254
mwi,2008,sex_mle,578.8702
mwi,2009,sex_btsx,546.91
mwi,2009,sex_fmle,97.9543
mwi,2009,sex_mle,448.9557
mwi,2010,sex_btsx,542.2253
mwi,2010,sex_fmle,101.3909
mwi,2010,sex_mle,440.8344
mwi,2011,sex_btsx,460.1086
mwi,2011,sex_fmle,90.91467
mwi,2011,sex_mle,369.1939
mwi,2012,sex_btsx,410.2773
mwi,2012,sex_fmle,85.49284
mwi,2012,sex_mle,324.7845
mwi,2013,sex_btsx,422.5241
mwi,2013,sex_fmle,89.86889
mwi,2013,sex_mle,332.6552
mwi,2014,sex_btsx,432.7984
mwi,2014,sex_fmle,92.42991
mwi,2014,sex_mle,340.3685
mwi,2015,sex_btsx,444.2148
mwi,2015,sex_fmle,95.14348
mwi,2015,sex_mle,349.0714
mwi,2016,sex_btsx,456.0833
mwi,2016,sex_fmle,96.70023
mwi,2016,sex_mle,359.383
mwi,2017,sex_btsx,466.9363
mwi,2017,sex_fmle,101.3991
mwi,2017,sex_mle,365.5372
mwi,2018,sex_btsx,417.2402
mwi,2018,sex_fmle,91.20908
mwi,2018,sex_mle,326.0311
mwi,2019,sex_btsx,406.4167
mwi,2019,sex_fmle,88.53656
mwi,2019,sex_mle,317.8801
mys,2000,sex_btsx,736.163
mys,2000,sex_fmle,168.853
mys,2000,sex_mle,567.31
mys,2001,sex_btsx,740.0224
mys,2001,sex_fmle,165.4654
mys,2001,sex_mle,574.557
mys,2002,sex_btsx,756.183
mys,2002,sex_fmle,166.6141
mys,2002,sex_mle,589.5689
mys,2003,sex_btsx,761.2667
mys,2003,sex_fmle,167.3922
mys,2003,sex_mle,593.8744
mys,2004,sex_btsx,761.2799
mys,2004,sex_fmle,165.4628
mys,2004,sex_mle,595.8171
mys,2005,sex_btsx,791.2245
mys,2005,sex_fmle,171.0278
mys,2005,sex_mle,620.1967
mys,2006,sex_btsx,806.5589
mys,2006,sex_fmle,173.9129
mys,2006,sex_mle,632.646
mys,2007,sex_btsx,823.1447
mys,2007,sex_fmle,176.1862
mys,2007,sex_mle,646.9584
mys,2008,sex_btsx,811.8085
mys,2008,sex_fmle,174.0014
mys,2008,sex_mle,637.8071
mys,2009,sex_btsx,795.6795
mys,2009,sex_fmle,171.8782
mys,2009,sex_mle,623.8013
mys,2010,sex_btsx,785.8569
mys,2010,sex_fmle,171.5159
mys,2010,sex_mle,614.341
mys,2011,sex_btsx,788.2313
mys,2011,sex_fmle,172.9895
mys,2011,sex_mle,615.2418
mys,2012,sex_btsx,812.4833
mys,2012,sex_fmle,178.213
mys,2012,sex_mle,634.2703
mys,2013,sex_btsx,834.4026
mys,2013,sex_fmle,181.155
mys,2013,sex_mle,653.2476
mys,2014,sex_btsx,843.7463
mys,2014,sex_fmle,182.2246
mys,2014,sex_mle,661.5217
mys,2015,sex_btsx,852.921
mys,2015,sex_fmle,181.5831
mys,2015,sex_mle,671.3379
mys,2016,sex_btsx,861.9247
mys,2016,sex_fmle,181.8044
mys,2016,sex_mle,680.1202
mys,2017,sex_btsx,871.038
mys,2017,sex_fmle,183.0048
mys,2017,sex_mle,688.0331
mys,2018,sex_btsx,864.2028
mys,2018,sex_fmle,180.6589
mys,2018,sex_mle,683.5439
mys,2019,sex_btsx,868.7944
mys,2019,sex_fmle,180.982
mys,2019,sex_mle,687.8124
nam,2000,sex_btsx,422.6932
nam,2000,sex_fmle,101.5384
nam,2000,sex_mle,321.1548
nam,2001,sex_btsx,413.2501
nam,2001,sex_fmle,98.63777
nam,2001,sex_mle,314.6124
nam,2002,sex_btsx,409.735
nam,2002,sex_fmle,98.38629
nam,2002,sex_mle,311.3487
nam,2003,sex_btsx,411.0762
nam,2003,sex_fmle,98.67693
nam,2003,sex_mle,312.3993
nam,2004,sex_btsx,410.8015
nam,2004,sex_fmle,99.45067
nam,2004,sex_mle,311.3508
nam,2005,sex_btsx,412.6551
nam,2005,sex_fmle,101.5105
nam,2005,sex_mle,311.1445
nam,2006,sex_btsx,409.8192
nam,2006,sex_fmle,102.0517
nam,2006,sex_mle,307.7675
nam,2007,sex_btsx,407.7893
nam,2007,sex_fmle,101.918
nam,2007,sex_mle,305.8713
nam,2008,sex_btsx,409.5447
nam,2008,sex_fmle,101.8599
nam,2008,sex_mle,307.6848
nam,2009,sex_btsx,414.6299
nam,2009,sex_fmle,101.6596
nam,2009,sex_mle,312.9703
nam,2010,sex_btsx,388.9776
nam,2010,sex_fmle,95.06463
nam,2010,sex_mle,293.9129
nam,2011,sex_btsx,388.1574
nam,2011,sex_fmle,94.26609
nam,2011,sex_mle,293.8913
nam,2012,sex_btsx,419.8762
nam,2012,sex_fmle,100.9202
nam,2012,sex_mle,318.9561
nam,2013,sex_btsx,425.4198
nam,2013,sex_fmle,102.0966
nam,2013,sex_mle,323.3232
nam,2014,sex_btsx,432.6517
nam,2014,sex_fmle,102.0216
nam,2014,sex_mle,330.6302
nam,2015,sex_btsx,440.1173
nam,2015,sex_fmle,102.2164
nam,2015,sex_mle,337.9009
nam,2016,sex_btsx,447.7378
nam,2016,sex_fmle,101.8658
nam,2016,sex_mle,345.8721
nam,2017,sex_btsx,443.6541
nam,2017,sex_fmle,98.88415
nam,2017,sex_mle,344.77
nam,2018,sex_btsx,446.0437
nam,2018,sex_fmle,97.40605
nam,2018,sex_mle,348.6377
nam,2019,sex_btsx,449.7103
nam,2019,sex_fmle,96.12484
nam,2019,sex_mle,353.5855
ner,2000,sex_btsx,1677.094
ner,2000,sex_fmle,454.3409
ner,2000,sex_mle,1222.753
ner,2001,sex_btsx,1666.316
ner,2001,sex_fmle,448.9929
ner,2001,sex_mle,1217.323
ner,2002,sex_btsx,1654.937
ner,2002,sex_fmle,440.7636
ner,2002,sex_mle,1214.173
ner,2003,sex_btsx,1642.243
ner,2003,sex_fmle,433.5013
ner,2003,sex_mle,1208.742
ner,2004,sex_btsx,1625.799
ner,2004,sex_fmle,425.2838
ner,2004,sex_mle,1200.515
ner,2005,sex_btsx,1595.412
ner,2005,sex_fmle,417.1925
ner,2005,sex_mle,1178.22
ner,2006,sex_btsx,1620.693
ner,2006,sex_fmle,422.6172
ner,2006,sex_mle,1198.075
ner,2007,sex_btsx,1668.628
ner,2007,sex_fmle,432.9187
ner,2007,sex_mle,1235.709
ner,2008,sex_btsx,1704.916
ner,2008,sex_fmle,435.5595
ner,2008,sex_mle,1269.356
ner,2009,sex_btsx,1753.829
ner,2009,sex_fmle,445.6105
ner,2009,sex_mle,1308.218
ner,2010,sex_btsx,1819.056
ner,2010,sex_fmle,463.716
ner,2010,sex_mle,1355.34
ner,2011,sex_btsx,1867.688
ner,2011,sex_fmle,475.4593
ner,2011,sex_mle,1392.228
ner,2012,sex_btsx,1923.297
ner,2012,sex_fmle,488.9144
ner,2012,sex_mle,1434.383
ner,2013,sex_btsx,1959.768
ner,2013,sex_fmle,500.2462
ner,2013,sex_mle,1459.522
ner,2014,sex_btsx,2023.077
ner,2014,sex_fmle,517.1641
ner,2014,sex_mle,1505.913
ner,2015,sex_btsx,2072.507
ner,2015,sex_fmle,526.7193
ner,2015,sex_mle,1545.787
ner,2016,sex_btsx,2143.114
ner,2016,sex_fmle,543.3074
ner,2016,sex_mle,1599.806
ner,2017,sex_btsx,2155.041
ner,2017,sex_fmle,545.5944
ner,2017,sex_mle,1609.447
ner,2018,sex_btsx,2200.296
ner,2018,sex_fmle,557.3987
ner,2018,sex_mle,1642.898
ner,2019,sex_btsx,2243.659
ner,2019,sex_fmle,569.5584
ner,2019,sex_mle,1674.101
nga,2000,sex_btsx,16374.08
nga,2000,sex_fmle,4318.33
nga,2000,sex_mle,12055.75
nga,2001,sex_btsx,16534.18
nga,2001,sex_fmle,4302.907
nga,2001,sex_mle,12231.28
nga,2002,sex_btsx,16687.66
nga,2002,sex_fmle,4344.47
nga,2002,sex_mle,12343.19
nga,2003,sex_btsx,16828.29
nga,2003,sex_fmle,4388.677
nga,2003,sex_mle,12439.62
nga,2004,sex_btsx,16883.96
nga,2004,sex_fmle,4371.871
nga,2004,sex_mle,12512.08
nga,2005,sex_btsx,16974.03
nga,2005,sex_fmle,4425.786
nga,2005,sex_mle,12548.25
nga,2006,sex_btsx,16995.99
nga,2006,sex_fmle,4489.538
nga,2006,sex_mle,12506.45
nga,2007,sex_btsx,17011.42
nga,2007,sex_fmle,4514.607
nga,2007,sex_mle,12496.82
nga,2008,sex_btsx,17028.03
nga,2008,sex_fmle,4495.215
nga,2008,sex_mle,12532.82
nga,2009,sex_btsx,17019.84
nga,2009,sex_fmle,4506.036
nga,2009,sex_mle,12513.81
nga,2010,sex_btsx,17110.12
nga,2010,sex_fmle,4565.274
nga,2010,sex_mle,12544.85
nga,2011,sex_btsx,17228.93
nga,2011,sex_fmle,4627.837
nga,2011,sex_mle,12601.1
nga,2012,sex_btsx,17286.5
nga,2012,sex_fmle,4667.92
nga,2012,sex_mle,12618.58
nga,2013,sex_btsx,17572.67
nga,2013,sex_fmle,4771.303
nga,2013,sex_mle,12801.37
nga,2014,sex_btsx,17867.77
nga,2014,sex_fmle,4879.115
nga,2014,sex_mle,12988.65
nga,2015,sex_btsx,18025.53
nga,2015,sex_fmle,4946.421
nga,2015,sex_mle,13079.11
nga,2016,sex_btsx,18210.32
nga,2016,sex_fmle,4987.197
nga,2016,sex_mle,13223.12
nga,2017,sex_btsx,18249.58
nga,2017,sex_fmle,5002.598
nga,2017,sex_mle,13246.98
nga,2018,sex_btsx,18304.63
nga,2018,sex_fmle,5013.605
nga,2018,sex_mle,13291.03
nga,2019,sex_btsx,18407.43
nga,2019,sex_fmle,5029.688
nga,2019,sex_mle,13377.74
nic,2000,sex_btsx,587.937
nic,2000,sex_fmle,83.26406
nic,2000,sex_mle,504.673
nic,2001,sex_btsx,627.6171
nic,2001,sex_fmle,86.75431
nic,2001,sex_mle,540.8628
nic,2002,sex_btsx,662.1034
nic,2002,sex_fmle,89.91221
nic,2002,sex_mle,572.1912
nic,2003,sex_btsx,714.4078
nic,2003,sex_fmle,95.41811
nic,2003,sex_mle,618.9896
nic,2004,sex_btsx,750.1761
nic,2004,sex_fmle,99.00368
nic,2004,sex_mle,651.1724
nic,2005,sex_btsx,797.6313
nic,2005,sex_fmle,103.743
nic,2005,sex_mle,693.8883
nic,2006,sex_btsx,815.8709
nic,2006,sex_fmle,103.7698
nic,2006,sex_mle,712.1011
nic,2007,sex_btsx,827.6181
nic,2007,sex_fmle,104.1304
nic,2007,sex_mle,723.4877
nic,2008,sex_btsx,846.1617
nic,2008,sex_fmle,105.6116
nic,2008,sex_mle,740.5501
nic,2009,sex_btsx,869.2064
nic,2009,sex_fmle,108.0609
nic,2009,sex_mle,761.1454
nic,2010,sex_btsx,857.9397
nic,2010,sex_fmle,105.7704
nic,2010,sex_mle,752.1693
nic,2011,sex_btsx,820.9153
nic,2011,sex_fmle,100.224
nic,2011,sex_mle,720.6912
nic,2012,sex_btsx,766.9715
nic,2012,sex_fmle,93.71665
nic,2012,sex_mle,673.2549
nic,2013,sex_btsx,715.2571
nic,2013,sex_fmle,87.59219
nic,2013,sex_mle,627.6649
nic,2014,sex_btsx,667.1817
nic,2014,sex_fmle,82.74709
nic,2014,sex_mle,584.4346
nic,2015,sex_btsx,637.468
nic,2015,sex_fmle,78.60888
nic,2015,sex_mle,558.8591
nic,2016,sex_btsx,606.5977
nic,2016,sex_fmle,75.17768
nic,2016,sex_mle,531.42
nic,2017,sex_btsx,613.6602
nic,2017,sex_fmle,76.22451
nic,2017,sex_mle,537.4357
nic,2018,sex_btsx,631.1016
nic,2018,sex_fmle,78.5805
nic,2018,sex_mle,552.5212
nic,2019,sex_btsx,618.5125
nic,2019,sex_fmle,77.24685
nic,2019,sex_mle,541.2656
nld,2000,sex_btsx,185.0639
nld,2000,sex_fmle,62.73027
nld,2000,sex_mle,122.3336
nld,2001,sex_btsx,205.4822
nld,2001,sex_fmle,70.39077
nld,2001,sex_mle,135.0915
nld,2002,sex_btsx,201.238
nld,2002,sex_fmle,71.06104
nld,2002,sex_mle,130.177
nld,2003,sex_btsx,210.9013
nld,2003,sex_fmle,75.6134
nld,2003,sex_mle,135.2879
nld,2004,sex_btsx,202.2071
nld,2004,sex_fmle,70.87397
nld,2004,sex_mle,131.3331
nld,2005,sex_btsx,179.862
nld,2005,sex_fmle,66.29276
nld,2005,sex_mle,113.5693
nld,2006,sex_btsx,131.9387
nld,2006,sex_fmle,48.42395
nld,2006,sex_mle,83.51477
nld,2007,sex_btsx,148.3431
nld,2007,sex_fmle,55.37263
nld,2007,sex_mle,92.97048
nld,2008,sex_btsx,155.2072
nld,2008,sex_fmle,57.85567
nld,2008,sex_mle,97.35152
nld,2009,sex_btsx,159.0998
nld,2009,sex_fmle,60.38027
nld,2009,sex_mle,98.71952
nld,2010,sex_btsx,152.0789
nld,2010,sex_fmle,57.66977
nld,2010,sex_mle,94.40911
nld,2011,sex_btsx,151.1613
nld,2011,sex_fmle,58.70966
nld,2011,sex_mle,92.45168
nld,2012,sex_btsx,151.974
nld,2012,sex_fmle,58.65482
nld,2012,sex_mle,93.31922
nld,2013,sex_btsx,122.5132
nld,2013,sex_fmle,48.47423
nld,2013,sex_mle,74.039
nld,2014,sex_btsx,120.9038
nld,2014,sex_fmle,47.64935
nld,2014,sex_mle,73.25442
nld,2015,sex_btsx,103.0808
nld,2015,sex_fmle,40.73274
nld,2015,sex_mle,62.34801
nld,2016,sex_btsx,116.1568
nld,2016,sex_fmle,45.8137
nld,2016,sex_mle,70.34312
nld,2017,sex_btsx,131.3219
nld,2017,sex_fmle,51.81969
nld,2017,sex_mle,79.50225
nld,2018,sex_btsx,111.1198
nld,2018,sex_fmle,43.79483
nld,2018,sex_mle,67.32494
nld,2019,sex_btsx,107.3064
nld,2019,sex_fmle,42.11769
nld,2019,sex_mle,65.18872
nor,2000,sex_btsx,55.67838
nor,2000,sex_fmle,21.44462
nor,2000,sex_mle,34.23376
nor,2001,sex_btsx,34.70904
nor,2001,sex_fmle,13.25455
nor,2001,sex_mle,21.45449
nor,2002,sex_btsx,40.39832
nor,2002,sex_fmle,15.58511
nor,2002,sex_mle,24.81321
nor,2003,sex_btsx,50.20175
nor,2003,sex_fmle,20.25289
nor,2003,sex_mle,29.94886
nor,2004,sex_btsx,40.82592
nor,2004,sex_fmle,17.25435
nor,2004,sex_mle,23.57156
nor,2005,sex_btsx,29.7402
nor,2005,sex_fmle,12.21349
nor,2005,sex_mle,17.52671
nor,2006,sex_btsx,46.67852
nor,2006,sex_fmle,19.41064
nor,2006,sex_mle,27.26788
nor,2007,sex_btsx,33.72219
nor,2007,sex_fmle,14.44037
nor,2007,sex_mle,19.28182
nor,2008,sex_btsx,27.57054
nor,2008,sex_fmle,11.16768
nor,2008,sex_mle,16.40285
nor,2009,sex_btsx,31.66069
nor,2009,sex_fmle,13.13174
nor,2009,sex_mle,18.52895
nor,2010,sex_btsx,33.46834
nor,2010,sex_fmle,14.21358
nor,2010,sex_mle,19.25477
nor,2011,sex_btsx,117.4631
nor,2011,sex_fmle,49.84617
nor,2011,sex_mle,67.61692
nor,2012,sex_btsx,30.81686
nor,2012,sex_fmle,12.43161
nor,2012,sex_mle,18.38525
nor,2013,sex_btsx,48.82709
nor,2013,sex_fmle,19.51442
nor,2013,sex_mle,29.31268
nor,2014,sex_btsx,29.4952
nor,2014,sex_fmle,11.48358
nor,2014,sex_mle,18.01162
nor,2015,sex_btsx,21.9946
nor,2015,sex_fmle,9.24034
nor,2015,sex_mle,12.75426
nor,2016,sex_btsx,32.79235
nor,2016,sex_fmle,13.55433
nor,2016,sex_mle,19.23802
nor,2017,sex_btsx,32.55154
nor,2017,sex_fmle,13.42493
nor,2017,sex_mle,19.12661
nor,2018,sex_btsx,32.85182
nor,2018,sex_fmle,13.51245
nor,2018,sex_mle,19.33937
nor,2019,sex_btsx,31.93582
nor,2019,sex_fmle,13.10096
nor,2019,sex_mle,18.83486
npl,2000,sex_btsx,828.1648
npl,2000,sex_fmle,208.0747
npl,2000,sex_mle,620.09
npl,2001,sex_btsx,919.4349
npl,2001,sex_fmle,230.9483
npl,2001,sex_mle,688.4865
npl,2002,sex_btsx,944.2663
npl,2002,sex_fmle,238.0894
npl,2002,sex_mle,706.1769
npl,2003,sex_btsx,933.3805
npl,2003,sex_fmle,237.0013
npl,2003,sex_mle,696.3792
npl,2004,sex_btsx,979.6558
npl,2004,sex_fmle,249.7757
npl,2004,sex_mle,729.8801
npl,2005,sex_btsx,955.9486
npl,2005,sex_fmle,246.8778
npl,2005,sex_mle,709.0708
npl,2006,sex_btsx,877.9449
npl,2006,sex_fmle,228.4621
npl,2006,sex_mle,649.4828
npl,2007,sex_btsx,936.9584
npl,2007,sex_fmle,243.4743
npl,2007,sex_mle,693.4842
npl,2008,sex_btsx,952.1711
npl,2008,sex_fmle,248.5321
npl,2008,sex_mle,703.639
npl,2009,sex_btsx,919.9912
npl,2009,sex_fmle,240.8823
npl,2009,sex_mle,679.1089
npl,2010,sex_btsx,889.3122
npl,2010,sex_fmle,233.1583
npl,2010,sex_mle,656.1538
npl,2011,sex_btsx,825.9093
npl,2011,sex_fmle,216.8398
npl,2011,sex_mle,609.0695
npl,2012,sex_btsx,778.6187
npl,2012,sex_fmle,203.5623
npl,2012,sex_mle,575.0563
npl,2013,sex_btsx,742.0203
npl,2013,sex_fmle,193.2971
npl,2013,sex_mle,548.7232
npl,2014,sex_btsx,715.3254
npl,2014,sex_fmle,185.5072
npl,2014,sex_mle,529.8182
npl,2015,sex_btsx,721.7312
npl,2015,sex_fmle,187.1078
npl,2015,sex_mle,534.6234
npl,2016,sex_btsx,733.4133
npl,2016,sex_fmle,188.701
npl,2016,sex_mle,544.7123
npl,2017,sex_btsx,742.2696
npl,2017,sex_fmle,190.6737
npl,2017,sex_mle,551.5959
npl,2018,sex_btsx,710.7099
npl,2018,sex_fmle,181.8257
npl,2018,sex_mle,528.8842
npl,2019,sex_btsx,703.7044
npl,2019,sex_fmle,179.4964
npl,2019,sex_mle,524.208
nzl,2000,sex_btsx,56.70462
nzl,2000,sex_fmle,22.69211
nzl,2000,sex_mle,34.01251
nzl,2001,sex_btsx,54.9759
nzl,2001,sex_fmle,23.15176
nzl,2001,sex_mle,31.82414
nzl,2002,sex_btsx,71.84594
nzl,2002,sex_fmle,32.10813
nzl,2002,sex_mle,39.73781
nzl,2003,sex_btsx,57.25651
nzl,2003,sex_fmle,18.42344
nzl,2003,sex_mle,38.83307
nzl,2004,sex_btsx,50.23839
nzl,2004,sex_fmle,13.69074
nzl,2004,sex_mle,36.54765
nzl,2005,sex_btsx,74.49076
nzl,2005,sex_fmle,32.40144
nzl,2005,sex_mle,42.08932
nzl,2006,sex_btsx,66.79405
nzl,2006,sex_fmle,23.86046
nzl,2006,sex_mle,42.93359
nzl,2007,sex_btsx,58.02461
nzl,2007,sex_fmle,24.47846
nzl,2007,sex_mle,33.54615
nzl,2008,sex_btsx,52.91088
nzl,2008,sex_fmle,18.3601
nzl,2008,sex_mle,34.55078
nzl,2009,sex_btsx,83.64554
nzl,2009,sex_fmle,29.8917
nzl,2009,sex_mle,53.75384
nzl,2010,sex_btsx,54.98027
nzl,2010,sex_fmle,23.68191
nzl,2010,sex_mle,31.29836
nzl,2011,sex_btsx,54.27224
nzl,2011,sex_fmle,18.13738
nzl,2011,sex_mle,36.13486
nzl,2012,sex_btsx,58.47942
nzl,2012,sex_fmle,25.59388
nzl,2012,sex_mle,32.88554
nzl,2013,sex_btsx,58.30453
nzl,2013,sex_fmle,14.90777
nzl,2013,sex_mle,43.39676
nzl,2014,sex_btsx,46.65377
nzl,2014,sex_fmle,14.25615
nzl,2014,sex_mle,32.39762
nzl,2015,sex_btsx,63.11912
nzl,2015,sex_fmle,19.39849
nzl,2015,sex_mle,43.72063
nzl,2016,sex_btsx,59.98819
nzl,2016,sex_fmle,23.75349
nzl,2016,sex_mle,36.2347
nzl,2017,sex_btsx,62.61087
nzl,2017,sex_fmle,20.6912
nzl,2017,sex_mle,41.91967
nzl,2018,sex_btsx,57.50002
nzl,2018,sex_fmle,19.29919
nzl,2018,sex_mle,38.20084
nzl,2019,sex_btsx,57.30135
nzl,2019,sex_fmle,19.11348
nzl,2019,sex_mle,38.18787
omn,2000,sex_btsx,20.59713
omn,2000,sex_fmle,4.93046
omn,2000,sex_mle,15.66667
omn,2001,sex_btsx,20.55348
omn,2001,sex_fmle,4.90964
omn,2001,sex_mle,15.64385
omn,2002,sex_btsx,20.4647
omn,2002,sex_fmle,4.9799
omn,2002,sex_mle,15.4848
omn,2003,sex_btsx,19.74569
omn,2003,sex_fmle,5.14372
omn,2003,sex_mle,14.60197
omn,2004,sex_btsx,18.85879
omn,2004,sex_fmle,5.14313
omn,2004,sex_mle,13.71566
omn,2005,sex_btsx,18.32919
omn,2005,sex_fmle,5.15222
omn,2005,sex_mle,13.17697
omn,2006,sex_btsx,18.41569
omn,2006,sex_fmle,5.26006
omn,2006,sex_mle,13.15563
omn,2007,sex_btsx,19.72003
omn,2007,sex_fmle,5.54525
omn,2007,sex_mle,14.17478
omn,2008,sex_btsx,20.63874
omn,2008,sex_fmle,5.62731
omn,2008,sex_mle,15.01143
omn,2009,sex_btsx,21.58771
omn,2009,sex_fmle,5.76713
omn,2009,sex_mle,15.82058
omn,2010,sex_btsx,22.6359
omn,2010,sex_fmle,5.9903
omn,2010,sex_mle,16.6456
omn,2011,sex_btsx,25.7085
omn,2011,sex_fmle,6.51275
omn,2011,sex_mle,19.19576
omn,2012,sex_btsx,28.91061
omn,2012,sex_fmle,7.00866
omn,2012,sex_mle,21.90195
omn,2013,sex_btsx,29.69952
omn,2013,sex_fmle,6.99281
omn,2013,sex_mle,22.70671
omn,2014,sex_btsx,29.6322
omn,2014,sex_fmle,6.79765
omn,2014,sex_mle,22.83455
omn,2015,sex_btsx,30.46671
omn,2015,sex_fmle,6.82439
omn,2015,sex_mle,23.64232
omn,2016,sex_btsx,31.67312
omn,2016,sex_fmle,6.92364
omn,2016,sex_mle,24.74948
omn,2017,sex_btsx,32.08959
omn,2017,sex_fmle,6.93308
omn,2017,sex_mle,25.15652
omn,2018,sex_btsx,33.79362
omn,2018,sex_fmle,7.25104
omn,2018,sex_mle,26.54259
omn,2019,sex_btsx,34.27821
omn,2019,sex_fmle,7.4009
omn,2019,sex_mle,26.87731
pak,2000,sex_btsx,10345.75
pak,2000,sex_fmle,2881.307
pak,2000,sex_mle,7464.441
pak,2001,sex_btsx,10725.75
pak,2001,sex_fmle,2971.089
pak,2001,sex_mle,7754.663
pak,2002,sex_btsx,10835.22
pak,2002,sex_fmle,2973.904
pak,2002,sex_mle,7861.319
pak,2003,sex_btsx,10940.79
pak,2003,sex_fmle,2971.236
pak,2003,sex_mle,7969.55
pak,2004,sex_btsx,11197.5
pak,2004,sex_fmle,3004.091
pak,2004,sex_mle,8193.407
pak,2005,sex_btsx,11469.09
pak,2005,sex_fmle,3047.784
pak,2005,sex_mle,8421.311
pak,2006,sex_btsx,11912.26
pak,2006,sex_fmle,3098.29
pak,2006,sex_mle,8813.973
pak,2007,sex_btsx,12553.79
pak,2007,sex_fmle,3281.064
pak,2007,sex_mle,9272.728
pak,2008,sex_btsx,13517.1
pak,2008,sex_fmle,3534.428
pak,2008,sex_mle,9982.67
pak,2009,sex_btsx,14202.69
pak,2009,sex_fmle,3717.488
pak,2009,sex_mle,10485.21
pak,2010,sex_btsx,14845.31
pak,2010,sex_fmle,3879.671
pak,2010,sex_mle,10965.63
pak,2011,sex_btsx,15311.02
pak,2011,sex_fmle,4005.978
pak,2011,sex_mle,11305.05
pak,2012,sex_btsx,15372.6
pak,2012,sex_fmle,4028.614
pak,2012,sex_mle,11343.99
pak,2013,sex_btsx,15168.9
pak,2013,sex_fmle,4007.219
pak,2013,sex_mle,11161.68
pak,2014,sex_btsx,14388.13
pak,2014,sex_fmle,3801.548
pak,2014,sex_mle,10586.58
pak,2015,sex_btsx,12878.89
pak,2015,sex_fmle,3398.598
pak,2015,sex_mle,9480.292
pak,2016,sex_btsx,11859.34
pak,2016,sex_fmle,3124.198
pak,2016,sex_mle,8735.139
pak,2017,sex_btsx,11374.84
pak,2017,sex_fmle,3003.253
pak,2017,sex_mle,8371.587
pak,2018,sex_btsx,12984.16
pak,2018,sex_fmle,3445.649
pak,2018,sex_mle,9538.515
pak,2019,sex_btsx,12924.89
pak,2019,sex_fmle,3435.874
pak,2019,sex_mle,9489.012
pan,2000,sex_btsx,361.9563
pan,2000,sex_fmle,46.07067
pan,2000,sex_mle,315.8857
pan,2001,sex_btsx,384.5202
pan,2001,sex_fmle,49.35408
pan,2001,sex_mle,335.1661
pan,2002,sex_btsx,453.4414
pan,2002,sex_fmle,60.7227
pan,2002,sex_mle,392.7187
pan,2003,sex_btsx,423.7023
pan,2003,sex_fmle,57.31808
pan,2003,sex_mle,366.3842
pan,2004,sex_btsx,398.3856
pan,2004,sex_fmle,54.67198
pan,2004,sex_mle,343.7136
pan,2005,sex_btsx,462.0286
pan,2005,sex_fmle,62.2986
pan,2005,sex_mle,399.73
pan,2006,sex_btsx,468.4467
pan,2006,sex_fmle,61.77668
pan,2006,sex_mle,406.67
pan,2007,sex_btsx,593.4778
pan,2007,sex_fmle,75.16299
pan,2007,sex_mle,518.3148
pan,2008,sex_btsx,817.1672
pan,2008,sex_fmle,88.36608
pan,2008,sex_mle,728.8011
pan,2009,sex_btsx,986.8591
pan,2009,sex_fmle,98.18695
pan,2009,sex_mle,888.6722
pan,2010,sex_btsx,914.9068
pan,2010,sex_fmle,94.89819
pan,2010,sex_mle,820.0086
pan,2011,sex_btsx,903.1359
pan,2011,sex_fmle,94.84805
pan,2011,sex_mle,808.2879
pan,2012,sex_btsx,845.1901
pan,2012,sex_fmle,82.91409
pan,2012,sex_mle,762.276
pan,2013,sex_btsx,795.5679
pan,2013,sex_fmle,79.55466
pan,2013,sex_mle,716.0132
pan,2014,sex_btsx,761.4412
pan,2014,sex_fmle,72.87591
pan,2014,sex_mle,688.5653
pan,2015,sex_btsx,684.7426
pan,2015,sex_fmle,65.84619
pan,2015,sex_mle,618.8964
pan,2016,sex_btsx,613.8203
pan,2016,sex_fmle,59.62381
pan,2016,sex_mle,554.1965
pan,2017,sex_btsx,607.9249
pan,2017,sex_fmle,58.78937
pan,2017,sex_mle,549.1355
pan,2018,sex_btsx,726.2415
pan,2018,sex_fmle,70.05425
pan,2018,sex_mle,656.1872
pan,2019,sex_btsx,729.7266
pan,2019,sex_fmle,70.06115
pan,2019,sex_mle,659.6654
per,2000,sex_btsx,1964.99
per,2000,sex_fmle,372.1996
per,2000,sex_mle,1592.79
per,2001,sex_btsx,1965.045
per,2001,sex_fmle,370.0044
per,2001,sex_mle,1595.04
per,2002,sex_btsx,1954.824
per,2002,sex_fmle,368.3142
per,2002,sex_mle,1586.509
per,2003,sex_btsx,1967.98
per,2003,sex_fmle,371.2607
per,2003,sex_mle,1596.719
per,2004,sex_btsx,1982.895
per,2004,sex_fmle,373.5203
per,2004,sex_mle,1609.374
per,2005,sex_btsx,2086.174
per,2005,sex_fmle,395.1734
per,2005,sex_mle,1691.001
per,2006,sex_btsx,2090.04
per,2006,sex_fmle,398.5408
per,2006,sex_mle,1691.5
per,2007,sex_btsx,2074.576
per,2007,sex_fmle,398.6654
per,2007,sex_mle,1675.911
per,2008,sex_btsx,2096.458
per,2008,sex_fmle,406.7726
per,2008,sex_mle,1689.685
per,2009,sex_btsx,2071.963
per,2009,sex_fmle,404.1611
per,2009,sex_mle,1667.801
per,2010,sex_btsx,2054.422
per,2010,sex_fmle,401.2157
per,2010,sex_mle,1653.206
per,2011,sex_btsx,1926.195
per,2011,sex_fmle,372.9826
per,2011,sex_mle,1553.212
per,2012,sex_btsx,2309.743
per,2012,sex_fmle,442.5685
per,2012,sex_mle,1867.175
per,2013,sex_btsx,2365.214
per,2013,sex_fmle,447.7577
per,2013,sex_mle,1917.456
per,2014,sex_btsx,2437.095
per,2014,sex_fmle,455.3952
per,2014,sex_mle,1981.7
per,2015,sex_btsx,2628.193
per,2015,sex_fmle,486.2976
per,2015,sex_mle,2141.895
per,2016,sex_btsx,2837.879
per,2016,sex_fmle,520.0283
per,2016,sex_mle,2317.851
per,2017,sex_btsx,2897.749
per,2017,sex_fmle,532.4645
per,2017,sex_mle,2365.284
per,2018,sex_btsx,2906.21
per,2018,sex_fmle,535.4448
per,2018,sex_mle,2370.765
per,2019,sex_btsx,3012.85
per,2019,sex_fmle,556.9449
per,2019,sex_mle,2455.905
phl,2000,sex_btsx,15740.71
phl,2000,sex_fmle,1717.438
phl,2000,sex_mle,14023.27
phl,2001,sex_btsx,17188.14
phl,2001,sex_fmle,1830.18
phl,2001,sex_mle,15357.96
phl,2002,sex_btsx,16897.23
phl,2002,sex_fmle,1721.899
phl,2002,sex_mle,15175.33
phl,2003,sex_btsx,17310.43
phl,2003,sex_fmle,1663.339
phl,2003,sex_mle,15647.09
phl,2004,sex_btsx,16985.05
phl,2004,sex_fmle,1648.202
phl,2004,sex_mle,15336.85
phl,2005,sex_btsx,17081.38
phl,2005,sex_fmle,1638.861
phl,2005,sex_mle,15442.52
phl,2006,sex_btsx,17033.28
phl,2006,sex_fmle,1512.651
phl,2006,sex_mle,15520.63
phl,2007,sex_btsx,16844.45
phl,2007,sex_fmle,1520.66
phl,2007,sex_mle,15323.79
phl,2008,sex_btsx,16840.46
phl,2008,sex_fmle,1647.14
phl,2008,sex_mle,15193.32
phl,2009,sex_btsx,16327.51
phl,2009,sex_fmle,1505.305
phl,2009,sex_mle,14822.2
phl,2010,sex_btsx,16596.22
phl,2010,sex_fmle,1598.323
phl,2010,sex_mle,14997.9
phl,2011,sex_btsx,15866.14
phl,2011,sex_fmle,1626.833
phl,2011,sex_mle,14239.3
phl,2012,sex_btsx,16083.7
phl,2012,sex_fmle,1584.215
phl,2012,sex_mle,14499.49
phl,2013,sex_btsx,15698.57
phl,2013,sex_fmle,1566.001
phl,2013,sex_mle,14132.57
phl,2014,sex_btsx,15813.45
phl,2014,sex_fmle,1587.905
phl,2014,sex_mle,14225.54
phl,2015,sex_btsx,15646.13
phl,2015,sex_fmle,1586.033
phl,2015,sex_mle,14060.1
phl,2016,sex_btsx,15310
phl,2016,sex_fmle,1581.411
phl,2016,sex_mle,13728.59
phl,2017,sex_btsx,15043.28
phl,2017,sex_fmle,1571.157
phl,2017,sex_mle,13472.12
phl,2018,sex_btsx,15016.07
phl,2018,sex_fmle,1583.763
phl,2018,sex_mle,13432.31
phl,2019,sex_btsx,14834.7
phl,2019,sex_fmle,1578.213
phl,2019,sex_mle,13256.49
png,2000,sex_btsx,529.3094
png,2000,sex_fmle,124.4088
png,2000,sex_mle,404.9006
png,2001,sex_btsx,536.6648
png,2001,sex_fmle,124.3586
png,2001,sex_mle,412.3062
png,2002,sex_btsx,568.2636
png,2002,sex_fmle,132.2182
png,2002,sex_mle,436.0454
png,2003,sex_btsx,630.3934
png,2003,sex_fmle,146.3371
png,2003,sex_mle,484.0564
png,2004,sex_btsx,625.7491
png,2004,sex_fmle,141.9545
png,2004,sex_mle,483.7947
png,2005,sex_btsx,665.6373
png,2005,sex_fmle,156.0079
png,2005,sex_mle,509.6294
png,2006,sex_btsx,671.6952
png,2006,sex_fmle,158.2187
png,2006,sex_mle,513.4765
png,2007,sex_btsx,662.0069
png,2007,sex_fmle,156.4396
png,2007,sex_mle,505.5673
png,2008,sex_btsx,700.9942
png,2008,sex_fmle,169.4946
png,2008,sex_mle,531.4996
png,2009,sex_btsx,750.2958
png,2009,sex_fmle,178.3477
png,2009,sex_mle,571.9481
png,2010,sex_btsx,786.0288
png,2010,sex_fmle,190.5954
png,2010,sex_mle,595.4333
png,2011,sex_btsx,801.254
png,2011,sex_fmle,195.7296
png,2011,sex_mle,605.5244
png,2012,sex_btsx,819.8753
png,2012,sex_fmle,193.7728
png,2012,sex_mle,626.1025
png,2013,sex_btsx,837.6661
png,2013,sex_fmle,192.3081
png,2013,sex_mle,645.358
png,2014,sex_btsx,855.7548
png,2014,sex_fmle,197.5873
png,2014,sex_mle,658.1675
png,2015,sex_btsx,877.1466
png,2015,sex_fmle,203.9513
png,2015,sex_mle,673.1953
png,2016,sex_btsx,894.5272
png,2016,sex_fmle,202.8057
png,2016,sex_mle,691.7215
png,2017,sex_btsx,911.0835
png,2017,sex_fmle,207.567
png,2017,sex_mle,703.5165
png,2018,sex_btsx,949.1402
png,2018,sex_fmle,216.4638
png,2018,sex_mle,732.6764
png,2019,sex_btsx,968.5888
png,2019,sex_fmle,219.8661
png,2019,sex_mle,748.7226
pol,2000,sex_btsx,899.235
pol,2000,sex_fmle,301.4837
pol,2000,sex_mle,597.7513
pol,2001,sex_btsx,753.4396
pol,2001,sex_fmle,252.2919
pol,2001,sex_mle,501.1477
pol,2002,sex_btsx,766.7611
pol,2002,sex_fmle,254.8858
pol,2002,sex_mle,511.8753
pol,2003,sex_btsx,674.4696
pol,2003,sex_fmle,224.9609
pol,2003,sex_mle,449.5087
pol,2004,sex_btsx,647.4483
pol,2004,sex_fmle,210.0864
pol,2004,sex_mle,437.3619
pol,2005,sex_btsx,629.8924
pol,2005,sex_fmle,203.3387
pol,2005,sex_mle,426.5537
pol,2006,sex_btsx,646.3191
pol,2006,sex_fmle,209.1837
pol,2006,sex_mle,437.1354
pol,2007,sex_btsx,597.6628
pol,2007,sex_fmle,190.3343
pol,2007,sex_mle,407.3285
pol,2008,sex_btsx,562.4486
pol,2008,sex_fmle,180.606
pol,2008,sex_mle,381.8426
pol,2009,sex_btsx,473.5777
pol,2009,sex_fmle,154.5085
pol,2009,sex_mle,319.0693
pol,2010,sex_btsx,401.0079
pol,2010,sex_fmle,128.0403
pol,2010,sex_mle,272.9676
pol,2011,sex_btsx,467.8982
pol,2011,sex_fmle,149.6682
pol,2011,sex_mle,318.23
pol,2012,sex_btsx,418.4133
pol,2012,sex_fmle,133.5056
pol,2012,sex_mle,284.9077
pol,2013,sex_btsx,397.0555
pol,2013,sex_fmle,127.6413
pol,2013,sex_mle,269.4141
pol,2014,sex_btsx,375.3986
pol,2014,sex_fmle,122.1958
pol,2014,sex_mle,253.2028
pol,2015,sex_btsx,365.725
pol,2015,sex_fmle,118.9285
pol,2015,sex_mle,246.7965
pol,2016,sex_btsx,361.9248
pol,2016,sex_fmle,119.2608
pol,2016,sex_mle,242.6641
pol,2017,sex_btsx,332.9571
pol,2017,sex_fmle,109.8839
pol,2017,sex_mle,223.0732
pol,2018,sex_btsx,310.1627
pol,2018,sex_fmle,102.4837
pol,2018,sex_mle,207.6789
pol,2019,sex_btsx,293.9755
pol,2019,sex_fmle,97.20242
pol,2019,sex_mle,196.7731
prk,2000,sex_btsx,1388.674
prk,2000,sex_fmle,423.1429
prk,2000,sex_mle,965.5311
prk,2001,sex_btsx,1271.47
prk,2001,sex_fmle,415.3429
prk,2001,sex_mle,856.1271
prk,2002,sex_btsx,1226.27
prk,2002,sex_fmle,415.5526
prk,2002,sex_mle,810.7178
prk,2003,sex_btsx,1211.758
prk,2003,sex_fmle,442.0957
prk,2003,sex_mle,769.6623
prk,2004,sex_btsx,1041.345
prk,2004,sex_fmle,428.5639
prk,2004,sex_mle,612.7815
prk,2005,sex_btsx,1122.945
prk,2005,sex_fmle,413.7789
prk,2005,sex_mle,709.1664
prk,2006,sex_btsx,1122.857
prk,2006,sex_fmle,416.0218
prk,2006,sex_mle,706.8352
prk,2007,sex_btsx,1176.863
prk,2007,sex_fmle,445.5893
prk,2007,sex_mle,731.2739
prk,2008,sex_btsx,1163.761
prk,2008,sex_fmle,444.2902
prk,2008,sex_mle,719.4705
prk,2009,sex_btsx,1176.652
prk,2009,sex_fmle,449.6038
prk,2009,sex_mle,727.0479
prk,2010,sex_btsx,1168.367
prk,2010,sex_fmle,443.3906
prk,2010,sex_mle,724.9762
prk,2011,sex_btsx,1155.631
prk,2011,sex_fmle,434.9202
prk,2011,sex_mle,720.7104
prk,2012,sex_btsx,1141.352
prk,2012,sex_fmle,427.662
prk,2012,sex_mle,713.6896
prk,2013,sex_btsx,1130.463
prk,2013,sex_fmle,423.5514
prk,2013,sex_mle,706.9111
prk,2014,sex_btsx,1124.923
prk,2014,sex_fmle,421.8425
prk,2014,sex_mle,703.0801
prk,2015,sex_btsx,1117.623
prk,2015,sex_fmle,419.5926
prk,2015,sex_mle,698.0303
prk,2016,sex_btsx,1107.525
prk,2016,sex_fmle,416.8671
prk,2016,sex_mle,690.6584
prk,2017,sex_btsx,1107.26
prk,2017,sex_fmle,419.0596
prk,2017,sex_mle,688.2002
prk,2018,sex_btsx,1090.659
prk,2018,sex_fmle,415.9305
prk,2018,sex_mle,674.7283
prk,2019,sex_btsx,1082.162
prk,2019,sex_fmle,417.1168
prk,2019,sex_mle,665.0455
prt,2000,sex_btsx,147.8539
prt,2000,sex_fmle,32.05931
prt,2000,sex_mle,115.7946
prt,2001,sex_btsx,160.5798
prt,2001,sex_fmle,34.22647
prt,2001,sex_mle,126.3534
prt,2002,sex_btsx,191.8702
prt,2002,sex_fmle,43.25215
prt,2002,sex_mle,148.618
prt,2003,sex_btsx,180.5607
prt,2003,sex_fmle,42.6476
prt,2003,sex_mle,137.9131
prt,2004,sex_btsx,173.8169
prt,2004,sex_fmle,42.17264
prt,2004,sex_mle,131.6443
prt,2005,sex_btsx,164.2265
prt,2005,sex_fmle,38.31725
prt,2005,sex_mle,125.9093
prt,2006,sex_btsx,184.925
prt,2006,sex_fmle,42.59362
prt,2006,sex_mle,142.3314
prt,2007,sex_btsx,132.1701
prt,2007,sex_fmle,32.66425
prt,2007,sex_mle,99.50586
prt,2008,sex_btsx,178.3987
prt,2008,sex_fmle,46.41251
prt,2008,sex_mle,131.9862
prt,2009,sex_btsx,125.4029
prt,2009,sex_fmle,33.99636
prt,2009,sex_mle,91.40659
prt,2010,sex_btsx,157.2996
prt,2010,sex_fmle,43.92281
prt,2010,sex_mle,113.3768
prt,2011,sex_btsx,117.6528
prt,2011,sex_fmle,31.9896
prt,2011,sex_mle,85.66324
prt,2012,sex_btsx,146.2678
prt,2012,sex_fmle,41.18262
prt,2012,sex_mle,105.0852
prt,2013,sex_btsx,136.9056
prt,2013,sex_fmle,39.62642
prt,2013,sex_mle,97.27921
prt,2014,sex_btsx,133.437
prt,2014,sex_fmle,40.41049
prt,2014,sex_mle,93.02656
prt,2015,sex_btsx,125.8044
prt,2015,sex_fmle,38.78686
prt,2015,sex_mle,87.0175
prt,2016,sex_btsx,99.99791
prt,2016,sex_fmle,31.33295
prt,2016,sex_mle,68.66496
prt,2017,sex_btsx,88.51658
prt,2017,sex_fmle,27.85721
prt,2017,sex_mle,60.65937
prt,2018,sex_btsx,100.3909
prt,2018,sex_fmle,31.72249
prt,2018,sex_mle,68.66841
prt,2019,sex_btsx,96.3921
prt,2019,sex_fmle,30.55176
prt,2019,sex_mle,65.84034
pry,2000,sex_btsx,1263.584
pry,2000,sex_fmle,128.8907
pry,2000,sex_mle,1134.693
pry,2001,sex_btsx,1392.642
pry,2001,sex_fmle,142.7925
pry,2001,sex_mle,1249.849
pry,2002,sex_btsx,1424.087
pry,2002,sex_fmle,147.9429
pry,2002,sex_mle,1276.144
pry,2003,sex_btsx,1370.035
pry,2003,sex_fmle,143.4537
pry,2003,sex_mle,1226.581
pry,2004,sex_btsx,1270.195
pry,2004,sex_fmle,141.2204
pry,2004,sex_mle,1128.974
pry,2005,sex_btsx,1111.73
pry,2005,sex_fmle,118.2755
pry,2005,sex_mle,993.4545
pry,2006,sex_btsx,993.8379
pry,2006,sex_fmle,106.107
pry,2006,sex_mle,887.7309
pry,2007,sex_btsx,941.2551
pry,2007,sex_fmle,100.5936
pry,2007,sex_mle,840.6614
pry,2008,sex_btsx,927.0625
pry,2008,sex_fmle,99.88487
pry,2008,sex_mle,827.1777
pry,2009,sex_btsx,896.8966
pry,2009,sex_fmle,98.87207
pry,2009,sex_mle,798.0246
pry,2010,sex_btsx,842.2875
pry,2010,sex_fmle,94.44297
pry,2010,sex_mle,747.8445
pry,2011,sex_btsx,785.4136
pry,2011,sex_fmle,88.85451
pry,2011,sex_mle,696.5591
pry,2012,sex_btsx,750.4176
pry,2012,sex_fmle,85.83002
pry,2012,sex_mle,664.5875
pry,2013,sex_btsx,718.6987
pry,2013,sex_fmle,82.46851
pry,2013,sex_mle,636.2302
pry,2014,sex_btsx,700.2936
pry,2014,sex_fmle,80.40326
pry,2014,sex_mle,619.8903
pry,2015,sex_btsx,701.4758
pry,2015,sex_fmle,80.58316
pry,2015,sex_mle,620.8927
pry,2016,sex_btsx,699.6882
pry,2016,sex_fmle,80.32925
pry,2016,sex_mle,619.359
pry,2017,sex_btsx,619.0751
pry,2017,sex_fmle,71.16211
pry,2017,sex_mle,547.913
pry,2018,sex_btsx,592.706
pry,2018,sex_fmle,68.10801
pry,2018,sex_mle,524.598
pry,2019,sex_btsx,565.5365
pry,2019,sex_fmle,64.90025
pry,2019,sex_mle,500.6362
qat,2000,sex_btsx,4.03282
qat,2000,sex_fmle,0.6812
qat,2000,sex_mle,3.35162
qat,2001,sex_btsx,5.56073
qat,2001,sex_fmle,0.91296
qat,2001,sex_mle,4.64777
qat,2002,sex_btsx,5.85556
qat,2002,sex_fmle,0.97927
qat,2002,sex_mle,4.87629
qat,2003,sex_btsx,6.24982
qat,2003,sex_fmle,1.05646
qat,2003,sex_mle,5.19336
qat,2004,sex_btsx,6.88459
qat,2004,sex_fmle,1.17066
qat,2004,sex_mle,5.71393
qat,2005,sex_btsx,7.70621
qat,2005,sex_fmle,1.28804
qat,2005,sex_mle,6.41818
qat,2006,sex_btsx,9.12885
qat,2006,sex_fmle,1.28627
qat,2006,sex_mle,7.84258
qat,2007,sex_btsx,11.71549
qat,2007,sex_fmle,1.43771
qat,2007,sex_mle,10.27778
qat,2008,sex_btsx,13.13339
qat,2008,sex_fmle,1.45566
qat,2008,sex_mle,11.67773
qat,2009,sex_btsx,12.07977
qat,2009,sex_fmle,1.43088
qat,2009,sex_mle,10.64889
qat,2010,sex_btsx,10.14815
qat,2010,sex_fmle,1.2351
qat,2010,sex_mle,8.91305
qat,2011,sex_btsx,10.91804
qat,2011,sex_fmle,1.2402
qat,2011,sex_mle,9.67784
qat,2012,sex_btsx,12.64435
qat,2012,sex_fmle,1.36018
qat,2012,sex_mle,11.28417
qat,2013,sex_btsx,14.0843
qat,2013,sex_fmle,1.49918
qat,2013,sex_mle,12.58512
qat,2014,sex_btsx,14.50431
qat,2014,sex_fmle,1.59938
qat,2014,sex_mle,12.90493
qat,2015,sex_btsx,14.47735
qat,2015,sex_fmle,1.66016
qat,2015,sex_mle,12.81719
qat,2016,sex_btsx,15.30795
qat,2016,sex_fmle,1.78189
qat,2016,sex_mle,13.52606
qat,2017,sex_btsx,15.76686
qat,2017,sex_fmle,1.86361
qat,2017,sex_mle,13.90325
qat,2018,sex_btsx,14.60014
qat,2018,sex_fmle,1.80572
qat,2018,sex_mle,12.79442
qat,2019,sex_btsx,14.02852
qat,2019,sex_fmle,1.82859
qat,2019,sex_mle,12.19994
rou,2000,sex_btsx,826.3264
rou,2000,sex_fmle,212.3345
rou,2000,sex_mle,613.9919
rou,2001,sex_btsx,795.079
rou,2001,sex_fmle,204.1935
rou,2001,sex_mle,590.8855
rou,2002,sex_btsx,813.2869
rou,2002,sex_fmle,235.6869
rou,2002,sex_mle,577.6
rou,2003,sex_btsx,852.4176
rou,2003,sex_fmle,225.9486
rou,2003,sex_mle,626.4689
rou,2004,sex_btsx,706.4978
rou,2004,sex_fmle,218.2007
rou,2004,sex_mle,488.2971
rou,2005,sex_btsx,565.7208
rou,2005,sex_fmle,159.4771
rou,2005,sex_mle,406.2436
rou,2006,sex_btsx,512.0535
rou,2006,sex_fmle,155.0727
rou,2006,sex_mle,356.9808
rou,2007,sex_btsx,459.0885
rou,2007,sex_fmle,144.464
rou,2007,sex_mle,314.6245
rou,2008,sex_btsx,536.5743
rou,2008,sex_fmle,167.2496
rou,2008,sex_mle,369.3247
rou,2009,sex_btsx,514.8102
rou,2009,sex_fmle,163.2217
rou,2009,sex_mle,351.5885
rou,2010,sex_btsx,523.5051
rou,2010,sex_fmle,161.9858
rou,2010,sex_mle,361.5193
rou,2011,sex_btsx,426.1616
rou,2011,sex_fmle,144.1582
rou,2011,sex_mle,282.0035
rou,2012,sex_btsx,442.0639
rou,2012,sex_fmle,140.4745
rou,2012,sex_mle,301.5894
rou,2013,sex_btsx,375.3014
rou,2013,sex_fmle,117.4255
rou,2013,sex_mle,257.8759
rou,2014,sex_btsx,370.9964
rou,2014,sex_fmle,116.4016
rou,2014,sex_mle,254.5948
rou,2015,sex_btsx,310.2901
rou,2015,sex_fmle,102.9896
rou,2015,sex_mle,207.3005
rou,2016,sex_btsx,311.6901
rou,2016,sex_fmle,90.83427
rou,2016,sex_mle,220.8558
rou,2017,sex_btsx,278.8489
rou,2017,sex_fmle,85.63806
rou,2017,sex_mle,193.2108
rou,2018,sex_btsx,272.6036
rou,2018,sex_fmle,84.66132
rou,2018,sex_mle,187.9423
rou,2019,sex_btsx,255.2951
rou,2019,sex_fmle,80.18141
rou,2019,sex_mle,175.1137
rus,2000,sex_btsx,41095.87
rus,2000,sex_fmle,9933.79
rus,2000,sex_mle,31162.08
rus,2001,sex_btsx,42927.32
rus,2001,sex_fmle,10478.58
rus,2001,sex_mle,32448.73
rus,2002,sex_btsx,44258.92
rus,2002,sex_fmle,10857.39
rus,2002,sex_mle,33401.53
rus,2003,sex_btsx,41770.61
rus,2003,sex_fmle,10194.36
rus,2003,sex_mle,31576.25
rus,2004,sex_btsx,39262.4
rus,2004,sex_fmle,9441.996
rus,2004,sex_mle,29820.4
rus,2005,sex_btsx,35641.59
rus,2005,sex_fmle,8470.214
rus,2005,sex_mle,27171.38
rus,2006,sex_btsx,28848.51
rus,2006,sex_fmle,6837.348
rus,2006,sex_mle,22011.17
rus,2007,sex_btsx,25380.64
rus,2007,sex_fmle,6031.011
rus,2007,sex_mle,19349.63
rus,2008,sex_btsx,23741.05
rus,2008,sex_fmle,5678.212
rus,2008,sex_mle,18062.84
rus,2009,sex_btsx,21373.45
rus,2009,sex_fmle,5296.704
rus,2009,sex_mle,16076.74
rus,2010,sex_btsx,19012.66
rus,2010,sex_fmle,4689.208
rus,2010,sex_mle,14323.45
rus,2011,sex_btsx,17649.58
rus,2011,sex_fmle,4361.036
rus,2011,sex_mle,13288.54
rus,2012,sex_btsx,16274.68
rus,2012,sex_fmle,4033.636
rus,2012,sex_mle,12241.05
rus,2013,sex_btsx,16048.44
rus,2013,sex_fmle,4005.603
rus,2013,sex_mle,12042.84
rus,2014,sex_btsx,16519.22
rus,2014,sex_fmle,4148.275
rus,2014,sex_mle,12370.94
rus,2015,sex_btsx,16645.16
rus,2015,sex_fmle,4221.866
rus,2015,sex_mle,12423.3
rus,2016,sex_btsx,15867.84
rus,2016,sex_fmle,4019.916
rus,2016,sex_mle,11847.93
rus,2017,sex_btsx,13316.1
rus,2017,sex_fmle,3371.419
rus,2017,sex_mle,9944.682
rus,2018,sex_btsx,12295.9
rus,2018,sex_fmle,3109.546
rus,2018,sex_mle,9186.357
rus,2019,sex_btsx,11450.17
rus,2019,sex_fmle,2891.911
rus,2019,sex_mle,8558.263
rwa,2000,sex_btsx,544.9547
rwa,2000,sex_fmle,151.9131
rwa,2000,sex_mle,393.0416
rwa,2001,sex_btsx,547.4018
rwa,2001,sex_fmle,150.5351
rwa,2001,sex_mle,396.8667
rwa,2002,sex_btsx,540.0478
rwa,2002,sex_fmle,145.3031
rwa,2002,sex_mle,394.7446
rwa,2003,sex_btsx,531.3668
rwa,2003,sex_fmle,140.1632
rwa,2003,sex_mle,391.2037
rwa,2004,sex_btsx,520.1286
rwa,2004,sex_fmle,134.5242
rwa,2004,sex_mle,385.6045
rwa,2005,sex_btsx,511.7273
rwa,2005,sex_fmle,127.8206
rwa,2005,sex_mle,383.9067
rwa,2006,sex_btsx,505.1626
rwa,2006,sex_fmle,121.057
rwa,2006,sex_mle,384.1056
rwa,2007,sex_btsx,484.7963
rwa,2007,sex_fmle,113.1664
rwa,2007,sex_mle,371.6299
rwa,2008,sex_btsx,461.2301
rwa,2008,sex_fmle,105.477
rwa,2008,sex_mle,355.753
rwa,2009,sex_btsx,470.0018
rwa,2009,sex_fmle,106.0164
rwa,2009,sex_mle,363.9853
rwa,2010,sex_btsx,483.1839
rwa,2010,sex_fmle,108.6665
rwa,2010,sex_mle,374.5173
rwa,2011,sex_btsx,493.6095
rwa,2011,sex_fmle,110.1677
rwa,2011,sex_mle,383.4419
rwa,2012,sex_btsx,506.6172
rwa,2012,sex_fmle,112.083
rwa,2012,sex_mle,394.5341
rwa,2013,sex_btsx,522.4955
rwa,2013,sex_fmle,114.7392
rwa,2013,sex_mle,407.7562
rwa,2014,sex_btsx,538.5211
rwa,2014,sex_fmle,117.4427
rwa,2014,sex_mle,421.0785
rwa,2015,sex_btsx,530.5488
rwa,2015,sex_fmle,114.5031
rwa,2015,sex_mle,416.0457
rwa,2016,sex_btsx,539.8909
rwa,2016,sex_fmle,114.9913
rwa,2016,sex_mle,424.8996
rwa,2017,sex_btsx,544.1258
rwa,2017,sex_fmle,115.0509
rwa,2017,sex_mle,429.0749
rwa,2018,sex_btsx,543.4751
rwa,2018,sex_fmle,114.0097
rwa,2018,sex_mle,429.4654
rwa,2019,sex_btsx,547.975
rwa,2019,sex_fmle,113.5971
rwa,2019,sex_mle,434.378
sau,2000,sex_btsx,320.3585
sau,2000,sex_fmle,147.3098
sau,2000,sex_mle,173.0487
sau,2001,sex_btsx,352.5782
sau,2001,sex_fmle,162.2251
sau,2001,sex_mle,190.3531
sau,2002,sex_btsx,381.9403
sau,2002,sex_fmle,175.2626
sau,2002,sex_mle,206.6777
sau,2003,sex_btsx,394.502
sau,2003,sex_fmle,180.5662
sau,2003,sex_mle,213.9358
sau,2004,sex_btsx,415.0027
sau,2004,sex_fmle,189.6603
sau,2004,sex_mle,225.3424
sau,2005,sex_btsx,423.5899
sau,2005,sex_fmle,191.514
sau,2005,sex_mle,232.0759
sau,2006,sex_btsx,419.9456
sau,2006,sex_fmle,188.6038
sau,2006,sex_mle,231.3418
sau,2007,sex_btsx,424.8161
sau,2007,sex_fmle,187.7557
sau,2007,sex_mle,237.0604
sau,2008,sex_btsx,434.4703
sau,2008,sex_fmle,191.2582
sau,2008,sex_mle,243.2121
sau,2009,sex_btsx,445.7734
sau,2009,sex_fmle,194.3506
sau,2009,sex_mle,251.4227
sau,2010,sex_btsx,462.5004
sau,2010,sex_fmle,197.7373
sau,2010,sex_mle,264.7631
sau,2011,sex_btsx,502.756
sau,2011,sex_fmle,204.7321
sau,2011,sex_mle,298.0239
sau,2012,sex_btsx,550.9137
sau,2012,sex_fmle,223.4276
sau,2012,sex_mle,327.4861
sau,2013,sex_btsx,577.7736
sau,2013,sex_fmle,238.3622
sau,2013,sex_mle,339.4114
sau,2014,sex_btsx,594.7234
sau,2014,sex_fmle,244.169
sau,2014,sex_mle,350.5544
sau,2015,sex_btsx,605.1183
sau,2015,sex_fmle,248.5923
sau,2015,sex_mle,356.526
sau,2016,sex_btsx,592.3943
sau,2016,sex_fmle,241.0657
sau,2016,sex_mle,351.3285
sau,2017,sex_btsx,577.613
sau,2017,sex_fmle,235.486
sau,2017,sex_mle,342.127
sau,2018,sex_btsx,628.9168
sau,2018,sex_fmle,258.0912
sau,2018,sex_mle,370.8256
sau,2019,sex_btsx,645.7002
sau,2019,sex_fmle,266.0771
sau,2019,sex_mle,379.6231
sdn,2000,sex_btsx,2129.391
sdn,2000,sex_fmle,666.8717
sdn,2000,sex_mle,1462.519
sdn,2001,sex_btsx,2176.872
sdn,2001,sex_fmle,646.4824
sdn,2001,sex_mle,1530.389
sdn,2002,sex_btsx,2221.202
sdn,2002,sex_fmle,619.7674
sdn,2002,sex_mle,1601.435
sdn,2003,sex_btsx,2266.128
sdn,2003,sex_fmle,595.5493
sdn,2003,sex_mle,1670.579
sdn,2004,sex_btsx,2304.759
sdn,2004,sex_fmle,570.8651
sdn,2004,sex_mle,1733.894
sdn,2005,sex_btsx,2320.905
sdn,2005,sex_fmle,552.5715
sdn,2005,sex_mle,1768.334
sdn,2006,sex_btsx,2313.896
sdn,2006,sex_fmle,534.9548
sdn,2006,sex_mle,1778.941
sdn,2007,sex_btsx,2306.944
sdn,2007,sex_fmle,518.7643
sdn,2007,sex_mle,1788.18
sdn,2008,sex_btsx,2303.881
sdn,2008,sex_fmle,535.8432
sdn,2008,sex_mle,1768.038
sdn,2009,sex_btsx,2300.294
sdn,2009,sex_fmle,545.8074
sdn,2009,sex_mle,1754.486
sdn,2010,sex_btsx,2300.815
sdn,2010,sex_fmle,555.201
sdn,2010,sex_mle,1745.614
sdn,2011,sex_btsx,2327.91
sdn,2011,sex_fmle,571.071
sdn,2011,sex_mle,1756.839
sdn,2012,sex_btsx,2350.406
sdn,2012,sex_fmle,580.7038
sdn,2012,sex_mle,1769.703
sdn,2013,sex_btsx,2375.033
sdn,2013,sex_fmle,593.2252
sdn,2013,sex_mle,1781.808
sdn,2014,sex_btsx,2400.435
sdn,2014,sex_fmle,606.019
sdn,2014,sex_mle,1794.416
sdn,2015,sex_btsx,2417.608
sdn,2015,sex_fmle,614.2499
sdn,2015,sex_mle,1803.358
sdn,2016,sex_btsx,2437.221
sdn,2016,sex_fmle,621.9049
sdn,2016,sex_mle,1815.316
sdn,2017,sex_btsx,2444.879
sdn,2017,sex_fmle,625.3059
sdn,2017,sex_mle,1819.573
sdn,2018,sex_btsx,2461.825
sdn,2018,sex_fmle,630.459
sdn,2018,sex_mle,1831.366
sdn,2019,sex_btsx,2477.908
sdn,2019,sex_fmle,634.7074
sdn,2019,sex_mle,1843.201
sen,2000,sex_btsx,1005.647
sen,2000,sex_fmle,256.7701
sen,2000,sex_mle,748.8771
sen,2001,sex_btsx,1017.203
sen,2001,sex_fmle,254.4006
sen,2001,sex_mle,762.8021
sen,2002,sex_btsx,1020.016
sen,2002,sex_fmle,259.2688
sen,2002,sex_mle,760.7471
sen,2003,sex_btsx,1032.049
sen,2003,sex_fmle,250.2301
sen,2003,sex_mle,781.8193
sen,2004,sex_btsx,1035.846
sen,2004,sex_fmle,253.5328
sen,2004,sex_mle,782.3134
sen,2005,sex_btsx,1047.348
sen,2005,sex_fmle,262.4691
sen,2005,sex_mle,784.8787
sen,2006,sex_btsx,1055.094
sen,2006,sex_fmle,272.1112
sen,2006,sex_mle,782.9827
sen,2007,sex_btsx,1065.017
sen,2007,sex_fmle,278.8416
sen,2007,sex_mle,786.1758
sen,2008,sex_btsx,1075.848
sen,2008,sex_fmle,280.2985
sen,2008,sex_mle,795.5499
sen,2009,sex_btsx,1087.624
sen,2009,sex_fmle,277.6085
sen,2009,sex_mle,810.0156
sen,2010,sex_btsx,1100.568
sen,2010,sex_fmle,273.4376
sen,2010,sex_mle,827.1305
sen,2011,sex_btsx,1108.553
sen,2011,sex_fmle,267.8829
sen,2011,sex_mle,840.6698
sen,2012,sex_btsx,1119.207
sen,2012,sex_fmle,262.8445
sen,2012,sex_mle,856.3629
sen,2013,sex_btsx,1145.785
sen,2013,sex_fmle,263.7116
sen,2013,sex_mle,882.0736
sen,2014,sex_btsx,1175.081
sen,2014,sex_fmle,268.8759
sen,2014,sex_mle,906.2054
sen,2015,sex_btsx,1194.768
sen,2015,sex_fmle,271.3292
sen,2015,sex_mle,923.4385
sen,2016,sex_btsx,1206.707
sen,2016,sex_fmle,270.251
sen,2016,sex_mle,936.456
sen,2017,sex_btsx,1214.459
sen,2017,sex_fmle,270.7996
sen,2017,sex_mle,943.6595
sen,2018,sex_btsx,1231.59
sen,2018,sex_fmle,274.3498
sen,2018,sex_mle,957.2399
sen,2019,sex_btsx,1246.528
sen,2019,sex_fmle,277.0349
sen,2019,sex_mle,969.4933
sgp,2000,sex_btsx,59.89124
sgp,2000,sex_fmle,25.05714
sgp,2000,sex_mle,34.8341
sgp,2001,sex_btsx,55.37297
sgp,2001,sex_fmle,23.64048
sgp,2001,sex_mle,31.73249
sgp,2002,sex_btsx,51.55154
sgp,2002,sex_fmle,22.56876
sgp,2002,sex_mle,28.98278
sgp,2003,sex_btsx,47.12352
sgp,2003,sex_fmle,18.42017
sgp,2003,sex_mle,28.70335
sgp,2004,sex_btsx,42.699
sgp,2004,sex_fmle,17.70778
sgp,2004,sex_mle,24.99122
sgp,2005,sex_btsx,40.27102
sgp,2005,sex_fmle,16.49107
sgp,2005,sex_mle,23.77996
sgp,2006,sex_btsx,37.07946
sgp,2006,sex_fmle,14.82625
sgp,2006,sex_mle,22.25321
sgp,2007,sex_btsx,35.74516
sgp,2007,sex_fmle,13.31579
sgp,2007,sex_mle,22.42937
sgp,2008,sex_btsx,35.5189
sgp,2008,sex_fmle,13.87177
sgp,2008,sex_mle,21.64713
sgp,2009,sex_btsx,32.07441
sgp,2009,sex_fmle,11.90448
sgp,2009,sex_mle,20.16994
sgp,2010,sex_btsx,31.12573
sgp,2010,sex_fmle,12.27623
sgp,2010,sex_mle,18.8495
sgp,2011,sex_btsx,30.09469
sgp,2011,sex_fmle,12.56782
sgp,2011,sex_mle,17.52687
sgp,2012,sex_btsx,27.52655
sgp,2012,sex_fmle,11.8998
sgp,2012,sex_mle,15.62674
sgp,2013,sex_btsx,19.65818
sgp,2013,sex_fmle,8.04428
sgp,2013,sex_mle,11.61391
sgp,2014,sex_btsx,13.77303
sgp,2014,sex_fmle,5.74151
sgp,2014,sex_mle,8.03153
sgp,2015,sex_btsx,23.12736
sgp,2015,sex_fmle,9.65393
sgp,2015,sex_mle,13.47344
sgp,2016,sex_btsx,23.24261
sgp,2016,sex_fmle,9.76169
sgp,2016,sex_mle,13.48093
sgp,2017,sex_btsx,16.37662
sgp,2017,sex_fmle,6.88478
sgp,2017,sex_mle,9.49184
sgp,2018,sex_btsx,15.87304
sgp,2018,sex_fmle,6.69832
sgp,2018,sex_mle,9.17472
sgp,2019,sex_btsx,14.59225
sgp,2019,sex_fmle,6.19246
sgp,2019,sex_mle,8.39979
slb,2000,sex_btsx,24.94081
slb,2000,sex_fmle,6.3267
slb,2000,sex_mle,18.61411
slb,2001,sex_btsx,25.17523
slb,2001,sex_fmle,6.23504
slb,2001,sex_mle,18.94019
slb,2002,sex_btsx,25.42506
slb,2002,sex_fmle,6.19581
slb,2002,sex_mle,19.22925
slb,2003,sex_btsx,25.6907
slb,2003,sex_fmle,6.24818
slb,2003,sex_mle,19.44251
slb,2004,sex_btsx,25.51723
slb,2004,sex_fmle,6.17765
slb,2004,sex_mle,19.33958
slb,2005,sex_btsx,25.62181
slb,2005,sex_fmle,6.27603
slb,2005,sex_mle,19.34578
slb,2006,sex_btsx,25.54279
slb,2006,sex_fmle,6.33494
slb,2006,sex_mle,19.20785
slb,2007,sex_btsx,25.71941
slb,2007,sex_fmle,6.55868
slb,2007,sex_mle,19.16073
slb,2008,sex_btsx,25.81428
slb,2008,sex_fmle,6.57505
slb,2008,sex_mle,19.23922
slb,2009,sex_btsx,25.78888
slb,2009,sex_fmle,6.67397
slb,2009,sex_mle,19.11491
slb,2010,sex_btsx,25.57196
slb,2010,sex_fmle,6.62664
slb,2010,sex_mle,18.94532
slb,2011,sex_btsx,25.50644
slb,2011,sex_fmle,6.55098
slb,2011,sex_mle,18.95546
slb,2012,sex_btsx,25.64221
slb,2012,sex_fmle,6.58609
slb,2012,sex_mle,19.05612
slb,2013,sex_btsx,25.66906
slb,2013,sex_fmle,6.56319
slb,2013,sex_mle,19.10586
slb,2014,sex_btsx,25.93947
slb,2014,sex_fmle,6.60882
slb,2014,sex_mle,19.33065
slb,2015,sex_btsx,25.84473
slb,2015,sex_fmle,6.5245
slb,2015,sex_mle,19.32023
slb,2016,sex_btsx,25.81125
slb,2016,sex_fmle,6.42728
slb,2016,sex_mle,19.38397
slb,2017,sex_btsx,25.79622
slb,2017,sex_fmle,6.38979
slb,2017,sex_mle,19.40643
slb,2018,sex_btsx,25.97173
slb,2018,sex_fmle,6.40728
slb,2018,sex_mle,19.56445
slb,2019,sex_btsx,26.08919
slb,2019,sex_fmle,6.4597
slb,2019,sex_mle,19.62949
sle,2000,sex_btsx,393.8169
sle,2000,sex_fmle,52.59342
sle,2000,sex_mle,341.2235
sle,2001,sex_btsx,409.5246
sle,2001,sex_fmle,50.72833
sle,2001,sex_mle,358.7963
sle,2002,sex_btsx,427.6773
sle,2002,sex_fmle,50.82376
sle,2002,sex_mle,376.8536
sle,2003,sex_btsx,479.4321
sle,2003,sex_fmle,85.68425
sle,2003,sex_mle,393.7478
sle,2004,sex_btsx,498.2244
sle,2004,sex_fmle,91.46545
sle,2004,sex_mle,406.759
sle,2005,sex_btsx,513.2415
sle,2005,sex_fmle,97.3022
sle,2005,sex_mle,415.9393
sle,2006,sex_btsx,526.526
sle,2006,sex_fmle,103.4971
sle,2006,sex_mle,423.0289
sle,2007,sex_btsx,542.6649
sle,2007,sex_fmle,111.7268
sle,2007,sex_mle,430.9381
sle,2008,sex_btsx,559.7925
sle,2008,sex_fmle,116.3052
sle,2008,sex_mle,443.4873
sle,2009,sex_btsx,567.4355
sle,2009,sex_fmle,120.8287
sle,2009,sex_mle,446.6068
sle,2010,sex_btsx,577.1266
sle,2010,sex_fmle,125.064
sle,2010,sex_mle,452.0626
sle,2011,sex_btsx,578.8087
sle,2011,sex_fmle,130.624
sle,2011,sex_mle,448.1847
sle,2012,sex_btsx,571.2873
sle,2012,sex_fmle,129.0053
sle,2012,sex_mle,442.282
sle,2013,sex_btsx,580.7361
sle,2013,sex_fmle,132.203
sle,2013,sex_mle,448.5331
sle,2014,sex_btsx,587.1345
sle,2014,sex_fmle,121.4418
sle,2014,sex_mle,465.6927
sle,2015,sex_btsx,589.1801
sle,2015,sex_fmle,129.6313
sle,2015,sex_mle,459.5488
sle,2016,sex_btsx,601.0835
sle,2016,sex_fmle,137.7652
sle,2016,sex_mle,463.3183
sle,2017,sex_btsx,602.7416
sle,2017,sex_fmle,138.7328
sle,2017,sex_mle,464.0088
sle,2018,sex_btsx,612.1523
sle,2018,sex_fmle,140.7978
sle,2018,sex_mle,471.3545
sle,2019,sex_btsx,617.6741
sle,2019,sex_fmle,142.4647
sle,2019,sex_mle,475.2094
slv,2000,sex_btsx,3888.344
slv,2000,sex_fmle,1320.669
slv,2000,sex_mle,2567.674
slv,2001,sex_btsx,3850.497
slv,2001,sex_fmle,1298.691
slv,2001,sex_mle,2551.806
slv,2002,sex_btsx,3709.478
slv,2002,sex_fmle,1241.431
slv,2002,sex_mle,2468.047
slv,2003,sex_btsx,3881.663
slv,2003,sex_fmle,1296.82
slv,2003,sex_mle,2584.843
slv,2004,sex_btsx,4136.472
slv,2004,sex_fmle,1385.896
slv,2004,sex_mle,2750.577
slv,2005,sex_btsx,4273.697
slv,2005,sex_fmle,1437.17
slv,2005,sex_mle,2836.527
slv,2006,sex_btsx,4291.876
slv,2006,sex_fmle,1442.35
slv,2006,sex_mle,2849.526
slv,2007,sex_btsx,4168.99
slv,2007,sex_fmle,1398.923
slv,2007,sex_mle,2770.067
slv,2008,sex_btsx,4137.924
slv,2008,sex_fmle,1384
slv,2008,sex_mle,2753.924
slv,2009,sex_btsx,4474.513
slv,2009,sex_fmle,1499.486
slv,2009,sex_mle,2975.027
slv,2010,sex_btsx,4429.009
slv,2010,sex_fmle,1479.392
slv,2010,sex_mle,2949.617
slv,2011,sex_btsx,4375.766
slv,2011,sex_fmle,1456.62
slv,2011,sex_mle,2919.147
slv,2012,sex_btsx,3884.45
slv,2012,sex_fmle,1285.142
slv,2012,sex_mle,2599.309
slv,2013,sex_btsx,3980.726
slv,2013,sex_fmle,1307.252
slv,2013,sex_mle,2673.474
slv,2014,sex_btsx,4656.601
slv,2014,sex_fmle,1534.251
slv,2014,sex_mle,3122.35
slv,2015,sex_btsx,5536.778
slv,2015,sex_fmle,1833.272
slv,2015,sex_mle,3703.506
slv,2016,sex_btsx,5483.266
slv,2016,sex_fmle,1824.395
slv,2016,sex_mle,3658.871
slv,2017,sex_btsx,5109.369
slv,2017,sex_fmle,1704.638
slv,2017,sex_mle,3404.73
slv,2018,sex_btsx,5345.197
slv,2018,sex_fmle,1789.7
slv,2018,sex_mle,3555.497
slv,2019,sex_btsx,5485.275
slv,2019,sex_fmle,1844.85
slv,2019,sex_mle,3640.425
som,2000,sex_btsx,603.7813
som,2000,sex_fmle,134.2956
som,2000,sex_mle,469.4857
som,2001,sex_btsx,612.4374
som,2001,sex_fmle,136.1627
som,2001,sex_mle,476.2746
som,2002,sex_btsx,625.7473
som,2002,sex_fmle,141.1118
som,2002,sex_mle,484.6355
som,2003,sex_btsx,637.4313
som,2003,sex_fmle,142.7263
som,2003,sex_mle,494.705
som,2004,sex_btsx,647.6451
som,2004,sex_fmle,144.9788
som,2004,sex_mle,502.6663
som,2005,sex_btsx,659.4779
som,2005,sex_fmle,148.7403
som,2005,sex_mle,510.7376
som,2006,sex_btsx,675.8847
som,2006,sex_fmle,155.536
som,2006,sex_mle,520.3487
som,2007,sex_btsx,683.9345
som,2007,sex_fmle,158.8874
som,2007,sex_mle,525.0472
som,2008,sex_btsx,688.5319
som,2008,sex_fmle,162.7257
som,2008,sex_mle,525.8062
som,2009,sex_btsx,705.2012
som,2009,sex_fmle,172.5421
som,2009,sex_mle,532.6592
som,2010,sex_btsx,726.2407
som,2010,sex_fmle,173.6215
som,2010,sex_mle,552.6192
som,2011,sex_btsx,736.3901
som,2011,sex_fmle,176.6015
som,2011,sex_mle,559.7886
som,2012,sex_btsx,723.731
som,2012,sex_fmle,174.356
som,2012,sex_mle,549.375
som,2013,sex_btsx,738.4765
som,2013,sex_fmle,177.1905
som,2013,sex_mle,561.286
som,2014,sex_btsx,757.0202
som,2014,sex_fmle,182.547
som,2014,sex_mle,574.4732
som,2015,sex_btsx,777.7945
som,2015,sex_fmle,188.1396
som,2015,sex_mle,589.6549
som,2016,sex_btsx,797.3823
som,2016,sex_fmle,192.0372
som,2016,sex_mle,605.3451
som,2017,sex_btsx,803.2959
som,2017,sex_fmle,195.1114
som,2017,sex_mle,608.1845
som,2018,sex_btsx,814.9945
som,2018,sex_fmle,199.3288
som,2018,sex_mle,615.6657
som,2019,sex_btsx,828.267
som,2019,sex_fmle,203.5659
som,2019,sex_mle,624.7011
srb,2000,sex_btsx,298.2195
srb,2000,sex_fmle,74.99294
srb,2000,sex_mle,223.2265
srb,2001,sex_btsx,321.3535
srb,2001,sex_fmle,95.25765
srb,2001,sex_mle,226.0959
srb,2002,sex_btsx,246.2058
srb,2002,sex_fmle,69.67295
srb,2002,sex_mle,176.5329
srb,2003,sex_btsx,266.2275
srb,2003,sex_fmle,98.8353
srb,2003,sex_mle,167.3922
srb,2004,sex_btsx,211.2159
srb,2004,sex_fmle,63.53216
srb,2004,sex_mle,147.6838
srb,2005,sex_btsx,221.8364
srb,2005,sex_fmle,62.1104
srb,2005,sex_mle,159.726
srb,2006,sex_btsx,199.5934
srb,2006,sex_fmle,58.88365
srb,2006,sex_mle,140.7098
srb,2007,sex_btsx,264.8879
srb,2007,sex_fmle,90.95055
srb,2007,sex_mle,173.9374
srb,2008,sex_btsx,185.9161
srb,2008,sex_fmle,48.6413
srb,2008,sex_mle,137.2748
srb,2009,sex_btsx,189.546
srb,2009,sex_fmle,60.94487
srb,2009,sex_mle,128.6012
srb,2010,sex_btsx,174.2831
srb,2010,sex_fmle,55.49905
srb,2010,sex_mle,118.7841
srb,2011,sex_btsx,170.0593
srb,2011,sex_fmle,48.78959
srb,2011,sex_mle,121.2697
srb,2012,sex_btsx,161.5226
srb,2012,sex_fmle,48.7622
srb,2012,sex_mle,112.7604
srb,2013,sex_btsx,207.4924
srb,2013,sex_fmle,78.30378
srb,2013,sex_mle,129.1886
srb,2014,sex_btsx,156.5404
srb,2014,sex_fmle,44.09789
srb,2014,sex_mle,112.4425
srb,2015,sex_btsx,138.8764
srb,2015,sex_fmle,53.09907
srb,2015,sex_mle,85.77729
srb,2016,sex_btsx,170.6198
srb,2016,sex_fmle,63.59924
srb,2016,sex_mle,107.0205
srb,2017,sex_btsx,0
srb,2017,sex_fmle,0
srb,2017,sex_mle,0
srb,2018,sex_btsx,107.8174
srb,2018,sex_fmle,40.20447
srb,2018,sex_mle,67.6129
srb,2019,sex_btsx,107.5606
srb,2019,sex_fmle,40.09334
srb,2019,sex_mle,67.46723
ssd,2000,sex_btsx,1185.397
ssd,2000,sex_fmle,231.0583
ssd,2000,sex_mle,954.3387
ssd,2001,sex_btsx,1200.659
ssd,2001,sex_fmle,235.6373
ssd,2001,sex_mle,965.022
ssd,2002,sex_btsx,1209.527
ssd,2002,sex_fmle,237.1223
ssd,2002,sex_mle,972.4052
ssd,2003,sex_btsx,1217.851
ssd,2003,sex_fmle,237.5948
ssd,2003,sex_mle,980.2559
ssd,2004,sex_btsx,1225.447
ssd,2004,sex_fmle,238.2851
ssd,2004,sex_mle,987.1618
ssd,2005,sex_btsx,1232.152
ssd,2005,sex_fmle,240.4237
ssd,2005,sex_mle,991.7288
ssd,2006,sex_btsx,1251.547
ssd,2006,sex_fmle,244.8411
ssd,2006,sex_mle,1006.706
ssd,2007,sex_btsx,1274.929
ssd,2007,sex_fmle,252.6226
ssd,2007,sex_mle,1022.306
ssd,2008,sex_btsx,1305.79
ssd,2008,sex_fmle,262.867
ssd,2008,sex_mle,1042.923
ssd,2009,sex_btsx,1328.074
ssd,2009,sex_fmle,268.005
ssd,2009,sex_mle,1060.069
ssd,2010,sex_btsx,1358.365
ssd,2010,sex_fmle,279.5566
ssd,2010,sex_mle,1078.809
ssd,2011,sex_btsx,1386.648
ssd,2011,sex_fmle,289.2911
ssd,2011,sex_mle,1097.357
ssd,2012,sex_btsx,1405.765
ssd,2012,sex_fmle,296.0793
ssd,2012,sex_mle,1109.686
ssd,2013,sex_btsx,1451.855
ssd,2013,sex_fmle,307.1799
ssd,2013,sex_mle,1144.675
ssd,2014,sex_btsx,1511.398
ssd,2014,sex_fmle,321.8271
ssd,2014,sex_mle,1189.571
ssd,2015,sex_btsx,1569.783
ssd,2015,sex_fmle,340.8139
ssd,2015,sex_mle,1228.969
ssd,2016,sex_btsx,1632.084
ssd,2016,sex_fmle,359.2001
ssd,2016,sex_mle,1272.884
ssd,2017,sex_btsx,1629.579
ssd,2017,sex_fmle,352.864
ssd,2017,sex_mle,1276.715
ssd,2018,sex_btsx,1580.284
ssd,2018,sex_fmle,349.822
ssd,2018,sex_mle,1230.462
ssd,2019,sex_btsx,1583.929
ssd,2019,sex_fmle,351.8763
ssd,2019,sex_mle,1232.052
stp,2000,sex_btsx,9.46535
stp,2000,sex_fmle,3.16297
stp,2000,sex_mle,6.30239
stp,2001,sex_btsx,10.64039
stp,2001,sex_fmle,3.31586
stp,2001,sex_mle,7.32453
stp,2002,sex_btsx,10.56124
stp,2002,sex_fmle,2.96277
stp,2002,sex_mle,7.59847
stp,2003,sex_btsx,9.5925
stp,2003,sex_fmle,3.32979
stp,2003,sex_mle,6.26272
stp,2004,sex_btsx,9.01171
stp,2004,sex_fmle,2.24471
stp,2004,sex_mle,6.767
stp,2005,sex_btsx,11.63559
stp,2005,sex_fmle,3.02596
stp,2005,sex_mle,8.60964
stp,2006,sex_btsx,11.14954
stp,2006,sex_fmle,3.26195
stp,2006,sex_mle,7.88759
stp,2007,sex_btsx,12.59083
stp,2007,sex_fmle,3.37843
stp,2007,sex_mle,9.2124
stp,2008,sex_btsx,12.57133
stp,2008,sex_fmle,3.48376
stp,2008,sex_mle,9.08757
stp,2009,sex_btsx,12.47856
stp,2009,sex_fmle,3.16611
stp,2009,sex_mle,9.31245
stp,2010,sex_btsx,12.98951
stp,2010,sex_fmle,3.20352
stp,2010,sex_mle,9.78599
stp,2011,sex_btsx,12.85514
stp,2011,sex_fmle,3.11322
stp,2011,sex_mle,9.74193
stp,2012,sex_btsx,13.34608
stp,2012,sex_fmle,3.21981
stp,2012,sex_mle,10.12627
stp,2013,sex_btsx,13.44426
stp,2013,sex_fmle,3.24775
stp,2013,sex_mle,10.19651
stp,2014,sex_btsx,11.7457
stp,2014,sex_fmle,3.28177
stp,2014,sex_mle,8.46393
stp,2015,sex_btsx,13.743
stp,2015,sex_fmle,3.29945
stp,2015,sex_mle,10.44356
stp,2016,sex_btsx,13.86122
stp,2016,sex_fmle,3.30558
stp,2016,sex_mle,10.55565
stp,2017,sex_btsx,12.08473
stp,2017,sex_fmle,3.27484
stp,2017,sex_mle,8.80989
stp,2018,sex_btsx,11.98909
stp,2018,sex_fmle,3.28418
stp,2018,sex_mle,8.70491
stp,2019,sex_btsx,12.12295
stp,2019,sex_fmle,3.29249
stp,2019,sex_mle,8.83046
sur,2000,sex_btsx,75.8105
sur,2000,sex_fmle,15.69329
sur,2000,sex_mle,60.11721
sur,2001,sex_btsx,76.31887
sur,2001,sex_fmle,15.11332
sur,2001,sex_mle,61.20555
sur,2002,sex_btsx,69.34421
sur,2002,sex_fmle,13.26133
sur,2002,sex_mle,56.08288
sur,2003,sex_btsx,67.16574
sur,2003,sex_fmle,12.59983
sur,2003,sex_mle,54.56591
sur,2004,sex_btsx,63.78178
sur,2004,sex_fmle,11.96674
sur,2004,sex_mle,51.81503
sur,2005,sex_btsx,66.50866
sur,2005,sex_fmle,12.69863
sur,2005,sex_mle,53.81003
sur,2006,sex_btsx,64.37267
sur,2006,sex_fmle,12.8512
sur,2006,sex_mle,51.52147
sur,2007,sex_btsx,59.11462
sur,2007,sex_fmle,12.38635
sur,2007,sex_mle,46.72827
sur,2008,sex_btsx,54.3086
sur,2008,sex_fmle,11.74515
sur,2008,sex_mle,42.56345
sur,2009,sex_btsx,54.15032
sur,2009,sex_fmle,11.6855
sur,2009,sex_mle,42.46482
sur,2010,sex_btsx,49.96008
sur,2010,sex_fmle,10.92182
sur,2010,sex_mle,39.03826
sur,2011,sex_btsx,43.02824
sur,2011,sex_fmle,9.38004
sur,2011,sex_mle,33.6482
sur,2012,sex_btsx,38.41624
sur,2012,sex_fmle,8.71759
sur,2012,sex_mle,29.69865
sur,2013,sex_btsx,36.96178
sur,2013,sex_fmle,8.42035
sur,2013,sex_mle,28.54144
sur,2014,sex_btsx,38.34407
sur,2014,sex_fmle,8.87772
sur,2014,sex_mle,29.46634
sur,2015,sex_btsx,40.0691
sur,2015,sex_fmle,9.23307
sur,2015,sex_mle,30.83603
sur,2016,sex_btsx,42.01355
sur,2016,sex_fmle,9.79221
sur,2016,sex_mle,32.22133
sur,2017,sex_btsx,40.12688
sur,2017,sex_fmle,9.36176
sur,2017,sex_mle,30.76512
sur,2018,sex_btsx,35.21996
sur,2018,sex_fmle,8.22232
sur,2018,sex_mle,26.99764
sur,2019,sex_btsx,33.7028
sur,2019,sex_fmle,7.82758
sur,2019,sex_mle,25.87523
svk,2000,sex_btsx,142.9344
svk,2000,sex_fmle,39.36684
svk,2000,sex_mle,103.5675
svk,2001,sex_btsx,129.7296
svk,2001,sex_fmle,36.6164
svk,2001,sex_mle,93.11323
svk,2002,sex_btsx,138.311
svk,2002,sex_fmle,38.39004
svk,2002,sex_mle,99.92098
svk,2003,sex_btsx,146.1004
svk,2003,sex_fmle,41.00171
svk,2003,sex_mle,105.0987
svk,2004,sex_btsx,122.4875
svk,2004,sex_fmle,35.03347
svk,2004,sex_mle,87.45403
svk,2005,sex_btsx,106.2344
svk,2005,sex_fmle,30.19399
svk,2005,sex_mle,76.04037
svk,2006,sex_btsx,88.85311
svk,2006,sex_fmle,23.96942
svk,2006,sex_mle,64.88369
svk,2007,sex_btsx,88.48097
svk,2007,sex_fmle,25.27811
svk,2007,sex_mle,63.20286
svk,2008,sex_btsx,93.82604
svk,2008,sex_fmle,25.28875
svk,2008,sex_mle,68.5373
svk,2009,sex_btsx,83.55484
svk,2009,sex_fmle,24.36603
svk,2009,sex_mle,59.18881
svk,2010,sex_btsx,88.37157
svk,2010,sex_fmle,26.02369
svk,2010,sex_mle,62.34787
svk,2011,sex_btsx,95.09572
svk,2011,sex_fmle,28.18774
svk,2011,sex_mle,66.90797
svk,2012,sex_btsx,74.09104
svk,2012,sex_fmle,21.64482
svk,2012,sex_mle,52.44622
svk,2013,sex_btsx,72.85897
svk,2013,sex_fmle,22.22677
svk,2013,sex_mle,50.63219
svk,2014,sex_btsx,70.9843
svk,2014,sex_fmle,21.3137
svk,2014,sex_mle,49.6706
svk,2015,sex_btsx,69.79377
svk,2015,sex_fmle,21.1345
svk,2015,sex_mle,48.65927
svk,2016,sex_btsx,69.04816
svk,2016,sex_fmle,21.01722
svk,2016,sex_mle,48.03093
svk,2017,sex_btsx,68.32903
svk,2017,sex_fmle,20.81022
svk,2017,sex_mle,47.51881
svk,2018,sex_btsx,62.01697
svk,2018,sex_fmle,18.87913
svk,2018,sex_mle,43.13784
svk,2019,sex_btsx,59.40276
svk,2019,sex_fmle,18.0604
svk,2019,sex_mle,41.34236
svn,2000,sex_btsx,31.99912
svn,2000,sex_fmle,11.31701
svn,2000,sex_mle,20.68212
svn,2001,sex_btsx,29.56697
svn,2001,sex_fmle,9.59659
svn,2001,sex_mle,19.97038
svn,2002,sex_btsx,29.32939
svn,2002,sex_fmle,10.15987
svn,2002,sex_mle,19.16951
svn,2003,sex_btsx,25.35193
svn,2003,sex_fmle,9.02771
svn,2003,sex_mle,16.32422
svn,2004,sex_btsx,24.12459
svn,2004,sex_fmle,8.85065
svn,2004,sex_mle,15.27394
svn,2005,sex_btsx,20.63253
svn,2005,sex_fmle,7.52929
svn,2005,sex_mle,13.10324
svn,2006,sex_btsx,17.74837
svn,2006,sex_fmle,5.9126
svn,2006,sex_mle,11.83577
svn,2007,sex_btsx,17.98948
svn,2007,sex_fmle,6.3674
svn,2007,sex_mle,11.62208
svn,2008,sex_btsx,14.95709
svn,2008,sex_fmle,5.56445
svn,2008,sex_mle,9.39264
svn,2009,sex_btsx,14.47864
svn,2009,sex_fmle,5.36086
svn,2009,sex_mle,9.11779
svn,2010,sex_btsx,10.29449
svn,2010,sex_fmle,4.00185
svn,2010,sex_mle,6.29265
svn,2011,sex_btsx,17.04759
svn,2011,sex_fmle,6.86526
svn,2011,sex_mle,10.18233
svn,2012,sex_btsx,16.33347
svn,2012,sex_fmle,6.67423
svn,2012,sex_mle,9.65924
svn,2013,sex_btsx,21.42907
svn,2013,sex_fmle,8.65466
svn,2013,sex_mle,12.77441
svn,2014,sex_btsx,20.36018
svn,2014,sex_fmle,8.62216
svn,2014,sex_mle,11.73802
svn,2015,sex_btsx,20.47857
svn,2015,sex_fmle,8.56588
svn,2015,sex_mle,11.91268
svn,2016,sex_btsx,20.3359
svn,2016,sex_fmle,8.81697
svn,2016,sex_mle,11.51893
svn,2017,sex_btsx,20.22642
svn,2017,sex_fmle,8.83218
svn,2017,sex_mle,11.39424
svn,2018,sex_btsx,18.8968
svn,2018,sex_fmle,8.28558
svn,2018,sex_mle,10.61122
svn,2019,sex_btsx,18.78722
svn,2019,sex_fmle,8.25164
svn,2019,sex_mle,10.53559
swe,2000,sex_btsx,100.7819
swe,2000,sex_fmle,39.55127
swe,2000,sex_mle,61.23068
swe,2001,sex_btsx,96.60805
swe,2001,sex_fmle,31.91712
swe,2001,sex_mle,64.69092
swe,2002,sex_btsx,117.3809
swe,2002,sex_fmle,42.75266
swe,2002,sex_mle,74.62819
swe,2003,sex_btsx,92.0176
swe,2003,sex_fmle,28.77948
swe,2003,sex_mle,63.23813
swe,2004,sex_btsx,109.424
swe,2004,sex_fmle,40.72914
swe,2004,sex_mle,68.69488
swe,2005,sex_btsx,95.08377
swe,2005,sex_fmle,35.57912
swe,2005,sex_mle,59.50465
swe,2006,sex_btsx,87.75484
swe,2006,sex_fmle,33.85366
swe,2006,sex_mle,53.90119
swe,2007,sex_btsx,122.2912
swe,2007,sex_fmle,34.85796
swe,2007,sex_mle,87.43321
swe,2008,sex_btsx,81.04032
swe,2008,sex_fmle,27.76164
swe,2008,sex_mle,53.27868
swe,2009,sex_btsx,98.22343
swe,2009,sex_fmle,40.66172
swe,2009,sex_mle,57.56171
swe,2010,sex_btsx,101.2675
swe,2010,sex_fmle,29.82141
swe,2010,sex_mle,71.44607
swe,2011,sex_btsx,82.85112
swe,2011,sex_fmle,23.74786
swe,2011,sex_mle,59.10326
swe,2012,sex_btsx,73.53253
swe,2012,sex_fmle,24.80417
swe,2012,sex_mle,48.72836
swe,2013,sex_btsx,95.51416
swe,2013,sex_fmle,29.82382
swe,2013,sex_mle,65.69034
swe,2014,sex_btsx,93.60392
swe,2014,sex_fmle,30.45669
swe,2014,sex_mle,63.14723
swe,2015,sex_btsx,121.0077
swe,2015,sex_fmle,32.03435
swe,2015,sex_mle,88.9733
swe,2016,sex_btsx,101.568
swe,2016,sex_fmle,28.17248
swe,2016,sex_mle,73.39553
swe,2017,sex_btsx,125.3834
swe,2017,sex_fmle,29.4922
swe,2017,sex_mle,95.89123
swe,2018,sex_btsx,112.563
swe,2018,sex_fmle,30.36814
swe,2018,sex_mle,82.19482
swe,2019,sex_btsx,112.9126
swe,2019,sex_fmle,29.21237
swe,2019,sex_mle,83.7002
swz,2000,sex_btsx,222.4974
swz,2000,sex_fmle,45.53335
swz,2000,sex_mle,176.964
swz,2001,sex_btsx,232.216
swz,2001,sex_fmle,47.24922
swz,2001,sex_mle,184.9668
swz,2002,sex_btsx,222.238
swz,2002,sex_fmle,44.74363
swz,2002,sex_mle,177.4943
swz,2003,sex_btsx,222.1544
swz,2003,sex_fmle,44.48613
swz,2003,sex_mle,177.6683
swz,2004,sex_btsx,225.5027
swz,2004,sex_fmle,44.78762
swz,2004,sex_mle,180.715
swz,2005,sex_btsx,229.5708
swz,2005,sex_fmle,45.06715
swz,2005,sex_mle,184.5037
swz,2006,sex_btsx,223.0961
swz,2006,sex_fmle,42.09316
swz,2006,sex_mle,181.0029
swz,2007,sex_btsx,235.1178
swz,2007,sex_fmle,44.07963
swz,2007,sex_mle,191.0382
swz,2008,sex_btsx,255.4937
swz,2008,sex_fmle,47.69049
swz,2008,sex_mle,207.8032
swz,2009,sex_btsx,254.4784
swz,2009,sex_fmle,47.77856
swz,2009,sex_mle,206.6998
swz,2010,sex_btsx,255.5897
swz,2010,sex_fmle,48.87804
swz,2010,sex_mle,206.7117
swz,2011,sex_btsx,244.2318
swz,2011,sex_fmle,47.37384
swz,2011,sex_mle,196.8579
swz,2012,sex_btsx,230.5537
swz,2012,sex_fmle,45.42183
swz,2012,sex_mle,185.1319
swz,2013,sex_btsx,223.6754
swz,2013,sex_fmle,44.57312
swz,2013,sex_mle,179.1023
swz,2014,sex_btsx,219.5804
swz,2014,sex_fmle,44.38543
swz,2014,sex_mle,175.195
swz,2015,sex_btsx,214.4541
swz,2015,sex_fmle,42.85156
swz,2015,sex_mle,171.6026
swz,2016,sex_btsx,211.3183
swz,2016,sex_fmle,42.43047
swz,2016,sex_mle,168.8878
swz,2017,sex_btsx,209.6496
swz,2017,sex_fmle,42.81802
swz,2017,sex_mle,166.8316
swz,2018,sex_btsx,213.8422
swz,2018,sex_fmle,44.25557
swz,2018,sex_mle,169.5866
swz,2019,sex_btsx,212.2892
swz,2019,sex_fmle,44.34438
swz,2019,sex_mle,167.9448
syc,2000,sex_btsx,10.02904
syc,2000,sex_fmle,2.16997
syc,2000,sex_mle,7.85907
syc,2001,sex_btsx,10.21946
syc,2001,sex_fmle,2.25875
syc,2001,sex_mle,7.96071
syc,2002,sex_btsx,10.43667
syc,2002,sex_fmle,2.31494
syc,2002,sex_mle,8.12173
syc,2003,sex_btsx,10.6668
syc,2003,sex_fmle,2.3977
syc,2003,sex_mle,8.26911
syc,2004,sex_btsx,10.87199
syc,2004,sex_fmle,2.41948
syc,2004,sex_mle,8.45251
syc,2005,sex_btsx,10.47934
syc,2005,sex_fmle,2.30849
syc,2005,sex_mle,8.17085
syc,2006,sex_btsx,10.20918
syc,2006,sex_fmle,2.19918
syc,2006,sex_mle,8.01
syc,2007,sex_btsx,10.00429
syc,2007,sex_fmle,2.11173
syc,2007,sex_mle,7.89256
syc,2008,sex_btsx,10.29067
syc,2008,sex_fmle,2.1338
syc,2008,sex_mle,8.15687
syc,2009,sex_btsx,12.30597
syc,2009,sex_fmle,2.54353
syc,2009,sex_mle,9.76244
syc,2010,sex_btsx,12.384
syc,2010,sex_fmle,2.57593
syc,2010,sex_mle,9.80807
syc,2011,sex_btsx,13.5425
syc,2011,sex_fmle,2.87266
syc,2011,sex_mle,10.66984
syc,2012,sex_btsx,12.29547
syc,2012,sex_fmle,2.67093
syc,2012,sex_mle,9.62454
syc,2013,sex_btsx,15.02538
syc,2013,sex_fmle,3.34103
syc,2013,sex_mle,11.68436
syc,2014,sex_btsx,14.92926
syc,2014,sex_fmle,3.40592
syc,2014,sex_mle,11.52334
syc,2015,sex_btsx,12.74591
syc,2015,sex_fmle,3.03379
syc,2015,sex_mle,9.71212
syc,2016,sex_btsx,13.18669
syc,2016,sex_fmle,3.12865
syc,2016,sex_mle,10.05804
syc,2017,sex_btsx,13.28518
syc,2017,sex_fmle,3.1817
syc,2017,sex_mle,10.10348
syc,2018,sex_btsx,14.21953
syc,2018,sex_fmle,3.4308
syc,2018,sex_mle,10.78873
syc,2019,sex_btsx,14.47387
syc,2019,sex_fmle,3.51606
syc,2019,sex_mle,10.95781
syr,2000,sex_btsx,416.2921
syr,2000,sex_fmle,103.8841
syr,2000,sex_mle,312.408
syr,2001,sex_btsx,430.172
syr,2001,sex_fmle,108.7062
syr,2001,sex_mle,321.4658
syr,2002,sex_btsx,439.654
syr,2002,sex_fmle,112.2016
syr,2002,sex_mle,327.4523
syr,2003,sex_btsx,461.1798
syr,2003,sex_fmle,115.2217
syr,2003,sex_mle,345.9581
syr,2004,sex_btsx,481.4253
syr,2004,sex_fmle,118.3364
syr,2004,sex_mle,363.0889
syr,2005,sex_btsx,499.996
syr,2005,sex_fmle,121.3758
syr,2005,sex_mle,378.6202
syr,2006,sex_btsx,526.7761
syr,2006,sex_fmle,128.0096
syr,2006,sex_mle,398.7665
syr,2007,sex_btsx,569.0939
syr,2007,sex_fmle,138.9243
syr,2007,sex_mle,430.1696
syr,2008,sex_btsx,582.8755
syr,2008,sex_fmle,145.157
syr,2008,sex_mle,437.7185
syr,2009,sex_btsx,570.3831
syr,2009,sex_fmle,143.2351
syr,2009,sex_mle,427.148
syr,2010,sex_btsx,557.7544
syr,2010,sex_fmle,142.0428
syr,2010,sex_mle,415.7116
syr,2011,sex_btsx,550.48
syr,2011,sex_fmle,142.2001
syr,2011,sex_mle,408.2799
syr,2012,sex_btsx,533.9437
syr,2012,sex_fmle,137.7925
syr,2012,sex_mle,396.1512
syr,2013,sex_btsx,511.5966
syr,2013,sex_fmle,132.3591
syr,2013,sex_mle,379.2375
syr,2014,sex_btsx,489.1015
syr,2014,sex_fmle,127.2403
syr,2014,sex_mle,361.8613
syr,2015,sex_btsx,470.6717
syr,2015,sex_fmle,124.1442
syr,2015,sex_mle,346.5275
syr,2016,sex_btsx,457.3823
syr,2016,sex_fmle,121.4959
syr,2016,sex_mle,335.8863
syr,2017,sex_btsx,448.1021
syr,2017,sex_fmle,119.7109
syr,2017,sex_mle,328.3912
syr,2018,sex_btsx,441.983
syr,2018,sex_fmle,118.6843
syr,2018,sex_mle,323.2987
syr,2019,sex_btsx,444.2153
syr,2019,sex_fmle,119.6763
syr,2019,sex_mle,324.539
tcd,2000,sex_btsx,993.4935
tcd,2000,sex_fmle,200.8704
tcd,2000,sex_mle,792.623
tcd,2001,sex_btsx,1015.988
tcd,2001,sex_fmle,204.8457
tcd,2001,sex_mle,811.1422
tcd,2002,sex_btsx,1045.32
tcd,2002,sex_fmle,214.3521
tcd,2002,sex_mle,830.968
tcd,2003,sex_btsx,1070.551
tcd,2003,sex_fmle,222.3092
tcd,2003,sex_mle,848.242
tcd,2004,sex_btsx,1095.603
tcd,2004,sex_fmle,229.5587
tcd,2004,sex_mle,866.0444
tcd,2005,sex_btsx,1117.736
tcd,2005,sex_fmle,234.4269
tcd,2005,sex_mle,883.3093
tcd,2006,sex_btsx,1138.887
tcd,2006,sex_fmle,243.6822
tcd,2006,sex_mle,895.205
tcd,2007,sex_btsx,1146.928
tcd,2007,sex_fmle,247.4721
tcd,2007,sex_mle,899.4561
tcd,2008,sex_btsx,1171.687
tcd,2008,sex_fmle,255.6147
tcd,2008,sex_mle,916.0724
tcd,2009,sex_btsx,1184.918
tcd,2009,sex_fmle,259.0917
tcd,2009,sex_mle,925.8261
tcd,2010,sex_btsx,1200.202
tcd,2010,sex_fmle,263.4482
tcd,2010,sex_mle,936.7538
tcd,2011,sex_btsx,1223.49
tcd,2011,sex_fmle,269.2465
tcd,2011,sex_mle,954.2439
tcd,2012,sex_btsx,1243.766
tcd,2012,sex_fmle,272.6066
tcd,2012,sex_mle,971.1596
tcd,2013,sex_btsx,1276.77
tcd,2013,sex_fmle,281.3079
tcd,2013,sex_mle,995.4617
tcd,2014,sex_btsx,1310.926
tcd,2014,sex_fmle,288.5489
tcd,2014,sex_mle,1022.377
tcd,2015,sex_btsx,1348.283
tcd,2015,sex_fmle,297.5712
tcd,2015,sex_mle,1050.711
tcd,2016,sex_btsx,1382.706
tcd,2016,sex_fmle,303.7591
tcd,2016,sex_mle,1078.947
tcd,2017,sex_btsx,1390.862
tcd,2017,sex_fmle,307.8633
tcd,2017,sex_mle,1082.998
tcd,2018,sex_btsx,1409.275
tcd,2018,sex_fmle,313.8377
tcd,2018,sex_mle,1095.438
tcd,2019,sex_btsx,1429.768
tcd,2019,sex_fmle,319.5324
tcd,2019,sex_mle,1110.235
tgo,2000,sex_btsx,549.3084
tgo,2000,sex_fmle,139.8959
tgo,2000,sex_mle,409.4125
tgo,2001,sex_btsx,564.076
tgo,2001,sex_fmle,142.3156
tgo,2001,sex_mle,421.7604
tgo,2002,sex_btsx,575.1448
tgo,2002,sex_fmle,144.1331
tgo,2002,sex_mle,431.0117
tgo,2003,sex_btsx,590.7051
tgo,2003,sex_fmle,146.4697
tgo,2003,sex_mle,444.2355
tgo,2004,sex_btsx,605.0968
tgo,2004,sex_fmle,147.9438
tgo,2004,sex_mle,457.153
tgo,2005,sex_btsx,620.1538
tgo,2005,sex_fmle,150.1024
tgo,2005,sex_mle,470.0514
tgo,2006,sex_btsx,624.085
tgo,2006,sex_fmle,150.1408
tgo,2006,sex_mle,473.9442
tgo,2007,sex_btsx,627.7235
tgo,2007,sex_fmle,149.9282
tgo,2007,sex_mle,477.7953
tgo,2008,sex_btsx,629.7405
tgo,2008,sex_fmle,148.9496
tgo,2008,sex_mle,480.7909
tgo,2009,sex_btsx,632.193
tgo,2009,sex_fmle,150.6641
tgo,2009,sex_mle,481.5289
tgo,2010,sex_btsx,635.7446
tgo,2010,sex_fmle,154.3124
tgo,2010,sex_mle,481.4321
tgo,2011,sex_btsx,641.8573
tgo,2011,sex_fmle,158.8608
tgo,2011,sex_mle,482.9965
tgo,2012,sex_btsx,648.5298
tgo,2012,sex_fmle,162.729
tgo,2012,sex_mle,485.8008
tgo,2013,sex_btsx,665.256
tgo,2013,sex_fmle,168.8145
tgo,2013,sex_mle,496.4415
tgo,2014,sex_btsx,679.6275
tgo,2014,sex_fmle,174.2861
tgo,2014,sex_mle,505.3413
tgo,2015,sex_btsx,692.8892
tgo,2015,sex_fmle,179.1399
tgo,2015,sex_mle,513.7493
tgo,2016,sex_btsx,706.9117
tgo,2016,sex_fmle,183.923
tgo,2016,sex_mle,522.9887
tgo,2017,sex_btsx,710.2041
tgo,2017,sex_fmle,188.9797
tgo,2017,sex_mle,521.2244
tgo,2018,sex_btsx,716.8426
tgo,2018,sex_fmle,193.6907
tgo,2018,sex_mle,523.1518
tgo,2019,sex_btsx,722.9613
tgo,2019,sex_fmle,197.3911
tgo,2019,sex_mle,525.5702
tha,2000,sex_btsx,6061.711
tha,2000,sex_fmle,1449.763
tha,2000,sex_mle,4611.948
tha,2001,sex_btsx,6077.338
tha,2001,sex_fmle,1295.262
tha,2001,sex_mle,4782.076
tha,2002,sex_btsx,6109.266
tha,2002,sex_fmle,1199.862
tha,2002,sex_mle,4909.404
tha,2003,sex_btsx,6312.234
tha,2003,sex_fmle,1169.784
tha,2003,sex_mle,5142.45
tha,2004,sex_btsx,5618.852
tha,2004,sex_fmle,996.1223
tha,2004,sex_mle,4622.73
tha,2005,sex_btsx,6272.527
tha,2005,sex_fmle,1070.252
tha,2005,sex_mle,5202.276
tha,2006,sex_btsx,6517.383
tha,2006,sex_fmle,1082.783
tha,2006,sex_mle,5434.6
tha,2007,sex_btsx,6746.854
tha,2007,sex_fmle,1083.925
tha,2007,sex_mle,5662.93
tha,2008,sex_btsx,6226.872
tha,2008,sex_fmle,982.3064
tha,2008,sex_mle,5244.566
tha,2009,sex_btsx,5738.619
tha,2009,sex_fmle,876.6985
tha,2009,sex_mle,4861.921
tha,2010,sex_btsx,5404.387
tha,2010,sex_fmle,798.214
tha,2010,sex_mle,4606.173
tha,2011,sex_btsx,4668.72
tha,2011,sex_fmle,671.6197
tha,2011,sex_mle,3997.101
tha,2012,sex_btsx,4791.564
tha,2012,sex_fmle,677.8257
tha,2012,sex_mle,4113.738
tha,2013,sex_btsx,4612.279
tha,2013,sex_fmle,653.2443
tha,2013,sex_mle,3959.034
tha,2014,sex_btsx,4101.865
tha,2014,sex_fmle,574.1627
tha,2014,sex_mle,3527.702
tha,2015,sex_btsx,3583.913
tha,2015,sex_fmle,505.4381
tha,2015,sex_mle,3078.475
tha,2016,sex_btsx,3046.621
tha,2016,sex_fmle,434.9108
tha,2016,sex_mle,2611.71
tha,2017,sex_btsx,2851.919
tha,2017,sex_fmle,413.2657
tha,2017,sex_mle,2438.654
tha,2018,sex_btsx,3130.179
tha,2018,sex_fmle,465.833
tha,2018,sex_mle,2664.346
tha,2019,sex_btsx,2965.223
tha,2019,sex_fmle,453.0831
tha,2019,sex_mle,2512.14
tjk,2000,sex_btsx,276.5548
tjk,2000,sex_fmle,49.29704
tjk,2000,sex_mle,227.2577
tjk,2001,sex_btsx,248.703
tjk,2001,sex_fmle,54.05598
tjk,2001,sex_mle,194.6471
tjk,2002,sex_btsx,217.9333
tjk,2002,sex_fmle,45.39098
tjk,2002,sex_mle,172.5423
tjk,2003,sex_btsx,198.0055
tjk,2003,sex_fmle,44.00282
tjk,2003,sex_mle,154.0027
tjk,2004,sex_btsx,184.1398
tjk,2004,sex_fmle,40.96703
tjk,2004,sex_mle,143.1727
tjk,2005,sex_btsx,183.4384
tjk,2005,sex_fmle,41.94269
tjk,2005,sex_mle,141.4957
tjk,2006,sex_btsx,185.1694
tjk,2006,sex_fmle,43.16107
tjk,2006,sex_mle,142.0083
tjk,2007,sex_btsx,162.1198
tjk,2007,sex_fmle,38.29225
tjk,2007,sex_mle,123.8276
tjk,2008,sex_btsx,144.7065
tjk,2008,sex_fmle,35.10369
tjk,2008,sex_mle,109.6028
tjk,2009,sex_btsx,143.9617
tjk,2009,sex_fmle,36.44934
tjk,2009,sex_mle,107.5124
tjk,2010,sex_btsx,167.3059
tjk,2010,sex_fmle,43.3252
tjk,2010,sex_mle,123.9807
tjk,2011,sex_btsx,159.1844
tjk,2011,sex_fmle,39.89001
tjk,2011,sex_mle,119.2943
tjk,2012,sex_btsx,162.7175
tjk,2012,sex_fmle,40.73795
tjk,2012,sex_mle,121.9795
tjk,2013,sex_btsx,165.2294
tjk,2013,sex_fmle,41.53252
tjk,2013,sex_mle,123.6969
tjk,2014,sex_btsx,169.1529
tjk,2014,sex_fmle,42.58306
tjk,2014,sex_mle,126.5699
tjk,2015,sex_btsx,173.275
tjk,2015,sex_fmle,43.51265
tjk,2015,sex_mle,129.7623
tjk,2016,sex_btsx,177.5997
tjk,2016,sex_fmle,44.18467
tjk,2016,sex_mle,133.415
tjk,2017,sex_btsx,181.9981
tjk,2017,sex_fmle,45.28766
tjk,2017,sex_mle,136.7104
tjk,2018,sex_btsx,170.0284
tjk,2018,sex_fmle,42.25653
tjk,2018,sex_mle,127.7719
tjk,2019,sex_btsx,169.6942
tjk,2019,sex_fmle,42.10191
tjk,2019,sex_mle,127.5923
tkm,2000,sex_btsx,279.7365
tkm,2000,sex_fmle,53.77233
tkm,2000,sex_mle,225.9642
tkm,2001,sex_btsx,263.5072
tkm,2001,sex_fmle,52.24165
tkm,2001,sex_mle,211.2656
tkm,2002,sex_btsx,257.9707
tkm,2002,sex_fmle,51.93796
tkm,2002,sex_mle,206.0328
tkm,2003,sex_btsx,252.1335
tkm,2003,sex_fmle,46.70682
tkm,2003,sex_mle,205.4267
tkm,2004,sex_btsx,254.2146
tkm,2004,sex_fmle,49.87122
tkm,2004,sex_mle,204.3434
tkm,2005,sex_btsx,255.1939
tkm,2005,sex_fmle,48.08532
tkm,2005,sex_mle,207.1086
tkm,2006,sex_btsx,245.5732
tkm,2006,sex_fmle,48.35426
tkm,2006,sex_mle,197.219
tkm,2007,sex_btsx,242.3557
tkm,2007,sex_fmle,47.23105
tkm,2007,sex_mle,195.1246
tkm,2008,sex_btsx,235.7933
tkm,2008,sex_fmle,48.41916
tkm,2008,sex_mle,187.3742
tkm,2009,sex_btsx,219.0826
tkm,2009,sex_fmle,46.91767
tkm,2009,sex_mle,172.1649
tkm,2010,sex_btsx,214.2912
tkm,2010,sex_fmle,45.05407
tkm,2010,sex_mle,169.2371
tkm,2011,sex_btsx,218.2669
tkm,2011,sex_fmle,48.83223
tkm,2011,sex_mle,169.4347
tkm,2012,sex_btsx,219.6214
tkm,2012,sex_fmle,49.92388
tkm,2012,sex_mle,169.6975
tkm,2013,sex_btsx,230.036
tkm,2013,sex_fmle,51.9201
tkm,2013,sex_mle,178.1159
tkm,2014,sex_btsx,234.0152
tkm,2014,sex_fmle,48.83329
tkm,2014,sex_mle,185.1819
tkm,2015,sex_btsx,227.1465
tkm,2015,sex_fmle,50.63226
tkm,2015,sex_mle,176.5143
tkm,2016,sex_btsx,189.6818
tkm,2016,sex_fmle,53.06178
tkm,2016,sex_mle,136.62
tkm,2017,sex_btsx,181.998
tkm,2017,sex_fmle,53.97996
tkm,2017,sex_mle,128.0181
tkm,2018,sex_btsx,171.927
tkm,2018,sex_fmle,52.90778
tkm,2018,sex_mle,119.0192
tkm,2019,sex_btsx,169.1451
tkm,2019,sex_fmle,53.17064
tkm,2019,sex_mle,115.9744
tls,2000,sex_btsx,37.92708
tls,2000,sex_fmle,7.77482
tls,2000,sex_mle,30.15227
tls,2001,sex_btsx,38.31613
tls,2001,sex_fmle,7.67392
tls,2001,sex_mle,30.64221
tls,2002,sex_btsx,33.78789
tls,2002,sex_fmle,8.01744
tls,2002,sex_mle,25.77044
tls,2003,sex_btsx,40.24348
tls,2003,sex_fmle,8.16725
tls,2003,sex_mle,32.07623
tls,2004,sex_btsx,41.20606
tls,2004,sex_fmle,8.44818
tls,2004,sex_mle,32.75788
tls,2005,sex_btsx,49.16504
tls,2005,sex_fmle,10.39645
tls,2005,sex_mle,38.7686
tls,2006,sex_btsx,52.88805
tls,2006,sex_fmle,11.64255
tls,2006,sex_mle,41.2455
tls,2007,sex_btsx,54.35568
tls,2007,sex_fmle,12.05859
tls,2007,sex_mle,42.29709
tls,2008,sex_btsx,48.3142
tls,2008,sex_fmle,10.51435
tls,2008,sex_mle,37.79985
tls,2009,sex_btsx,45.86364
tls,2009,sex_fmle,9.40366
tls,2009,sex_mle,36.45998
tls,2010,sex_btsx,46.41703
tls,2010,sex_fmle,9.45008
tls,2010,sex_mle,36.96694
tls,2011,sex_btsx,47.29565
tls,2011,sex_fmle,9.58328
tls,2011,sex_mle,37.71238
tls,2012,sex_btsx,48.73785
tls,2012,sex_fmle,9.98922
tls,2012,sex_mle,38.74863
tls,2013,sex_btsx,51.22876
tls,2013,sex_fmle,10.5052
tls,2013,sex_mle,40.72355
tls,2014,sex_btsx,53.78386
tls,2014,sex_fmle,11.03139
tls,2014,sex_mle,42.75247
tls,2015,sex_btsx,48.90403
tls,2015,sex_fmle,10.16754
tls,2015,sex_mle,38.73649
tls,2016,sex_btsx,58.64473
tls,2016,sex_fmle,10.20207
tls,2016,sex_mle,48.44266
tls,2017,sex_btsx,58.32214
tls,2017,sex_fmle,11.12183
tls,2017,sex_mle,47.20031
tls,2018,sex_btsx,58.97702
tls,2018,sex_fmle,11.21571
tls,2018,sex_mle,47.76132
tls,2019,sex_btsx,60.17894
tls,2019,sex_fmle,11.44886
tls,2019,sex_mle,48.73008
ton,2000,sex_btsx,4.68726
ton,2000,sex_fmle,1.49751
ton,2000,sex_mle,3.18974
ton,2001,sex_btsx,4.79993
ton,2001,sex_fmle,1.55575
ton,2001,sex_mle,3.24418
ton,2002,sex_btsx,4.47796
ton,2002,sex_fmle,1.45104
ton,2002,sex_mle,3.02692
ton,2003,sex_btsx,4.29437
ton,2003,sex_fmle,1.42178
ton,2003,sex_mle,2.87259
ton,2004,sex_btsx,4.23936
ton,2004,sex_fmle,1.37353
ton,2004,sex_mle,2.86582
ton,2005,sex_btsx,4.12599
ton,2005,sex_fmle,1.31713
ton,2005,sex_mle,2.80886
ton,2006,sex_btsx,4.04488
ton,2006,sex_fmle,1.29667
ton,2006,sex_mle,2.74821
ton,2007,sex_btsx,3.95365
ton,2007,sex_fmle,1.25405
ton,2007,sex_mle,2.6996
ton,2008,sex_btsx,3.84212
ton,2008,sex_fmle,1.2318
ton,2008,sex_mle,2.61032
ton,2009,sex_btsx,3.74744
ton,2009,sex_fmle,1.29944
ton,2009,sex_mle,2.448
ton,2010,sex_btsx,3.93023
ton,2010,sex_fmle,1.24995
ton,2010,sex_mle,2.68029
ton,2011,sex_btsx,3.8246
ton,2011,sex_fmle,1.18485
ton,2011,sex_mle,2.63975
ton,2012,sex_btsx,3.76384
ton,2012,sex_fmle,1.19162
ton,2012,sex_mle,2.57222
ton,2013,sex_btsx,3.72135
ton,2013,sex_fmle,1.17666
ton,2013,sex_mle,2.5447
ton,2014,sex_btsx,3.69101
ton,2014,sex_fmle,1.16342
ton,2014,sex_mle,2.52759
ton,2015,sex_btsx,3.68367
ton,2015,sex_fmle,1.17262
ton,2015,sex_mle,2.51106
ton,2016,sex_btsx,3.65272
ton,2016,sex_fmle,1.13998
ton,2016,sex_mle,2.51274
ton,2017,sex_btsx,3.63748
ton,2017,sex_fmle,1.13678
ton,2017,sex_mle,2.5007
ton,2018,sex_btsx,3.58599
ton,2018,sex_fmle,1.12295
ton,2018,sex_mle,2.46304
ton,2019,sex_btsx,3.58639
ton,2019,sex_fmle,1.12464
ton,2019,sex_mle,2.46175
tto,2000,sex_btsx,167.9738
tto,2000,sex_fmle,24.36013
tto,2000,sex_mle,143.6137
tto,2001,sex_btsx,216.6455
tto,2001,sex_fmle,31.00384
tto,2001,sex_mle,185.6417
tto,2002,sex_btsx,208.5204
tto,2002,sex_fmle,29.3583
tto,2002,sex_mle,179.1621
tto,2003,sex_btsx,318.0574
tto,2003,sex_fmle,41.75449
tto,2003,sex_mle,276.3029
tto,2004,sex_btsx,346.3595
tto,2004,sex_fmle,46.12978
tto,2004,sex_mle,300.2297
tto,2005,sex_btsx,477.0357
tto,2005,sex_fmle,61.09562
tto,2005,sex_mle,415.9401
tto,2006,sex_btsx,478.4428
tto,2006,sex_fmle,63.18675
tto,2006,sex_mle,415.2561
tto,2007,sex_btsx,509.2471
tto,2007,sex_fmle,58.86864
tto,2007,sex_mle,450.3785
tto,2008,sex_btsx,553.7475
tto,2008,sex_fmle,63.67773
tto,2008,sex_mle,490.0698
tto,2009,sex_btsx,585.2281
tto,2009,sex_fmle,66.97781
tto,2009,sex_mle,518.2503
tto,2010,sex_btsx,561.2124
tto,2010,sex_fmle,68.15259
tto,2010,sex_mle,493.0598
tto,2011,sex_btsx,504.5088
tto,2011,sex_fmle,56.51592
tto,2011,sex_mle,447.9929
tto,2012,sex_btsx,529.9379
tto,2012,sex_fmle,58.86541
tto,2012,sex_mle,471.0725
tto,2013,sex_btsx,494.1237
tto,2013,sex_fmle,53.54561
tto,2013,sex_mle,440.578
tto,2014,sex_btsx,496.8338
tto,2014,sex_fmle,52.8367
tto,2014,sex_mle,443.9971
tto,2015,sex_btsx,499.7332
tto,2015,sex_fmle,53.03481
tto,2015,sex_mle,446.6984
tto,2016,sex_btsx,502.2226
tto,2016,sex_fmle,53.29305
tto,2016,sex_mle,448.9296
tto,2017,sex_btsx,504.9486
tto,2017,sex_fmle,52.82269
tto,2017,sex_mle,452.1259
tto,2018,sex_btsx,541.3546
tto,2018,sex_fmle,55.87088
tto,2018,sex_mle,485.4837
tto,2019,sex_btsx,549.3126
tto,2019,sex_fmle,55.73779
tto,2019,sex_mle,493.5748
tun,2000,sex_btsx,249.2344
tun,2000,sex_fmle,57.70695
tun,2000,sex_mle,191.5274
tun,2001,sex_btsx,251.4327
tun,2001,sex_fmle,57.67527
tun,2001,sex_mle,193.7574
tun,2002,sex_btsx,253.4416
tun,2002,sex_fmle,58.01056
tun,2002,sex_mle,195.4311
tun,2003,sex_btsx,255.3201
tun,2003,sex_fmle,58.54129
tun,2003,sex_mle,196.7788
tun,2004,sex_btsx,257.2905
tun,2004,sex_fmle,57.58859
tun,2004,sex_mle,199.7019
tun,2005,sex_btsx,279.6971
tun,2005,sex_fmle,61.41067
tun,2005,sex_mle,218.2864
tun,2006,sex_btsx,288.4942
tun,2006,sex_fmle,62.60661
tun,2006,sex_mle,225.8876
tun,2007,sex_btsx,299.9547
tun,2007,sex_fmle,64.77208
tun,2007,sex_mle,235.1826
tun,2008,sex_btsx,306.556
tun,2008,sex_fmle,67.13784
tun,2008,sex_mle,239.4181
tun,2009,sex_btsx,307.4216
tun,2009,sex_fmle,68.99448
tun,2009,sex_mle,238.4271
tun,2010,sex_btsx,319.722
tun,2010,sex_fmle,73.3129
tun,2010,sex_mle,246.4091
tun,2011,sex_btsx,335.0354
tun,2011,sex_fmle,79.36115
tun,2011,sex_mle,255.6742
tun,2012,sex_btsx,356.5305
tun,2012,sex_fmle,85.69667
tun,2012,sex_mle,270.8338
tun,2013,sex_btsx,360.3176
tun,2013,sex_fmle,88.1053
tun,2013,sex_mle,272.2123
tun,2014,sex_btsx,364.0923
tun,2014,sex_fmle,89.82455
tun,2014,sex_mle,274.2677
tun,2015,sex_btsx,368.0878
tun,2015,sex_fmle,91.11247
tun,2015,sex_mle,276.9753
tun,2016,sex_btsx,372.308
tun,2016,sex_fmle,91.83692
tun,2016,sex_mle,280.4711
tun,2017,sex_btsx,376.6793
tun,2017,sex_fmle,92.2614
tun,2017,sex_mle,284.4179
tun,2018,sex_btsx,398.4741
tun,2018,sex_fmle,96.64535
tun,2018,sex_mle,301.8287
tun,2019,sex_btsx,409.5453
tun,2019,sex_fmle,98.28118
tun,2019,sex_mle,311.2641
tur,2000,sex_btsx,3221.922
tur,2000,sex_fmle,391.9834
tur,2000,sex_mle,2829.939
tur,2001,sex_btsx,3270.039
tur,2001,sex_fmle,409.7301
tur,2001,sex_mle,2860.309
tur,2002,sex_btsx,3318.197
tur,2002,sex_fmle,416.2856
tur,2002,sex_mle,2901.911
tur,2003,sex_btsx,3366.017
tur,2003,sex_fmle,468.5414
tur,2003,sex_mle,2897.476
tur,2004,sex_btsx,3479.039
tur,2004,sex_fmle,520.9275
tur,2004,sex_mle,2958.112
tur,2005,sex_btsx,3666.286
tur,2005,sex_fmle,582.1796
tur,2005,sex_mle,3084.107
tur,2006,sex_btsx,3733.264
tur,2006,sex_fmle,616.1721
tur,2006,sex_mle,3117.092
tur,2007,sex_btsx,3815.401
tur,2007,sex_fmle,643.4546
tur,2007,sex_mle,3171.947
tur,2008,sex_btsx,3789.86
tur,2008,sex_fmle,653.4888
tur,2008,sex_mle,3136.371
tur,2009,sex_btsx,3832.644
tur,2009,sex_fmle,676.4698
tur,2009,sex_mle,3156.174
tur,2010,sex_btsx,3666.939
tur,2010,sex_fmle,661.6759
tur,2010,sex_mle,3005.263
tur,2011,sex_btsx,3617.295
tur,2011,sex_fmle,654.2975
tur,2011,sex_mle,2962.998
tur,2012,sex_btsx,3650.808
tur,2012,sex_fmle,659.0879
tur,2012,sex_mle,2991.72
tur,2013,sex_btsx,3714.683
tur,2013,sex_fmle,677.4471
tur,2013,sex_mle,3037.236
tur,2014,sex_btsx,3777.719
tur,2014,sex_fmle,692.798
tur,2014,sex_mle,3084.921
tur,2015,sex_btsx,3840.688
tur,2015,sex_fmle,704.0998
tur,2015,sex_mle,3136.589
tur,2016,sex_btsx,3903.287
tur,2016,sex_fmle,712.8681
tur,2016,sex_mle,3190.419
tur,2017,sex_btsx,3964.464
tur,2017,sex_fmle,721.8933
tur,2017,sex_mle,3242.57
tur,2018,sex_btsx,3979.335
tur,2018,sex_fmle,721.0182
tur,2018,sex_mle,3258.317
tur,2019,sex_btsx,4010.458
tur,2019,sex_fmle,722.2174
tur,2019,sex_mle,3288.241
tza,2000,sex_btsx,3011.909
tza,2000,sex_fmle,577.1089
tza,2000,sex_mle,2434.8
tza,2001,sex_btsx,3085.758
tza,2001,sex_fmle,587.1114
tza,2001,sex_mle,2498.646
tza,2002,sex_btsx,3163.681
tza,2002,sex_fmle,603.3154
tza,2002,sex_mle,2560.365
tza,2003,sex_btsx,3247.909
tza,2003,sex_fmle,627.6307
tza,2003,sex_mle,2620.278
tza,2004,sex_btsx,3360.098
tza,2004,sex_fmle,664.5429
tza,2004,sex_mle,2695.555
tza,2005,sex_btsx,3468.717
tza,2005,sex_fmle,703.1917
tza,2005,sex_mle,2765.525
tza,2006,sex_btsx,3620.473
tza,2006,sex_fmle,758.481
tza,2006,sex_mle,2861.992
tza,2007,sex_btsx,3842.056
tza,2007,sex_fmle,827.2464
tza,2007,sex_mle,3014.81
tza,2008,sex_btsx,4056.046
tza,2008,sex_fmle,886.7883
tza,2008,sex_mle,3169.258
tza,2009,sex_btsx,4216.33
tza,2009,sex_fmle,934.4988
tza,2009,sex_mle,3281.831
tza,2010,sex_btsx,4349.158
tza,2010,sex_fmle,977.4584
tza,2010,sex_mle,3371.699
tza,2011,sex_btsx,4456.361
tza,2011,sex_fmle,1026.166
tza,2011,sex_mle,3430.195
tza,2012,sex_btsx,4457.065
tza,2012,sex_fmle,1029.145
tza,2012,sex_mle,3427.92
tza,2013,sex_btsx,4393.409
tza,2013,sex_fmle,1005.527
tza,2013,sex_mle,3387.881
tza,2014,sex_btsx,4396.276
tza,2014,sex_fmle,1017.072
tza,2014,sex_mle,3379.204
tza,2015,sex_btsx,4357.717
tza,2015,sex_fmle,1010.769
tza,2015,sex_mle,3346.949
tza,2016,sex_btsx,4300.538
tza,2016,sex_fmle,991.5756
tza,2016,sex_mle,3308.962
tza,2017,sex_btsx,4415.761
tza,2017,sex_fmle,1043.39
tza,2017,sex_mle,3372.371
tza,2018,sex_btsx,4639.43
tza,2018,sex_fmle,1113.272
tza,2018,sex_mle,3526.158
tza,2019,sex_btsx,4712.762
tza,2019,sex_fmle,1146.993
tza,2019,sex_mle,3565.769
uga,2000,sex_btsx,2285.244
uga,2000,sex_fmle,354.4603
uga,2000,sex_mle,1930.783
uga,2001,sex_btsx,2348.282
uga,2001,sex_fmle,372.2403
uga,2001,sex_mle,1976.042
uga,2002,sex_btsx,2414.59
uga,2002,sex_fmle,386.6191
uga,2002,sex_mle,2027.971
uga,2003,sex_btsx,2482.32
uga,2003,sex_fmle,400.6094
uga,2003,sex_mle,2081.711
uga,2004,sex_btsx,2557.1
uga,2004,sex_fmle,416.684
uga,2004,sex_mle,2140.416
uga,2005,sex_btsx,2816.978
uga,2005,sex_fmle,461.6138
uga,2005,sex_mle,2355.364
uga,2006,sex_btsx,3011.83
uga,2006,sex_fmle,509.0203
uga,2006,sex_mle,2502.81
uga,2007,sex_btsx,3128.523
uga,2007,sex_fmle,544.2966
uga,2007,sex_mle,2584.226
uga,2008,sex_btsx,3323.595
uga,2008,sex_fmle,592.3619
uga,2008,sex_mle,2731.233
uga,2009,sex_btsx,3622.967
uga,2009,sex_fmle,660.2835
uga,2009,sex_mle,2962.684
uga,2010,sex_btsx,3808.22
uga,2010,sex_fmle,704.0434
uga,2010,sex_mle,3104.176
uga,2011,sex_btsx,4186.384
uga,2011,sex_fmle,789.1054
uga,2011,sex_mle,3397.279
uga,2012,sex_btsx,4434.978
uga,2012,sex_fmle,854.011
uga,2012,sex_mle,3580.967
uga,2013,sex_btsx,4605.308
uga,2013,sex_fmle,909.4561
uga,2013,sex_mle,3695.852
uga,2014,sex_btsx,4884.67
uga,2014,sex_fmle,981.6394
uga,2014,sex_mle,3903.03
uga,2015,sex_btsx,5040.839
uga,2015,sex_fmle,1014.473
uga,2015,sex_mle,4026.366
uga,2016,sex_btsx,5205.337
uga,2016,sex_fmle,1051.242
uga,2016,sex_mle,4154.094
uga,2017,sex_btsx,5405.474
uga,2017,sex_fmle,1100.811
uga,2017,sex_mle,4304.663
uga,2018,sex_btsx,5866.81
uga,2018,sex_fmle,1202.387
uga,2018,sex_mle,4664.423
uga,2019,sex_btsx,6174.943
uga,2019,sex_fmle,1268.993
uga,2019,sex_mle,4905.95
ukr,2000,sex_btsx,5164.936
ukr,2000,sex_fmle,1511.879
ukr,2000,sex_mle,3653.058
ukr,2001,sex_btsx,5131.525
ukr,2001,sex_fmle,1527.245
ukr,2001,sex_mle,3604.28
ukr,2002,sex_btsx,4827.239
ukr,2002,sex_fmle,1441.911
ukr,2002,sex_mle,3385.329
ukr,2003,sex_btsx,4494.101
ukr,2003,sex_fmle,1359.759
ukr,2003,sex_mle,3134.342
ukr,2004,sex_btsx,4079.903
ukr,2004,sex_fmle,1202.923
ukr,2004,sex_mle,2876.98
ukr,2005,sex_btsx,3686.444
ukr,2005,sex_fmle,1044.359
ukr,2005,sex_mle,2642.085
ukr,2006,sex_btsx,3427.338
ukr,2006,sex_fmle,975.4681
ukr,2006,sex_mle,2451.87
ukr,2007,sex_btsx,3155.581
ukr,2007,sex_fmle,869.0222
ukr,2007,sex_mle,2286.559
ukr,2008,sex_btsx,2928.53
ukr,2008,sex_fmle,812.7404
ukr,2008,sex_mle,2115.789
ukr,2009,sex_btsx,2728.632
ukr,2009,sex_fmle,786.8517
ukr,2009,sex_mle,1941.78
ukr,2010,sex_btsx,2590.781
ukr,2010,sex_fmle,761.4518
ukr,2010,sex_mle,1829.33
ukr,2011,sex_btsx,2650.564
ukr,2011,sex_fmle,770.424
ukr,2011,sex_mle,1880.14
ukr,2012,sex_btsx,2733.071
ukr,2012,sex_fmle,795.0821
ukr,2012,sex_mle,1937.989
ukr,2013,sex_btsx,2896.515
ukr,2013,sex_fmle,839.0524
ukr,2013,sex_mle,2057.463
ukr,2014,sex_btsx,3090.676
ukr,2014,sex_fmle,873.8236
ukr,2014,sex_mle,2216.853
ukr,2015,sex_btsx,3098.778
ukr,2015,sex_fmle,915.4384
ukr,2015,sex_mle,2183.34
ukr,2016,sex_btsx,3121.212
ukr,2016,sex_fmle,896.6331
ukr,2016,sex_mle,2224.579
ukr,2017,sex_btsx,3134.328
ukr,2017,sex_fmle,904.0255
ukr,2017,sex_mle,2230.303
ukr,2018,sex_btsx,2816.102
ukr,2018,sex_fmle,816.6631
ukr,2018,sex_mle,1999.439
ukr,2019,sex_btsx,2764.781
ukr,2019,sex_fmle,806.1643
ukr,2019,sex_mle,1958.617
ury,2000,sex_btsx,213.3302
ury,2000,sex_fmle,39.81026
ury,2000,sex_mle,173.52
ury,2001,sex_btsx,217.5828
ury,2001,sex_fmle,42.2126
ury,2001,sex_mle,175.3702
ury,2002,sex_btsx,230.9369
ury,2002,sex_fmle,42.91745
ury,2002,sex_mle,188.0195
ury,2003,sex_btsx,196.7845
ury,2003,sex_fmle,38.79921
ury,2003,sex_mle,157.9853
ury,2004,sex_btsx,194.1007
ury,2004,sex_fmle,41.30438
ury,2004,sex_mle,152.7963
ury,2005,sex_btsx,187.8183
ury,2005,sex_fmle,40.06592
ury,2005,sex_mle,147.7524
ury,2006,sex_btsx,201.771
ury,2006,sex_fmle,40.99267
ury,2006,sex_mle,160.7784
ury,2007,sex_btsx,193.8145
ury,2007,sex_fmle,41.08326
ury,2007,sex_mle,152.7313
ury,2008,sex_btsx,220.1957
ury,2008,sex_fmle,46.60977
ury,2008,sex_mle,173.5859
ury,2009,sex_btsx,224.9244
ury,2009,sex_fmle,45.11188
ury,2009,sex_mle,179.8125
ury,2010,sex_btsx,203.7358
ury,2010,sex_fmle,39.49688
ury,2010,sex_mle,164.2389
ury,2011,sex_btsx,198.266
ury,2011,sex_fmle,36.85953
ury,2011,sex_mle,161.4065
ury,2012,sex_btsx,265.651
ury,2012,sex_fmle,48.50586
ury,2012,sex_mle,217.1452
ury,2013,sex_btsx,255.0684
ury,2013,sex_fmle,49.02471
ury,2013,sex_mle,206.0437
ury,2014,sex_btsx,265.6261
ury,2014,sex_fmle,49.67636
ury,2014,sex_mle,215.9497
ury,2015,sex_btsx,273.8675
ury,2015,sex_fmle,49.66395
ury,2015,sex_mle,224.2035
ury,2016,sex_btsx,273.4288
ury,2016,sex_fmle,48.32091
ury,2016,sex_mle,225.1079
ury,2017,sex_btsx,277.3059
ury,2017,sex_fmle,48.18127
ury,2017,sex_mle,229.1246
ury,2018,sex_btsx,287.2396
ury,2018,sex_fmle,49.21564
ury,2018,sex_mle,238.0239
ury,2019,sex_btsx,295.0593
ury,2019,sex_fmle,50.04755
ury,2019,sex_mle,245.0117
usa,2000,sex_btsx,17290.2
usa,2000,sex_fmle,4210.963
usa,2000,sex_mle,13079.24
usa,2001,sex_btsx,21042.36
usa,2001,sex_fmle,5126.584
usa,2001,sex_mle,15915.77
usa,2002,sex_btsx,18237.62
usa,2002,sex_fmle,4279.851
usa,2002,sex_mle,13957.76
usa,2003,sex_btsx,18369.01
usa,2003,sex_fmle,4150.717
usa,2003,sex_mle,14218.3
usa,2004,sex_btsx,17955.21
usa,2004,sex_fmle,4031.169
usa,2004,sex_mle,13924.04
usa,2005,sex_btsx,18715.75
usa,2005,sex_fmle,4045.247
usa,2005,sex_mle,14670.5
usa,2006,sex_btsx,19246.29
usa,2006,sex_fmle,4189.728
usa,2006,sex_mle,15056.57
usa,2007,sex_btsx,19011.43
usa,2007,sex_fmle,4124.069
usa,2007,sex_mle,14887.36
usa,2008,sex_btsx,18392.64
usa,2008,sex_fmle,3969.899
usa,2008,sex_mle,14422.74
usa,2009,sex_btsx,17499.61
usa,2009,sex_fmle,3954.495
usa,2009,sex_mle,13545.12
usa,2010,sex_btsx,16912.47
usa,2010,sex_fmle,3789.458
usa,2010,sex_mle,13123.02
usa,2011,sex_btsx,16745.96
usa,2011,sex_fmle,3755.317
usa,2011,sex_mle,12990.64
usa,2012,sex_btsx,17233.15
usa,2012,sex_fmle,3754.651
usa,2012,sex_mle,13478.5
usa,2013,sex_btsx,16615.87
usa,2013,sex_fmle,3650.65
usa,2013,sex_mle,12965.22
usa,2014,sex_btsx,16276.61
usa,2014,sex_fmle,3530.666
usa,2014,sex_mle,12745.94
usa,2015,sex_btsx,18364.45
usa,2015,sex_fmle,3719.509
usa,2015,sex_mle,14644.94
usa,2016,sex_btsx,20069.04
usa,2016,sex_fmle,4105.69
usa,2016,sex_mle,15963.35
usa,2017,sex_btsx,20383.08
usa,2017,sex_fmle,4161.182
usa,2017,sex_mle,16221.9
usa,2018,sex_btsx,18901.95
usa,2018,sex_fmle,3733.167
usa,2018,sex_mle,15168.78
usa,2019,sex_btsx,18976.05
usa,2019,sex_fmle,3679.265
usa,2019,sex_mle,15296.79
uzb,2000,sex_btsx,1038.171
uzb,2000,sex_fmle,221.6395
uzb,2000,sex_mle,816.5316
uzb,2001,sex_btsx,1036.303
uzb,2001,sex_fmle,219.7134
uzb,2001,sex_mle,816.5896
uzb,2002,sex_btsx,1016.006
uzb,2002,sex_fmle,218.8837
uzb,2002,sex_mle,797.1226
uzb,2003,sex_btsx,978.8895
uzb,2003,sex_fmle,211.7065
uzb,2003,sex_mle,767.1831
uzb,2004,sex_btsx,951.7493
uzb,2004,sex_fmle,196.6675
uzb,2004,sex_mle,755.0819
uzb,2005,sex_btsx,918.8913
uzb,2005,sex_fmle,186.387
uzb,2005,sex_mle,732.5043
uzb,2006,sex_btsx,887.3995
uzb,2006,sex_fmle,182.9972
uzb,2006,sex_mle,704.4022
uzb,2007,sex_btsx,862.9785
uzb,2007,sex_fmle,180.6268
uzb,2007,sex_mle,682.3517
uzb,2008,sex_btsx,856.3448
uzb,2008,sex_fmle,183.8721
uzb,2008,sex_mle,672.4728
uzb,2009,sex_btsx,851.1921
uzb,2009,sex_fmle,187.6866
uzb,2009,sex_mle,663.5055
uzb,2010,sex_btsx,803.8271
uzb,2010,sex_fmle,180.1626
uzb,2010,sex_mle,623.6646
uzb,2011,sex_btsx,683.2
uzb,2011,sex_fmle,157.2342
uzb,2011,sex_mle,525.9658
uzb,2012,sex_btsx,620.8609
uzb,2012,sex_fmle,145.5139
uzb,2012,sex_mle,475.3471
uzb,2013,sex_btsx,582.6084
uzb,2013,sex_fmle,137.0712
uzb,2013,sex_mle,445.5372
uzb,2014,sex_btsx,487.0311
uzb,2014,sex_fmle,114.0685
uzb,2014,sex_mle,372.9626
uzb,2015,sex_btsx,575.8951
uzb,2015,sex_fmle,136.0988
uzb,2015,sex_mle,439.7963
uzb,2016,sex_btsx,615.0159
uzb,2016,sex_fmle,144.9839
uzb,2016,sex_mle,470.032
uzb,2017,sex_btsx,536.6726
uzb,2017,sex_fmle,127.0741
uzb,2017,sex_mle,409.5985
uzb,2018,sex_btsx,507.0202
uzb,2018,sex_fmle,120.4623
uzb,2018,sex_mle,386.5579
uzb,2019,sex_btsx,485.426
uzb,2019,sex_fmle,115.6301
uzb,2019,sex_mle,369.7959
vct,2000,sex_btsx,17.23239
vct,2000,sex_fmle,4.02089
vct,2000,sex_mle,13.2115
vct,2001,sex_btsx,17.18418
vct,2001,sex_fmle,3.75806
vct,2001,sex_mle,13.42611
vct,2002,sex_btsx,18.58771
vct,2002,sex_fmle,4.02485
vct,2002,sex_mle,14.56286
vct,2003,sex_btsx,19.48278
vct,2003,sex_fmle,4.13454
vct,2003,sex_mle,15.34824
vct,2004,sex_btsx,21.79791
vct,2004,sex_fmle,4.16013
vct,2004,sex_mle,17.63778
vct,2005,sex_btsx,22.57975
vct,2005,sex_fmle,4.13261
vct,2005,sex_mle,18.44714
vct,2006,sex_btsx,22.65468
vct,2006,sex_fmle,4.0606
vct,2006,sex_mle,18.59408
vct,2007,sex_btsx,24.3358
vct,2007,sex_fmle,5.21669
vct,2007,sex_mle,19.11911
vct,2008,sex_btsx,22.32935
vct,2008,sex_fmle,5.18948
vct,2008,sex_mle,17.13987
vct,2009,sex_btsx,22.37229
vct,2009,sex_fmle,5.49338
vct,2009,sex_mle,16.8789
vct,2010,sex_btsx,22.62218
vct,2010,sex_fmle,5.37873
vct,2010,sex_mle,17.24345
vct,2011,sex_btsx,22.71507
vct,2011,sex_fmle,5.42444
vct,2011,sex_mle,17.29063
vct,2012,sex_btsx,24.7954
vct,2012,sex_fmle,6.92269
vct,2012,sex_mle,17.87271
vct,2013,sex_btsx,24.90682
vct,2013,sex_fmle,5.45147
vct,2013,sex_mle,19.45536
vct,2014,sex_btsx,26.57292
vct,2014,sex_fmle,5.44
vct,2014,sex_mle,21.13293
vct,2015,sex_btsx,28.65227
vct,2015,sex_fmle,5.98613
vct,2015,sex_mle,22.66614
vct,2016,sex_btsx,30.46366
vct,2016,sex_fmle,6.23459
vct,2016,sex_mle,24.22907
vct,2017,sex_btsx,30.45443
vct,2017,sex_fmle,6.18363
vct,2017,sex_mle,24.2708
vct,2018,sex_btsx,31.32109
vct,2018,sex_fmle,6.30679
vct,2018,sex_mle,25.0143
vct,2019,sex_btsx,32.47425
vct,2019,sex_fmle,6.4951
vct,2019,sex_mle,25.97915
ven,2000,sex_btsx,10183.54
ven,2000,sex_fmle,893.4108
ven,2000,sex_mle,9290.13
ven,2001,sex_btsx,10163.88
ven,2001,sex_fmle,929.9787
ven,2001,sex_mle,9233.896
ven,2002,sex_btsx,12219.65
ven,2002,sex_fmle,1230.324
ven,2002,sex_mle,10989.32
ven,2003,sex_btsx,15037.08
ven,2003,sex_fmle,1312.282
ven,2003,sex_mle,13724.8
ven,2004,sex_btsx,12605.68
ven,2004,sex_fmle,1149.43
ven,2004,sex_mle,11456.25
ven,2005,sex_btsx,12309.18
ven,2005,sex_fmle,1117.835
ven,2005,sex_mle,11191.34
ven,2006,sex_btsx,14114.65
ven,2006,sex_fmle,1205.224
ven,2006,sex_mle,12909.42
ven,2007,sex_btsx,15186.03
ven,2007,sex_fmle,1177.427
ven,2007,sex_mle,14008.61
ven,2008,sex_btsx,16713.37
ven,2008,sex_fmle,1225.035
ven,2008,sex_mle,15488.34
ven,2009,sex_btsx,16282.7
ven,2009,sex_fmle,1211.116
ven,2009,sex_mle,15071.58
ven,2010,sex_btsx,15333.97
ven,2010,sex_fmle,1153.662
ven,2010,sex_mle,14180.31
ven,2011,sex_btsx,15266.68
ven,2011,sex_fmle,1141.546
ven,2011,sex_mle,14125.14
ven,2012,sex_btsx,17022.12
ven,2012,sex_fmle,1190.736
ven,2012,sex_mle,15831.38
ven,2013,sex_btsx,16910.02
ven,2013,sex_fmle,1171.762
ven,2013,sex_mle,15738.26
ven,2014,sex_btsx,18378.35
ven,2014,sex_fmle,1243.309
ven,2014,sex_mle,17135.04
ven,2015,sex_btsx,18403.44
ven,2015,sex_fmle,1235.72
ven,2015,sex_mle,17167.72
ven,2016,sex_btsx,18248.47
ven,2016,sex_fmle,1256.118
ven,2016,sex_mle,16992.35
ven,2017,sex_btsx,17983.51
ven,2017,sex_fmle,1242.323
ven,2017,sex_mle,16741.19
ven,2018,sex_btsx,17979.76
ven,2018,sex_fmle,1258.58
ven,2018,sex_mle,16721.18
ven,2019,sex_btsx,18131.93
ven,2019,sex_fmle,1264.646
ven,2019,sex_mle,16867.29
vnm,2000,sex_btsx,1354.332
vnm,2000,sex_fmle,156.0456
vnm,2000,sex_mle,1198.286
vnm,2001,sex_btsx,1354.48
vnm,2001,sex_fmle,148.3822
vnm,2001,sex_mle,1206.098
vnm,2002,sex_btsx,1375.231
vnm,2002,sex_fmle,150.3192
vnm,2002,sex_mle,1224.912
vnm,2003,sex_btsx,1379.942
vnm,2003,sex_fmle,148.9932
vnm,2003,sex_mle,1230.949
vnm,2004,sex_btsx,1389.499
vnm,2004,sex_fmle,146.8032
vnm,2004,sex_mle,1242.696
vnm,2005,sex_btsx,1385.769
vnm,2005,sex_fmle,143.7243
vnm,2005,sex_mle,1242.045
vnm,2006,sex_btsx,1402.96
vnm,2006,sex_fmle,143.406
vnm,2006,sex_mle,1259.554
vnm,2007,sex_btsx,1451.437
vnm,2007,sex_fmle,150.1955
vnm,2007,sex_mle,1301.241
vnm,2008,sex_btsx,1470.92
vnm,2008,sex_fmle,159.8573
vnm,2008,sex_mle,1311.063
vnm,2009,sex_btsx,1532.677
vnm,2009,sex_fmle,165.3695
vnm,2009,sex_mle,1367.307
vnm,2010,sex_btsx,1594.791
vnm,2010,sex_fmle,173.307
vnm,2010,sex_mle,1421.484
vnm,2011,sex_btsx,1627.78
vnm,2011,sex_fmle,178.9401
vnm,2011,sex_mle,1448.84
vnm,2012,sex_btsx,1633.621
vnm,2012,sex_fmle,181.7138
vnm,2012,sex_mle,1451.907
vnm,2013,sex_btsx,1643.096
vnm,2013,sex_fmle,184.7651
vnm,2013,sex_mle,1458.331
vnm,2014,sex_btsx,1652.342
vnm,2014,sex_fmle,187.6581
vnm,2014,sex_mle,1464.684
vnm,2015,sex_btsx,1662.938
vnm,2015,sex_fmle,189.9853
vnm,2015,sex_mle,1472.952
vnm,2016,sex_btsx,1674.899
vnm,2016,sex_fmle,192.3736
vnm,2016,sex_mle,1482.525
vnm,2017,sex_btsx,1689.265
vnm,2017,sex_fmle,194.5423
vnm,2017,sex_mle,1494.723
vnm,2018,sex_btsx,1753.423
vnm,2018,sex_fmle,202.3436
vnm,2018,sex_mle,1551.08
vnm,2019,sex_btsx,1785.256
vnm,2019,sex_fmle,206.3389
vnm,2019,sex_mle,1578.918
vut,2000,sex_btsx,6.50526
vut,2000,sex_fmle,1.73545
vut,2000,sex_mle,4.76981
vut,2001,sex_btsx,6.4918
vut,2001,sex_fmle,1.73206
vut,2001,sex_mle,4.75973
vut,2002,sex_btsx,6.29059
vut,2002,sex_fmle,1.6386
vut,2002,sex_mle,4.65199
vut,2003,sex_btsx,6.01903
vut,2003,sex_fmle,1.55676
vut,2003,sex_mle,4.46227
vut,2004,sex_btsx,6.022
vut,2004,sex_fmle,1.54389
vut,2004,sex_mle,4.47812
vut,2005,sex_btsx,6.26979
vut,2005,sex_fmle,1.61037
vut,2005,sex_mle,4.65942
vut,2006,sex_btsx,6.42469
vut,2006,sex_fmle,1.65146
vut,2006,sex_mle,4.77323
vut,2007,sex_btsx,6.56778
vut,2007,sex_fmle,1.70164
vut,2007,sex_mle,4.86614
vut,2008,sex_btsx,6.56577
vut,2008,sex_fmle,1.71014
vut,2008,sex_mle,4.85563
vut,2009,sex_btsx,6.59697
vut,2009,sex_fmle,1.72593
vut,2009,sex_mle,4.87103
vut,2010,sex_btsx,6.46347
vut,2010,sex_fmle,1.70895
vut,2010,sex_mle,4.75451
vut,2011,sex_btsx,6.52006
vut,2011,sex_fmle,1.71304
vut,2011,sex_mle,4.80703
vut,2012,sex_btsx,6.57322
vut,2012,sex_fmle,1.72964
vut,2012,sex_mle,4.84358
vut,2013,sex_btsx,6.64539
vut,2013,sex_fmle,1.75674
vut,2013,sex_mle,4.88865
vut,2014,sex_btsx,6.65959
vut,2014,sex_fmle,1.75849
vut,2014,sex_mle,4.9011
vut,2015,sex_btsx,6.76215
vut,2015,sex_fmle,1.77867
vut,2015,sex_mle,4.98348
vut,2016,sex_btsx,6.78086
vut,2016,sex_fmle,1.78652
vut,2016,sex_mle,4.99434
vut,2017,sex_btsx,6.65365
vut,2017,sex_fmle,1.71089
vut,2017,sex_mle,4.94275
vut,2018,sex_btsx,6.76408
vut,2018,sex_fmle,1.69702
vut,2018,sex_mle,5.06706
vut,2019,sex_btsx,6.78146
vut,2019,sex_fmle,1.69418
vut,2019,sex_mle,5.08728
wsm,2000,sex_btsx,10.88257
wsm,2000,sex_fmle,2.16932
wsm,2000,sex_mle,8.71325
wsm,2001,sex_btsx,10.56388
wsm,2001,sex_fmle,2.11387
wsm,2001,sex_mle,8.45001
wsm,2002,sex_btsx,10.19154
wsm,2002,sex_fmle,2.03621
wsm,2002,sex_mle,8.15533
wsm,2003,sex_btsx,9.85113
wsm,2003,sex_fmle,1.97869
wsm,2003,sex_mle,7.87244
wsm,2004,sex_btsx,9.46396
wsm,2004,sex_fmle,1.89779
wsm,2004,sex_mle,7.56617
wsm,2005,sex_btsx,9.06994
wsm,2005,sex_fmle,1.80208
wsm,2005,sex_mle,7.26786
wsm,2006,sex_btsx,8.70062
wsm,2006,sex_fmle,1.72204
wsm,2006,sex_mle,6.97859
wsm,2007,sex_btsx,8.36495
wsm,2007,sex_fmle,1.654
wsm,2007,sex_mle,6.71096
wsm,2008,sex_btsx,8.02195
wsm,2008,sex_fmle,1.57549
wsm,2008,sex_mle,6.44646
wsm,2009,sex_btsx,7.12475
wsm,2009,sex_fmle,1.43959
wsm,2009,sex_mle,5.68516
wsm,2010,sex_btsx,7.45379
wsm,2010,sex_fmle,1.49656
wsm,2010,sex_mle,5.95723
wsm,2011,sex_btsx,7.20747
wsm,2011,sex_fmle,1.4695
wsm,2011,sex_mle,5.73797
wsm,2012,sex_btsx,6.58314
wsm,2012,sex_fmle,1.34568
wsm,2012,sex_mle,5.23747
wsm,2013,sex_btsx,6.58017
wsm,2013,sex_fmle,1.35149
wsm,2013,sex_mle,5.22868
wsm,2014,sex_btsx,6.48951
wsm,2014,sex_fmle,1.34403
wsm,2014,sex_mle,5.14548
wsm,2015,sex_btsx,6.42015
wsm,2015,sex_fmle,1.33858
wsm,2015,sex_mle,5.08158
wsm,2016,sex_btsx,6.29849
wsm,2016,sex_fmle,1.31961
wsm,2016,sex_mle,4.97888
wsm,2017,sex_btsx,6.2168
wsm,2017,sex_fmle,1.31376
wsm,2017,sex_mle,4.90303
wsm,2018,sex_btsx,5.76191
wsm,2018,sex_fmle,1.22901
wsm,2018,sex_mle,4.5329
wsm,2019,sex_btsx,5.54979
wsm,2019,sex_fmle,1.1914
wsm,2019,sex_mle,4.35839
yem,2000,sex_btsx,798.3621
yem,2000,sex_fmle,197.2498
yem,2000,sex_mle,601.1123
yem,2001,sex_btsx,808.325
yem,2001,sex_fmle,199.3923
yem,2001,sex_mle,608.9327
yem,2002,sex_btsx,818.0508
yem,2002,sex_fmle,201.907
yem,2002,sex_mle,616.1438
yem,2003,sex_btsx,834.0999
yem,2003,sex_fmle,206.47
yem,2003,sex_mle,627.6299
yem,2004,sex_btsx,858.2706
yem,2004,sex_fmle,211.3
yem,2004,sex_mle,646.9706
yem,2005,sex_btsx,988.3492
yem,2005,sex_fmle,243.8526
yem,2005,sex_mle,744.4966
yem,2006,sex_btsx,1015.291
yem,2006,sex_fmle,249.7848
yem,2006,sex_mle,765.5059
yem,2007,sex_btsx,1032.99
yem,2007,sex_fmle,254.9916
yem,2007,sex_mle,777.998
yem,2008,sex_btsx,1086.524
yem,2008,sex_fmle,267.2042
yem,2008,sex_mle,819.3194
yem,2009,sex_btsx,1193.425
yem,2009,sex_fmle,294.5501
yem,2009,sex_mle,898.8752
yem,2010,sex_btsx,1331.482
yem,2010,sex_fmle,329.7852
yem,2010,sex_mle,1001.697
yem,2011,sex_btsx,1505.707
yem,2011,sex_fmle,378.8212
yem,2011,sex_mle,1126.886
yem,2012,sex_btsx,1675.807
yem,2012,sex_fmle,425.282
yem,2012,sex_mle,1250.525
yem,2013,sex_btsx,1797.925
yem,2013,sex_fmle,463.9791
yem,2013,sex_mle,1333.946
yem,2014,sex_btsx,2075.51
yem,2014,sex_fmle,544.9956
yem,2014,sex_mle,1530.515
yem,2015,sex_btsx,2273.512
yem,2015,sex_fmle,599.4042
yem,2015,sex_mle,1674.108
yem,2016,sex_btsx,2435.896
yem,2016,sex_fmle,645.0161
yem,2016,sex_mle,1790.88
yem,2017,sex_btsx,2570.502
yem,2017,sex_fmle,680.1233
yem,2017,sex_mle,1890.378
yem,2018,sex_btsx,2704.688
yem,2018,sex_fmle,714.8796
yem,2018,sex_mle,1989.809
yem,2019,sex_btsx,2839.132
yem,2019,sex_fmle,749.7739
yem,2019,sex_mle,2089.358
zaf,2000,sex_btsx,24196.55
zaf,2000,sex_fmle,5093.931
zaf,2000,sex_mle,19102.62
zaf,2001,sex_btsx,24058.5
zaf,2001,sex_fmle,5044.029
zaf,2001,sex_mle,19014.48
zaf,2002,sex_btsx,23759.73
zaf,2002,sex_fmle,5021.621
zaf,2002,sex_mle,18738.11
zaf,2003,sex_btsx,22851.64
zaf,2003,sex_fmle,4798.043
zaf,2003,sex_mle,18053.6
zaf,2004,sex_btsx,22559.09
zaf,2004,sex_fmle,4635.395
zaf,2004,sex_mle,17923.7
zaf,2005,sex_btsx,22059.17
zaf,2005,sex_fmle,4561.627
zaf,2005,sex_mle,17497.55
zaf,2006,sex_btsx,21833.18
zaf,2006,sex_fmle,4628.259
zaf,2006,sex_mle,17204.92
zaf,2007,sex_btsx,21520.49
zaf,2007,sex_fmle,4497.165
zaf,2007,sex_mle,17023.32
zaf,2008,sex_btsx,20556
zaf,2008,sex_fmle,4357.295
zaf,2008,sex_mle,16198.7
zaf,2009,sex_btsx,19765.24
zaf,2009,sex_fmle,4116.234
zaf,2009,sex_mle,15649.01
zaf,2010,sex_btsx,19106.85
zaf,2010,sex_fmle,3849.377
zaf,2010,sex_mle,15257.47
zaf,2011,sex_btsx,18813.4
zaf,2011,sex_fmle,3675.907
zaf,2011,sex_mle,15137.49
zaf,2012,sex_btsx,19146.78
zaf,2012,sex_fmle,3695.473
zaf,2012,sex_mle,15451.31
zaf,2013,sex_btsx,19676.15
zaf,2013,sex_fmle,3732.211
zaf,2013,sex_mle,15943.94
zaf,2014,sex_btsx,20342.7
zaf,2014,sex_fmle,3823.731
zaf,2014,sex_mle,16518.97
zaf,2015,sex_btsx,21073.4
zaf,2015,sex_fmle,3959.709
zaf,2015,sex_mle,17113.69
zaf,2016,sex_btsx,21688.39
zaf,2016,sex_fmle,4078.734
zaf,2016,sex_mle,17609.66
zaf,2017,sex_btsx,22428.44
zaf,2017,sex_fmle,4268.615
zaf,2017,sex_mle,18159.83
zaf,2018,sex_btsx,21008.8
zaf,2018,sex_fmle,4031.621
zaf,2018,sex_mle,16977.18
zaf,2019,sex_btsx,20999.58
zaf,2019,sex_fmle,4051.905
zaf,2019,sex_mle,16947.67
zmb,2000,sex_btsx,962.4198
zmb,2000,sex_fmle,244.8684
zmb,2000,sex_mle,717.5514
zmb,2001,sex_btsx,981.4551
zmb,2001,sex_fmle,249.6448
zmb,2001,sex_mle,731.8103
zmb,2002,sex_btsx,986.9642
zmb,2002,sex_fmle,252.9397
zmb,2002,sex_mle,734.0245
zmb,2003,sex_btsx,961.2318
zmb,2003,sex_fmle,249.4523
zmb,2003,sex_mle,711.7795
zmb,2004,sex_btsx,912.5222
zmb,2004,sex_fmle,238.6657
zmb,2004,sex_mle,673.8565
zmb,2005,sex_btsx,877.6125
zmb,2005,sex_fmle,233.597
zmb,2005,sex_mle,644.0154
zmb,2006,sex_btsx,882.9448
zmb,2006,sex_fmle,236.7347
zmb,2006,sex_mle,646.2101
zmb,2007,sex_btsx,898.1392
zmb,2007,sex_fmle,242.526
zmb,2007,sex_mle,655.6132
zmb,2008,sex_btsx,918.6634
zmb,2008,sex_fmle,249.6305
zmb,2008,sex_mle,669.0329
zmb,2009,sex_btsx,969.5779
zmb,2009,sex_fmle,261.3993
zmb,2009,sex_mle,708.1785
zmb,2010,sex_btsx,995.6853
zmb,2010,sex_fmle,265.5838
zmb,2010,sex_mle,730.1015
zmb,2011,sex_btsx,1028.003
zmb,2011,sex_fmle,270.8109
zmb,2011,sex_mle,757.1921
zmb,2012,sex_btsx,1051.323
zmb,2012,sex_fmle,270.2021
zmb,2012,sex_mle,781.1207
zmb,2013,sex_btsx,1057.011
zmb,2013,sex_fmle,267.9189
zmb,2013,sex_mle,789.092
zmb,2014,sex_btsx,1058.183
zmb,2014,sex_fmle,266.7885
zmb,2014,sex_mle,791.394
zmb,2015,sex_btsx,1074.956
zmb,2015,sex_fmle,268.7277
zmb,2015,sex_mle,806.2279
zmb,2016,sex_btsx,1105.878
zmb,2016,sex_fmle,273.6301
zmb,2016,sex_mle,832.2482
zmb,2017,sex_btsx,1135
zmb,2017,sex_fmle,281.4406
zmb,2017,sex_mle,853.559
zmb,2018,sex_btsx,1137.615
zmb,2018,sex_fmle,283.0258
zmb,2018,sex_mle,854.589
zmb,2019,sex_btsx,1153.209
zmb,2019,sex_fmle,287.4698
zmb,2019,sex_mle,865.7392
zwe,2000,sex_btsx,1663.145
zwe,2000,sex_fmle,333.5567
zwe,2000,sex_mle,1329.588
zwe,2001,sex_btsx,1717.135
zwe,2001,sex_fmle,354.14
zwe,2001,sex_mle,1362.995
zwe,2002,sex_btsx,1770.272
zwe,2002,sex_fmle,376.9263
zwe,2002,sex_mle,1393.346
zwe,2003,sex_btsx,1770.996
zwe,2003,sex_fmle,358.4062
zwe,2003,sex_mle,1412.59
zwe,2004,sex_btsx,1790.58
zwe,2004,sex_fmle,359.5128
zwe,2004,sex_mle,1431.067
zwe,2005,sex_btsx,1801.793
zwe,2005,sex_fmle,364.243
zwe,2005,sex_mle,1437.55
zwe,2006,sex_btsx,1798.063
zwe,2006,sex_fmle,362.8205
zwe,2006,sex_mle,1435.243
zwe,2007,sex_btsx,1790.725
zwe,2007,sex_fmle,364.9127
zwe,2007,sex_mle,1425.812
zwe,2008,sex_btsx,1815.107
zwe,2008,sex_fmle,370.5451
zwe,2008,sex_mle,1444.562
zwe,2009,sex_btsx,1825.308
zwe,2009,sex_fmle,377.8229
zwe,2009,sex_mle,1447.485
zwe,2010,sex_btsx,1825.247
zwe,2010,sex_fmle,394.385
zwe,2010,sex_mle,1430.862
zwe,2011,sex_btsx,1804.925
zwe,2011,sex_fmle,404.8507
zwe,2011,sex_mle,1400.074
zwe,2012,sex_btsx,1784.874
zwe,2012,sex_fmle,410.3814
zwe,2012,sex_mle,1374.492
zwe,2013,sex_btsx,1809.101
zwe,2013,sex_fmle,422.6744
zwe,2013,sex_mle,1386.426
zwe,2014,sex_btsx,1823.402
zwe,2014,sex_fmle,425.2974
zwe,2014,sex_mle,1398.105
zwe,2015,sex_btsx,1855.391
zwe,2015,sex_fmle,431.202
zwe,2015,sex_mle,1424.189
zwe,2016,sex_btsx,1896.092
zwe,2016,sex_fmle,430.2158
zwe,2016,sex_mle,1465.876
zwe,2017,sex_btsx,1890.694
zwe,2017,sex_fmle,422.4477
zwe,2017,sex_mle,1468.246
zwe,2018,sex_btsx,1904.788
zwe,2018,sex_fmle,415.6521
zwe,2018,sex_mle,1489.136
zwe,2019,sex_btsx,1916.148
zwe,2019,sex_fmle,402.3795
zwe,2019,sex_mle,1513.769
