country,year,agegroup,sex,cm_03
afg,1988,agegroup_days0_27,sex_btsx,47026
afg,1989,agegroup_days0_27,sex_btsx,47174
afg,1990,agegroup_days0_27,sex_btsx,48018
afg,1991,agegroup_days0_27,sex_btsx,47288
afg,1992,agegroup_days0_27,sex_btsx,48325
afg,1993,agegroup_days0_27,sex_btsx,53705
afg,1994,agegroup_days0_27,sex_btsx,59013
afg,1995,agegroup_days0_27,sex_btsx,61197
afg,1996,agegroup_days0_27,sex_btsx,62319
afg,1997,agegroup_days0_27,sex_btsx,63093
afg,1998,agegroup_days0_27,sex_btsx,63544
afg,1999,agegroup_days0_27,sex_btsx,64147
afg,2000,agegroup_days0_27,sex_btsx,64404
afg,2001,agegroup_days0_27,sex_btsx,61376
afg,2002,agegroup_days0_27,sex_btsx,60551
afg,2003,agegroup_days0_27,sex_btsx,62267
afg,2004,agegroup_days0_27,sex_btsx,62310
afg,2005,agegroup_days0_27,sex_btsx,60823
afg,2006,agegroup_days0_27,sex_btsx,60480
afg,2007,agegroup_days0_27,sex_btsx,59627
afg,2008,agegroup_days0_27,sex_btsx,57507
afg,2009,agegroup_days0_27,sex_btsx,57378
afg,2010,agegroup_days0_27,sex_btsx,56841
afg,2011,agegroup_days0_27,sex_btsx,56214
afg,2012,agegroup_days0_27,sex_btsx,56463
afg,2013,agegroup_days0_27,sex_btsx,56206
afg,2014,agegroup_days0_27,sex_btsx,55763
afg,2015,agegroup_days0_27,sex_btsx,55591
afg,2016,agegroup_days0_27,sex_btsx,54735
afg,2017,agegroup_days0_27,sex_btsx,54096
afg,2018,agegroup_days0_27,sex_btsx,53521
afg,2019,agegroup_days0_27,sex_btsx,53121
afg,2020,agegroup_days0_27,sex_btsx,52740
afg,2021,agegroup_days0_27,sex_btsx,52292
afg,2022,agegroup_days0_27,sex_btsx,51406
afg,2023,agegroup_days0_27,sex_btsx,50351
ago,1990,agegroup_days0_27,sex_btsx,31189
ago,1991,agegroup_days0_27,sex_btsx,32063
ago,1992,agegroup_days0_27,sex_btsx,32819
ago,1993,agegroup_days0_27,sex_btsx,33570
ago,1994,agegroup_days0_27,sex_btsx,34327
ago,1995,agegroup_days0_27,sex_btsx,35101
ago,1996,agegroup_days0_27,sex_btsx,35743
ago,1997,agegroup_days0_27,sex_btsx,36342
ago,1998,agegroup_days0_27,sex_btsx,36780
ago,1999,agegroup_days0_27,sex_btsx,37349
ago,2000,agegroup_days0_27,sex_btsx,37819
ago,2001,agegroup_days0_27,sex_btsx,38209
ago,2002,agegroup_days0_27,sex_btsx,38513
ago,2003,agegroup_days0_27,sex_btsx,38618
ago,2004,agegroup_days0_27,sex_btsx,38626
ago,2005,agegroup_days0_27,sex_btsx,38620
ago,2006,agegroup_days0_27,sex_btsx,38420
ago,2007,agegroup_days0_27,sex_btsx,38314
ago,2008,agegroup_days0_27,sex_btsx,38131
ago,2009,agegroup_days0_27,sex_btsx,37919
ago,2010,agegroup_days0_27,sex_btsx,37614
ago,2011,agegroup_days0_27,sex_btsx,37349
ago,2012,agegroup_days0_27,sex_btsx,37102
ago,2013,agegroup_days0_27,sex_btsx,36780
ago,2014,agegroup_days0_27,sex_btsx,36520
ago,2015,agegroup_days0_27,sex_btsx,36167
ago,2016,agegroup_days0_27,sex_btsx,35832
ago,2017,agegroup_days0_27,sex_btsx,35654
ago,2018,agegroup_days0_27,sex_btsx,35562
ago,2019,agegroup_days0_27,sex_btsx,35625
ago,2020,agegroup_days0_27,sex_btsx,35675
ago,2021,agegroup_days0_27,sex_btsx,35550
ago,2022,agegroup_days0_27,sex_btsx,35401
ago,2023,agegroup_days0_27,sex_btsx,35347
aia,1990,agegroup_days0_27,sex_btsx,2
aia,1991,agegroup_days0_27,sex_btsx,2
aia,1992,agegroup_days0_27,sex_btsx,1
aia,1993,agegroup_days0_27,sex_btsx,1
aia,1994,agegroup_days0_27,sex_btsx,1
aia,1995,agegroup_days0_27,sex_btsx,1
aia,1996,agegroup_days0_27,sex_btsx,1
aia,1997,agegroup_days0_27,sex_btsx,1
aia,1998,agegroup_days0_27,sex_btsx,1
aia,1999,agegroup_days0_27,sex_btsx,1
aia,2000,agegroup_days0_27,sex_btsx,1
aia,2001,agegroup_days0_27,sex_btsx,1
aia,2002,agegroup_days0_27,sex_btsx,1
aia,2003,agegroup_days0_27,sex_btsx,1
aia,2004,agegroup_days0_27,sex_btsx,1
aia,2005,agegroup_days0_27,sex_btsx,1
aia,2006,agegroup_days0_27,sex_btsx,1
aia,2007,agegroup_days0_27,sex_btsx,1
aia,2008,agegroup_days0_27,sex_btsx,1
aia,2009,agegroup_days0_27,sex_btsx,1
aia,2010,agegroup_days0_27,sex_btsx,1
aia,2011,agegroup_days0_27,sex_btsx,1
aia,2012,agegroup_days0_27,sex_btsx,1
aia,2013,agegroup_days0_27,sex_btsx,1
aia,2014,agegroup_days0_27,sex_btsx,1
aia,2015,agegroup_days0_27,sex_btsx,1
aia,2016,agegroup_days0_27,sex_btsx,1
aia,2017,agegroup_days0_27,sex_btsx,1
aia,2018,agegroup_days0_27,sex_btsx,1
aia,2019,agegroup_days0_27,sex_btsx,1
aia,2020,agegroup_days0_27,sex_btsx,1
aia,2021,agegroup_days0_27,sex_btsx,0
aia,2022,agegroup_days0_27,sex_btsx,0
aia,2023,agegroup_days0_27,sex_btsx,0
alb,1980,agegroup_days0_27,sex_btsx,1561
alb,1981,agegroup_days0_27,sex_btsx,1463
alb,1982,agegroup_days0_27,sex_btsx,1395
alb,1983,agegroup_days0_27,sex_btsx,1317
alb,1984,agegroup_days0_27,sex_btsx,1268
alb,1985,agegroup_days0_27,sex_btsx,1222
alb,1986,agegroup_days0_27,sex_btsx,1183
alb,1987,agegroup_days0_27,sex_btsx,1157
alb,1988,agegroup_days0_27,sex_btsx,1135
alb,1989,agegroup_days0_27,sex_btsx,1108
alb,1990,agegroup_days0_27,sex_btsx,1080
alb,1991,agegroup_days0_27,sex_btsx,1048
alb,1992,agegroup_days0_27,sex_btsx,1014
alb,1993,agegroup_days0_27,sex_btsx,980
alb,1994,agegroup_days0_27,sex_btsx,963
alb,1995,agegroup_days0_27,sex_btsx,941
alb,1996,agegroup_days0_27,sex_btsx,897
alb,1997,agegroup_days0_27,sex_btsx,836
alb,1998,agegroup_days0_27,sex_btsx,784
alb,1999,agegroup_days0_27,sex_btsx,728
alb,2000,agegroup_days0_27,sex_btsx,674
alb,2001,agegroup_days0_27,sex_btsx,619
alb,2002,agegroup_days0_27,sex_btsx,563
alb,2003,agegroup_days0_27,sex_btsx,546
alb,2004,agegroup_days0_27,sex_btsx,499
alb,2005,agegroup_days0_27,sex_btsx,450
alb,2006,agegroup_days0_27,sex_btsx,397
alb,2007,agegroup_days0_27,sex_btsx,348
alb,2008,agegroup_days0_27,sex_btsx,304
alb,2009,agegroup_days0_27,sex_btsx,268
alb,2010,agegroup_days0_27,sex_btsx,241
alb,2011,agegroup_days0_27,sex_btsx,226
alb,2012,agegroup_days0_27,sex_btsx,227
alb,2013,agegroup_days0_27,sex_btsx,226
alb,2014,agegroup_days0_27,sex_btsx,223
alb,2015,agegroup_days0_27,sex_btsx,218
alb,2016,agegroup_days0_27,sex_btsx,218
alb,2017,agegroup_days0_27,sex_btsx,221
alb,2018,agegroup_days0_27,sex_btsx,220
alb,2019,agegroup_days0_27,sex_btsx,221
alb,2020,agegroup_days0_27,sex_btsx,217
alb,2021,agegroup_days0_27,sex_btsx,213
alb,2022,agegroup_days0_27,sex_btsx,204
alb,2023,agegroup_days0_27,sex_btsx,198
and,1990,agegroup_days0_27,sex_btsx,4
and,1991,agegroup_days0_27,sex_btsx,4
and,1992,agegroup_days0_27,sex_btsx,4
and,1993,agegroup_days0_27,sex_btsx,4
and,1994,agegroup_days0_27,sex_btsx,4
and,1995,agegroup_days0_27,sex_btsx,4
and,1996,agegroup_days0_27,sex_btsx,4
and,1997,agegroup_days0_27,sex_btsx,3
and,1998,agegroup_days0_27,sex_btsx,3
and,1999,agegroup_days0_27,sex_btsx,3
and,2000,agegroup_days0_27,sex_btsx,3
and,2001,agegroup_days0_27,sex_btsx,2
and,2002,agegroup_days0_27,sex_btsx,2
and,2003,agegroup_days0_27,sex_btsx,2
and,2004,agegroup_days0_27,sex_btsx,2
and,2005,agegroup_days0_27,sex_btsx,2
and,2006,agegroup_days0_27,sex_btsx,2
and,2007,agegroup_days0_27,sex_btsx,2
and,2008,agegroup_days0_27,sex_btsx,2
and,2009,agegroup_days0_27,sex_btsx,2
and,2010,agegroup_days0_27,sex_btsx,2
and,2011,agegroup_days0_27,sex_btsx,2
and,2012,agegroup_days0_27,sex_btsx,2
and,2013,agegroup_days0_27,sex_btsx,1
and,2014,agegroup_days0_27,sex_btsx,1
and,2015,agegroup_days0_27,sex_btsx,1
and,2016,agegroup_days0_27,sex_btsx,1
and,2017,agegroup_days0_27,sex_btsx,1
and,2018,agegroup_days0_27,sex_btsx,1
and,2019,agegroup_days0_27,sex_btsx,1
and,2020,agegroup_days0_27,sex_btsx,1
and,2021,agegroup_days0_27,sex_btsx,1
and,2022,agegroup_days0_27,sex_btsx,1
and,2023,agegroup_days0_27,sex_btsx,1
are,1979,agegroup_days0_27,sex_btsx,400
are,1980,agegroup_days0_27,sex_btsx,412
are,1981,agegroup_days0_27,sex_btsx,410
are,1982,agegroup_days0_27,sex_btsx,401
are,1983,agegroup_days0_27,sex_btsx,392
are,1984,agegroup_days0_27,sex_btsx,383
are,1985,agegroup_days0_27,sex_btsx,376
are,1986,agegroup_days0_27,sex_btsx,375
are,1987,agegroup_days0_27,sex_btsx,368
are,1988,agegroup_days0_27,sex_btsx,366
are,1989,agegroup_days0_27,sex_btsx,366
are,1990,agegroup_days0_27,sex_btsx,366
are,1991,agegroup_days0_27,sex_btsx,356
are,1992,agegroup_days0_27,sex_btsx,350
are,1993,agegroup_days0_27,sex_btsx,333
are,1994,agegroup_days0_27,sex_btsx,330
are,1995,agegroup_days0_27,sex_btsx,291
are,1996,agegroup_days0_27,sex_btsx,278
are,1997,agegroup_days0_27,sex_btsx,280
are,1998,agegroup_days0_27,sex_btsx,297
are,1999,agegroup_days0_27,sex_btsx,321
are,2000,agegroup_days0_27,sex_btsx,333
are,2001,agegroup_days0_27,sex_btsx,340
are,2002,agegroup_days0_27,sex_btsx,351
are,2003,agegroup_days0_27,sex_btsx,365
are,2004,agegroup_days0_27,sex_btsx,369
are,2005,agegroup_days0_27,sex_btsx,363
are,2006,agegroup_days0_27,sex_btsx,325
are,2007,agegroup_days0_27,sex_btsx,313
are,2008,agegroup_days0_27,sex_btsx,290
are,2009,agegroup_days0_27,sex_btsx,302
are,2010,agegroup_days0_27,sex_btsx,281
are,2011,agegroup_days0_27,sex_btsx,280
are,2012,agegroup_days0_27,sex_btsx,314
are,2013,agegroup_days0_27,sex_btsx,360
are,2014,agegroup_days0_27,sex_btsx,389
are,2015,agegroup_days0_27,sex_btsx,399
are,2016,agegroup_days0_27,sex_btsx,396
are,2017,agegroup_days0_27,sex_btsx,380
are,2018,agegroup_days0_27,sex_btsx,343
are,2019,agegroup_days0_27,sex_btsx,312
are,2020,agegroup_days0_27,sex_btsx,299
are,2021,agegroup_days0_27,sex_btsx,256
are,2022,agegroup_days0_27,sex_btsx,250
are,2023,agegroup_days0_27,sex_btsx,258
arg,1971,agegroup_days0_27,sex_btsx,13940
arg,1972,agegroup_days0_27,sex_btsx,14045
arg,1973,agegroup_days0_27,sex_btsx,14224
arg,1974,agegroup_days0_27,sex_btsx,14576
arg,1975,agegroup_days0_27,sex_btsx,15001
arg,1976,agegroup_days0_27,sex_btsx,15227
arg,1977,agegroup_days0_27,sex_btsx,15192
arg,1978,agegroup_days0_27,sex_btsx,14751
arg,1979,agegroup_days0_27,sex_btsx,14047
arg,1980,agegroup_days0_27,sex_btsx,13149
arg,1981,agegroup_days0_27,sex_btsx,12161
arg,1982,agegroup_days0_27,sex_btsx,11234
arg,1983,agegroup_days0_27,sex_btsx,10607
arg,1984,agegroup_days0_27,sex_btsx,10892
arg,1985,agegroup_days0_27,sex_btsx,11473
arg,1986,agegroup_days0_27,sex_btsx,11888
arg,1987,agegroup_days0_27,sex_btsx,11733
arg,1988,agegroup_days0_27,sex_btsx,11412
arg,1989,agegroup_days0_27,sex_btsx,11010
arg,1990,agegroup_days0_27,sex_btsx,10863
arg,1991,agegroup_days0_27,sex_btsx,10749
arg,1992,agegroup_days0_27,sex_btsx,10716
arg,1993,agegroup_days0_27,sex_btsx,10671
arg,1994,agegroup_days0_27,sex_btsx,10439
arg,1995,agegroup_days0_27,sex_btsx,9887
arg,1996,agegroup_days0_27,sex_btsx,9127
arg,1997,agegroup_days0_27,sex_btsx,8342
arg,1998,agegroup_days0_27,sex_btsx,7869
arg,1999,agegroup_days0_27,sex_btsx,7886
arg,2000,agegroup_days0_27,sex_btsx,8009
arg,2001,agegroup_days0_27,sex_btsx,7935
arg,2002,agegroup_days0_27,sex_btsx,7618
arg,2003,agegroup_days0_27,sex_btsx,7151
arg,2004,agegroup_days0_27,sex_btsx,6798
arg,2005,agegroup_days0_27,sex_btsx,6570
arg,2006,agegroup_days0_27,sex_btsx,6318
arg,2007,agegroup_days0_27,sex_btsx,6055
arg,2008,agegroup_days0_27,sex_btsx,6034
arg,2009,agegroup_days0_27,sex_btsx,5818
arg,2010,agegroup_days0_27,sex_btsx,5745
arg,2011,agegroup_days0_27,sex_btsx,5675
arg,2012,agegroup_days0_27,sex_btsx,5477
arg,2013,agegroup_days0_27,sex_btsx,5515
arg,2014,agegroup_days0_27,sex_btsx,5508
arg,2015,agegroup_days0_27,sex_btsx,5233
arg,2016,agegroup_days0_27,sex_btsx,4802
arg,2017,agegroup_days0_27,sex_btsx,4483
arg,2018,agegroup_days0_27,sex_btsx,4199
arg,2019,agegroup_days0_27,sex_btsx,3838
arg,2020,agegroup_days0_27,sex_btsx,3282
arg,2021,agegroup_days0_27,sex_btsx,3143
arg,2022,agegroup_days0_27,sex_btsx,2731
arg,2023,agegroup_days0_27,sex_btsx,2519
arm,1978,agegroup_days0_27,sex_btsx,1961
arm,1979,agegroup_days0_27,sex_btsx,2031
arm,1980,agegroup_days0_27,sex_btsx,2031
arm,1981,agegroup_days0_27,sex_btsx,2051
arm,1982,agegroup_days0_27,sex_btsx,2079
arm,1983,agegroup_days0_27,sex_btsx,2116
arm,1984,agegroup_days0_27,sex_btsx,2123
arm,1985,agegroup_days0_27,sex_btsx,2120
arm,1986,agegroup_days0_27,sex_btsx,2088
arm,1987,agegroup_days0_27,sex_btsx,2035
arm,1988,agegroup_days0_27,sex_btsx,2038
arm,1989,agegroup_days0_27,sex_btsx,1933
arm,1990,agegroup_days0_27,sex_btsx,1984
arm,1991,agegroup_days0_27,sex_btsx,1880
arm,1992,agegroup_days0_27,sex_btsx,1718
arm,1993,agegroup_days0_27,sex_btsx,1351
arm,1994,agegroup_days0_27,sex_btsx,1103
arm,1995,agegroup_days0_27,sex_btsx,984
arm,1996,agegroup_days0_27,sex_btsx,921
arm,1997,agegroup_days0_27,sex_btsx,799
arm,1998,agegroup_days0_27,sex_btsx,717
arm,1999,agegroup_days0_27,sex_btsx,614
arm,2000,agegroup_days0_27,sex_btsx,588
arm,2001,agegroup_days0_27,sex_btsx,555
arm,2002,agegroup_days0_27,sex_btsx,536
arm,2003,agegroup_days0_27,sex_btsx,543
arm,2004,agegroup_days0_27,sex_btsx,533
arm,2005,agegroup_days0_27,sex_btsx,513
arm,2006,agegroup_days0_27,sex_btsx,496
arm,2007,agegroup_days0_27,sex_btsx,484
arm,2008,agegroup_days0_27,sex_btsx,471
arm,2009,agegroup_days0_27,sex_btsx,456
arm,2010,agegroup_days0_27,sex_btsx,434
arm,2011,agegroup_days0_27,sex_btsx,417
arm,2012,agegroup_days0_27,sex_btsx,403
arm,2013,agegroup_days0_27,sex_btsx,384
arm,2014,agegroup_days0_27,sex_btsx,357
arm,2015,agegroup_days0_27,sex_btsx,324
arm,2016,agegroup_days0_27,sex_btsx,299
arm,2017,agegroup_days0_27,sex_btsx,265
arm,2018,agegroup_days0_27,sex_btsx,245
arm,2019,agegroup_days0_27,sex_btsx,229
arm,2020,agegroup_days0_27,sex_btsx,213
arm,2021,agegroup_days0_27,sex_btsx,207
arm,2022,agegroup_days0_27,sex_btsx,192
arm,2023,agegroup_days0_27,sex_btsx,183
atg,1972,agegroup_days0_27,sex_btsx,24
atg,1973,agegroup_days0_27,sex_btsx,22
atg,1974,agegroup_days0_27,sex_btsx,20
atg,1975,agegroup_days0_27,sex_btsx,18
atg,1976,agegroup_days0_27,sex_btsx,18
atg,1977,agegroup_days0_27,sex_btsx,17
atg,1978,agegroup_days0_27,sex_btsx,15
atg,1979,agegroup_days0_27,sex_btsx,15
atg,1980,agegroup_days0_27,sex_btsx,13
atg,1981,agegroup_days0_27,sex_btsx,11
atg,1982,agegroup_days0_27,sex_btsx,10
atg,1983,agegroup_days0_27,sex_btsx,10
atg,1984,agegroup_days0_27,sex_btsx,10
atg,1985,agegroup_days0_27,sex_btsx,10
atg,1986,agegroup_days0_27,sex_btsx,9
atg,1987,agegroup_days0_27,sex_btsx,10
atg,1988,agegroup_days0_27,sex_btsx,10
atg,1989,agegroup_days0_27,sex_btsx,11
atg,1990,agegroup_days0_27,sex_btsx,11
atg,1991,agegroup_days0_27,sex_btsx,10
atg,1992,agegroup_days0_27,sex_btsx,11
atg,1993,agegroup_days0_27,sex_btsx,12
atg,1994,agegroup_days0_27,sex_btsx,13
atg,1995,agegroup_days0_27,sex_btsx,14
atg,1996,agegroup_days0_27,sex_btsx,16
atg,1997,agegroup_days0_27,sex_btsx,16
atg,1998,agegroup_days0_27,sex_btsx,15
atg,1999,agegroup_days0_27,sex_btsx,14
atg,2000,agegroup_days0_27,sex_btsx,16
atg,2001,agegroup_days0_27,sex_btsx,15
atg,2002,agegroup_days0_27,sex_btsx,14
atg,2003,agegroup_days0_27,sex_btsx,13
atg,2004,agegroup_days0_27,sex_btsx,12
atg,2005,agegroup_days0_27,sex_btsx,12
atg,2006,agegroup_days0_27,sex_btsx,11
atg,2007,agegroup_days0_27,sex_btsx,11
atg,2008,agegroup_days0_27,sex_btsx,12
atg,2009,agegroup_days0_27,sex_btsx,11
atg,2010,agegroup_days0_27,sex_btsx,9
atg,2011,agegroup_days0_27,sex_btsx,9
atg,2012,agegroup_days0_27,sex_btsx,8
atg,2013,agegroup_days0_27,sex_btsx,7
atg,2014,agegroup_days0_27,sex_btsx,7
atg,2015,agegroup_days0_27,sex_btsx,7
atg,2016,agegroup_days0_27,sex_btsx,7
atg,2017,agegroup_days0_27,sex_btsx,7
atg,2018,agegroup_days0_27,sex_btsx,6
atg,2019,agegroup_days0_27,sex_btsx,6
atg,2020,agegroup_days0_27,sex_btsx,7
atg,2021,agegroup_days0_27,sex_btsx,6
atg,2022,agegroup_days0_27,sex_btsx,6
atg,2023,agegroup_days0_27,sex_btsx,6
aus,1969,agegroup_days0_27,sex_btsx,3182
aus,1970,agegroup_days0_27,sex_btsx,3241
aus,1971,agegroup_days0_27,sex_btsx,3459
aus,1972,agegroup_days0_27,sex_btsx,3296
aus,1973,agegroup_days0_27,sex_btsx,2982
aus,1974,agegroup_days0_27,sex_btsx,2780
aus,1975,agegroup_days0_27,sex_btsx,2486
aus,1976,agegroup_days0_27,sex_btsx,2197
aus,1977,agegroup_days0_27,sex_btsx,2013
aus,1978,agegroup_days0_27,sex_btsx,1835
aus,1979,agegroup_days0_27,sex_btsx,1686
aus,1980,agegroup_days0_27,sex_btsx,1593
aus,1981,agegroup_days0_27,sex_btsx,1567
aus,1982,agegroup_days0_27,sex_btsx,1527
aus,1983,agegroup_days0_27,sex_btsx,1487
aus,1984,agegroup_days0_27,sex_btsx,1409
aus,1985,agegroup_days0_27,sex_btsx,1394
aus,1986,agegroup_days0_27,sex_btsx,1342
aus,1987,agegroup_days0_27,sex_btsx,1293
aus,1988,agegroup_days0_27,sex_btsx,1250
aus,1989,agegroup_days0_27,sex_btsx,1216
aus,1990,agegroup_days0_27,sex_btsx,1219
aus,1991,agegroup_days0_27,sex_btsx,1151
aus,1992,agegroup_days0_27,sex_btsx,1121
aus,1993,agegroup_days0_27,sex_btsx,1058
aus,1994,agegroup_days0_27,sex_btsx,1006
aus,1995,agegroup_days0_27,sex_btsx,959
aus,1996,agegroup_days0_27,sex_btsx,928
aus,1997,agegroup_days0_27,sex_btsx,905
aus,1998,agegroup_days0_27,sex_btsx,889
aus,1999,agegroup_days0_27,sex_btsx,883
aus,2000,agegroup_days0_27,sex_btsx,878
aus,2001,agegroup_days0_27,sex_btsx,857
aus,2002,agegroup_days0_27,sex_btsx,860
aus,2003,agegroup_days0_27,sex_btsx,850
aus,2004,agegroup_days0_27,sex_btsx,849
aus,2005,agegroup_days0_27,sex_btsx,866
aus,2006,agegroup_days0_27,sex_btsx,868
aus,2007,agegroup_days0_27,sex_btsx,902
aus,2008,agegroup_days0_27,sex_btsx,901
aus,2009,agegroup_days0_27,sex_btsx,864
aus,2010,agegroup_days0_27,sex_btsx,831
aus,2011,agegroup_days0_27,sex_btsx,794
aus,2012,agegroup_days0_27,sex_btsx,777
aus,2013,agegroup_days0_27,sex_btsx,749
aus,2014,agegroup_days0_27,sex_btsx,716
aus,2015,agegroup_days0_27,sex_btsx,717
aus,2016,agegroup_days0_27,sex_btsx,723
aus,2017,agegroup_days0_27,sex_btsx,721
aus,2018,agegroup_days0_27,sex_btsx,736
aus,2019,agegroup_days0_27,sex_btsx,720
aus,2020,agegroup_days0_27,sex_btsx,697
aus,2021,agegroup_days0_27,sex_btsx,715
aus,2022,agegroup_days0_27,sex_btsx,709
aus,2023,agegroup_days0_27,sex_btsx,703
aut,1956,agegroup_days0_27,sex_btsx,3132
aut,1957,agegroup_days0_27,sex_btsx,3110
aut,1958,agegroup_days0_27,sex_btsx,3053
aut,1959,agegroup_days0_27,sex_btsx,3052
aut,1960,agegroup_days0_27,sex_btsx,2972
aut,1961,agegroup_days0_27,sex_btsx,2988
aut,1962,agegroup_days0_27,sex_btsx,2930
aut,1963,agegroup_days0_27,sex_btsx,2871
aut,1964,agegroup_days0_27,sex_btsx,2756
aut,1965,agegroup_days0_27,sex_btsx,2611
aut,1966,agegroup_days0_27,sex_btsx,2533
aut,1967,agegroup_days0_27,sex_btsx,2460
aut,1968,agegroup_days0_27,sex_btsx,2396
aut,1969,agegroup_days0_27,sex_btsx,2284
aut,1970,agegroup_days0_27,sex_btsx,2120
aut,1971,agegroup_days0_27,sex_btsx,2033
aut,1972,agegroup_days0_27,sex_btsx,1912
aut,1973,agegroup_days0_27,sex_btsx,1726
aut,1974,agegroup_days0_27,sex_btsx,1603
aut,1975,agegroup_days0_27,sex_btsx,1399
aut,1976,agegroup_days0_27,sex_btsx,1155
aut,1977,agegroup_days0_27,sex_btsx,1000
aut,1978,agegroup_days0_27,sex_btsx,896
aut,1979,agegroup_days0_27,sex_btsx,825
aut,1980,agegroup_days0_27,sex_btsx,804
aut,1981,agegroup_days0_27,sex_btsx,782
aut,1982,agegroup_days0_27,sex_btsx,751
aut,1983,agegroup_days0_27,sex_btsx,675
aut,1984,agegroup_days0_27,sex_btsx,627
aut,1985,agegroup_days0_27,sex_btsx,575
aut,1986,agegroup_days0_27,sex_btsx,531
aut,1987,agegroup_days0_27,sex_btsx,491
aut,1988,agegroup_days0_27,sex_btsx,461
aut,1989,agegroup_days0_27,sex_btsx,431
aut,1990,agegroup_days0_27,sex_btsx,414
aut,1991,agegroup_days0_27,sex_btsx,412
aut,1992,agegroup_days0_27,sex_btsx,397
aut,1993,agegroup_days0_27,sex_btsx,377
aut,1994,agegroup_days0_27,sex_btsx,347
aut,1995,agegroup_days0_27,sex_btsx,316
aut,1996,agegroup_days0_27,sex_btsx,300
aut,1997,agegroup_days0_27,sex_btsx,274
aut,1998,agegroup_days0_27,sex_btsx,257
aut,1999,agegroup_days0_27,sex_btsx,243
aut,2000,agegroup_days0_27,sex_btsx,240
aut,2001,agegroup_days0_27,sex_btsx,230
aut,2002,agegroup_days0_27,sex_btsx,235
aut,2003,agegroup_days0_27,sex_btsx,228
aut,2004,agegroup_days0_27,sex_btsx,229
aut,2005,agegroup_days0_27,sex_btsx,221
aut,2006,agegroup_days0_27,sex_btsx,213
aut,2007,agegroup_days0_27,sex_btsx,203
aut,2008,agegroup_days0_27,sex_btsx,201
aut,2009,agegroup_days0_27,sex_btsx,194
aut,2010,agegroup_days0_27,sex_btsx,196
aut,2011,agegroup_days0_27,sex_btsx,190
aut,2012,agegroup_days0_27,sex_btsx,188
aut,2013,agegroup_days0_27,sex_btsx,185
aut,2014,agegroup_days0_27,sex_btsx,187
aut,2015,agegroup_days0_27,sex_btsx,189
aut,2016,agegroup_days0_27,sex_btsx,195
aut,2017,agegroup_days0_27,sex_btsx,194
aut,2018,agegroup_days0_27,sex_btsx,189
aut,2019,agegroup_days0_27,sex_btsx,186
aut,2020,agegroup_days0_27,sex_btsx,181
aut,2021,agegroup_days0_27,sex_btsx,181
aut,2022,agegroup_days0_27,sex_btsx,170
aut,2023,agegroup_days0_27,sex_btsx,154
aze,1984,agegroup_days0_27,sex_btsx,6017
aze,1985,agegroup_days0_27,sex_btsx,6024
aze,1986,agegroup_days0_27,sex_btsx,5998
aze,1987,agegroup_days0_27,sex_btsx,5980
aze,1988,agegroup_days0_27,sex_btsx,6046
aze,1989,agegroup_days0_27,sex_btsx,6161
aze,1990,agegroup_days0_27,sex_btsx,6249
aze,1991,agegroup_days0_27,sex_btsx,6372
aze,1992,agegroup_days0_27,sex_btsx,6378
aze,1993,agegroup_days0_27,sex_btsx,6324
aze,1994,agegroup_days0_27,sex_btsx,5802
aze,1995,agegroup_days0_27,sex_btsx,5429
aze,1996,agegroup_days0_27,sex_btsx,5022
aze,1997,agegroup_days0_27,sex_btsx,5200
aze,1998,agegroup_days0_27,sex_btsx,4810
aze,1999,agegroup_days0_27,sex_btsx,4441
aze,2000,agegroup_days0_27,sex_btsx,4275
aze,2001,agegroup_days0_27,sex_btsx,3887
aze,2002,agegroup_days0_27,sex_btsx,3733
aze,2003,agegroup_days0_27,sex_btsx,3640
aze,2004,agegroup_days0_27,sex_btsx,4331
aze,2005,agegroup_days0_27,sex_btsx,4260
aze,2006,agegroup_days0_27,sex_btsx,4225
aze,2007,agegroup_days0_27,sex_btsx,4015
aze,2008,agegroup_days0_27,sex_btsx,3777
aze,2009,agegroup_days0_27,sex_btsx,3510
aze,2010,agegroup_days0_27,sex_btsx,3583
aze,2011,agegroup_days0_27,sex_btsx,3520
aze,2012,agegroup_days0_27,sex_btsx,3588
aze,2013,agegroup_days0_27,sex_btsx,3400
aze,2014,agegroup_days0_27,sex_btsx,3170
aze,2015,agegroup_days0_27,sex_btsx,2919
aze,2016,agegroup_days0_27,sex_btsx,2668
aze,2017,agegroup_days0_27,sex_btsx,2469
aze,2018,agegroup_days0_27,sex_btsx,2311
aze,2019,agegroup_days0_27,sex_btsx,2170
aze,2020,agegroup_days0_27,sex_btsx,1982
aze,2021,agegroup_days0_27,sex_btsx,1835
aze,2022,agegroup_days0_27,sex_btsx,1711
aze,2023,agegroup_days0_27,sex_btsx,1602
bdi,1966,agegroup_days0_27,sex_btsx,7569
bdi,1967,agegroup_days0_27,sex_btsx,7812
bdi,1968,agegroup_days0_27,sex_btsx,8026
bdi,1969,agegroup_days0_27,sex_btsx,8277
bdi,1970,agegroup_days0_27,sex_btsx,8404
bdi,1971,agegroup_days0_27,sex_btsx,8605
bdi,1972,agegroup_days0_27,sex_btsx,8941
bdi,1973,agegroup_days0_27,sex_btsx,8317
bdi,1974,agegroup_days0_27,sex_btsx,8540
bdi,1975,agegroup_days0_27,sex_btsx,8858
bdi,1976,agegroup_days0_27,sex_btsx,9002
bdi,1977,agegroup_days0_27,sex_btsx,9160
bdi,1978,agegroup_days0_27,sex_btsx,9384
bdi,1979,agegroup_days0_27,sex_btsx,9659
bdi,1980,agegroup_days0_27,sex_btsx,9667
bdi,1981,agegroup_days0_27,sex_btsx,10423
bdi,1982,agegroup_days0_27,sex_btsx,10228
bdi,1983,agegroup_days0_27,sex_btsx,10237
bdi,1984,agegroup_days0_27,sex_btsx,10091
bdi,1985,agegroup_days0_27,sex_btsx,10058
bdi,1986,agegroup_days0_27,sex_btsx,9956
bdi,1987,agegroup_days0_27,sex_btsx,9986
bdi,1988,agegroup_days0_27,sex_btsx,10119
bdi,1989,agegroup_days0_27,sex_btsx,10211
bdi,1990,agegroup_days0_27,sex_btsx,10305
bdi,1991,agegroup_days0_27,sex_btsx,10415
bdi,1992,agegroup_days0_27,sex_btsx,10504
bdi,1993,agegroup_days0_27,sex_btsx,10964
bdi,1994,agegroup_days0_27,sex_btsx,8412
bdi,1995,agegroup_days0_27,sex_btsx,10510
bdi,1996,agegroup_days0_27,sex_btsx,10448
bdi,1997,agegroup_days0_27,sex_btsx,9776
bdi,1998,agegroup_days0_27,sex_btsx,9628
bdi,1999,agegroup_days0_27,sex_btsx,9917
bdi,2000,agegroup_days0_27,sex_btsx,10094
bdi,2001,agegroup_days0_27,sex_btsx,10264
bdi,2002,agegroup_days0_27,sex_btsx,10616
bdi,2003,agegroup_days0_27,sex_btsx,10851
bdi,2004,agegroup_days0_27,sex_btsx,11205
bdi,2005,agegroup_days0_27,sex_btsx,11545
bdi,2006,agegroup_days0_27,sex_btsx,11743
bdi,2007,agegroup_days0_27,sex_btsx,11836
bdi,2008,agegroup_days0_27,sex_btsx,11918
bdi,2009,agegroup_days0_27,sex_btsx,12076
bdi,2010,agegroup_days0_27,sex_btsx,12325
bdi,2011,agegroup_days0_27,sex_btsx,12095
bdi,2012,agegroup_days0_27,sex_btsx,11776
bdi,2013,agegroup_days0_27,sex_btsx,11564
bdi,2014,agegroup_days0_27,sex_btsx,11300
bdi,2015,agegroup_days0_27,sex_btsx,11042
bdi,2016,agegroup_days0_27,sex_btsx,10373
bdi,2017,agegroup_days0_27,sex_btsx,9962
bdi,2018,agegroup_days0_27,sex_btsx,9645
bdi,2019,agegroup_days0_27,sex_btsx,9586
bdi,2020,agegroup_days0_27,sex_btsx,9463
bdi,2021,agegroup_days0_27,sex_btsx,9307
bdi,2022,agegroup_days0_27,sex_btsx,9163
bdi,2023,agegroup_days0_27,sex_btsx,9030
bel,1961,agegroup_days0_27,sex_btsx,2978
bel,1962,agegroup_days0_27,sex_btsx,2766
bel,1963,agegroup_days0_27,sex_btsx,2722
bel,1964,agegroup_days0_27,sex_btsx,2677
bel,1965,agegroup_days0_27,sex_btsx,2553
bel,1966,agegroup_days0_27,sex_btsx,2437
bel,1967,agegroup_days0_27,sex_btsx,2300
bel,1968,agegroup_days0_27,sex_btsx,2153
bel,1969,agegroup_days0_27,sex_btsx,2054
bel,1970,agegroup_days0_27,sex_btsx,1975
bel,1971,agegroup_days0_27,sex_btsx,1900
bel,1972,agegroup_days0_27,sex_btsx,1774
bel,1973,agegroup_days0_27,sex_btsx,1631
bel,1974,agegroup_days0_27,sex_btsx,1493
bel,1975,agegroup_days0_27,sex_btsx,1356
bel,1976,agegroup_days0_27,sex_btsx,1256
bel,1977,agegroup_days0_27,sex_btsx,1153
bel,1978,agegroup_days0_27,sex_btsx,1065
bel,1979,agegroup_days0_27,sex_btsx,1000
bel,1980,agegroup_days0_27,sex_btsx,941
bel,1981,agegroup_days0_27,sex_btsx,885
bel,1982,agegroup_days0_27,sex_btsx,814
bel,1983,agegroup_days0_27,sex_btsx,749
bel,1984,agegroup_days0_27,sex_btsx,696
bel,1985,agegroup_days0_27,sex_btsx,653
bel,1986,agegroup_days0_27,sex_btsx,641
bel,1987,agegroup_days0_27,sex_btsx,618
bel,1988,agegroup_days0_27,sex_btsx,603
bel,1989,agegroup_days0_27,sex_btsx,582
bel,1990,agegroup_days0_27,sex_btsx,568
bel,1991,agegroup_days0_27,sex_btsx,549
bel,1992,agegroup_days0_27,sex_btsx,522
bel,1993,agegroup_days0_27,sex_btsx,489
bel,1994,agegroup_days0_27,sex_btsx,458
bel,1995,agegroup_days0_27,sex_btsx,439
bel,1996,agegroup_days0_27,sex_btsx,424
bel,1997,agegroup_days0_27,sex_btsx,405
bel,1998,agegroup_days0_27,sex_btsx,378
bel,1999,agegroup_days0_27,sex_btsx,357
bel,2000,agegroup_days0_27,sex_btsx,346
bel,2001,agegroup_days0_27,sex_btsx,330
bel,2002,agegroup_days0_27,sex_btsx,314
bel,2003,agegroup_days0_27,sex_btsx,310
bel,2004,agegroup_days0_27,sex_btsx,312
bel,2005,agegroup_days0_27,sex_btsx,312
bel,2006,agegroup_days0_27,sex_btsx,313
bel,2007,agegroup_days0_27,sex_btsx,309
bel,2008,agegroup_days0_27,sex_btsx,308
bel,2009,agegroup_days0_27,sex_btsx,301
bel,2010,agegroup_days0_27,sex_btsx,299
bel,2011,agegroup_days0_27,sex_btsx,292
bel,2012,agegroup_days0_27,sex_btsx,288
bel,2013,agegroup_days0_27,sex_btsx,283
bel,2014,agegroup_days0_27,sex_btsx,283
bel,2015,agegroup_days0_27,sex_btsx,278
bel,2016,agegroup_days0_27,sex_btsx,278
bel,2017,agegroup_days0_27,sex_btsx,274
bel,2018,agegroup_days0_27,sex_btsx,270
bel,2019,agegroup_days0_27,sex_btsx,269
bel,2020,agegroup_days0_27,sex_btsx,261
bel,2021,agegroup_days0_27,sex_btsx,260
bel,2022,agegroup_days0_27,sex_btsx,246
bel,2023,agegroup_days0_27,sex_btsx,214
ben,1959,agegroup_days0_27,sex_btsx,7237
ben,1960,agegroup_days0_27,sex_btsx,7400
ben,1961,agegroup_days0_27,sex_btsx,7642
ben,1962,agegroup_days0_27,sex_btsx,7784
ben,1963,agegroup_days0_27,sex_btsx,7908
ben,1964,agegroup_days0_27,sex_btsx,8021
ben,1965,agegroup_days0_27,sex_btsx,8123
ben,1966,agegroup_days0_27,sex_btsx,8185
ben,1967,agegroup_days0_27,sex_btsx,8244
ben,1968,agegroup_days0_27,sex_btsx,8320
ben,1969,agegroup_days0_27,sex_btsx,8413
ben,1970,agegroup_days0_27,sex_btsx,8506
ben,1971,agegroup_days0_27,sex_btsx,8590
ben,1972,agegroup_days0_27,sex_btsx,8677
ben,1973,agegroup_days0_27,sex_btsx,8739
ben,1974,agegroup_days0_27,sex_btsx,8826
ben,1975,agegroup_days0_27,sex_btsx,8925
ben,1976,agegroup_days0_27,sex_btsx,9018
ben,1977,agegroup_days0_27,sex_btsx,9121
ben,1978,agegroup_days0_27,sex_btsx,9207
ben,1979,agegroup_days0_27,sex_btsx,9423
ben,1980,agegroup_days0_27,sex_btsx,9662
ben,1981,agegroup_days0_27,sex_btsx,9865
ben,1982,agegroup_days0_27,sex_btsx,9990
ben,1983,agegroup_days0_27,sex_btsx,10078
ben,1984,agegroup_days0_27,sex_btsx,10221
ben,1985,agegroup_days0_27,sex_btsx,10356
ben,1986,agegroup_days0_27,sex_btsx,10484
ben,1987,agegroup_days0_27,sex_btsx,10623
ben,1988,agegroup_days0_27,sex_btsx,10724
ben,1989,agegroup_days0_27,sex_btsx,10748
ben,1990,agegroup_days0_27,sex_btsx,10841
ben,1991,agegroup_days0_27,sex_btsx,10906
ben,1992,agegroup_days0_27,sex_btsx,10958
ben,1993,agegroup_days0_27,sex_btsx,11079
ben,1994,agegroup_days0_27,sex_btsx,11742
ben,1995,agegroup_days0_27,sex_btsx,11519
ben,1996,agegroup_days0_27,sex_btsx,11515
ben,1997,agegroup_days0_27,sex_btsx,11607
ben,1998,agegroup_days0_27,sex_btsx,11703
ben,1999,agegroup_days0_27,sex_btsx,11761
ben,2000,agegroup_days0_27,sex_btsx,11783
ben,2001,agegroup_days0_27,sex_btsx,11824
ben,2002,agegroup_days0_27,sex_btsx,11898
ben,2003,agegroup_days0_27,sex_btsx,12045
ben,2004,agegroup_days0_27,sex_btsx,12175
ben,2005,agegroup_days0_27,sex_btsx,12323
ben,2006,agegroup_days0_27,sex_btsx,12636
ben,2007,agegroup_days0_27,sex_btsx,12757
ben,2008,agegroup_days0_27,sex_btsx,12833
ben,2009,agegroup_days0_27,sex_btsx,12966
ben,2010,agegroup_days0_27,sex_btsx,13153
ben,2011,agegroup_days0_27,sex_btsx,13358
ben,2012,agegroup_days0_27,sex_btsx,13589
ben,2013,agegroup_days0_27,sex_btsx,13785
ben,2014,agegroup_days0_27,sex_btsx,13922
ben,2015,agegroup_days0_27,sex_btsx,14046
ben,2016,agegroup_days0_27,sex_btsx,14116
ben,2017,agegroup_days0_27,sex_btsx,14079
ben,2018,agegroup_days0_27,sex_btsx,13937
ben,2019,agegroup_days0_27,sex_btsx,13748
ben,2020,agegroup_days0_27,sex_btsx,13624
ben,2021,agegroup_days0_27,sex_btsx,13526
ben,2022,agegroup_days0_27,sex_btsx,13477
ben,2023,agegroup_days0_27,sex_btsx,13377
bfa,1970,agegroup_days0_27,sex_btsx,19068
bfa,1971,agegroup_days0_27,sex_btsx,19404
bfa,1972,agegroup_days0_27,sex_btsx,19748
bfa,1973,agegroup_days0_27,sex_btsx,20071
bfa,1974,agegroup_days0_27,sex_btsx,20276
bfa,1975,agegroup_days0_27,sex_btsx,20366
bfa,1976,agegroup_days0_27,sex_btsx,20328
bfa,1977,agegroup_days0_27,sex_btsx,20369
bfa,1978,agegroup_days0_27,sex_btsx,20471
bfa,1979,agegroup_days0_27,sex_btsx,20527
bfa,1980,agegroup_days0_27,sex_btsx,20537
bfa,1981,agegroup_days0_27,sex_btsx,20613
bfa,1982,agegroup_days0_27,sex_btsx,20659
bfa,1983,agegroup_days0_27,sex_btsx,20708
bfa,1984,agegroup_days0_27,sex_btsx,20747
bfa,1985,agegroup_days0_27,sex_btsx,20657
bfa,1986,agegroup_days0_27,sex_btsx,20385
bfa,1987,agegroup_days0_27,sex_btsx,20033
bfa,1988,agegroup_days0_27,sex_btsx,19728
bfa,1989,agegroup_days0_27,sex_btsx,19603
bfa,1990,agegroup_days0_27,sex_btsx,19660
bfa,1991,agegroup_days0_27,sex_btsx,19839
bfa,1992,agegroup_days0_27,sex_btsx,19964
bfa,1993,agegroup_days0_27,sex_btsx,20116
bfa,1994,agegroup_days0_27,sex_btsx,20370
bfa,1995,agegroup_days0_27,sex_btsx,20701
bfa,1996,agegroup_days0_27,sex_btsx,21036
bfa,1997,agegroup_days0_27,sex_btsx,21264
bfa,1998,agegroup_days0_27,sex_btsx,21453
bfa,1999,agegroup_days0_27,sex_btsx,21567
bfa,2000,agegroup_days0_27,sex_btsx,21784
bfa,2001,agegroup_days0_27,sex_btsx,21890
bfa,2002,agegroup_days0_27,sex_btsx,21933
bfa,2003,agegroup_days0_27,sex_btsx,22105
bfa,2004,agegroup_days0_27,sex_btsx,21995
bfa,2005,agegroup_days0_27,sex_btsx,21969
bfa,2006,agegroup_days0_27,sex_btsx,22073
bfa,2007,agegroup_days0_27,sex_btsx,21945
bfa,2008,agegroup_days0_27,sex_btsx,21823
bfa,2009,agegroup_days0_27,sex_btsx,21709
bfa,2010,agegroup_days0_27,sex_btsx,21707
bfa,2011,agegroup_days0_27,sex_btsx,21681
bfa,2012,agegroup_days0_27,sex_btsx,21692
bfa,2013,agegroup_days0_27,sex_btsx,21666
bfa,2014,agegroup_days0_27,sex_btsx,21474
bfa,2015,agegroup_days0_27,sex_btsx,21278
bfa,2016,agegroup_days0_27,sex_btsx,20965
bfa,2017,agegroup_days0_27,sex_btsx,20541
bfa,2018,agegroup_days0_27,sex_btsx,19762
bfa,2019,agegroup_days0_27,sex_btsx,18960
bfa,2020,agegroup_days0_27,sex_btsx,18224
bfa,2021,agegroup_days0_27,sex_btsx,18114
bfa,2022,agegroup_days0_27,sex_btsx,17979
bfa,2023,agegroup_days0_27,sex_btsx,17816
bgd,1953,agegroup_days0_27,sex_btsx,240768
bgd,1954,agegroup_days0_27,sex_btsx,243344
bgd,1955,agegroup_days0_27,sex_btsx,245877
bgd,1956,agegroup_days0_27,sex_btsx,248291
bgd,1957,agegroup_days0_27,sex_btsx,250666
bgd,1958,agegroup_days0_27,sex_btsx,252935
bgd,1959,agegroup_days0_27,sex_btsx,255758
bgd,1960,agegroup_days0_27,sex_btsx,259683
bgd,1961,agegroup_days0_27,sex_btsx,262926
bgd,1962,agegroup_days0_27,sex_btsx,265730
bgd,1963,agegroup_days0_27,sex_btsx,266870
bgd,1964,agegroup_days0_27,sex_btsx,268305
bgd,1965,agegroup_days0_27,sex_btsx,270077
bgd,1966,agegroup_days0_27,sex_btsx,273574
bgd,1967,agegroup_days0_27,sex_btsx,279190
bgd,1968,agegroup_days0_27,sex_btsx,286057
bgd,1969,agegroup_days0_27,sex_btsx,294955
bgd,1970,agegroup_days0_27,sex_btsx,306682
bgd,1971,agegroup_days0_27,sex_btsx,320249
bgd,1972,agegroup_days0_27,sex_btsx,323744
bgd,1973,agegroup_days0_27,sex_btsx,332268
bgd,1974,agegroup_days0_27,sex_btsx,342100
bgd,1975,agegroup_days0_27,sex_btsx,347098
bgd,1976,agegroup_days0_27,sex_btsx,351874
bgd,1977,agegroup_days0_27,sex_btsx,354823
bgd,1978,agegroup_days0_27,sex_btsx,355302
bgd,1979,agegroup_days0_27,sex_btsx,355472
bgd,1980,agegroup_days0_27,sex_btsx,353410
bgd,1981,agegroup_days0_27,sex_btsx,349360
bgd,1982,agegroup_days0_27,sex_btsx,344316
bgd,1983,agegroup_days0_27,sex_btsx,332749
bgd,1984,agegroup_days0_27,sex_btsx,323463
bgd,1985,agegroup_days0_27,sex_btsx,313381
bgd,1986,agegroup_days0_27,sex_btsx,301153
bgd,1987,agegroup_days0_27,sex_btsx,289962
bgd,1988,agegroup_days0_27,sex_btsx,277182
bgd,1989,agegroup_days0_27,sex_btsx,268255
bgd,1990,agegroup_days0_27,sex_btsx,256686
bgd,1991,agegroup_days0_27,sex_btsx,241738
bgd,1992,agegroup_days0_27,sex_btsx,228559
bgd,1993,agegroup_days0_27,sex_btsx,216833
bgd,1994,agegroup_days0_27,sex_btsx,209637
bgd,1995,agegroup_days0_27,sex_btsx,200046
bgd,1996,agegroup_days0_27,sex_btsx,193086
bgd,1997,agegroup_days0_27,sex_btsx,190567
bgd,1998,agegroup_days0_27,sex_btsx,184965
bgd,1999,agegroup_days0_27,sex_btsx,178448
bgd,2000,agegroup_days0_27,sex_btsx,171913
bgd,2001,agegroup_days0_27,sex_btsx,164487
bgd,2002,agegroup_days0_27,sex_btsx,156127
bgd,2003,agegroup_days0_27,sex_btsx,147774
bgd,2004,agegroup_days0_27,sex_btsx,140040
bgd,2005,agegroup_days0_27,sex_btsx,131623
bgd,2006,agegroup_days0_27,sex_btsx,124072
bgd,2007,agegroup_days0_27,sex_btsx,117212
bgd,2008,agegroup_days0_27,sex_btsx,110179
bgd,2009,agegroup_days0_27,sex_btsx,103265
bgd,2010,agegroup_days0_27,sex_btsx,96091
bgd,2011,agegroup_days0_27,sex_btsx,90056
bgd,2012,agegroup_days0_27,sex_btsx,85745
bgd,2013,agegroup_days0_27,sex_btsx,82597
bgd,2014,agegroup_days0_27,sex_btsx,79047
bgd,2015,agegroup_days0_27,sex_btsx,76114
bgd,2016,agegroup_days0_27,sex_btsx,73146
bgd,2017,agegroup_days0_27,sex_btsx,68995
bgd,2018,agegroup_days0_27,sex_btsx,66252
bgd,2019,agegroup_days0_27,sex_btsx,64099
bgd,2020,agegroup_days0_27,sex_btsx,62955
bgd,2021,agegroup_days0_27,sex_btsx,62431
bgd,2022,agegroup_days0_27,sex_btsx,62847
bgd,2023,agegroup_days0_27,sex_btsx,62615
bgr,1965,agegroup_days0_27,sex_btsx,1832
bgr,1966,agegroup_days0_27,sex_btsx,1768
bgr,1967,agegroup_days0_27,sex_btsx,1781
bgr,1968,agegroup_days0_27,sex_btsx,1972
bgr,1969,agegroup_days0_27,sex_btsx,1964
bgr,1970,agegroup_days0_27,sex_btsx,1874
bgr,1971,agegroup_days0_27,sex_btsx,1811
bgr,1972,agegroup_days0_27,sex_btsx,1776
bgr,1973,agegroup_days0_27,sex_btsx,1915
bgr,1974,agegroup_days0_27,sex_btsx,2050
bgr,1975,agegroup_days0_27,sex_btsx,1940
bgr,1976,agegroup_days0_27,sex_btsx,1811
bgr,1977,agegroup_days0_27,sex_btsx,1660
bgr,1978,agegroup_days0_27,sex_btsx,1536
bgr,1979,agegroup_days0_27,sex_btsx,1461
bgr,1980,agegroup_days0_27,sex_btsx,1345
bgr,1981,agegroup_days0_27,sex_btsx,1259
bgr,1982,agegroup_days0_27,sex_btsx,1201
bgr,1983,agegroup_days0_27,sex_btsx,1135
bgr,1984,agegroup_days0_27,sex_btsx,1071
bgr,1985,agegroup_days0_27,sex_btsx,1004
bgr,1986,agegroup_days0_27,sex_btsx,966
bgr,1987,agegroup_days0_27,sex_btsx,912
bgr,1988,agegroup_days0_27,sex_btsx,896
bgr,1989,agegroup_days0_27,sex_btsx,869
bgr,1990,agegroup_days0_27,sex_btsx,849
bgr,1991,agegroup_days0_27,sex_btsx,819
bgr,1992,agegroup_days0_27,sex_btsx,786
bgr,1993,agegroup_days0_27,sex_btsx,739
bgr,1994,agegroup_days0_27,sex_btsx,681
bgr,1995,agegroup_days0_27,sex_btsx,611
bgr,1996,agegroup_days0_27,sex_btsx,596
bgr,1997,agegroup_days0_27,sex_btsx,533
bgr,1998,agegroup_days0_27,sex_btsx,534
bgr,1999,agegroup_days0_27,sex_btsx,576
bgr,2000,agegroup_days0_27,sex_btsx,569
bgr,2001,agegroup_days0_27,sex_btsx,516
bgr,2002,agegroup_days0_27,sex_btsx,484
bgr,2003,agegroup_days0_27,sex_btsx,463
bgr,2004,agegroup_days0_27,sex_btsx,451
bgr,2005,agegroup_days0_27,sex_btsx,428
bgr,2006,agegroup_days0_27,sex_btsx,415
bgr,2007,agegroup_days0_27,sex_btsx,403
bgr,2008,agegroup_days0_27,sex_btsx,408
bgr,2009,agegroup_days0_27,sex_btsx,420
bgr,2010,agegroup_days0_27,sex_btsx,388
bgr,2011,agegroup_days0_27,sex_btsx,353
bgr,2012,agegroup_days0_27,sex_btsx,328
bgr,2013,agegroup_days0_27,sex_btsx,301
bgr,2014,agegroup_days0_27,sex_btsx,288
bgr,2015,agegroup_days0_27,sex_btsx,268
bgr,2016,agegroup_days0_27,sex_btsx,252
bgr,2017,agegroup_days0_27,sex_btsx,235
bgr,2018,agegroup_days0_27,sex_btsx,215
bgr,2019,agegroup_days0_27,sex_btsx,199
bgr,2020,agegroup_days0_27,sex_btsx,178
bgr,2021,agegroup_days0_27,sex_btsx,168
bgr,2022,agegroup_days0_27,sex_btsx,172
bgr,2023,agegroup_days0_27,sex_btsx,162
bhr,1972,agegroup_days0_27,sex_btsx,235
bhr,1973,agegroup_days0_27,sex_btsx,225
bhr,1974,agegroup_days0_27,sex_btsx,217
bhr,1975,agegroup_days0_27,sex_btsx,211
bhr,1976,agegroup_days0_27,sex_btsx,206
bhr,1977,agegroup_days0_27,sex_btsx,204
bhr,1978,agegroup_days0_27,sex_btsx,202
bhr,1979,agegroup_days0_27,sex_btsx,199
bhr,1980,agegroup_days0_27,sex_btsx,195
bhr,1981,agegroup_days0_27,sex_btsx,192
bhr,1982,agegroup_days0_27,sex_btsx,195
bhr,1983,agegroup_days0_27,sex_btsx,199
bhr,1984,agegroup_days0_27,sex_btsx,203
bhr,1985,agegroup_days0_27,sex_btsx,211
bhr,1986,agegroup_days0_27,sex_btsx,216
bhr,1987,agegroup_days0_27,sex_btsx,217
bhr,1988,agegroup_days0_27,sex_btsx,219
bhr,1989,agegroup_days0_27,sex_btsx,220
bhr,1990,agegroup_days0_27,sex_btsx,215
bhr,1991,agegroup_days0_27,sex_btsx,203
bhr,1992,agegroup_days0_27,sex_btsx,191
bhr,1993,agegroup_days0_27,sex_btsx,174
bhr,1994,agegroup_days0_27,sex_btsx,151
bhr,1995,agegroup_days0_27,sex_btsx,128
bhr,1996,agegroup_days0_27,sex_btsx,108
bhr,1997,agegroup_days0_27,sex_btsx,94
bhr,1998,agegroup_days0_27,sex_btsx,83
bhr,1999,agegroup_days0_27,sex_btsx,76
bhr,2000,agegroup_days0_27,sex_btsx,68
bhr,2001,agegroup_days0_27,sex_btsx,61
bhr,2002,agegroup_days0_27,sex_btsx,61
bhr,2003,agegroup_days0_27,sex_btsx,64
bhr,2004,agegroup_days0_27,sex_btsx,65
bhr,2005,agegroup_days0_27,sex_btsx,65
bhr,2006,agegroup_days0_27,sex_btsx,62
bhr,2007,agegroup_days0_27,sex_btsx,59
bhr,2008,agegroup_days0_27,sex_btsx,58
bhr,2009,agegroup_days0_27,sex_btsx,58
bhr,2010,agegroup_days0_27,sex_btsx,59
bhr,2011,agegroup_days0_27,sex_btsx,59
bhr,2012,agegroup_days0_27,sex_btsx,60
bhr,2013,agegroup_days0_27,sex_btsx,63
bhr,2014,agegroup_days0_27,sex_btsx,67
bhr,2015,agegroup_days0_27,sex_btsx,71
bhr,2016,agegroup_days0_27,sex_btsx,73
bhr,2017,agegroup_days0_27,sex_btsx,76
bhr,2018,agegroup_days0_27,sex_btsx,78
bhr,2019,agegroup_days0_27,sex_btsx,78
bhr,2020,agegroup_days0_27,sex_btsx,78
bhr,2021,agegroup_days0_27,sex_btsx,83
bhr,2022,agegroup_days0_27,sex_btsx,88
bhr,2023,agegroup_days0_27,sex_btsx,86
bhs,1970,agegroup_days0_27,sex_btsx,125
bhs,1971,agegroup_days0_27,sex_btsx,124
bhs,1972,agegroup_days0_27,sex_btsx,123
bhs,1973,agegroup_days0_27,sex_btsx,123
bhs,1974,agegroup_days0_27,sex_btsx,121
bhs,1975,agegroup_days0_27,sex_btsx,119
bhs,1976,agegroup_days0_27,sex_btsx,116
bhs,1977,agegroup_days0_27,sex_btsx,111
bhs,1978,agegroup_days0_27,sex_btsx,106
bhs,1979,agegroup_days0_27,sex_btsx,101
bhs,1980,agegroup_days0_27,sex_btsx,96
bhs,1981,agegroup_days0_27,sex_btsx,93
bhs,1982,agegroup_days0_27,sex_btsx,91
bhs,1983,agegroup_days0_27,sex_btsx,91
bhs,1984,agegroup_days0_27,sex_btsx,90
bhs,1985,agegroup_days0_27,sex_btsx,90
bhs,1986,agegroup_days0_27,sex_btsx,91
bhs,1987,agegroup_days0_27,sex_btsx,90
bhs,1988,agegroup_days0_27,sex_btsx,88
bhs,1989,agegroup_days0_27,sex_btsx,86
bhs,1990,agegroup_days0_27,sex_btsx,83
bhs,1991,agegroup_days0_27,sex_btsx,78
bhs,1992,agegroup_days0_27,sex_btsx,80
bhs,1993,agegroup_days0_27,sex_btsx,73
bhs,1994,agegroup_days0_27,sex_btsx,65
bhs,1995,agegroup_days0_27,sex_btsx,60
bhs,1996,agegroup_days0_27,sex_btsx,55
bhs,1997,agegroup_days0_27,sex_btsx,51
bhs,1998,agegroup_days0_27,sex_btsx,48
bhs,1999,agegroup_days0_27,sex_btsx,45
bhs,2000,agegroup_days0_27,sex_btsx,44
bhs,2001,agegroup_days0_27,sex_btsx,44
bhs,2002,agegroup_days0_27,sex_btsx,45
bhs,2003,agegroup_days0_27,sex_btsx,45
bhs,2004,agegroup_days0_27,sex_btsx,47
bhs,2005,agegroup_days0_27,sex_btsx,48
bhs,2006,agegroup_days0_27,sex_btsx,49
bhs,2007,agegroup_days0_27,sex_btsx,49
bhs,2008,agegroup_days0_27,sex_btsx,49
bhs,2009,agegroup_days0_27,sex_btsx,49
bhs,2010,agegroup_days0_27,sex_btsx,44
bhs,2011,agegroup_days0_27,sex_btsx,43
bhs,2012,agegroup_days0_27,sex_btsx,43
bhs,2013,agegroup_days0_27,sex_btsx,43
bhs,2014,agegroup_days0_27,sex_btsx,43
bhs,2015,agegroup_days0_27,sex_btsx,42
bhs,2016,agegroup_days0_27,sex_btsx,42
bhs,2017,agegroup_days0_27,sex_btsx,41
bhs,2018,agegroup_days0_27,sex_btsx,41
bhs,2019,agegroup_days0_27,sex_btsx,43
bhs,2020,agegroup_days0_27,sex_btsx,42
bhs,2021,agegroup_days0_27,sex_btsx,41
bhs,2022,agegroup_days0_27,sex_btsx,41
bhs,2023,agegroup_days0_27,sex_btsx,40
bih,1986,agegroup_days0_27,sex_btsx,1062
bih,1987,agegroup_days0_27,sex_btsx,960
bih,1988,agegroup_days0_27,sex_btsx,879
bih,1989,agegroup_days0_27,sex_btsx,811
bih,1990,agegroup_days0_27,sex_btsx,777
bih,1991,agegroup_days0_27,sex_btsx,741
bih,1992,agegroup_days0_27,sex_btsx,736
bih,1993,agegroup_days0_27,sex_btsx,556
bih,1994,agegroup_days0_27,sex_btsx,431
bih,1995,agegroup_days0_27,sex_btsx,367
bih,1996,agegroup_days0_27,sex_btsx,371
bih,1997,agegroup_days0_27,sex_btsx,402
bih,1998,agegroup_days0_27,sex_btsx,370
bih,1999,agegroup_days0_27,sex_btsx,311
bih,2000,agegroup_days0_27,sex_btsx,279
bih,2001,agegroup_days0_27,sex_btsx,257
bih,2002,agegroup_days0_27,sex_btsx,248
bih,2003,agegroup_days0_27,sex_btsx,236
bih,2004,agegroup_days0_27,sex_btsx,226
bih,2005,agegroup_days0_27,sex_btsx,210
bih,2006,agegroup_days0_27,sex_btsx,197
bih,2007,agegroup_days0_27,sex_btsx,192
bih,2008,agegroup_days0_27,sex_btsx,187
bih,2009,agegroup_days0_27,sex_btsx,188
bih,2010,agegroup_days0_27,sex_btsx,179
bih,2011,agegroup_days0_27,sex_btsx,164
bih,2012,agegroup_days0_27,sex_btsx,160
bih,2013,agegroup_days0_27,sex_btsx,155
bih,2014,agegroup_days0_27,sex_btsx,146
bih,2015,agegroup_days0_27,sex_btsx,145
bih,2016,agegroup_days0_27,sex_btsx,142
bih,2017,agegroup_days0_27,sex_btsx,141
bih,2018,agegroup_days0_27,sex_btsx,141
bih,2019,agegroup_days0_27,sex_btsx,135
bih,2020,agegroup_days0_27,sex_btsx,130
bih,2021,agegroup_days0_27,sex_btsx,122
bih,2022,agegroup_days0_27,sex_btsx,114
bih,2023,agegroup_days0_27,sex_btsx,111
blr,1990,agegroup_days0_27,sex_btsx,1388
blr,1991,agegroup_days0_27,sex_btsx,1269
blr,1992,agegroup_days0_27,sex_btsx,1213
blr,1993,agegroup_days0_27,sex_btsx,1117
blr,1994,agegroup_days0_27,sex_btsx,1037
blr,1995,agegroup_days0_27,sex_btsx,934
blr,1996,agegroup_days0_27,sex_btsx,851
blr,1997,agegroup_days0_27,sex_btsx,740
blr,1998,agegroup_days0_27,sex_btsx,679
blr,1999,agegroup_days0_27,sex_btsx,567
blr,2000,agegroup_days0_27,sex_btsx,473
blr,2001,agegroup_days0_27,sex_btsx,391
blr,2002,agegroup_days0_27,sex_btsx,335
blr,2003,agegroup_days0_27,sex_btsx,307
blr,2004,agegroup_days0_27,sex_btsx,292
blr,2005,agegroup_days0_27,sex_btsx,282
blr,2006,agegroup_days0_27,sex_btsx,274
blr,2007,agegroup_days0_27,sex_btsx,259
blr,2008,agegroup_days0_27,sex_btsx,235
blr,2009,agegroup_days0_27,sex_btsx,212
blr,2010,agegroup_days0_27,sex_btsx,192
blr,2011,agegroup_days0_27,sex_btsx,188
blr,2012,agegroup_days0_27,sex_btsx,196
blr,2013,agegroup_days0_27,sex_btsx,199
blr,2014,agegroup_days0_27,sex_btsx,195
blr,2015,agegroup_days0_27,sex_btsx,187
blr,2016,agegroup_days0_27,sex_btsx,174
blr,2017,agegroup_days0_27,sex_btsx,141
blr,2018,agegroup_days0_27,sex_btsx,116
blr,2019,agegroup_days0_27,sex_btsx,95
blr,2020,agegroup_days0_27,sex_btsx,80
blr,2021,agegroup_days0_27,sex_btsx,70
blr,2022,agegroup_days0_27,sex_btsx,60
blr,2023,agegroup_days0_27,sex_btsx,50
blz,1969,agegroup_days0_27,sex_btsx,156
blz,1970,agegroup_days0_27,sex_btsx,157
blz,1971,agegroup_days0_27,sex_btsx,159
blz,1972,agegroup_days0_27,sex_btsx,161
blz,1973,agegroup_days0_27,sex_btsx,162
blz,1974,agegroup_days0_27,sex_btsx,164
blz,1975,agegroup_days0_27,sex_btsx,165
blz,1976,agegroup_days0_27,sex_btsx,167
blz,1977,agegroup_days0_27,sex_btsx,169
blz,1978,agegroup_days0_27,sex_btsx,169
blz,1979,agegroup_days0_27,sex_btsx,168
blz,1980,agegroup_days0_27,sex_btsx,165
blz,1981,agegroup_days0_27,sex_btsx,163
blz,1982,agegroup_days0_27,sex_btsx,158
blz,1983,agegroup_days0_27,sex_btsx,152
blz,1984,agegroup_days0_27,sex_btsx,146
blz,1985,agegroup_days0_27,sex_btsx,141
blz,1986,agegroup_days0_27,sex_btsx,138
blz,1987,agegroup_days0_27,sex_btsx,134
blz,1988,agegroup_days0_27,sex_btsx,132
blz,1989,agegroup_days0_27,sex_btsx,130
blz,1990,agegroup_days0_27,sex_btsx,127
blz,1991,agegroup_days0_27,sex_btsx,121
blz,1992,agegroup_days0_27,sex_btsx,113
blz,1993,agegroup_days0_27,sex_btsx,105
blz,1994,agegroup_days0_27,sex_btsx,97
blz,1995,agegroup_days0_27,sex_btsx,94
blz,1996,agegroup_days0_27,sex_btsx,90
blz,1997,agegroup_days0_27,sex_btsx,89
blz,1998,agegroup_days0_27,sex_btsx,90
blz,1999,agegroup_days0_27,sex_btsx,90
blz,2000,agegroup_days0_27,sex_btsx,88
blz,2001,agegroup_days0_27,sex_btsx,86
blz,2002,agegroup_days0_27,sex_btsx,83
blz,2003,agegroup_days0_27,sex_btsx,80
blz,2004,agegroup_days0_27,sex_btsx,78
blz,2005,agegroup_days0_27,sex_btsx,75
blz,2006,agegroup_days0_27,sex_btsx,72
blz,2007,agegroup_days0_27,sex_btsx,70
blz,2008,agegroup_days0_27,sex_btsx,70
blz,2009,agegroup_days0_27,sex_btsx,71
blz,2010,agegroup_days0_27,sex_btsx,73
blz,2011,agegroup_days0_27,sex_btsx,78
blz,2012,agegroup_days0_27,sex_btsx,81
blz,2013,agegroup_days0_27,sex_btsx,82
blz,2014,agegroup_days0_27,sex_btsx,82
blz,2015,agegroup_days0_27,sex_btsx,81
blz,2016,agegroup_days0_27,sex_btsx,80
blz,2017,agegroup_days0_27,sex_btsx,79
blz,2018,agegroup_days0_27,sex_btsx,78
blz,2019,agegroup_days0_27,sex_btsx,72
blz,2020,agegroup_days0_27,sex_btsx,68
blz,2021,agegroup_days0_27,sex_btsx,62
blz,2022,agegroup_days0_27,sex_btsx,65
blz,2023,agegroup_days0_27,sex_btsx,69
bol,1967,agegroup_days0_27,sex_btsx,12853
bol,1968,agegroup_days0_27,sex_btsx,12741
bol,1969,agegroup_days0_27,sex_btsx,12554
bol,1970,agegroup_days0_27,sex_btsx,12375
bol,1971,agegroup_days0_27,sex_btsx,12255
bol,1972,agegroup_days0_27,sex_btsx,12121
bol,1973,agegroup_days0_27,sex_btsx,12071
bol,1974,agegroup_days0_27,sex_btsx,12015
bol,1975,agegroup_days0_27,sex_btsx,11911
bol,1976,agegroup_days0_27,sex_btsx,11919
bol,1977,agegroup_days0_27,sex_btsx,11825
bol,1978,agegroup_days0_27,sex_btsx,11696
bol,1979,agegroup_days0_27,sex_btsx,11559
bol,1980,agegroup_days0_27,sex_btsx,11472
bol,1981,agegroup_days0_27,sex_btsx,11414
bol,1982,agegroup_days0_27,sex_btsx,11350
bol,1983,agegroup_days0_27,sex_btsx,11301
bol,1984,agegroup_days0_27,sex_btsx,11257
bol,1985,agegroup_days0_27,sex_btsx,11110
bol,1986,agegroup_days0_27,sex_btsx,11007
bol,1987,agegroup_days0_27,sex_btsx,10908
bol,1988,agegroup_days0_27,sex_btsx,10823
bol,1989,agegroup_days0_27,sex_btsx,10693
bol,1990,agegroup_days0_27,sex_btsx,10541
bol,1991,agegroup_days0_27,sex_btsx,10371
bol,1992,agegroup_days0_27,sex_btsx,10071
bol,1993,agegroup_days0_27,sex_btsx,9803
bol,1994,agegroup_days0_27,sex_btsx,9541
bol,1995,agegroup_days0_27,sex_btsx,9257
bol,1996,agegroup_days0_27,sex_btsx,8973
bol,1997,agegroup_days0_27,sex_btsx,8568
bol,1998,agegroup_days0_27,sex_btsx,8237
bol,1999,agegroup_days0_27,sex_btsx,7949
bol,2000,agegroup_days0_27,sex_btsx,7617
bol,2001,agegroup_days0_27,sex_btsx,7325
bol,2002,agegroup_days0_27,sex_btsx,7110
bol,2003,agegroup_days0_27,sex_btsx,6980
bol,2004,agegroup_days0_27,sex_btsx,6845
bol,2005,agegroup_days0_27,sex_btsx,6716
bol,2006,agegroup_days0_27,sex_btsx,6649
bol,2007,agegroup_days0_27,sex_btsx,6441
bol,2008,agegroup_days0_27,sex_btsx,6212
bol,2009,agegroup_days0_27,sex_btsx,5964
bol,2010,agegroup_days0_27,sex_btsx,5717
bol,2011,agegroup_days0_27,sex_btsx,5468
bol,2012,agegroup_days0_27,sex_btsx,5233
bol,2013,agegroup_days0_27,sex_btsx,4948
bol,2014,agegroup_days0_27,sex_btsx,4661
bol,2015,agegroup_days0_27,sex_btsx,4413
bol,2016,agegroup_days0_27,sex_btsx,4202
bol,2017,agegroup_days0_27,sex_btsx,4014
bol,2018,agegroup_days0_27,sex_btsx,3847
bol,2019,agegroup_days0_27,sex_btsx,3692
bol,2020,agegroup_days0_27,sex_btsx,3559
bol,2021,agegroup_days0_27,sex_btsx,3435
bol,2022,agegroup_days0_27,sex_btsx,3310
bol,2023,agegroup_days0_27,sex_btsx,3185
bra,1964,agegroup_days0_27,sex_btsx,164107
bra,1965,agegroup_days0_27,sex_btsx,163221
bra,1966,agegroup_days0_27,sex_btsx,162020
bra,1967,agegroup_days0_27,sex_btsx,160213
bra,1968,agegroup_days0_27,sex_btsx,158381
bra,1969,agegroup_days0_27,sex_btsx,157516
bra,1970,agegroup_days0_27,sex_btsx,157014
bra,1971,agegroup_days0_27,sex_btsx,156254
bra,1972,agegroup_days0_27,sex_btsx,155471
bra,1973,agegroup_days0_27,sex_btsx,153970
bra,1974,agegroup_days0_27,sex_btsx,150840
bra,1975,agegroup_days0_27,sex_btsx,148547
bra,1976,agegroup_days0_27,sex_btsx,146454
bra,1977,agegroup_days0_27,sex_btsx,144320
bra,1978,agegroup_days0_27,sex_btsx,142077
bra,1979,agegroup_days0_27,sex_btsx,139912
bra,1980,agegroup_days0_27,sex_btsx,137589
bra,1981,agegroup_days0_27,sex_btsx,134920
bra,1982,agegroup_days0_27,sex_btsx,131325
bra,1983,agegroup_days0_27,sex_btsx,127328
bra,1984,agegroup_days0_27,sex_btsx,122696
bra,1985,agegroup_days0_27,sex_btsx,118246
bra,1986,agegroup_days0_27,sex_btsx,113549
bra,1987,agegroup_days0_27,sex_btsx,108216
bra,1988,agegroup_days0_27,sex_btsx,103026
bra,1989,agegroup_days0_27,sex_btsx,98345
bra,1990,agegroup_days0_27,sex_btsx,93326
bra,1991,agegroup_days0_27,sex_btsx,88856
bra,1992,agegroup_days0_27,sex_btsx,84356
bra,1993,agegroup_days0_27,sex_btsx,81358
bra,1994,agegroup_days0_27,sex_btsx,78611
bra,1995,agegroup_days0_27,sex_btsx,76741
bra,1996,agegroup_days0_27,sex_btsx,74459
bra,1997,agegroup_days0_27,sex_btsx,72614
bra,1998,agegroup_days0_27,sex_btsx,70505
bra,1999,agegroup_days0_27,sex_btsx,67293
bra,2000,agegroup_days0_27,sex_btsx,62732
bra,2001,agegroup_days0_27,sex_btsx,58290
bra,2002,agegroup_days0_27,sex_btsx,53842
bra,2003,agegroup_days0_27,sex_btsx,49747
bra,2004,agegroup_days0_27,sex_btsx,46808
bra,2005,agegroup_days0_27,sex_btsx,44055
bra,2006,agegroup_days0_27,sex_btsx,41142
bra,2007,agegroup_days0_27,sex_btsx,38578
bra,2008,agegroup_days0_27,sex_btsx,36239
bra,2009,agegroup_days0_27,sex_btsx,34527
bra,2010,agegroup_days0_27,sex_btsx,32976
bra,2011,agegroup_days0_27,sex_btsx,31581
bra,2012,agegroup_days0_27,sex_btsx,30261
bra,2013,agegroup_days0_27,sex_btsx,29238
bra,2014,agegroup_days0_27,sex_btsx,28722
bra,2015,agegroup_days0_27,sex_btsx,28189
bra,2016,agegroup_days0_27,sex_btsx,28901
bra,2017,agegroup_days0_27,sex_btsx,26616
bra,2018,agegroup_days0_27,sex_btsx,26418
bra,2019,agegroup_days0_27,sex_btsx,25804
bra,2020,agegroup_days0_27,sex_btsx,24901
bra,2021,agegroup_days0_27,sex_btsx,23796
bra,2022,agegroup_days0_27,sex_btsx,21903
bra,2023,agegroup_days0_27,sex_btsx,19804
brb,1969,agegroup_days0_27,sex_btsx,192
brb,1970,agegroup_days0_27,sex_btsx,170
brb,1971,agegroup_days0_27,sex_btsx,169
brb,1972,agegroup_days0_27,sex_btsx,162
brb,1973,agegroup_days0_27,sex_btsx,144
brb,1974,agegroup_days0_27,sex_btsx,129
brb,1975,agegroup_days0_27,sex_btsx,116
brb,1976,agegroup_days0_27,sex_btsx,101
brb,1977,agegroup_days0_27,sex_btsx,95
brb,1978,agegroup_days0_27,sex_btsx,77
brb,1979,agegroup_days0_27,sex_btsx,74
brb,1980,agegroup_days0_27,sex_btsx,68
brb,1981,agegroup_days0_27,sex_btsx,68
brb,1982,agegroup_days0_27,sex_btsx,67
brb,1983,agegroup_days0_27,sex_btsx,66
brb,1984,agegroup_days0_27,sex_btsx,62
brb,1985,agegroup_days0_27,sex_btsx,61
brb,1986,agegroup_days0_27,sex_btsx,57
brb,1987,agegroup_days0_27,sex_btsx,53
brb,1988,agegroup_days0_27,sex_btsx,49
brb,1989,agegroup_days0_27,sex_btsx,48
brb,1990,agegroup_days0_27,sex_btsx,50
brb,1991,agegroup_days0_27,sex_btsx,47
brb,1992,agegroup_days0_27,sex_btsx,44
brb,1993,agegroup_days0_27,sex_btsx,41
brb,1994,agegroup_days0_27,sex_btsx,38
brb,1995,agegroup_days0_27,sex_btsx,36
brb,1996,agegroup_days0_27,sex_btsx,34
brb,1997,agegroup_days0_27,sex_btsx,32
brb,1998,agegroup_days0_27,sex_btsx,31
brb,1999,agegroup_days0_27,sex_btsx,33
brb,2000,agegroup_days0_27,sex_btsx,36
brb,2001,agegroup_days0_27,sex_btsx,36
brb,2002,agegroup_days0_27,sex_btsx,35
brb,2003,agegroup_days0_27,sex_btsx,35
brb,2004,agegroup_days0_27,sex_btsx,35
brb,2005,agegroup_days0_27,sex_btsx,34
brb,2006,agegroup_days0_27,sex_btsx,33
brb,2007,agegroup_days0_27,sex_btsx,34
brb,2008,agegroup_days0_27,sex_btsx,34
brb,2009,agegroup_days0_27,sex_btsx,34
brb,2010,agegroup_days0_27,sex_btsx,34
brb,2011,agegroup_days0_27,sex_btsx,32
brb,2012,agegroup_days0_27,sex_btsx,31
brb,2013,agegroup_days0_27,sex_btsx,30
brb,2014,agegroup_days0_27,sex_btsx,30
brb,2015,agegroup_days0_27,sex_btsx,29
brb,2016,agegroup_days0_27,sex_btsx,28
brb,2017,agegroup_days0_27,sex_btsx,27
brb,2018,agegroup_days0_27,sex_btsx,26
brb,2019,agegroup_days0_27,sex_btsx,25
brb,2020,agegroup_days0_27,sex_btsx,24
brb,2021,agegroup_days0_27,sex_btsx,23
brb,2022,agegroup_days0_27,sex_btsx,23
brb,2023,agegroup_days0_27,sex_btsx,22
brn,1990,agegroup_days0_27,sex_btsx,43
brn,1991,agegroup_days0_27,sex_btsx,43
brn,1992,agegroup_days0_27,sex_btsx,42
brn,1993,agegroup_days0_27,sex_btsx,41
brn,1994,agegroup_days0_27,sex_btsx,39
brn,1995,agegroup_days0_27,sex_btsx,37
brn,1996,agegroup_days0_27,sex_btsx,35
brn,1997,agegroup_days0_27,sex_btsx,34
brn,1998,agegroup_days0_27,sex_btsx,33
brn,1999,agegroup_days0_27,sex_btsx,32
brn,2000,agegroup_days0_27,sex_btsx,32
brn,2001,agegroup_days0_27,sex_btsx,32
brn,2002,agegroup_days0_27,sex_btsx,32
brn,2003,agegroup_days0_27,sex_btsx,32
brn,2004,agegroup_days0_27,sex_btsx,31
brn,2005,agegroup_days0_27,sex_btsx,30
brn,2006,agegroup_days0_27,sex_btsx,29
brn,2007,agegroup_days0_27,sex_btsx,29
brn,2008,agegroup_days0_27,sex_btsx,30
brn,2009,agegroup_days0_27,sex_btsx,30
brn,2010,agegroup_days0_27,sex_btsx,32
brn,2011,agegroup_days0_27,sex_btsx,33
brn,2012,agegroup_days0_27,sex_btsx,34
brn,2013,agegroup_days0_27,sex_btsx,34
brn,2014,agegroup_days0_27,sex_btsx,34
brn,2015,agegroup_days0_27,sex_btsx,34
brn,2016,agegroup_days0_27,sex_btsx,34
brn,2017,agegroup_days0_27,sex_btsx,34
brn,2018,agegroup_days0_27,sex_btsx,34
brn,2019,agegroup_days0_27,sex_btsx,33
brn,2020,agegroup_days0_27,sex_btsx,33
brn,2021,agegroup_days0_27,sex_btsx,32
brn,2022,agegroup_days0_27,sex_btsx,32
brn,2023,agegroup_days0_27,sex_btsx,31
btn,1990,agegroup_days0_27,sex_btsx,955
btn,1991,agegroup_days0_27,sex_btsx,936
btn,1992,agegroup_days0_27,sex_btsx,896
btn,1993,agegroup_days0_27,sex_btsx,779
btn,1994,agegroup_days0_27,sex_btsx,738
btn,1995,agegroup_days0_27,sex_btsx,685
btn,1996,agegroup_days0_27,sex_btsx,626
btn,1997,agegroup_days0_27,sex_btsx,585
btn,1998,agegroup_days0_27,sex_btsx,551
btn,1999,agegroup_days0_27,sex_btsx,518
btn,2000,agegroup_days0_27,sex_btsx,483
btn,2001,agegroup_days0_27,sex_btsx,454
btn,2002,agegroup_days0_27,sex_btsx,426
btn,2003,agegroup_days0_27,sex_btsx,403
btn,2004,agegroup_days0_27,sex_btsx,387
btn,2005,agegroup_days0_27,sex_btsx,376
btn,2006,agegroup_days0_27,sex_btsx,364
btn,2007,agegroup_days0_27,sex_btsx,350
btn,2008,agegroup_days0_27,sex_btsx,331
btn,2009,agegroup_days0_27,sex_btsx,309
btn,2010,agegroup_days0_27,sex_btsx,287
btn,2011,agegroup_days0_27,sex_btsx,268
btn,2012,agegroup_days0_27,sex_btsx,249
btn,2013,agegroup_days0_27,sex_btsx,232
btn,2014,agegroup_days0_27,sex_btsx,215
btn,2015,agegroup_days0_27,sex_btsx,198
btn,2016,agegroup_days0_27,sex_btsx,181
btn,2017,agegroup_days0_27,sex_btsx,164
btn,2018,agegroup_days0_27,sex_btsx,149
btn,2019,agegroup_days0_27,sex_btsx,139
btn,2020,agegroup_days0_27,sex_btsx,140
btn,2021,agegroup_days0_27,sex_btsx,136
btn,2022,agegroup_days0_27,sex_btsx,132
btn,2023,agegroup_days0_27,sex_btsx,126
bwa,1966,agegroup_days0_27,sex_btsx,1038
bwa,1967,agegroup_days0_27,sex_btsx,1011
bwa,1968,agegroup_days0_27,sex_btsx,986
bwa,1969,agegroup_days0_27,sex_btsx,965
bwa,1970,agegroup_days0_27,sex_btsx,951
bwa,1971,agegroup_days0_27,sex_btsx,944
bwa,1972,agegroup_days0_27,sex_btsx,963
bwa,1973,agegroup_days0_27,sex_btsx,996
bwa,1974,agegroup_days0_27,sex_btsx,1038
bwa,1975,agegroup_days0_27,sex_btsx,1075
bwa,1976,agegroup_days0_27,sex_btsx,1118
bwa,1977,agegroup_days0_27,sex_btsx,1157
bwa,1978,agegroup_days0_27,sex_btsx,1197
bwa,1979,agegroup_days0_27,sex_btsx,1250
bwa,1980,agegroup_days0_27,sex_btsx,1289
bwa,1981,agegroup_days0_27,sex_btsx,1291
bwa,1982,agegroup_days0_27,sex_btsx,1297
bwa,1983,agegroup_days0_27,sex_btsx,1290
bwa,1984,agegroup_days0_27,sex_btsx,1275
bwa,1985,agegroup_days0_27,sex_btsx,1254
bwa,1986,agegroup_days0_27,sex_btsx,1215
bwa,1987,agegroup_days0_27,sex_btsx,1152
bwa,1988,agegroup_days0_27,sex_btsx,1082
bwa,1989,agegroup_days0_27,sex_btsx,1007
bwa,1990,agegroup_days0_27,sex_btsx,923
bwa,1991,agegroup_days0_27,sex_btsx,842
bwa,1992,agegroup_days0_27,sex_btsx,774
bwa,1993,agegroup_days0_27,sex_btsx,713
bwa,1994,agegroup_days0_27,sex_btsx,652
bwa,1995,agegroup_days0_27,sex_btsx,583
bwa,1996,agegroup_days0_27,sex_btsx,525
bwa,1997,agegroup_days0_27,sex_btsx,490
bwa,1998,agegroup_days0_27,sex_btsx,477
bwa,1999,agegroup_days0_27,sex_btsx,484
bwa,2000,agegroup_days0_27,sex_btsx,516
bwa,2001,agegroup_days0_27,sex_btsx,565
bwa,2002,agegroup_days0_27,sex_btsx,630
bwa,2003,agegroup_days0_27,sex_btsx,709
bwa,2004,agegroup_days0_27,sex_btsx,807
bwa,2005,agegroup_days0_27,sex_btsx,928
bwa,2006,agegroup_days0_27,sex_btsx,1057
bwa,2007,agegroup_days0_27,sex_btsx,1150
bwa,2008,agegroup_days0_27,sex_btsx,1227
bwa,2009,agegroup_days0_27,sex_btsx,1291
bwa,2010,agegroup_days0_27,sex_btsx,1342
bwa,2011,agegroup_days0_27,sex_btsx,1368
bwa,2012,agegroup_days0_27,sex_btsx,1385
bwa,2013,agegroup_days0_27,sex_btsx,1379
bwa,2014,agegroup_days0_27,sex_btsx,1374
bwa,2015,agegroup_days0_27,sex_btsx,1370
bwa,2016,agegroup_days0_27,sex_btsx,1371
bwa,2017,agegroup_days0_27,sex_btsx,1365
bwa,2018,agegroup_days0_27,sex_btsx,1354
bwa,2019,agegroup_days0_27,sex_btsx,1344
bwa,2020,agegroup_days0_27,sex_btsx,1334
bwa,2021,agegroup_days0_27,sex_btsx,1320
bwa,2022,agegroup_days0_27,sex_btsx,1308
bwa,2023,agegroup_days0_27,sex_btsx,1280
caf,1972,agegroup_days0_27,sex_btsx,5361
caf,1973,agegroup_days0_27,sex_btsx,5356
caf,1974,agegroup_days0_27,sex_btsx,5362
caf,1975,agegroup_days0_27,sex_btsx,5381
caf,1976,agegroup_days0_27,sex_btsx,5470
caf,1977,agegroup_days0_27,sex_btsx,5563
caf,1978,agegroup_days0_27,sex_btsx,5663
caf,1979,agegroup_days0_27,sex_btsx,5771
caf,1980,agegroup_days0_27,sex_btsx,5882
caf,1981,agegroup_days0_27,sex_btsx,6000
caf,1982,agegroup_days0_27,sex_btsx,6102
caf,1983,agegroup_days0_27,sex_btsx,6219
caf,1984,agegroup_days0_27,sex_btsx,6341
caf,1985,agegroup_days0_27,sex_btsx,6462
caf,1986,agegroup_days0_27,sex_btsx,6569
caf,1987,agegroup_days0_27,sex_btsx,6672
caf,1988,agegroup_days0_27,sex_btsx,6713
caf,1989,agegroup_days0_27,sex_btsx,6750
caf,1990,agegroup_days0_27,sex_btsx,6799
caf,1991,agegroup_days0_27,sex_btsx,6837
caf,1992,agegroup_days0_27,sex_btsx,6826
caf,1993,agegroup_days0_27,sex_btsx,6840
caf,1994,agegroup_days0_27,sex_btsx,6875
caf,1995,agegroup_days0_27,sex_btsx,6941
caf,1996,agegroup_days0_27,sex_btsx,6934
caf,1997,agegroup_days0_27,sex_btsx,6897
caf,1998,agegroup_days0_27,sex_btsx,6871
caf,1999,agegroup_days0_27,sex_btsx,6889
caf,2000,agegroup_days0_27,sex_btsx,6918
caf,2001,agegroup_days0_27,sex_btsx,6952
caf,2002,agegroup_days0_27,sex_btsx,6905
caf,2003,agegroup_days0_27,sex_btsx,7005
caf,2004,agegroup_days0_27,sex_btsx,7011
caf,2005,agegroup_days0_27,sex_btsx,7080
caf,2006,agegroup_days0_27,sex_btsx,7171
caf,2007,agegroup_days0_27,sex_btsx,7173
caf,2008,agegroup_days0_27,sex_btsx,7244
caf,2009,agegroup_days0_27,sex_btsx,8435
caf,2010,agegroup_days0_27,sex_btsx,7371
caf,2011,agegroup_days0_27,sex_btsx,7366
caf,2012,agegroup_days0_27,sex_btsx,7327
caf,2013,agegroup_days0_27,sex_btsx,7279
caf,2014,agegroup_days0_27,sex_btsx,7355
caf,2015,agegroup_days0_27,sex_btsx,6865
caf,2016,agegroup_days0_27,sex_btsx,6967
caf,2017,agegroup_days0_27,sex_btsx,7175
caf,2018,agegroup_days0_27,sex_btsx,7135
caf,2019,agegroup_days0_27,sex_btsx,7636
caf,2020,agegroup_days0_27,sex_btsx,7271
caf,2021,agegroup_days0_27,sex_btsx,7627
caf,2022,agegroup_days0_27,sex_btsx,8390
caf,2023,agegroup_days0_27,sex_btsx,7326
can,1970,agegroup_days0_27,sex_btsx,4702
can,1971,agegroup_days0_27,sex_btsx,4355
can,1972,agegroup_days0_27,sex_btsx,3940
can,1973,agegroup_days0_27,sex_btsx,3625
can,1974,agegroup_days0_27,sex_btsx,3396
can,1975,agegroup_days0_27,sex_btsx,3251
can,1976,agegroup_days0_27,sex_btsx,3062
can,1977,agegroup_days0_27,sex_btsx,2926
can,1978,agegroup_days0_27,sex_btsx,2758
can,1979,agegroup_days0_27,sex_btsx,2615
can,1980,agegroup_days0_27,sex_btsx,2450
can,1981,agegroup_days0_27,sex_btsx,2289
can,1982,agegroup_days0_27,sex_btsx,2176
can,1983,agegroup_days0_27,sex_btsx,2081
can,1984,agegroup_days0_27,sex_btsx,2008
can,1985,agegroup_days0_27,sex_btsx,1918
can,1986,agegroup_days0_27,sex_btsx,1825
can,1987,agegroup_days0_27,sex_btsx,1742
can,1988,agegroup_days0_27,sex_btsx,1710
can,1989,agegroup_days0_27,sex_btsx,1729
can,1990,agegroup_days0_27,sex_btsx,1754
can,1991,agegroup_days0_27,sex_btsx,1735
can,1992,agegroup_days0_27,sex_btsx,1683
can,1993,agegroup_days0_27,sex_btsx,1620
can,1994,agegroup_days0_27,sex_btsx,1587
can,1995,agegroup_days0_27,sex_btsx,1540
can,1996,agegroup_days0_27,sex_btsx,1464
can,1997,agegroup_days0_27,sex_btsx,1363
can,1998,agegroup_days0_27,sex_btsx,1303
can,1999,agegroup_days0_27,sex_btsx,1268
can,2000,agegroup_days0_27,sex_btsx,1239
can,2001,agegroup_days0_27,sex_btsx,1268
can,2002,agegroup_days0_27,sex_btsx,1279
can,2003,agegroup_days0_27,sex_btsx,1317
can,2004,agegroup_days0_27,sex_btsx,1328
can,2005,agegroup_days0_27,sex_btsx,1338
can,2006,agegroup_days0_27,sex_btsx,1365
can,2007,agegroup_days0_27,sex_btsx,1398
can,2008,agegroup_days0_27,sex_btsx,1424
can,2009,agegroup_days0_27,sex_btsx,1429
can,2010,agegroup_days0_27,sex_btsx,1416
can,2011,agegroup_days0_27,sex_btsx,1412
can,2012,agegroup_days0_27,sex_btsx,1412
can,2013,agegroup_days0_27,sex_btsx,1393
can,2014,agegroup_days0_27,sex_btsx,1386
can,2015,agegroup_days0_27,sex_btsx,1363
can,2016,agegroup_days0_27,sex_btsx,1343
can,2017,agegroup_days0_27,sex_btsx,1312
can,2018,agegroup_days0_27,sex_btsx,1291
can,2019,agegroup_days0_27,sex_btsx,1280
can,2020,agegroup_days0_27,sex_btsx,1243
can,2021,agegroup_days0_27,sex_btsx,1265
can,2022,agegroup_days0_27,sex_btsx,1211
can,2023,agegroup_days0_27,sex_btsx,1209
che,1956,agegroup_days0_27,sex_btsx,1594
che,1957,agegroup_days0_27,sex_btsx,1596
che,1958,agegroup_days0_27,sex_btsx,1565
che,1959,agegroup_days0_27,sex_btsx,1549
che,1960,agegroup_days0_27,sex_btsx,1537
che,1961,agegroup_days0_27,sex_btsx,1560
che,1962,agegroup_days0_27,sex_btsx,1596
che,1963,agegroup_days0_27,sex_btsx,1630
che,1964,agegroup_days0_27,sex_btsx,1627
che,1965,agegroup_days0_27,sex_btsx,1573
che,1966,agegroup_days0_27,sex_btsx,1491
che,1967,agegroup_days0_27,sex_btsx,1392
che,1968,agegroup_days0_27,sex_btsx,1285
che,1969,agegroup_days0_27,sex_btsx,1172
che,1970,agegroup_days0_27,sex_btsx,1070
che,1971,agegroup_days0_27,sex_btsx,957
che,1972,agegroup_days0_27,sex_btsx,848
che,1973,agegroup_days0_27,sex_btsx,763
che,1974,agegroup_days0_27,sex_btsx,691
che,1975,agegroup_days0_27,sex_btsx,607
che,1976,agegroup_days0_27,sex_btsx,533
che,1977,agegroup_days0_27,sex_btsx,483
che,1978,agegroup_days0_27,sex_btsx,444
che,1979,agegroup_days0_27,sex_btsx,420
che,1980,agegroup_days0_27,sex_btsx,403
che,1981,agegroup_days0_27,sex_btsx,383
che,1982,agegroup_days0_27,sex_btsx,368
che,1983,agegroup_days0_27,sex_btsx,347
che,1984,agegroup_days0_27,sex_btsx,337
che,1985,agegroup_days0_27,sex_btsx,328
che,1986,agegroup_days0_27,sex_btsx,327
che,1987,agegroup_days0_27,sex_btsx,323
che,1988,agegroup_days0_27,sex_btsx,329
che,1989,agegroup_days0_27,sex_btsx,325
che,1990,agegroup_days0_27,sex_btsx,321
che,1991,agegroup_days0_27,sex_btsx,316
che,1992,agegroup_days0_27,sex_btsx,313
che,1993,agegroup_days0_27,sex_btsx,296
che,1994,agegroup_days0_27,sex_btsx,286
che,1995,agegroup_days0_27,sex_btsx,281
che,1996,agegroup_days0_27,sex_btsx,282
che,1997,agegroup_days0_27,sex_btsx,275
che,1998,agegroup_days0_27,sex_btsx,270
che,1999,agegroup_days0_27,sex_btsx,269
che,2000,agegroup_days0_27,sex_btsx,268
che,2001,agegroup_days0_27,sex_btsx,248
che,2002,agegroup_days0_27,sex_btsx,244
che,2003,agegroup_days0_27,sex_btsx,239
che,2004,agegroup_days0_27,sex_btsx,239
che,2005,agegroup_days0_27,sex_btsx,237
che,2006,agegroup_days0_27,sex_btsx,237
che,2007,agegroup_days0_27,sex_btsx,238
che,2008,agegroup_days0_27,sex_btsx,243
che,2009,agegroup_days0_27,sex_btsx,246
che,2010,agegroup_days0_27,sex_btsx,249
che,2011,agegroup_days0_27,sex_btsx,247
che,2012,agegroup_days0_27,sex_btsx,248
che,2013,agegroup_days0_27,sex_btsx,247
che,2014,agegroup_days0_27,sex_btsx,252
che,2015,agegroup_days0_27,sex_btsx,253
che,2016,agegroup_days0_27,sex_btsx,253
che,2017,agegroup_days0_27,sex_btsx,249
che,2018,agegroup_days0_27,sex_btsx,248
che,2019,agegroup_days0_27,sex_btsx,242
che,2020,agegroup_days0_27,sex_btsx,241
che,2021,agegroup_days0_27,sex_btsx,253
che,2022,agegroup_days0_27,sex_btsx,232
che,2023,agegroup_days0_27,sex_btsx,236
chl,1969,agegroup_days0_27,sex_btsx,8795
chl,1970,agegroup_days0_27,sex_btsx,8352
chl,1971,agegroup_days0_27,sex_btsx,8232
chl,1972,agegroup_days0_27,sex_btsx,8068
chl,1973,agegroup_days0_27,sex_btsx,7654
chl,1974,agegroup_days0_27,sex_btsx,7121
chl,1975,agegroup_days0_27,sex_btsx,6629
chl,1976,agegroup_days0_27,sex_btsx,6173
chl,1977,agegroup_days0_27,sex_btsx,5728
chl,1978,agegroup_days0_27,sex_btsx,5280
chl,1979,agegroup_days0_27,sex_btsx,4803
chl,1980,agegroup_days0_27,sex_btsx,4195
chl,1981,agegroup_days0_27,sex_btsx,3658
chl,1982,agegroup_days0_27,sex_btsx,3214
chl,1983,agegroup_days0_27,sex_btsx,2883
chl,1984,agegroup_days0_27,sex_btsx,2689
chl,1985,agegroup_days0_27,sex_btsx,2635
chl,1986,agegroup_days0_27,sex_btsx,2678
chl,1987,agegroup_days0_27,sex_btsx,2734
chl,1988,agegroup_days0_27,sex_btsx,2744
chl,1989,agegroup_days0_27,sex_btsx,2686
chl,1990,agegroup_days0_27,sex_btsx,2551
chl,1991,agegroup_days0_27,sex_btsx,2377
chl,1992,agegroup_days0_27,sex_btsx,2169
chl,1993,agegroup_days0_27,sex_btsx,2028
chl,1994,agegroup_days0_27,sex_btsx,1915
chl,1995,agegroup_days0_27,sex_btsx,1846
chl,1996,agegroup_days0_27,sex_btsx,1762
chl,1997,agegroup_days0_27,sex_btsx,1683
chl,1998,agegroup_days0_27,sex_btsx,1630
chl,1999,agegroup_days0_27,sex_btsx,1545
chl,2000,agegroup_days0_27,sex_btsx,1456
chl,2001,agegroup_days0_27,sex_btsx,1356
chl,2002,agegroup_days0_27,sex_btsx,1272
chl,2003,agegroup_days0_27,sex_btsx,1253
chl,2004,agegroup_days0_27,sex_btsx,1260
chl,2005,agegroup_days0_27,sex_btsx,1274
chl,2006,agegroup_days0_27,sex_btsx,1266
chl,2007,agegroup_days0_27,sex_btsx,1282
chl,2008,agegroup_days0_27,sex_btsx,1288
chl,2009,agegroup_days0_27,sex_btsx,1287
chl,2010,agegroup_days0_27,sex_btsx,1294
chl,2011,agegroup_days0_27,sex_btsx,1300
chl,2012,agegroup_days0_27,sex_btsx,1285
chl,2013,agegroup_days0_27,sex_btsx,1257
chl,2014,agegroup_days0_27,sex_btsx,1238
chl,2015,agegroup_days0_27,sex_btsx,1239
chl,2016,agegroup_days0_27,sex_btsx,1235
chl,2017,agegroup_days0_27,sex_btsx,1151
chl,2018,agegroup_days0_27,sex_btsx,1100
chl,2019,agegroup_days0_27,sex_btsx,986
chl,2020,agegroup_days0_27,sex_btsx,890
chl,2021,agegroup_days0_27,sex_btsx,792
chl,2022,agegroup_days0_27,sex_btsx,849
chl,2023,agegroup_days0_27,sex_btsx,818
chn,1990,agegroup_days0_27,sex_btsx,831763
chn,1991,agegroup_days0_27,sex_btsx,671668
chn,1992,agegroup_days0_27,sex_btsx,614140
chn,1993,agegroup_days0_27,sex_btsx,576685
chn,1994,agegroup_days0_27,sex_btsx,541982
chn,1995,agegroup_days0_27,sex_btsx,508960
chn,1996,agegroup_days0_27,sex_btsx,470607
chn,1997,agegroup_days0_27,sex_btsx,434777
chn,1998,agegroup_days0_27,sex_btsx,404167
chn,1999,agegroup_days0_27,sex_btsx,378844
chn,2000,agegroup_days0_27,sex_btsx,374715
chn,2001,agegroup_days0_27,sex_btsx,331203
chn,2002,agegroup_days0_27,sex_btsx,301902
chn,2003,agegroup_days0_27,sex_btsx,273662
chn,2004,agegroup_days0_27,sex_btsx,252317
chn,2005,agegroup_days0_27,sex_btsx,230089
chn,2006,agegroup_days0_27,sex_btsx,210755
chn,2007,agegroup_days0_27,sex_btsx,193814
chn,2008,agegroup_days0_27,sex_btsx,180139
chn,2009,agegroup_days0_27,sex_btsx,165988
chn,2010,agegroup_days0_27,sex_btsx,149904
chn,2011,agegroup_days0_27,sex_btsx,135914
chn,2012,agegroup_days0_27,sex_btsx,133611
chn,2013,agegroup_days0_27,sex_btsx,116551
chn,2014,agegroup_days0_27,sex_btsx,109132
chn,2015,agegroup_days0_27,sex_btsx,93350
chn,2016,agegroup_days0_27,sex_btsx,88993
chn,2017,agegroup_days0_27,sex_btsx,81198
chn,2018,agegroup_days0_27,sex_btsx,62993
chn,2019,agegroup_days0_27,sex_btsx,54973
chn,2020,agegroup_days0_27,sex_btsx,41451
chn,2021,agegroup_days0_27,sex_btsx,33947
chn,2022,agegroup_days0_27,sex_btsx,28614
chn,2023,agegroup_days0_27,sex_btsx,25199
civ,1958,agegroup_days0_27,sex_btsx,17574
civ,1959,agegroup_days0_27,sex_btsx,17754
civ,1960,agegroup_days0_27,sex_btsx,18164
civ,1961,agegroup_days0_27,sex_btsx,18479
civ,1962,agegroup_days0_27,sex_btsx,18820
civ,1963,agegroup_days0_27,sex_btsx,19202
civ,1964,agegroup_days0_27,sex_btsx,19615
civ,1965,agegroup_days0_27,sex_btsx,20013
civ,1966,agegroup_days0_27,sex_btsx,20405
civ,1967,agegroup_days0_27,sex_btsx,20825
civ,1968,agegroup_days0_27,sex_btsx,21220
civ,1969,agegroup_days0_27,sex_btsx,21565
civ,1970,agegroup_days0_27,sex_btsx,21884
civ,1971,agegroup_days0_27,sex_btsx,22204
civ,1972,agegroup_days0_27,sex_btsx,22472
civ,1973,agegroup_days0_27,sex_btsx,22713
civ,1974,agegroup_days0_27,sex_btsx,22865
civ,1975,agegroup_days0_27,sex_btsx,22914
civ,1976,agegroup_days0_27,sex_btsx,22963
civ,1977,agegroup_days0_27,sex_btsx,22726
civ,1978,agegroup_days0_27,sex_btsx,22381
civ,1979,agegroup_days0_27,sex_btsx,22452
civ,1980,agegroup_days0_27,sex_btsx,22645
civ,1981,agegroup_days0_27,sex_btsx,22935
civ,1982,agegroup_days0_27,sex_btsx,23319
civ,1983,agegroup_days0_27,sex_btsx,23723
civ,1984,agegroup_days0_27,sex_btsx,24271
civ,1985,agegroup_days0_27,sex_btsx,24732
civ,1986,agegroup_days0_27,sex_btsx,25204
civ,1987,agegroup_days0_27,sex_btsx,25685
civ,1988,agegroup_days0_27,sex_btsx,25903
civ,1989,agegroup_days0_27,sex_btsx,26321
civ,1990,agegroup_days0_27,sex_btsx,26879
civ,1991,agegroup_days0_27,sex_btsx,27375
civ,1992,agegroup_days0_27,sex_btsx,27873
civ,1993,agegroup_days0_27,sex_btsx,28236
civ,1994,agegroup_days0_27,sex_btsx,28559
civ,1995,agegroup_days0_27,sex_btsx,29169
civ,1996,agegroup_days0_27,sex_btsx,29662
civ,1997,agegroup_days0_27,sex_btsx,30314
civ,1998,agegroup_days0_27,sex_btsx,30962
civ,1999,agegroup_days0_27,sex_btsx,31467
civ,2000,agegroup_days0_27,sex_btsx,31943
civ,2001,agegroup_days0_27,sex_btsx,32161
civ,2002,agegroup_days0_27,sex_btsx,32253
civ,2003,agegroup_days0_27,sex_btsx,32221
civ,2004,agegroup_days0_27,sex_btsx,32190
civ,2005,agegroup_days0_27,sex_btsx,32279
civ,2006,agegroup_days0_27,sex_btsx,32244
civ,2007,agegroup_days0_27,sex_btsx,32136
civ,2008,agegroup_days0_27,sex_btsx,32011
civ,2009,agegroup_days0_27,sex_btsx,32392
civ,2010,agegroup_days0_27,sex_btsx,32686
civ,2011,agegroup_days0_27,sex_btsx,32725
civ,2012,agegroup_days0_27,sex_btsx,32693
civ,2013,agegroup_days0_27,sex_btsx,32545
civ,2014,agegroup_days0_27,sex_btsx,32281
civ,2015,agegroup_days0_27,sex_btsx,31790
civ,2016,agegroup_days0_27,sex_btsx,31356
civ,2017,agegroup_days0_27,sex_btsx,30706
civ,2018,agegroup_days0_27,sex_btsx,29727
civ,2019,agegroup_days0_27,sex_btsx,29293
civ,2020,agegroup_days0_27,sex_btsx,28923
civ,2021,agegroup_days0_27,sex_btsx,28628
civ,2022,agegroup_days0_27,sex_btsx,28348
civ,2023,agegroup_days0_27,sex_btsx,28104
cmr,1956,agegroup_days0_27,sex_btsx,17173
cmr,1957,agegroup_days0_27,sex_btsx,16922
cmr,1958,agegroup_days0_27,sex_btsx,16725
cmr,1959,agegroup_days0_27,sex_btsx,16550
cmr,1960,agegroup_days0_27,sex_btsx,16432
cmr,1961,agegroup_days0_27,sex_btsx,16402
cmr,1962,agegroup_days0_27,sex_btsx,16401
cmr,1963,agegroup_days0_27,sex_btsx,16452
cmr,1964,agegroup_days0_27,sex_btsx,16511
cmr,1965,agegroup_days0_27,sex_btsx,16679
cmr,1966,agegroup_days0_27,sex_btsx,16806
cmr,1967,agegroup_days0_27,sex_btsx,16951
cmr,1968,agegroup_days0_27,sex_btsx,17030
cmr,1969,agegroup_days0_27,sex_btsx,17096
cmr,1970,agegroup_days0_27,sex_btsx,17089
cmr,1971,agegroup_days0_27,sex_btsx,17140
cmr,1972,agegroup_days0_27,sex_btsx,17210
cmr,1973,agegroup_days0_27,sex_btsx,17437
cmr,1974,agegroup_days0_27,sex_btsx,17722
cmr,1975,agegroup_days0_27,sex_btsx,18052
cmr,1976,agegroup_days0_27,sex_btsx,18504
cmr,1977,agegroup_days0_27,sex_btsx,18920
cmr,1978,agegroup_days0_27,sex_btsx,19247
cmr,1979,agegroup_days0_27,sex_btsx,19617
cmr,1980,agegroup_days0_27,sex_btsx,19832
cmr,1981,agegroup_days0_27,sex_btsx,20278
cmr,1982,agegroup_days0_27,sex_btsx,20466
cmr,1983,agegroup_days0_27,sex_btsx,19900
cmr,1984,agegroup_days0_27,sex_btsx,19658
cmr,1985,agegroup_days0_27,sex_btsx,19550
cmr,1986,agegroup_days0_27,sex_btsx,19536
cmr,1987,agegroup_days0_27,sex_btsx,19499
cmr,1988,agegroup_days0_27,sex_btsx,19493
cmr,1989,agegroup_days0_27,sex_btsx,19574
cmr,1990,agegroup_days0_27,sex_btsx,19892
cmr,1991,agegroup_days0_27,sex_btsx,20303
cmr,1992,agegroup_days0_27,sex_btsx,20655
cmr,1993,agegroup_days0_27,sex_btsx,20965
cmr,1994,agegroup_days0_27,sex_btsx,21220
cmr,1995,agegroup_days0_27,sex_btsx,21360
cmr,1996,agegroup_days0_27,sex_btsx,21441
cmr,1997,agegroup_days0_27,sex_btsx,21504
cmr,1998,agegroup_days0_27,sex_btsx,21669
cmr,1999,agegroup_days0_27,sex_btsx,21782
cmr,2000,agegroup_days0_27,sex_btsx,21703
cmr,2001,agegroup_days0_27,sex_btsx,21655
cmr,2002,agegroup_days0_27,sex_btsx,21923
cmr,2003,agegroup_days0_27,sex_btsx,22451
cmr,2004,agegroup_days0_27,sex_btsx,23008
cmr,2005,agegroup_days0_27,sex_btsx,23501
cmr,2006,agegroup_days0_27,sex_btsx,23847
cmr,2007,agegroup_days0_27,sex_btsx,24197
cmr,2008,agegroup_days0_27,sex_btsx,24522
cmr,2009,agegroup_days0_27,sex_btsx,24795
cmr,2010,agegroup_days0_27,sex_btsx,24921
cmr,2011,agegroup_days0_27,sex_btsx,24953
cmr,2012,agegroup_days0_27,sex_btsx,24976
cmr,2013,agegroup_days0_27,sex_btsx,24976
cmr,2014,agegroup_days0_27,sex_btsx,24990
cmr,2015,agegroup_days0_27,sex_btsx,25460
cmr,2016,agegroup_days0_27,sex_btsx,25753
cmr,2017,agegroup_days0_27,sex_btsx,25777
cmr,2018,agegroup_days0_27,sex_btsx,25538
cmr,2019,agegroup_days0_27,sex_btsx,25216
cmr,2020,agegroup_days0_27,sex_btsx,24871
cmr,2021,agegroup_days0_27,sex_btsx,24508
cmr,2022,agegroup_days0_27,sex_btsx,24306
cmr,2023,agegroup_days0_27,sex_btsx,24122
cod,1985,agegroup_days0_27,sex_btsx,63476
cod,1986,agegroup_days0_27,sex_btsx,65043
cod,1987,agegroup_days0_27,sex_btsx,66395
cod,1988,agegroup_days0_27,sex_btsx,67606
cod,1989,agegroup_days0_27,sex_btsx,68643
cod,1990,agegroup_days0_27,sex_btsx,69842
cod,1991,agegroup_days0_27,sex_btsx,71811
cod,1992,agegroup_days0_27,sex_btsx,73196
cod,1993,agegroup_days0_27,sex_btsx,75607
cod,1994,agegroup_days0_27,sex_btsx,77749
cod,1995,agegroup_days0_27,sex_btsx,83685
cod,1996,agegroup_days0_27,sex_btsx,84439
cod,1997,agegroup_days0_27,sex_btsx,83251
cod,1998,agegroup_days0_27,sex_btsx,82846
cod,1999,agegroup_days0_27,sex_btsx,85410
cod,2000,agegroup_days0_27,sex_btsx,87527
cod,2001,agegroup_days0_27,sex_btsx,88880
cod,2002,agegroup_days0_27,sex_btsx,89875
cod,2003,agegroup_days0_27,sex_btsx,90625
cod,2004,agegroup_days0_27,sex_btsx,91236
cod,2005,agegroup_days0_27,sex_btsx,92296
cod,2006,agegroup_days0_27,sex_btsx,93716
cod,2007,agegroup_days0_27,sex_btsx,94394
cod,2008,agegroup_days0_27,sex_btsx,95416
cod,2009,agegroup_days0_27,sex_btsx,96402
cod,2010,agegroup_days0_27,sex_btsx,97220
cod,2011,agegroup_days0_27,sex_btsx,98629
cod,2012,agegroup_days0_27,sex_btsx,99931
cod,2013,agegroup_days0_27,sex_btsx,100836
cod,2014,agegroup_days0_27,sex_btsx,102189
cod,2015,agegroup_days0_27,sex_btsx,103180
cod,2016,agegroup_days0_27,sex_btsx,104082
cod,2017,agegroup_days0_27,sex_btsx,106274
cod,2018,agegroup_days0_27,sex_btsx,107884
cod,2019,agegroup_days0_27,sex_btsx,108219
cod,2020,agegroup_days0_27,sex_btsx,108872
cod,2021,agegroup_days0_27,sex_btsx,109689
cod,2022,agegroup_days0_27,sex_btsx,110371
cod,2023,agegroup_days0_27,sex_btsx,110646
cog,1983,agegroup_days0_27,sex_btsx,2314
cog,1984,agegroup_days0_27,sex_btsx,2315
cog,1985,agegroup_days0_27,sex_btsx,2333
cog,1986,agegroup_days0_27,sex_btsx,2359
cog,1987,agegroup_days0_27,sex_btsx,2398
cog,1988,agegroup_days0_27,sex_btsx,2444
cog,1989,agegroup_days0_27,sex_btsx,2497
cog,1990,agegroup_days0_27,sex_btsx,2559
cog,1991,agegroup_days0_27,sex_btsx,2641
cog,1992,agegroup_days0_27,sex_btsx,2744
cog,1993,agegroup_days0_27,sex_btsx,2857
cog,1994,agegroup_days0_27,sex_btsx,3002
cog,1995,agegroup_days0_27,sex_btsx,3127
cog,1996,agegroup_days0_27,sex_btsx,3264
cog,1997,agegroup_days0_27,sex_btsx,3384
cog,1998,agegroup_days0_27,sex_btsx,3416
cog,1999,agegroup_days0_27,sex_btsx,3467
cog,2000,agegroup_days0_27,sex_btsx,3491
cog,2001,agegroup_days0_27,sex_btsx,3653
cog,2002,agegroup_days0_27,sex_btsx,3676
cog,2003,agegroup_days0_27,sex_btsx,3633
cog,2004,agegroup_days0_27,sex_btsx,3644
cog,2005,agegroup_days0_27,sex_btsx,3626
cog,2006,agegroup_days0_27,sex_btsx,3626
cog,2007,agegroup_days0_27,sex_btsx,3637
cog,2008,agegroup_days0_27,sex_btsx,3713
cog,2009,agegroup_days0_27,sex_btsx,3761
cog,2010,agegroup_days0_27,sex_btsx,3920
cog,2011,agegroup_days0_27,sex_btsx,3929
cog,2012,agegroup_days0_27,sex_btsx,3915
cog,2013,agegroup_days0_27,sex_btsx,3839
cog,2014,agegroup_days0_27,sex_btsx,3758
cog,2015,agegroup_days0_27,sex_btsx,3687
cog,2016,agegroup_days0_27,sex_btsx,3615
cog,2017,agegroup_days0_27,sex_btsx,3558
cog,2018,agegroup_days0_27,sex_btsx,3507
cog,2019,agegroup_days0_27,sex_btsx,3473
cog,2020,agegroup_days0_27,sex_btsx,3423
cog,2021,agegroup_days0_27,sex_btsx,3397
cog,2022,agegroup_days0_27,sex_btsx,3362
cog,2023,agegroup_days0_27,sex_btsx,3344
cok,1990,agegroup_days0_27,sex_btsx,7
cok,1991,agegroup_days0_27,sex_btsx,7
cok,1992,agegroup_days0_27,sex_btsx,7
cok,1993,agegroup_days0_27,sex_btsx,7
cok,1994,agegroup_days0_27,sex_btsx,7
cok,1995,agegroup_days0_27,sex_btsx,6
cok,1996,agegroup_days0_27,sex_btsx,6
cok,1997,agegroup_days0_27,sex_btsx,5
cok,1998,agegroup_days0_27,sex_btsx,5
cok,1999,agegroup_days0_27,sex_btsx,4
cok,2000,agegroup_days0_27,sex_btsx,4
cok,2001,agegroup_days0_27,sex_btsx,3
cok,2002,agegroup_days0_27,sex_btsx,3
cok,2003,agegroup_days0_27,sex_btsx,3
cok,2004,agegroup_days0_27,sex_btsx,3
cok,2005,agegroup_days0_27,sex_btsx,2
cok,2006,agegroup_days0_27,sex_btsx,2
cok,2007,agegroup_days0_27,sex_btsx,2
cok,2008,agegroup_days0_27,sex_btsx,2
cok,2009,agegroup_days0_27,sex_btsx,2
cok,2010,agegroup_days0_27,sex_btsx,2
cok,2011,agegroup_days0_27,sex_btsx,2
cok,2012,agegroup_days0_27,sex_btsx,2
cok,2013,agegroup_days0_27,sex_btsx,2
cok,2014,agegroup_days0_27,sex_btsx,2
cok,2015,agegroup_days0_27,sex_btsx,2
cok,2016,agegroup_days0_27,sex_btsx,2
cok,2017,agegroup_days0_27,sex_btsx,2
cok,2018,agegroup_days0_27,sex_btsx,2
cok,2019,agegroup_days0_27,sex_btsx,2
cok,2020,agegroup_days0_27,sex_btsx,2
cok,2021,agegroup_days0_27,sex_btsx,2
cok,2022,agegroup_days0_27,sex_btsx,1
cok,2023,agegroup_days0_27,sex_btsx,1
col,1955,agegroup_days0_27,sex_btsx,27630
col,1956,agegroup_days0_27,sex_btsx,27826
col,1957,agegroup_days0_27,sex_btsx,27972
col,1958,agegroup_days0_27,sex_btsx,28057
col,1959,agegroup_days0_27,sex_btsx,28033
col,1960,agegroup_days0_27,sex_btsx,28009
col,1961,agegroup_days0_27,sex_btsx,27907
col,1962,agegroup_days0_27,sex_btsx,27696
col,1963,agegroup_days0_27,sex_btsx,27355
col,1964,agegroup_days0_27,sex_btsx,26900
col,1965,agegroup_days0_27,sex_btsx,26367
col,1966,agegroup_days0_27,sex_btsx,25752
col,1967,agegroup_days0_27,sex_btsx,25121
col,1968,agegroup_days0_27,sex_btsx,24503
col,1969,agegroup_days0_27,sex_btsx,23959
col,1970,agegroup_days0_27,sex_btsx,23400
col,1971,agegroup_days0_27,sex_btsx,22855
col,1972,agegroup_days0_27,sex_btsx,22326
col,1973,agegroup_days0_27,sex_btsx,21860
col,1974,agegroup_days0_27,sex_btsx,21412
col,1975,agegroup_days0_27,sex_btsx,21041
col,1976,agegroup_days0_27,sex_btsx,20746
col,1977,agegroup_days0_27,sex_btsx,20367
col,1978,agegroup_days0_27,sex_btsx,19777
col,1979,agegroup_days0_27,sex_btsx,19391
col,1980,agegroup_days0_27,sex_btsx,19088
col,1981,agegroup_days0_27,sex_btsx,18767
col,1982,agegroup_days0_27,sex_btsx,18445
col,1983,agegroup_days0_27,sex_btsx,17944
col,1984,agegroup_days0_27,sex_btsx,17329
col,1985,agegroup_days0_27,sex_btsx,16880
col,1986,agegroup_days0_27,sex_btsx,16499
col,1987,agegroup_days0_27,sex_btsx,16256
col,1988,agegroup_days0_27,sex_btsx,16081
col,1989,agegroup_days0_27,sex_btsx,15970
col,1990,agegroup_days0_27,sex_btsx,15793
col,1991,agegroup_days0_27,sex_btsx,15599
col,1992,agegroup_days0_27,sex_btsx,15432
col,1993,agegroup_days0_27,sex_btsx,15259
col,1994,agegroup_days0_27,sex_btsx,14864
col,1995,agegroup_days0_27,sex_btsx,14242
col,1996,agegroup_days0_27,sex_btsx,13631
col,1997,agegroup_days0_27,sex_btsx,13251
col,1998,agegroup_days0_27,sex_btsx,12881
col,1999,agegroup_days0_27,sex_btsx,12287
col,2000,agegroup_days0_27,sex_btsx,11755
col,2001,agegroup_days0_27,sex_btsx,11305
col,2002,agegroup_days0_27,sex_btsx,10959
col,2003,agegroup_days0_27,sex_btsx,10600
col,2004,agegroup_days0_27,sex_btsx,10138
col,2005,agegroup_days0_27,sex_btsx,9654
col,2006,agegroup_days0_27,sex_btsx,9208
col,2007,agegroup_days0_27,sex_btsx,8842
col,2008,agegroup_days0_27,sex_btsx,8505
col,2009,agegroup_days0_27,sex_btsx,8094
col,2010,agegroup_days0_27,sex_btsx,7601
col,2011,agegroup_days0_27,sex_btsx,7160
col,2012,agegroup_days0_27,sex_btsx,6846
col,2013,agegroup_days0_27,sex_btsx,6534
col,2014,agegroup_days0_27,sex_btsx,6231
col,2015,agegroup_days0_27,sex_btsx,5890
col,2016,agegroup_days0_27,sex_btsx,5568
col,2017,agegroup_days0_27,sex_btsx,5431
col,2018,agegroup_days0_27,sex_btsx,5360
col,2019,agegroup_days0_27,sex_btsx,5292
col,2020,agegroup_days0_27,sex_btsx,5158
col,2021,agegroup_days0_27,sex_btsx,4999
col,2022,agegroup_days0_27,sex_btsx,4812
col,2023,agegroup_days0_27,sex_btsx,4615
com,1974,agegroup_days0_27,sex_btsx,1030
com,1975,agegroup_days0_27,sex_btsx,1058
com,1976,agegroup_days0_27,sex_btsx,1091
com,1977,agegroup_days0_27,sex_btsx,1115
com,1978,agegroup_days0_27,sex_btsx,1137
com,1979,agegroup_days0_27,sex_btsx,1151
com,1980,agegroup_days0_27,sex_btsx,1156
com,1981,agegroup_days0_27,sex_btsx,1156
com,1982,agegroup_days0_27,sex_btsx,1150
com,1983,agegroup_days0_27,sex_btsx,1135
com,1984,agegroup_days0_27,sex_btsx,1119
com,1985,agegroup_days0_27,sex_btsx,1098
com,1986,agegroup_days0_27,sex_btsx,1073
com,1987,agegroup_days0_27,sex_btsx,1045
com,1988,agegroup_days0_27,sex_btsx,1014
com,1989,agegroup_days0_27,sex_btsx,983
com,1990,agegroup_days0_27,sex_btsx,949
com,1991,agegroup_days0_27,sex_btsx,914
com,1992,agegroup_days0_27,sex_btsx,876
com,1993,agegroup_days0_27,sex_btsx,830
com,1994,agegroup_days0_27,sex_btsx,787
com,1995,agegroup_days0_27,sex_btsx,757
com,1996,agegroup_days0_27,sex_btsx,731
com,1997,agegroup_days0_27,sex_btsx,704
com,1998,agegroup_days0_27,sex_btsx,682
com,1999,agegroup_days0_27,sex_btsx,664
com,2000,agegroup_days0_27,sex_btsx,657
com,2001,agegroup_days0_27,sex_btsx,651
com,2002,agegroup_days0_27,sex_btsx,645
com,2003,agegroup_days0_27,sex_btsx,641
com,2004,agegroup_days0_27,sex_btsx,639
com,2005,agegroup_days0_27,sex_btsx,642
com,2006,agegroup_days0_27,sex_btsx,641
com,2007,agegroup_days0_27,sex_btsx,639
com,2008,agegroup_days0_27,sex_btsx,639
com,2009,agegroup_days0_27,sex_btsx,644
com,2010,agegroup_days0_27,sex_btsx,648
com,2011,agegroup_days0_27,sex_btsx,649
com,2012,agegroup_days0_27,sex_btsx,645
com,2013,agegroup_days0_27,sex_btsx,638
com,2014,agegroup_days0_27,sex_btsx,630
com,2015,agegroup_days0_27,sex_btsx,623
com,2016,agegroup_days0_27,sex_btsx,612
com,2017,agegroup_days0_27,sex_btsx,599
com,2018,agegroup_days0_27,sex_btsx,592
com,2019,agegroup_days0_27,sex_btsx,584
com,2020,agegroup_days0_27,sex_btsx,576
com,2021,agegroup_days0_27,sex_btsx,567
com,2022,agegroup_days0_27,sex_btsx,558
com,2023,agegroup_days0_27,sex_btsx,549
cpv,1976,agegroup_days0_27,sex_btsx,290
cpv,1977,agegroup_days0_27,sex_btsx,286
cpv,1978,agegroup_days0_27,sex_btsx,283
cpv,1979,agegroup_days0_27,sex_btsx,279
cpv,1980,agegroup_days0_27,sex_btsx,277
cpv,1981,agegroup_days0_27,sex_btsx,279
cpv,1982,agegroup_days0_27,sex_btsx,282
cpv,1983,agegroup_days0_27,sex_btsx,285
cpv,1984,agegroup_days0_27,sex_btsx,288
cpv,1985,agegroup_days0_27,sex_btsx,291
cpv,1986,agegroup_days0_27,sex_btsx,291
cpv,1987,agegroup_days0_27,sex_btsx,288
cpv,1988,agegroup_days0_27,sex_btsx,284
cpv,1989,agegroup_days0_27,sex_btsx,280
cpv,1990,agegroup_days0_27,sex_btsx,279
cpv,1991,agegroup_days0_27,sex_btsx,280
cpv,1992,agegroup_days0_27,sex_btsx,279
cpv,1993,agegroup_days0_27,sex_btsx,277
cpv,1994,agegroup_days0_27,sex_btsx,272
cpv,1995,agegroup_days0_27,sex_btsx,267
cpv,1996,agegroup_days0_27,sex_btsx,261
cpv,1997,agegroup_days0_27,sex_btsx,257
cpv,1998,agegroup_days0_27,sex_btsx,252
cpv,1999,agegroup_days0_27,sex_btsx,242
cpv,2000,agegroup_days0_27,sex_btsx,227
cpv,2001,agegroup_days0_27,sex_btsx,209
cpv,2002,agegroup_days0_27,sex_btsx,196
cpv,2003,agegroup_days0_27,sex_btsx,189
cpv,2004,agegroup_days0_27,sex_btsx,186
cpv,2005,agegroup_days0_27,sex_btsx,182
cpv,2006,agegroup_days0_27,sex_btsx,177
cpv,2007,agegroup_days0_27,sex_btsx,173
cpv,2008,agegroup_days0_27,sex_btsx,168
cpv,2009,agegroup_days0_27,sex_btsx,165
cpv,2010,agegroup_days0_27,sex_btsx,170
cpv,2011,agegroup_days0_27,sex_btsx,166
cpv,2012,agegroup_days0_27,sex_btsx,147
cpv,2013,agegroup_days0_27,sex_btsx,134
cpv,2014,agegroup_days0_27,sex_btsx,123
cpv,2015,agegroup_days0_27,sex_btsx,110
cpv,2016,agegroup_days0_27,sex_btsx,102
cpv,2017,agegroup_days0_27,sex_btsx,93
cpv,2018,agegroup_days0_27,sex_btsx,81
cpv,2019,agegroup_days0_27,sex_btsx,71
cpv,2020,agegroup_days0_27,sex_btsx,63
cpv,2021,agegroup_days0_27,sex_btsx,58
cpv,2022,agegroup_days0_27,sex_btsx,56
cpv,2023,agegroup_days0_27,sex_btsx,54
cri,1954,agegroup_days0_27,sex_btsx,1648
cri,1955,agegroup_days0_27,sex_btsx,1687
cri,1956,agegroup_days0_27,sex_btsx,1720
cri,1957,agegroup_days0_27,sex_btsx,1752
cri,1958,agegroup_days0_27,sex_btsx,1781
cri,1959,agegroup_days0_27,sex_btsx,1806
cri,1960,agegroup_days0_27,sex_btsx,1830
cri,1961,agegroup_days0_27,sex_btsx,1860
cri,1962,agegroup_days0_27,sex_btsx,1896
cri,1963,agegroup_days0_27,sex_btsx,1928
cri,1964,agegroup_days0_27,sex_btsx,1941
cri,1965,agegroup_days0_27,sex_btsx,1930
cri,1966,agegroup_days0_27,sex_btsx,1894
cri,1967,agegroup_days0_27,sex_btsx,1837
cri,1968,agegroup_days0_27,sex_btsx,1731
cri,1969,agegroup_days0_27,sex_btsx,1663
cri,1970,agegroup_days0_27,sex_btsx,1562
cri,1971,agegroup_days0_27,sex_btsx,1449
cri,1972,agegroup_days0_27,sex_btsx,1329
cri,1973,agegroup_days0_27,sex_btsx,1220
cri,1974,agegroup_days0_27,sex_btsx,1141
cri,1975,agegroup_days0_27,sex_btsx,1077
cri,1976,agegroup_days0_27,sex_btsx,1033
cri,1977,agegroup_days0_27,sex_btsx,971
cri,1978,agegroup_days0_27,sex_btsx,905
cri,1979,agegroup_days0_27,sex_btsx,867
cri,1980,agegroup_days0_27,sex_btsx,841
cri,1981,agegroup_days0_27,sex_btsx,842
cri,1982,agegroup_days0_27,sex_btsx,860
cri,1983,agegroup_days0_27,sex_btsx,883
cri,1984,agegroup_days0_27,sex_btsx,895
cri,1985,agegroup_days0_27,sex_btsx,893
cri,1986,agegroup_days0_27,sex_btsx,872
cri,1987,agegroup_days0_27,sex_btsx,844
cri,1988,agegroup_days0_27,sex_btsx,811
cri,1989,agegroup_days0_27,sex_btsx,775
cri,1990,agegroup_days0_27,sex_btsx,745
cri,1991,agegroup_days0_27,sex_btsx,723
cri,1992,agegroup_days0_27,sex_btsx,720
cri,1993,agegroup_days0_27,sex_btsx,721
cri,1994,agegroup_days0_27,sex_btsx,713
cri,1995,agegroup_days0_27,sex_btsx,696
cri,1996,agegroup_days0_27,sex_btsx,670
cri,1997,agegroup_days0_27,sex_btsx,646
cri,1998,agegroup_days0_27,sex_btsx,631
cri,1999,agegroup_days0_27,sex_btsx,622
cri,2000,agegroup_days0_27,sex_btsx,608
cri,2001,agegroup_days0_27,sex_btsx,582
cri,2002,agegroup_days0_27,sex_btsx,543
cri,2003,agegroup_days0_27,sex_btsx,523
cri,2004,agegroup_days0_27,sex_btsx,512
cri,2005,agegroup_days0_27,sex_btsx,519
cri,2006,agegroup_days0_27,sex_btsx,498
cri,2007,agegroup_days0_27,sex_btsx,501
cri,2008,agegroup_days0_27,sex_btsx,505
cri,2009,agegroup_days0_27,sex_btsx,496
cri,2010,agegroup_days0_27,sex_btsx,463
cri,2011,agegroup_days0_27,sex_btsx,473
cri,2012,agegroup_days0_27,sex_btsx,464
cri,2013,agegroup_days0_27,sex_btsx,442
cri,2014,agegroup_days0_27,sex_btsx,443
cri,2015,agegroup_days0_27,sex_btsx,438
cri,2016,agegroup_days0_27,sex_btsx,424
cri,2017,agegroup_days0_27,sex_btsx,415
cri,2018,agegroup_days0_27,sex_btsx,416
cri,2019,agegroup_days0_27,sex_btsx,396
cri,2020,agegroup_days0_27,sex_btsx,368
cri,2021,agegroup_days0_27,sex_btsx,355
cri,2022,agegroup_days0_27,sex_btsx,364
cri,2023,agegroup_days0_27,sex_btsx,374
cub,1969,agegroup_days0_27,sex_btsx,5818
cub,1970,agegroup_days0_27,sex_btsx,5443
cub,1971,agegroup_days0_27,sex_btsx,5165
cub,1972,agegroup_days0_27,sex_btsx,5000
cub,1973,agegroup_days0_27,sex_btsx,4724
cub,1974,agegroup_days0_27,sex_btsx,4207
cub,1975,agegroup_days0_27,sex_btsx,3508
cub,1976,agegroup_days0_27,sex_btsx,2997
cub,1977,agegroup_days0_27,sex_btsx,2685
cub,1978,agegroup_days0_27,sex_btsx,2369
cub,1979,agegroup_days0_27,sex_btsx,2219
cub,1980,agegroup_days0_27,sex_btsx,1991
cub,1981,agegroup_days0_27,sex_btsx,1817
cub,1982,agegroup_days0_27,sex_btsx,1856
cub,1983,agegroup_days0_27,sex_btsx,1729
cub,1984,agegroup_days0_27,sex_btsx,1604
cub,1985,agegroup_days0_27,sex_btsx,1549
cub,1986,agegroup_days0_27,sex_btsx,1515
cub,1987,agegroup_days0_27,sex_btsx,1481
cub,1988,agegroup_days0_27,sex_btsx,1459
cub,1989,agegroup_days0_27,sex_btsx,1370
cub,1990,agegroup_days0_27,sex_btsx,1275
cub,1991,agegroup_days0_27,sex_btsx,1131
cub,1992,agegroup_days0_27,sex_btsx,1043
cub,1993,agegroup_days0_27,sex_btsx,967
cub,1994,agegroup_days0_27,sex_btsx,892
cub,1995,agegroup_days0_27,sex_btsx,817
cub,1996,agegroup_days0_27,sex_btsx,722
cub,1997,agegroup_days0_27,sex_btsx,704
cub,1998,agegroup_days0_27,sex_btsx,657
cub,1999,agegroup_days0_27,sex_btsx,627
cub,2000,agegroup_days0_27,sex_btsx,591
cub,2001,agegroup_days0_27,sex_btsx,560
cub,2002,agegroup_days0_27,sex_btsx,544
cub,2003,agegroup_days0_27,sex_btsx,500
cub,2004,agegroup_days0_27,sex_btsx,440
cub,2005,agegroup_days0_27,sex_btsx,394
cub,2006,agegroup_days0_27,sex_btsx,351
cub,2007,agegroup_days0_27,sex_btsx,345
cub,2008,agegroup_days0_27,sex_btsx,366
cub,2009,agegroup_days0_27,sex_btsx,378
cub,2010,agegroup_days0_27,sex_btsx,364
cub,2011,agegroup_days0_27,sex_btsx,364
cub,2012,agegroup_days0_27,sex_btsx,338
cub,2013,agegroup_days0_27,sex_btsx,327
cub,2014,agegroup_days0_27,sex_btsx,314
cub,2015,agegroup_days0_27,sex_btsx,315
cub,2016,agegroup_days0_27,sex_btsx,303
cub,2017,agegroup_days0_27,sex_btsx,309
cub,2018,agegroup_days0_27,sex_btsx,330
cub,2019,agegroup_days0_27,sex_btsx,342
cub,2020,agegroup_days0_27,sex_btsx,358
cub,2021,agegroup_days0_27,sex_btsx,369
cub,2022,agegroup_days0_27,sex_btsx,383
cub,2023,agegroup_days0_27,sex_btsx,398
cyp,1990,agegroup_days0_27,sex_btsx,92
cyp,1991,agegroup_days0_27,sex_btsx,89
cyp,1992,agegroup_days0_27,sex_btsx,92
cyp,1993,agegroup_days0_27,sex_btsx,82
cyp,1994,agegroup_days0_27,sex_btsx,75
cyp,1995,agegroup_days0_27,sex_btsx,67
cyp,1996,agegroup_days0_27,sex_btsx,62
cyp,1997,agegroup_days0_27,sex_btsx,56
cyp,1998,agegroup_days0_27,sex_btsx,51
cyp,1999,agegroup_days0_27,sex_btsx,46
cyp,2000,agegroup_days0_27,sex_btsx,43
cyp,2001,agegroup_days0_27,sex_btsx,40
cyp,2002,agegroup_days0_27,sex_btsx,37
cyp,2003,agegroup_days0_27,sex_btsx,35
cyp,2004,agegroup_days0_27,sex_btsx,33
cyp,2005,agegroup_days0_27,sex_btsx,31
cyp,2006,agegroup_days0_27,sex_btsx,30
cyp,2007,agegroup_days0_27,sex_btsx,27
cyp,2008,agegroup_days0_27,sex_btsx,27
cyp,2009,agegroup_days0_27,sex_btsx,26
cyp,2010,agegroup_days0_27,sex_btsx,25
cyp,2011,agegroup_days0_27,sex_btsx,24
cyp,2012,agegroup_days0_27,sex_btsx,24
cyp,2013,agegroup_days0_27,sex_btsx,23
cyp,2014,agegroup_days0_27,sex_btsx,23
cyp,2015,agegroup_days0_27,sex_btsx,23
cyp,2016,agegroup_days0_27,sex_btsx,24
cyp,2017,agegroup_days0_27,sex_btsx,24
cyp,2018,agegroup_days0_27,sex_btsx,24
cyp,2019,agegroup_days0_27,sex_btsx,25
cyp,2020,agegroup_days0_27,sex_btsx,26
cyp,2021,agegroup_days0_27,sex_btsx,28
cyp,2022,agegroup_days0_27,sex_btsx,28
cyp,2023,agegroup_days0_27,sex_btsx,28
cze,1983,agegroup_days0_27,sex_btsx,1359
cze,1984,agegroup_days0_27,sex_btsx,1272
cze,1985,agegroup_days0_27,sex_btsx,1186
cze,1986,agegroup_days0_27,sex_btsx,1102
cze,1987,agegroup_days0_27,sex_btsx,1042
cze,1988,agegroup_days0_27,sex_btsx,1019
cze,1989,agegroup_days0_27,sex_btsx,958
cze,1990,agegroup_days0_27,sex_btsx,930
cze,1991,agegroup_days0_27,sex_btsx,868
cze,1992,agegroup_days0_27,sex_btsx,759
cze,1993,agegroup_days0_27,sex_btsx,680
cze,1994,agegroup_days0_27,sex_btsx,541
cze,1995,agegroup_days0_27,sex_btsx,434
cze,1996,agegroup_days0_27,sex_btsx,362
cze,1997,agegroup_days0_27,sex_btsx,322
cze,1998,agegroup_days0_27,sex_btsx,288
cze,1999,agegroup_days0_27,sex_btsx,260
cze,2000,agegroup_days0_27,sex_btsx,244
cze,2001,agegroup_days0_27,sex_btsx,231
cze,2002,agegroup_days0_27,sex_btsx,226
cze,2003,agegroup_days0_27,sex_btsx,221
cze,2004,agegroup_days0_27,sex_btsx,223
cze,2005,agegroup_days0_27,sex_btsx,225
cze,2006,agegroup_days0_27,sex_btsx,223
cze,2007,agegroup_days0_27,sex_btsx,227
cze,2008,agegroup_days0_27,sex_btsx,221
cze,2009,agegroup_days0_27,sex_btsx,206
cze,2010,agegroup_days0_27,sex_btsx,195
cze,2011,agegroup_days0_27,sex_btsx,176
cze,2012,agegroup_days0_27,sex_btsx,172
cze,2013,agegroup_days0_27,sex_btsx,167
cze,2014,agegroup_days0_27,sex_btsx,171
cze,2015,agegroup_days0_27,sex_btsx,177
cze,2016,agegroup_days0_27,sex_btsx,182
cze,2017,agegroup_days0_27,sex_btsx,187
cze,2018,agegroup_days0_27,sex_btsx,184
cze,2019,agegroup_days0_27,sex_btsx,176
cze,2020,agegroup_days0_27,sex_btsx,166
cze,2021,agegroup_days0_27,sex_btsx,160
cze,2022,agegroup_days0_27,sex_btsx,132
cze,2023,agegroup_days0_27,sex_btsx,120
deu,1970,agegroup_days0_27,sex_btsx,14756
deu,1971,agegroup_days0_27,sex_btsx,13905
deu,1972,agegroup_days0_27,sex_btsx,12013
deu,1973,agegroup_days0_27,sex_btsx,10151
deu,1974,agegroup_days0_27,sex_btsx,9167
deu,1975,agegroup_days0_27,sex_btsx,8115
deu,1976,agegroup_days0_27,sex_btsx,7391
deu,1977,agegroup_days0_27,sex_btsx,6582
deu,1978,agegroup_days0_27,sex_btsx,5714
deu,1979,agegroup_days0_27,sex_btsx,5008
deu,1980,agegroup_days0_27,sex_btsx,4680
deu,1981,agegroup_days0_27,sex_btsx,4255
deu,1982,agegroup_days0_27,sex_btsx,3930
deu,1983,agegroup_days0_27,sex_btsx,3531
deu,1984,agegroup_days0_27,sex_btsx,3230
deu,1985,agegroup_days0_27,sex_btsx,2998
deu,1986,agegroup_days0_27,sex_btsx,2904
deu,1987,agegroup_days0_27,sex_btsx,2841
deu,1988,agegroup_days0_27,sex_btsx,2862
deu,1989,agegroup_days0_27,sex_btsx,2875
deu,1990,agegroup_days0_27,sex_btsx,3047
deu,1991,agegroup_days0_27,sex_btsx,2895
deu,1992,agegroup_days0_27,sex_btsx,2807
deu,1993,agegroup_days0_27,sex_btsx,2689
deu,1994,agegroup_days0_27,sex_btsx,2492
deu,1995,agegroup_days0_27,sex_btsx,2389
deu,1996,agegroup_days0_27,sex_btsx,2415
deu,1997,agegroup_days0_27,sex_btsx,2407
deu,1998,agegroup_days0_27,sex_btsx,2296
deu,1999,agegroup_days0_27,sex_btsx,2162
deu,2000,agegroup_days0_27,sex_btsx,2119
deu,2001,agegroup_days0_27,sex_btsx,2018
deu,2002,agegroup_days0_27,sex_btsx,1956
deu,2003,agegroup_days0_27,sex_btsx,1899
deu,2004,agegroup_days0_27,sex_btsx,1873
deu,2005,agegroup_days0_27,sex_btsx,1807
deu,2006,agegroup_days0_27,sex_btsx,1771
deu,2007,agegroup_days0_27,sex_btsx,1713
deu,2008,agegroup_days0_27,sex_btsx,1649
deu,2009,agegroup_days0_27,sex_btsx,1557
deu,2010,agegroup_days0_27,sex_btsx,1560
deu,2011,agegroup_days0_27,sex_btsx,1530
deu,2012,agegroup_days0_27,sex_btsx,1556
deu,2013,agegroup_days0_27,sex_btsx,1554
deu,2014,agegroup_days0_27,sex_btsx,1625
deu,2015,agegroup_days0_27,sex_btsx,1674
deu,2016,agegroup_days0_27,sex_btsx,1795
deu,2017,agegroup_days0_27,sex_btsx,1786
deu,2018,agegroup_days0_27,sex_btsx,1791
deu,2019,agegroup_days0_27,sex_btsx,1769
deu,2020,agegroup_days0_27,sex_btsx,1757
deu,2021,agegroup_days0_27,sex_btsx,1800
deu,2022,agegroup_days0_27,sex_btsx,1662
deu,2023,agegroup_days0_27,sex_btsx,1642
dji,1980,agegroup_days0_27,sex_btsx,772
dji,1981,agegroup_days0_27,sex_btsx,797
dji,1982,agegroup_days0_27,sex_btsx,812
dji,1983,agegroup_days0_27,sex_btsx,821
dji,1984,agegroup_days0_27,sex_btsx,827
dji,1985,agegroup_days0_27,sex_btsx,840
dji,1986,agegroup_days0_27,sex_btsx,862
dji,1987,agegroup_days0_27,sex_btsx,894
dji,1988,agegroup_days0_27,sex_btsx,932
dji,1989,agegroup_days0_27,sex_btsx,971
dji,1990,agegroup_days0_27,sex_btsx,1043
dji,1991,agegroup_days0_27,sex_btsx,1144
dji,1992,agegroup_days0_27,sex_btsx,1189
dji,1993,agegroup_days0_27,sex_btsx,1082
dji,1994,agegroup_days0_27,sex_btsx,1092
dji,1995,agegroup_days0_27,sex_btsx,1056
dji,1996,agegroup_days0_27,sex_btsx,1034
dji,1997,agegroup_days0_27,sex_btsx,1021
dji,1998,agegroup_days0_27,sex_btsx,1042
dji,1999,agegroup_days0_27,sex_btsx,1065
dji,2000,agegroup_days0_27,sex_btsx,1079
dji,2001,agegroup_days0_27,sex_btsx,1093
dji,2002,agegroup_days0_27,sex_btsx,1103
dji,2003,agegroup_days0_27,sex_btsx,1103
dji,2004,agegroup_days0_27,sex_btsx,1069
dji,2005,agegroup_days0_27,sex_btsx,1036
dji,2006,agegroup_days0_27,sex_btsx,1000
dji,2007,agegroup_days0_27,sex_btsx,975
dji,2008,agegroup_days0_27,sex_btsx,949
dji,2009,agegroup_days0_27,sex_btsx,931
dji,2010,agegroup_days0_27,sex_btsx,913
dji,2011,agegroup_days0_27,sex_btsx,891
dji,2012,agegroup_days0_27,sex_btsx,868
dji,2013,agegroup_days0_27,sex_btsx,851
dji,2014,agegroup_days0_27,sex_btsx,832
dji,2015,agegroup_days0_27,sex_btsx,812
dji,2016,agegroup_days0_27,sex_btsx,792
dji,2017,agegroup_days0_27,sex_btsx,773
dji,2018,agegroup_days0_27,sex_btsx,755
dji,2019,agegroup_days0_27,sex_btsx,738
dji,2020,agegroup_days0_27,sex_btsx,717
dji,2021,agegroup_days0_27,sex_btsx,705
dji,2022,agegroup_days0_27,sex_btsx,688
dji,2023,agegroup_days0_27,sex_btsx,674
dma,1970,agegroup_days0_27,sex_btsx,41
dma,1971,agegroup_days0_27,sex_btsx,38
dma,1972,agegroup_days0_27,sex_btsx,35
dma,1973,agegroup_days0_27,sex_btsx,32
dma,1974,agegroup_days0_27,sex_btsx,29
dma,1975,agegroup_days0_27,sex_btsx,27
dma,1976,agegroup_days0_27,sex_btsx,25
dma,1977,agegroup_days0_27,sex_btsx,23
dma,1978,agegroup_days0_27,sex_btsx,23
dma,1979,agegroup_days0_27,sex_btsx,22
dma,1980,agegroup_days0_27,sex_btsx,23
dma,1981,agegroup_days0_27,sex_btsx,23
dma,1982,agegroup_days0_27,sex_btsx,24
dma,1983,agegroup_days0_27,sex_btsx,24
dma,1984,agegroup_days0_27,sex_btsx,23
dma,1985,agegroup_days0_27,sex_btsx,23
dma,1986,agegroup_days0_27,sex_btsx,22
dma,1987,agegroup_days0_27,sex_btsx,21
dma,1988,agegroup_days0_27,sex_btsx,21
dma,1989,agegroup_days0_27,sex_btsx,20
dma,1990,agegroup_days0_27,sex_btsx,19
dma,1991,agegroup_days0_27,sex_btsx,19
dma,1992,agegroup_days0_27,sex_btsx,19
dma,1993,agegroup_days0_27,sex_btsx,19
dma,1994,agegroup_days0_27,sex_btsx,18
dma,1995,agegroup_days0_27,sex_btsx,16
dma,1996,agegroup_days0_27,sex_btsx,16
dma,1997,agegroup_days0_27,sex_btsx,15
dma,1998,agegroup_days0_27,sex_btsx,15
dma,1999,agegroup_days0_27,sex_btsx,16
dma,2000,agegroup_days0_27,sex_btsx,15
dma,2001,agegroup_days0_27,sex_btsx,16
dma,2002,agegroup_days0_27,sex_btsx,15
dma,2003,agegroup_days0_27,sex_btsx,15
dma,2004,agegroup_days0_27,sex_btsx,15
dma,2005,agegroup_days0_27,sex_btsx,16
dma,2006,agegroup_days0_27,sex_btsx,17
dma,2007,agegroup_days0_27,sex_btsx,18
dma,2008,agegroup_days0_27,sex_btsx,18
dma,2009,agegroup_days0_27,sex_btsx,18
dma,2010,agegroup_days0_27,sex_btsx,19
dma,2011,agegroup_days0_27,sex_btsx,20
dma,2012,agegroup_days0_27,sex_btsx,21
dma,2013,agegroup_days0_27,sex_btsx,21
dma,2014,agegroup_days0_27,sex_btsx,23
dma,2015,agegroup_days0_27,sex_btsx,23
dma,2016,agegroup_days0_27,sex_btsx,24
dma,2017,agegroup_days0_27,sex_btsx,22
dma,2018,agegroup_days0_27,sex_btsx,22
dma,2019,agegroup_days0_27,sex_btsx,23
dma,2020,agegroup_days0_27,sex_btsx,23
dma,2021,agegroup_days0_27,sex_btsx,23
dma,2022,agegroup_days0_27,sex_btsx,23
dma,2023,agegroup_days0_27,sex_btsx,23
dnk,1961,agegroup_days0_27,sex_btsx,1212
dnk,1962,agegroup_days0_27,sex_btsx,1205
dnk,1963,agegroup_days0_27,sex_btsx,1237
dnk,1964,agegroup_days0_27,sex_btsx,1200
dnk,1965,agegroup_days0_27,sex_btsx,1190
dnk,1966,agegroup_days0_27,sex_btsx,1181
dnk,1967,agegroup_days0_27,sex_btsx,1055
dnk,1968,agegroup_days0_27,sex_btsx,919
dnk,1969,agegroup_days0_27,sex_btsx,826
dnk,1970,agegroup_days0_27,sex_btsx,774
dnk,1971,agegroup_days0_27,sex_btsx,774
dnk,1972,agegroup_days0_27,sex_btsx,727
dnk,1973,agegroup_days0_27,sex_btsx,648
dnk,1974,agegroup_days0_27,sex_btsx,595
dnk,1975,agegroup_days0_27,sex_btsx,549
dnk,1976,agegroup_days0_27,sex_btsx,455
dnk,1977,agegroup_days0_27,sex_btsx,392
dnk,1978,agegroup_days0_27,sex_btsx,363
dnk,1979,agegroup_days0_27,sex_btsx,331
dnk,1980,agegroup_days0_27,sex_btsx,303
dnk,1981,agegroup_days0_27,sex_btsx,271
dnk,1982,agegroup_days0_27,sex_btsx,257
dnk,1983,agegroup_days0_27,sex_btsx,245
dnk,1984,agegroup_days0_27,sex_btsx,249
dnk,1985,agegroup_days0_27,sex_btsx,259
dnk,1986,agegroup_days0_27,sex_btsx,265
dnk,1987,agegroup_days0_27,sex_btsx,267
dnk,1988,agegroup_days0_27,sex_btsx,273
dnk,1989,agegroup_days0_27,sex_btsx,276
dnk,1990,agegroup_days0_27,sex_btsx,275
dnk,1991,agegroup_days0_27,sex_btsx,270
dnk,1992,agegroup_days0_27,sex_btsx,272
dnk,1993,agegroup_days0_27,sex_btsx,266
dnk,1994,agegroup_days0_27,sex_btsx,270
dnk,1995,agegroup_days0_27,sex_btsx,269
dnk,1996,agegroup_days0_27,sex_btsx,262
dnk,1997,agegroup_days0_27,sex_btsx,258
dnk,1998,agegroup_days0_27,sex_btsx,248
dnk,1999,agegroup_days0_27,sex_btsx,241
dnk,2000,agegroup_days0_27,sex_btsx,233
dnk,2001,agegroup_days0_27,sex_btsx,217
dnk,2002,agegroup_days0_27,sex_btsx,205
dnk,2003,agegroup_days0_27,sex_btsx,203
dnk,2004,agegroup_days0_27,sex_btsx,202
dnk,2005,agegroup_days0_27,sex_btsx,199
dnk,2006,agegroup_days0_27,sex_btsx,195
dnk,2007,agegroup_days0_27,sex_btsx,185
dnk,2008,agegroup_days0_27,sex_btsx,182
dnk,2009,agegroup_days0_27,sex_btsx,175
dnk,2010,agegroup_days0_27,sex_btsx,178
dnk,2011,agegroup_days0_27,sex_btsx,175
dnk,2012,agegroup_days0_27,sex_btsx,177
dnk,2013,agegroup_days0_27,sex_btsx,174
dnk,2014,agegroup_days0_27,sex_btsx,176
dnk,2015,agegroup_days0_27,sex_btsx,176
dnk,2016,agegroup_days0_27,sex_btsx,180
dnk,2017,agegroup_days0_27,sex_btsx,173
dnk,2018,agegroup_days0_27,sex_btsx,166
dnk,2019,agegroup_days0_27,sex_btsx,156
dnk,2020,agegroup_days0_27,sex_btsx,143
dnk,2021,agegroup_days0_27,sex_btsx,133
dnk,2022,agegroup_days0_27,sex_btsx,110
dnk,2023,agegroup_days0_27,sex_btsx,101
dom,1964,agegroup_days0_27,sex_btsx,7233
dom,1965,agegroup_days0_27,sex_btsx,7251
dom,1966,agegroup_days0_27,sex_btsx,7326
dom,1967,agegroup_days0_27,sex_btsx,7338
dom,1968,agegroup_days0_27,sex_btsx,7314
dom,1969,agegroup_days0_27,sex_btsx,7344
dom,1970,agegroup_days0_27,sex_btsx,7410
dom,1971,agegroup_days0_27,sex_btsx,7478
dom,1972,agegroup_days0_27,sex_btsx,7544
dom,1973,agegroup_days0_27,sex_btsx,7593
dom,1974,agegroup_days0_27,sex_btsx,7556
dom,1975,agegroup_days0_27,sex_btsx,7523
dom,1976,agegroup_days0_27,sex_btsx,7460
dom,1977,agegroup_days0_27,sex_btsx,7350
dom,1978,agegroup_days0_27,sex_btsx,7180
dom,1979,agegroup_days0_27,sex_btsx,7001
dom,1980,agegroup_days0_27,sex_btsx,6787
dom,1981,agegroup_days0_27,sex_btsx,6553
dom,1982,agegroup_days0_27,sex_btsx,6340
dom,1983,agegroup_days0_27,sex_btsx,6203
dom,1984,agegroup_days0_27,sex_btsx,6008
dom,1985,agegroup_days0_27,sex_btsx,5802
dom,1986,agegroup_days0_27,sex_btsx,5682
dom,1987,agegroup_days0_27,sex_btsx,5585
dom,1988,agegroup_days0_27,sex_btsx,5528
dom,1989,agegroup_days0_27,sex_btsx,5477
dom,1990,agegroup_days0_27,sex_btsx,5365
dom,1991,agegroup_days0_27,sex_btsx,5254
dom,1992,agegroup_days0_27,sex_btsx,5162
dom,1993,agegroup_days0_27,sex_btsx,5102
dom,1994,agegroup_days0_27,sex_btsx,5047
dom,1995,agegroup_days0_27,sex_btsx,5013
dom,1996,agegroup_days0_27,sex_btsx,5002
dom,1997,agegroup_days0_27,sex_btsx,4906
dom,1998,agegroup_days0_27,sex_btsx,4848
dom,1999,agegroup_days0_27,sex_btsx,4942
dom,2000,agegroup_days0_27,sex_btsx,5048
dom,2001,agegroup_days0_27,sex_btsx,5023
dom,2002,agegroup_days0_27,sex_btsx,4949
dom,2003,agegroup_days0_27,sex_btsx,4884
dom,2004,agegroup_days0_27,sex_btsx,4834
dom,2005,agegroup_days0_27,sex_btsx,4786
dom,2006,agegroup_days0_27,sex_btsx,4753
dom,2007,agegroup_days0_27,sex_btsx,4839
dom,2008,agegroup_days0_27,sex_btsx,5004
dom,2009,agegroup_days0_27,sex_btsx,5152
dom,2010,agegroup_days0_27,sex_btsx,5214
dom,2011,agegroup_days0_27,sex_btsx,5237
dom,2012,agegroup_days0_27,sex_btsx,5239
dom,2013,agegroup_days0_27,sex_btsx,5228
dom,2014,agegroup_days0_27,sex_btsx,5217
dom,2015,agegroup_days0_27,sex_btsx,5214
dom,2016,agegroup_days0_27,sex_btsx,5205
dom,2017,agegroup_days0_27,sex_btsx,5184
dom,2018,agegroup_days0_27,sex_btsx,5158
dom,2019,agegroup_days0_27,sex_btsx,5041
dom,2020,agegroup_days0_27,sex_btsx,4881
dom,2021,agegroup_days0_27,sex_btsx,4731
dom,2022,agegroup_days0_27,sex_btsx,4574
dom,2023,agegroup_days0_27,sex_btsx,4417
dza,1970,agegroup_days0_27,sex_btsx,45517
dza,1971,agegroup_days0_27,sex_btsx,44962
dza,1972,agegroup_days0_27,sex_btsx,44211
dza,1973,agegroup_days0_27,sex_btsx,43435
dza,1974,agegroup_days0_27,sex_btsx,42611
dza,1975,agegroup_days0_27,sex_btsx,41682
dza,1976,agegroup_days0_27,sex_btsx,41288
dza,1977,agegroup_days0_27,sex_btsx,40801
dza,1978,agegroup_days0_27,sex_btsx,39924
dza,1979,agegroup_days0_27,sex_btsx,38982
dza,1980,agegroup_days0_27,sex_btsx,37870
dza,1981,agegroup_days0_27,sex_btsx,36065
dza,1982,agegroup_days0_27,sex_btsx,33755
dza,1983,agegroup_days0_27,sex_btsx,31134
dza,1984,agegroup_days0_27,sex_btsx,28384
dza,1985,agegroup_days0_27,sex_btsx,25960
dza,1986,agegroup_days0_27,sex_btsx,23323
dza,1987,agegroup_days0_27,sex_btsx,21199
dza,1988,agegroup_days0_27,sex_btsx,19911
dza,1989,agegroup_days0_27,sex_btsx,19059
dza,1990,agegroup_days0_27,sex_btsx,18393
dza,1991,agegroup_days0_27,sex_btsx,18423
dza,1992,agegroup_days0_27,sex_btsx,18690
dza,1993,agegroup_days0_27,sex_btsx,18362
dza,1994,agegroup_days0_27,sex_btsx,18159
dza,1995,agegroup_days0_27,sex_btsx,16650
dza,1996,agegroup_days0_27,sex_btsx,15367
dza,1997,agegroup_days0_27,sex_btsx,14419
dza,1998,agegroup_days0_27,sex_btsx,13726
dza,1999,agegroup_days0_27,sex_btsx,13645
dza,2000,agegroup_days0_27,sex_btsx,13730
dza,2001,agegroup_days0_27,sex_btsx,13572
dza,2002,agegroup_days0_27,sex_btsx,13300
dza,2003,agegroup_days0_27,sex_btsx,13528
dza,2004,agegroup_days0_27,sex_btsx,13824
dza,2005,agegroup_days0_27,sex_btsx,14162
dza,2006,agegroup_days0_27,sex_btsx,14564
dza,2007,agegroup_days0_27,sex_btsx,14958
dza,2008,agegroup_days0_27,sex_btsx,15376
dza,2009,agegroup_days0_27,sex_btsx,15598
dza,2010,agegroup_days0_27,sex_btsx,15885
dza,2011,agegroup_days0_27,sex_btsx,16073
dza,2012,agegroup_days0_27,sex_btsx,16506
dza,2013,agegroup_days0_27,sex_btsx,16036
dza,2014,agegroup_days0_27,sex_btsx,15951
dza,2015,agegroup_days0_27,sex_btsx,15659
dza,2016,agegroup_days0_27,sex_btsx,15629
dza,2017,agegroup_days0_27,sex_btsx,15862
dza,2018,agegroup_days0_27,sex_btsx,15906
dza,2019,agegroup_days0_27,sex_btsx,16036
dza,2020,agegroup_days0_27,sex_btsx,15759
dza,2021,agegroup_days0_27,sex_btsx,15192
dza,2022,agegroup_days0_27,sex_btsx,14578
dza,2023,agegroup_days0_27,sex_btsx,13897
ecu,1957,agegroup_days0_27,sex_btsx,11744
ecu,1958,agegroup_days0_27,sex_btsx,11826
ecu,1959,agegroup_days0_27,sex_btsx,11893
ecu,1960,agegroup_days0_27,sex_btsx,11972
ecu,1961,agegroup_days0_27,sex_btsx,12097
ecu,1962,agegroup_days0_27,sex_btsx,12252
ecu,1963,agegroup_days0_27,sex_btsx,12417
ecu,1964,agegroup_days0_27,sex_btsx,12513
ecu,1965,agegroup_days0_27,sex_btsx,12524
ecu,1966,agegroup_days0_27,sex_btsx,12505
ecu,1967,agegroup_days0_27,sex_btsx,12462
ecu,1968,agegroup_days0_27,sex_btsx,12377
ecu,1969,agegroup_days0_27,sex_btsx,12277
ecu,1970,agegroup_days0_27,sex_btsx,12150
ecu,1971,agegroup_days0_27,sex_btsx,12005
ecu,1972,agegroup_days0_27,sex_btsx,11861
ecu,1973,agegroup_days0_27,sex_btsx,11680
ecu,1974,agegroup_days0_27,sex_btsx,11451
ecu,1975,agegroup_days0_27,sex_btsx,11196
ecu,1976,agegroup_days0_27,sex_btsx,10924
ecu,1977,agegroup_days0_27,sex_btsx,10655
ecu,1978,agegroup_days0_27,sex_btsx,10403
ecu,1979,agegroup_days0_27,sex_btsx,10130
ecu,1980,agegroup_days0_27,sex_btsx,9836
ecu,1981,agegroup_days0_27,sex_btsx,9538
ecu,1982,agegroup_days0_27,sex_btsx,9232
ecu,1983,agegroup_days0_27,sex_btsx,8926
ecu,1984,agegroup_days0_27,sex_btsx,8624
ecu,1985,agegroup_days0_27,sex_btsx,8177
ecu,1986,agegroup_days0_27,sex_btsx,7772
ecu,1987,agegroup_days0_27,sex_btsx,7429
ecu,1988,agegroup_days0_27,sex_btsx,7219
ecu,1989,agegroup_days0_27,sex_btsx,7102
ecu,1990,agegroup_days0_27,sex_btsx,6990
ecu,1991,agegroup_days0_27,sex_btsx,6898
ecu,1992,agegroup_days0_27,sex_btsx,6747
ecu,1993,agegroup_days0_27,sex_btsx,6542
ecu,1994,agegroup_days0_27,sex_btsx,6323
ecu,1995,agegroup_days0_27,sex_btsx,6133
ecu,1996,agegroup_days0_27,sex_btsx,5945
ecu,1997,agegroup_days0_27,sex_btsx,5612
ecu,1998,agegroup_days0_27,sex_btsx,5241
ecu,1999,agegroup_days0_27,sex_btsx,4906
ecu,2000,agegroup_days0_27,sex_btsx,4614
ecu,2001,agegroup_days0_27,sex_btsx,4358
ecu,2002,agegroup_days0_27,sex_btsx,4137
ecu,2003,agegroup_days0_27,sex_btsx,3948
ecu,2004,agegroup_days0_27,sex_btsx,3772
ecu,2005,agegroup_days0_27,sex_btsx,3609
ecu,2006,agegroup_days0_27,sex_btsx,3465
ecu,2007,agegroup_days0_27,sex_btsx,3319
ecu,2008,agegroup_days0_27,sex_btsx,3212
ecu,2009,agegroup_days0_27,sex_btsx,3108
ecu,2010,agegroup_days0_27,sex_btsx,2948
ecu,2011,agegroup_days0_27,sex_btsx,2848
ecu,2012,agegroup_days0_27,sex_btsx,2666
ecu,2013,agegroup_days0_27,sex_btsx,2438
ecu,2014,agegroup_days0_27,sex_btsx,2285
ecu,2015,agegroup_days0_27,sex_btsx,2175
ecu,2016,agegroup_days0_27,sex_btsx,2064
ecu,2017,agegroup_days0_27,sex_btsx,2066
ecu,2018,agegroup_days0_27,sex_btsx,2074
ecu,2019,agegroup_days0_27,sex_btsx,2050
ecu,2020,agegroup_days0_27,sex_btsx,2036
ecu,2021,agegroup_days0_27,sex_btsx,2010
ecu,2022,agegroup_days0_27,sex_btsx,1968
ecu,2023,agegroup_days0_27,sex_btsx,1919
egy,1958,agegroup_days0_27,sex_btsx,86222
egy,1959,agegroup_days0_27,sex_btsx,85413
egy,1960,agegroup_days0_27,sex_btsx,84836
egy,1961,agegroup_days0_27,sex_btsx,84309
egy,1962,agegroup_days0_27,sex_btsx,83771
egy,1963,agegroup_days0_27,sex_btsx,83435
egy,1964,agegroup_days0_27,sex_btsx,82796
egy,1965,agegroup_days0_27,sex_btsx,81897
egy,1966,agegroup_days0_27,sex_btsx,82645
egy,1967,agegroup_days0_27,sex_btsx,83606
egy,1968,agegroup_days0_27,sex_btsx,84837
egy,1969,agegroup_days0_27,sex_btsx,86229
egy,1970,agegroup_days0_27,sex_btsx,87625
egy,1971,agegroup_days0_27,sex_btsx,89359
egy,1972,agegroup_days0_27,sex_btsx,90866
egy,1973,agegroup_days0_27,sex_btsx,91341
egy,1974,agegroup_days0_27,sex_btsx,92184
egy,1975,agegroup_days0_27,sex_btsx,93066
egy,1976,agegroup_days0_27,sex_btsx,93724
egy,1977,agegroup_days0_27,sex_btsx,93535
egy,1978,agegroup_days0_27,sex_btsx,93302
egy,1979,agegroup_days0_27,sex_btsx,92684
egy,1980,agegroup_days0_27,sex_btsx,91660
egy,1981,agegroup_days0_27,sex_btsx,89690
egy,1982,agegroup_days0_27,sex_btsx,88690
egy,1983,agegroup_days0_27,sex_btsx,87685
egy,1984,agegroup_days0_27,sex_btsx,84842
egy,1985,agegroup_days0_27,sex_btsx,81775
egy,1986,agegroup_days0_27,sex_btsx,78040
egy,1987,agegroup_days0_27,sex_btsx,74793
egy,1988,agegroup_days0_27,sex_btsx,72028
egy,1989,agegroup_days0_27,sex_btsx,68523
egy,1990,agegroup_days0_27,sex_btsx,65075
egy,1991,agegroup_days0_27,sex_btsx,61926
egy,1992,agegroup_days0_27,sex_btsx,58621
egy,1993,agegroup_days0_27,sex_btsx,55603
egy,1994,agegroup_days0_27,sex_btsx,52914
egy,1995,agegroup_days0_27,sex_btsx,50642
egy,1996,agegroup_days0_27,sex_btsx,49060
egy,1997,agegroup_days0_27,sex_btsx,48227
egy,1998,agegroup_days0_27,sex_btsx,47661
egy,1999,agegroup_days0_27,sex_btsx,46389
egy,2000,agegroup_days0_27,sex_btsx,44948
egy,2001,agegroup_days0_27,sex_btsx,44092
egy,2002,agegroup_days0_27,sex_btsx,43280
egy,2003,agegroup_days0_27,sex_btsx,42468
egy,2004,agegroup_days0_27,sex_btsx,41601
egy,2005,agegroup_days0_27,sex_btsx,40860
egy,2006,agegroup_days0_27,sex_btsx,39909
egy,2007,agegroup_days0_27,sex_btsx,39341
egy,2008,agegroup_days0_27,sex_btsx,38524
egy,2009,agegroup_days0_27,sex_btsx,37822
egy,2010,agegroup_days0_27,sex_btsx,37205
egy,2011,agegroup_days0_27,sex_btsx,36271
egy,2012,agegroup_days0_27,sex_btsx,36288
egy,2013,agegroup_days0_27,sex_btsx,36215
egy,2014,agegroup_days0_27,sex_btsx,35337
egy,2015,agegroup_days0_27,sex_btsx,34444
egy,2016,agegroup_days0_27,sex_btsx,32079
egy,2017,agegroup_days0_27,sex_btsx,30834
egy,2018,agegroup_days0_27,sex_btsx,27460
egy,2019,agegroup_days0_27,sex_btsx,25416
egy,2020,agegroup_days0_27,sex_btsx,24627
egy,2021,agegroup_days0_27,sex_btsx,23279
egy,2022,agegroup_days0_27,sex_btsx,22709
egy,2023,agegroup_days0_27,sex_btsx,22248
eri,1978,agegroup_days0_27,sex_btsx,3078
eri,1979,agegroup_days0_27,sex_btsx,3087
eri,1980,agegroup_days0_27,sex_btsx,3095
eri,1981,agegroup_days0_27,sex_btsx,3112
eri,1982,agegroup_days0_27,sex_btsx,3144
eri,1983,agegroup_days0_27,sex_btsx,3292
eri,1984,agegroup_days0_27,sex_btsx,3304
eri,1985,agegroup_days0_27,sex_btsx,3310
eri,1986,agegroup_days0_27,sex_btsx,3316
eri,1987,agegroup_days0_27,sex_btsx,3200
eri,1988,agegroup_days0_27,sex_btsx,3195
eri,1989,agegroup_days0_27,sex_btsx,3152
eri,1990,agegroup_days0_27,sex_btsx,3090
eri,1991,agegroup_days0_27,sex_btsx,3019
eri,1992,agegroup_days0_27,sex_btsx,2538
eri,1993,agegroup_days0_27,sex_btsx,2450
eri,1994,agegroup_days0_27,sex_btsx,2531
eri,1995,agegroup_days0_27,sex_btsx,2442
eri,1996,agegroup_days0_27,sex_btsx,2723
eri,1997,agegroup_days0_27,sex_btsx,2565
eri,1998,agegroup_days0_27,sex_btsx,2453
eri,1999,agegroup_days0_27,sex_btsx,2373
eri,2000,agegroup_days0_27,sex_btsx,2308
eri,2001,agegroup_days0_27,sex_btsx,2232
eri,2002,agegroup_days0_27,sex_btsx,2307
eri,2003,agegroup_days0_27,sex_btsx,2290
eri,2004,agegroup_days0_27,sex_btsx,2412
eri,2005,agegroup_days0_27,sex_btsx,2388
eri,2006,agegroup_days0_27,sex_btsx,2365
eri,2007,agegroup_days0_27,sex_btsx,2271
eri,2008,agegroup_days0_27,sex_btsx,2220
eri,2009,agegroup_days0_27,sex_btsx,2224
eri,2010,agegroup_days0_27,sex_btsx,2165
eri,2011,agegroup_days0_27,sex_btsx,2125
eri,2012,agegroup_days0_27,sex_btsx,2063
eri,2013,agegroup_days0_27,sex_btsx,2003
eri,2014,agegroup_days0_27,sex_btsx,1957
eri,2015,agegroup_days0_27,sex_btsx,1869
eri,2016,agegroup_days0_27,sex_btsx,1812
eri,2017,agegroup_days0_27,sex_btsx,1757
eri,2018,agegroup_days0_27,sex_btsx,1725
eri,2019,agegroup_days0_27,sex_btsx,1710
eri,2020,agegroup_days0_27,sex_btsx,1688
eri,2021,agegroup_days0_27,sex_btsx,1676
eri,2022,agegroup_days0_27,sex_btsx,1656
eri,2023,agegroup_days0_27,sex_btsx,1623
esp,1961,agegroup_days0_27,sex_btsx,13451
esp,1962,agegroup_days0_27,sex_btsx,13791
esp,1963,agegroup_days0_27,sex_btsx,14179
esp,1964,agegroup_days0_27,sex_btsx,14432
esp,1965,agegroup_days0_27,sex_btsx,13622
esp,1966,agegroup_days0_27,sex_btsx,13181
esp,1967,agegroup_days0_27,sex_btsx,13276
esp,1968,agegroup_days0_27,sex_btsx,12847
esp,1969,agegroup_days0_27,sex_btsx,12186
esp,1970,agegroup_days0_27,sex_btsx,11408
esp,1971,agegroup_days0_27,sex_btsx,10717
esp,1972,agegroup_days0_27,sex_btsx,9991
esp,1973,agegroup_days0_27,sex_btsx,9378
esp,1974,agegroup_days0_27,sex_btsx,9083
esp,1975,agegroup_days0_27,sex_btsx,8500
esp,1976,agegroup_days0_27,sex_btsx,8011
esp,1977,agegroup_days0_27,sex_btsx,7145
esp,1978,agegroup_days0_27,sex_btsx,6371
esp,1979,agegroup_days0_27,sex_btsx,5688
esp,1980,agegroup_days0_27,sex_btsx,5154
esp,1981,agegroup_days0_27,sex_btsx,4567
esp,1982,agegroup_days0_27,sex_btsx,4110
esp,1983,agegroup_days0_27,sex_btsx,3594
esp,1984,agegroup_days0_27,sex_btsx,3238
esp,1985,agegroup_days0_27,sex_btsx,2917
esp,1986,agegroup_days0_27,sex_btsx,2642
esp,1987,agegroup_days0_27,sex_btsx,2439
esp,1988,agegroup_days0_27,sex_btsx,2284
esp,1989,agegroup_days0_27,sex_btsx,2139
esp,1990,agegroup_days0_27,sex_btsx,2009
esp,1991,agegroup_days0_27,sex_btsx,1873
esp,1992,agegroup_days0_27,sex_btsx,1751
esp,1993,agegroup_days0_27,sex_btsx,1595
esp,1994,agegroup_days0_27,sex_btsx,1447
esp,1995,agegroup_days0_27,sex_btsx,1342
esp,1996,agegroup_days0_27,sex_btsx,1258
esp,1997,agegroup_days0_27,sex_btsx,1188
esp,1998,agegroup_days0_27,sex_btsx,1110
esp,1999,agegroup_days0_27,sex_btsx,1102
esp,2000,agegroup_days0_27,sex_btsx,1122
esp,2001,agegroup_days0_27,sex_btsx,1120
esp,2002,agegroup_days0_27,sex_btsx,1111
esp,2003,agegroup_days0_27,sex_btsx,1131
esp,2004,agegroup_days0_27,sex_btsx,1127
esp,2005,agegroup_days0_27,sex_btsx,1114
esp,2006,agegroup_days0_27,sex_btsx,1105
esp,2007,agegroup_days0_27,sex_btsx,1085
esp,2008,agegroup_days0_27,sex_btsx,1104
esp,2009,agegroup_days0_27,sex_btsx,1048
esp,2010,agegroup_days0_27,sex_btsx,1020
esp,2011,agegroup_days0_27,sex_btsx,981
esp,2012,agegroup_days0_27,sex_btsx,934
esp,2013,agegroup_days0_27,sex_btsx,865
esp,2014,agegroup_days0_27,sex_btsx,841
esp,2015,agegroup_days0_27,sex_btsx,809
esp,2016,agegroup_days0_27,sex_btsx,775
esp,2017,agegroup_days0_27,sex_btsx,735
esp,2018,agegroup_days0_27,sex_btsx,691
esp,2019,agegroup_days0_27,sex_btsx,660
esp,2020,agegroup_days0_27,sex_btsx,624
esp,2021,agegroup_days0_27,sex_btsx,606
esp,2022,agegroup_days0_27,sex_btsx,591
esp,2023,agegroup_days0_27,sex_btsx,572
est,1989,agegroup_days0_27,sex_btsx,245
est,1990,agegroup_days0_27,sex_btsx,220
est,1991,agegroup_days0_27,sex_btsx,191
est,1992,agegroup_days0_27,sex_btsx,176
est,1993,agegroup_days0_27,sex_btsx,147
est,1994,agegroup_days0_27,sex_btsx,130
est,1995,agegroup_days0_27,sex_btsx,116
est,1996,agegroup_days0_27,sex_btsx,104
est,1997,agegroup_days0_27,sex_btsx,89
est,1998,agegroup_days0_27,sex_btsx,78
est,1999,agegroup_days0_27,sex_btsx,72
est,2000,agegroup_days0_27,sex_btsx,69
est,2001,agegroup_days0_27,sex_btsx,62
est,2002,agegroup_days0_27,sex_btsx,57
est,2003,agegroup_days0_27,sex_btsx,53
est,2004,agegroup_days0_27,sex_btsx,51
est,2005,agegroup_days0_27,sex_btsx,48
est,2006,agegroup_days0_27,sex_btsx,45
est,2007,agegroup_days0_27,sex_btsx,44
est,2008,agegroup_days0_27,sex_btsx,40
est,2009,agegroup_days0_27,sex_btsx,36
est,2010,agegroup_days0_27,sex_btsx,33
est,2011,agegroup_days0_27,sex_btsx,28
est,2012,agegroup_days0_27,sex_btsx,25
est,2013,agegroup_days0_27,sex_btsx,22
est,2014,agegroup_days0_27,sex_btsx,21
est,2015,agegroup_days0_27,sex_btsx,20
est,2016,agegroup_days0_27,sex_btsx,19
est,2017,agegroup_days0_27,sex_btsx,18
est,2018,agegroup_days0_27,sex_btsx,17
est,2019,agegroup_days0_27,sex_btsx,16
est,2020,agegroup_days0_27,sex_btsx,15
est,2021,agegroup_days0_27,sex_btsx,14
est,2022,agegroup_days0_27,sex_btsx,12
est,2023,agegroup_days0_27,sex_btsx,11
eth,1978,agegroup_days0_27,sex_btsx,114345
eth,1979,agegroup_days0_27,sex_btsx,117080
eth,1980,agegroup_days0_27,sex_btsx,118369
eth,1981,agegroup_days0_27,sex_btsx,118693
eth,1982,agegroup_days0_27,sex_btsx,123909
eth,1983,agegroup_days0_27,sex_btsx,129885
eth,1984,agegroup_days0_27,sex_btsx,132323
eth,1985,agegroup_days0_27,sex_btsx,134396
eth,1986,agegroup_days0_27,sex_btsx,136148
eth,1987,agegroup_days0_27,sex_btsx,135017
eth,1988,agegroup_days0_27,sex_btsx,137559
eth,1989,agegroup_days0_27,sex_btsx,140604
eth,1990,agegroup_days0_27,sex_btsx,143630
eth,1991,agegroup_days0_27,sex_btsx,146164
eth,1992,agegroup_days0_27,sex_btsx,150050
eth,1993,agegroup_days0_27,sex_btsx,151207
eth,1994,agegroup_days0_27,sex_btsx,151402
eth,1995,agegroup_days0_27,sex_btsx,150700
eth,1996,agegroup_days0_27,sex_btsx,150257
eth,1997,agegroup_days0_27,sex_btsx,149266
eth,1998,agegroup_days0_27,sex_btsx,147937
eth,1999,agegroup_days0_27,sex_btsx,147577
eth,2000,agegroup_days0_27,sex_btsx,146612
eth,2001,agegroup_days0_27,sex_btsx,146172
eth,2002,agegroup_days0_27,sex_btsx,145279
eth,2003,agegroup_days0_27,sex_btsx,143729
eth,2004,agegroup_days0_27,sex_btsx,143395
eth,2005,agegroup_days0_27,sex_btsx,143040
eth,2006,agegroup_days0_27,sex_btsx,141019
eth,2007,agegroup_days0_27,sex_btsx,138700
eth,2008,agegroup_days0_27,sex_btsx,135523
eth,2009,agegroup_days0_27,sex_btsx,131186
eth,2010,agegroup_days0_27,sex_btsx,127918
eth,2011,agegroup_days0_27,sex_btsx,124880
eth,2012,agegroup_days0_27,sex_btsx,120966
eth,2013,agegroup_days0_27,sex_btsx,117748
eth,2014,agegroup_days0_27,sex_btsx,117042
eth,2015,agegroup_days0_27,sex_btsx,117074
eth,2016,agegroup_days0_27,sex_btsx,117259
eth,2017,agegroup_days0_27,sex_btsx,117091
eth,2018,agegroup_days0_27,sex_btsx,117599
eth,2019,agegroup_days0_27,sex_btsx,118076
eth,2020,agegroup_days0_27,sex_btsx,117438
eth,2021,agegroup_days0_27,sex_btsx,115817
eth,2022,agegroup_days0_27,sex_btsx,114175
eth,2023,agegroup_days0_27,sex_btsx,112319
fin,1961,agegroup_days0_27,sex_btsx,1251
fin,1962,agegroup_days0_27,sex_btsx,1203
fin,1963,agegroup_days0_27,sex_btsx,1167
fin,1964,agegroup_days0_27,sex_btsx,1100
fin,1965,agegroup_days0_27,sex_btsx,1022
fin,1966,agegroup_days0_27,sex_btsx,967
fin,1967,agegroup_days0_27,sex_btsx,915
fin,1968,agegroup_days0_27,sex_btsx,839
fin,1969,agegroup_days0_27,sex_btsx,745
fin,1970,agegroup_days0_27,sex_btsx,679
fin,1971,agegroup_days0_27,sex_btsx,609
fin,1972,agegroup_days0_27,sex_btsx,556
fin,1973,agegroup_days0_27,sex_btsx,508
fin,1974,agegroup_days0_27,sex_btsx,515
fin,1975,agegroup_days0_27,sex_btsx,503
fin,1976,agegroup_days0_27,sex_btsx,472
fin,1977,agegroup_days0_27,sex_btsx,429
fin,1978,agegroup_days0_27,sex_btsx,385
fin,1979,agegroup_days0_27,sex_btsx,352
fin,1980,agegroup_days0_27,sex_btsx,323
fin,1981,agegroup_days0_27,sex_btsx,304
fin,1982,agegroup_days0_27,sex_btsx,299
fin,1983,agegroup_days0_27,sex_btsx,292
fin,1984,agegroup_days0_27,sex_btsx,279
fin,1985,agegroup_days0_27,sex_btsx,265
fin,1986,agegroup_days0_27,sex_btsx,253
fin,1987,agegroup_days0_27,sex_btsx,247
fin,1988,agegroup_days0_27,sex_btsx,254
fin,1989,agegroup_days0_27,sex_btsx,250
fin,1990,agegroup_days0_27,sex_btsx,251
fin,1991,agegroup_days0_27,sex_btsx,243
fin,1992,agegroup_days0_27,sex_btsx,237
fin,1993,agegroup_days0_27,sex_btsx,220
fin,1994,agegroup_days0_27,sex_btsx,209
fin,1995,agegroup_days0_27,sex_btsx,193
fin,1996,agegroup_days0_27,sex_btsx,178
fin,1997,agegroup_days0_27,sex_btsx,166
fin,1998,agegroup_days0_27,sex_btsx,154
fin,1999,agegroup_days0_27,sex_btsx,148
fin,2000,agegroup_days0_27,sex_btsx,141
fin,2001,agegroup_days0_27,sex_btsx,133
fin,2002,agegroup_days0_27,sex_btsx,127
fin,2003,agegroup_days0_27,sex_btsx,125
fin,2004,agegroup_days0_27,sex_btsx,123
fin,2005,agegroup_days0_27,sex_btsx,119
fin,2006,agegroup_days0_27,sex_btsx,117
fin,2007,agegroup_days0_27,sex_btsx,113
fin,2008,agegroup_days0_27,sex_btsx,109
fin,2009,agegroup_days0_27,sex_btsx,106
fin,2010,agegroup_days0_27,sex_btsx,101
fin,2011,agegroup_days0_27,sex_btsx,94
fin,2012,agegroup_days0_27,sex_btsx,88
fin,2013,agegroup_days0_27,sex_btsx,83
fin,2014,agegroup_days0_27,sex_btsx,80
fin,2015,agegroup_days0_27,sex_btsx,77
fin,2016,agegroup_days0_27,sex_btsx,73
fin,2017,agegroup_days0_27,sex_btsx,69
fin,2018,agegroup_days0_27,sex_btsx,65
fin,2019,agegroup_days0_27,sex_btsx,62
fin,2020,agegroup_days0_27,sex_btsx,63
fin,2021,agegroup_days0_27,sex_btsx,66
fin,2022,agegroup_days0_27,sex_btsx,60
fin,2023,agegroup_days0_27,sex_btsx,58
fji,1990,agegroup_days0_27,sex_btsx,301
fji,1991,agegroup_days0_27,sex_btsx,286
fji,1992,agegroup_days0_27,sex_btsx,271
fji,1993,agegroup_days0_27,sex_btsx,256
fji,1994,agegroup_days0_27,sex_btsx,243
fji,1995,agegroup_days0_27,sex_btsx,234
fji,1996,agegroup_days0_27,sex_btsx,226
fji,1997,agegroup_days0_27,sex_btsx,217
fji,1998,agegroup_days0_27,sex_btsx,210
fji,1999,agegroup_days0_27,sex_btsx,205
fji,2000,agegroup_days0_27,sex_btsx,204
fji,2001,agegroup_days0_27,sex_btsx,209
fji,2002,agegroup_days0_27,sex_btsx,219
fji,2003,agegroup_days0_27,sex_btsx,230
fji,2004,agegroup_days0_27,sex_btsx,241
fji,2005,agegroup_days0_27,sex_btsx,248
fji,2006,agegroup_days0_27,sex_btsx,245
fji,2007,agegroup_days0_27,sex_btsx,232
fji,2008,agegroup_days0_27,sex_btsx,213
fji,2009,agegroup_days0_27,sex_btsx,195
fji,2010,agegroup_days0_27,sex_btsx,180
fji,2011,agegroup_days0_27,sex_btsx,168
fji,2012,agegroup_days0_27,sex_btsx,162
fji,2013,agegroup_days0_27,sex_btsx,160
fji,2014,agegroup_days0_27,sex_btsx,161
fji,2015,agegroup_days0_27,sex_btsx,165
fji,2016,agegroup_days0_27,sex_btsx,174
fji,2017,agegroup_days0_27,sex_btsx,187
fji,2018,agegroup_days0_27,sex_btsx,204
fji,2019,agegroup_days0_27,sex_btsx,221
fji,2020,agegroup_days0_27,sex_btsx,235
fji,2021,agegroup_days0_27,sex_btsx,245
fji,2022,agegroup_days0_27,sex_btsx,248
fji,2023,agegroup_days0_27,sex_btsx,248
fra,1961,agegroup_days0_27,sex_btsx,14703
fra,1962,agegroup_days0_27,sex_btsx,13752
fra,1963,agegroup_days0_27,sex_btsx,13859
fra,1964,agegroup_days0_27,sex_btsx,13876
fra,1965,agegroup_days0_27,sex_btsx,13558
fra,1966,agegroup_days0_27,sex_btsx,13002
fra,1967,agegroup_days0_27,sex_btsx,11555
fra,1968,agegroup_days0_27,sex_btsx,9839
fra,1969,agegroup_days0_27,sex_btsx,8367
fra,1970,agegroup_days0_27,sex_btsx,7693
fra,1971,agegroup_days0_27,sex_btsx,7807
fra,1972,agegroup_days0_27,sex_btsx,7698
fra,1973,agegroup_days0_27,sex_btsx,7238
fra,1974,agegroup_days0_27,sex_btsx,6510
fra,1975,agegroup_days0_27,sex_btsx,5958
fra,1976,agegroup_days0_27,sex_btsx,5681
fra,1977,agegroup_days0_27,sex_btsx,5624
fra,1978,agegroup_days0_27,sex_btsx,5084
fra,1979,agegroup_days0_27,sex_btsx,4675
fra,1980,agegroup_days0_27,sex_btsx,4544
fra,1981,agegroup_days0_27,sex_btsx,4353
fra,1982,agegroup_days0_27,sex_btsx,4157
fra,1983,agegroup_days0_27,sex_btsx,3756
fra,1984,agegroup_days0_27,sex_btsx,3640
fra,1985,agegroup_days0_27,sex_btsx,3516
fra,1986,agegroup_days0_27,sex_btsx,3404
fra,1987,agegroup_days0_27,sex_btsx,3225
fra,1988,agegroup_days0_27,sex_btsx,3112
fra,1989,agegroup_days0_27,sex_btsx,2955
fra,1990,agegroup_days0_27,sex_btsx,2783
fra,1991,agegroup_days0_27,sex_btsx,2607
fra,1992,agegroup_days0_27,sex_btsx,2426
fra,1993,agegroup_days0_27,sex_btsx,2253
fra,1994,agegroup_days0_27,sex_btsx,2221
fra,1995,agegroup_days0_27,sex_btsx,2279
fra,1996,agegroup_days0_27,sex_btsx,2294
fra,1997,agegroup_days0_27,sex_btsx,2227
fra,1998,agegroup_days0_27,sex_btsx,2172
fra,1999,agegroup_days0_27,sex_btsx,2102
fra,2000,agegroup_days0_27,sex_btsx,2143
fra,2001,agegroup_days0_27,sex_btsx,2120
fra,2002,agegroup_days0_27,sex_btsx,2065
fra,2003,agegroup_days0_27,sex_btsx,2004
fra,2004,agegroup_days0_27,sex_btsx,1951
fra,2005,agegroup_days0_27,sex_btsx,1903
fra,2006,agegroup_days0_27,sex_btsx,1910
fra,2007,agegroup_days0_27,sex_btsx,1861
fra,2008,agegroup_days0_27,sex_btsx,1880
fra,2009,agegroup_days0_27,sex_btsx,1873
fra,2010,agegroup_days0_27,sex_btsx,1877
fra,2011,agegroup_days0_27,sex_btsx,1835
fra,2012,agegroup_days0_27,sex_btsx,1822
fra,2013,agegroup_days0_27,sex_btsx,1822
fra,2014,agegroup_days0_27,sex_btsx,1856
fra,2015,agegroup_days0_27,sex_btsx,1853
fra,2016,agegroup_days0_27,sex_btsx,1857
fra,2017,agegroup_days0_27,sex_btsx,1838
fra,2018,agegroup_days0_27,sex_btsx,1833
fra,2019,agegroup_days0_27,sex_btsx,1824
fra,2020,agegroup_days0_27,sex_btsx,1789
fra,2021,agegroup_days0_27,sex_btsx,1820
fra,2022,agegroup_days0_27,sex_btsx,1825
fra,2023,agegroup_days0_27,sex_btsx,1759
fsm,1990,agegroup_days0_27,sex_btsx,85
fsm,1991,agegroup_days0_27,sex_btsx,83
fsm,1992,agegroup_days0_27,sex_btsx,82
fsm,1993,agegroup_days0_27,sex_btsx,81
fsm,1994,agegroup_days0_27,sex_btsx,80
fsm,1995,agegroup_days0_27,sex_btsx,79
fsm,1996,agegroup_days0_27,sex_btsx,78
fsm,1997,agegroup_days0_27,sex_btsx,77
fsm,1998,agegroup_days0_27,sex_btsx,75
fsm,1999,agegroup_days0_27,sex_btsx,74
fsm,2000,agegroup_days0_27,sex_btsx,73
fsm,2001,agegroup_days0_27,sex_btsx,70
fsm,2002,agegroup_days0_27,sex_btsx,67
fsm,2003,agegroup_days0_27,sex_btsx,64
fsm,2004,agegroup_days0_27,sex_btsx,62
fsm,2005,agegroup_days0_27,sex_btsx,60
fsm,2006,agegroup_days0_27,sex_btsx,58
fsm,2007,agegroup_days0_27,sex_btsx,56
fsm,2008,agegroup_days0_27,sex_btsx,54
fsm,2009,agegroup_days0_27,sex_btsx,51
fsm,2010,agegroup_days0_27,sex_btsx,49
fsm,2011,agegroup_days0_27,sex_btsx,47
fsm,2012,agegroup_days0_27,sex_btsx,45
fsm,2013,agegroup_days0_27,sex_btsx,43
fsm,2014,agegroup_days0_27,sex_btsx,42
fsm,2015,agegroup_days0_27,sex_btsx,40
fsm,2016,agegroup_days0_27,sex_btsx,39
fsm,2017,agegroup_days0_27,sex_btsx,37
fsm,2018,agegroup_days0_27,sex_btsx,36
fsm,2019,agegroup_days0_27,sex_btsx,35
fsm,2020,agegroup_days0_27,sex_btsx,33
fsm,2021,agegroup_days0_27,sex_btsx,33
fsm,2022,agegroup_days0_27,sex_btsx,32
fsm,2023,agegroup_days0_27,sex_btsx,31
gab,1978,agegroup_days0_27,sex_btsx,866
gab,1979,agegroup_days0_27,sex_btsx,879
gab,1980,agegroup_days0_27,sex_btsx,895
gab,1981,agegroup_days0_27,sex_btsx,912
gab,1982,agegroup_days0_27,sex_btsx,924
gab,1983,agegroup_days0_27,sex_btsx,941
gab,1984,agegroup_days0_27,sex_btsx,954
gab,1985,agegroup_days0_27,sex_btsx,970
gab,1986,agegroup_days0_27,sex_btsx,988
gab,1987,agegroup_days0_27,sex_btsx,1007
gab,1988,agegroup_days0_27,sex_btsx,1022
gab,1989,agegroup_days0_27,sex_btsx,1028
gab,1990,agegroup_days0_27,sex_btsx,1034
gab,1991,agegroup_days0_27,sex_btsx,1038
gab,1992,agegroup_days0_27,sex_btsx,1035
gab,1993,agegroup_days0_27,sex_btsx,1027
gab,1994,agegroup_days0_27,sex_btsx,1006
gab,1995,agegroup_days0_27,sex_btsx,990
gab,1996,agegroup_days0_27,sex_btsx,989
gab,1997,agegroup_days0_27,sex_btsx,1010
gab,1998,agegroup_days0_27,sex_btsx,1044
gab,1999,agegroup_days0_27,sex_btsx,1085
gab,2000,agegroup_days0_27,sex_btsx,1134
gab,2001,agegroup_days0_27,sex_btsx,1173
gab,2002,agegroup_days0_27,sex_btsx,1208
gab,2003,agegroup_days0_27,sex_btsx,1239
gab,2004,agegroup_days0_27,sex_btsx,1267
gab,2005,agegroup_days0_27,sex_btsx,1289
gab,2006,agegroup_days0_27,sex_btsx,1304
gab,2007,agegroup_days0_27,sex_btsx,1311
gab,2008,agegroup_days0_27,sex_btsx,1315
gab,2009,agegroup_days0_27,sex_btsx,1327
gab,2010,agegroup_days0_27,sex_btsx,1342
gab,2011,agegroup_days0_27,sex_btsx,1355
gab,2012,agegroup_days0_27,sex_btsx,1351
gab,2013,agegroup_days0_27,sex_btsx,1348
gab,2014,agegroup_days0_27,sex_btsx,1343
gab,2015,agegroup_days0_27,sex_btsx,1343
gab,2016,agegroup_days0_27,sex_btsx,1347
gab,2017,agegroup_days0_27,sex_btsx,1337
gab,2018,agegroup_days0_27,sex_btsx,1324
gab,2019,agegroup_days0_27,sex_btsx,1299
gab,2020,agegroup_days0_27,sex_btsx,1265
gab,2021,agegroup_days0_27,sex_btsx,1230
gab,2022,agegroup_days0_27,sex_btsx,1191
gab,2023,agegroup_days0_27,sex_btsx,1152
gbr,1961,agegroup_days0_27,sex_btsx,14668
gbr,1962,agegroup_days0_27,sex_btsx,14594
gbr,1963,agegroup_days0_27,sex_btsx,14411
gbr,1964,agegroup_days0_27,sex_btsx,14115
gbr,1965,agegroup_days0_27,sex_btsx,13553
gbr,1966,agegroup_days0_27,sex_btsx,12939
gbr,1967,agegroup_days0_27,sex_btsx,12336
gbr,1968,agegroup_days0_27,sex_btsx,11833
gbr,1969,agegroup_days0_27,sex_btsx,11350
gbr,1970,agegroup_days0_27,sex_btsx,10920
gbr,1971,agegroup_days0_27,sex_btsx,10486
gbr,1972,agegroup_days0_27,sex_btsx,9695
gbr,1973,agegroup_days0_27,sex_btsx,8945
gbr,1974,agegroup_days0_27,sex_btsx,8241
gbr,1975,agegroup_days0_27,sex_btsx,7503
gbr,1976,agegroup_days0_27,sex_btsx,6857
gbr,1977,agegroup_days0_27,sex_btsx,6263
gbr,1978,agegroup_days0_27,sex_btsx,6051
gbr,1979,agegroup_days0_27,sex_btsx,5945
gbr,1980,agegroup_days0_27,sex_btsx,5607
gbr,1981,agegroup_days0_27,sex_btsx,5022
gbr,1982,agegroup_days0_27,sex_btsx,4603
gbr,1983,agegroup_days0_27,sex_btsx,4345
gbr,1984,agegroup_days0_27,sex_btsx,4183
gbr,1985,agegroup_days0_27,sex_btsx,4102
gbr,1986,agegroup_days0_27,sex_btsx,3956
gbr,1987,agegroup_days0_27,sex_btsx,3868
gbr,1988,agegroup_days0_27,sex_btsx,3741
gbr,1989,agegroup_days0_27,sex_btsx,3584
gbr,1990,agegroup_days0_27,sex_btsx,3566
gbr,1991,agegroup_days0_27,sex_btsx,3504
gbr,1992,agegroup_days0_27,sex_btsx,3418
gbr,1993,agegroup_days0_27,sex_btsx,3280
gbr,1994,agegroup_days0_27,sex_btsx,3162
gbr,1995,agegroup_days0_27,sex_btsx,3012
gbr,1996,agegroup_days0_27,sex_btsx,2917
gbr,1997,agegroup_days0_27,sex_btsx,2827
gbr,1998,agegroup_days0_27,sex_btsx,2767
gbr,1999,agegroup_days0_27,sex_btsx,2706
gbr,2000,agegroup_days0_27,sex_btsx,2606
gbr,2001,agegroup_days0_27,sex_btsx,2504
gbr,2002,agegroup_days0_27,sex_btsx,2440
gbr,2003,agegroup_days0_27,sex_btsx,2488
gbr,2004,agegroup_days0_27,sex_btsx,2540
gbr,2005,agegroup_days0_27,sex_btsx,2542
gbr,2006,agegroup_days0_27,sex_btsx,2574
gbr,2007,agegroup_days0_27,sex_btsx,2584
gbr,2008,agegroup_days0_27,sex_btsx,2575
gbr,2009,agegroup_days0_27,sex_btsx,2489
gbr,2010,agegroup_days0_27,sex_btsx,2443
gbr,2011,agegroup_days0_27,sex_btsx,2359
gbr,2012,agegroup_days0_27,sex_btsx,2280
gbr,2013,agegroup_days0_27,sex_btsx,2126
gbr,2014,agegroup_days0_27,sex_btsx,2066
gbr,2015,agegroup_days0_27,sex_btsx,2059
gbr,2016,agegroup_days0_27,sex_btsx,2077
gbr,2017,agegroup_days0_27,sex_btsx,2062
gbr,2018,agegroup_days0_27,sex_btsx,2017
gbr,2019,agegroup_days0_27,sex_btsx,1968
gbr,2020,agegroup_days0_27,sex_btsx,1888
gbr,2021,agegroup_days0_27,sex_btsx,1890
gbr,2022,agegroup_days0_27,sex_btsx,1865
gbr,2023,agegroup_days0_27,sex_btsx,1846
geo,1978,agegroup_days0_27,sex_btsx,2700
geo,1979,agegroup_days0_27,sex_btsx,2686
geo,1980,agegroup_days0_27,sex_btsx,2682
geo,1981,agegroup_days0_27,sex_btsx,2675
geo,1982,agegroup_days0_27,sex_btsx,2658
geo,1983,agegroup_days0_27,sex_btsx,2677
geo,1984,agegroup_days0_27,sex_btsx,2709
geo,1985,agegroup_days0_27,sex_btsx,2719
geo,1986,agegroup_days0_27,sex_btsx,2682
geo,1987,agegroup_days0_27,sex_btsx,2591
geo,1988,agegroup_days0_27,sex_btsx,2572
geo,1989,agegroup_days0_27,sex_btsx,2566
geo,1990,agegroup_days0_27,sex_btsx,2533
geo,1991,agegroup_days0_27,sex_btsx,2372
geo,1992,agegroup_days0_27,sex_btsx,2140
geo,1993,agegroup_days0_27,sex_btsx,1947
geo,1994,agegroup_days0_27,sex_btsx,1801
geo,1995,agegroup_days0_27,sex_btsx,1710
geo,1996,agegroup_days0_27,sex_btsx,1607
geo,1997,agegroup_days0_27,sex_btsx,1518
geo,1998,agegroup_days0_27,sex_btsx,1434
geo,1999,agegroup_days0_27,sex_btsx,1323
geo,2000,agegroup_days0_27,sex_btsx,1222
geo,2001,agegroup_days0_27,sex_btsx,1108
geo,2002,agegroup_days0_27,sex_btsx,1017
geo,2003,agegroup_days0_27,sex_btsx,930
geo,2004,agegroup_days0_27,sex_btsx,863
geo,2005,agegroup_days0_27,sex_btsx,800
geo,2006,agegroup_days0_27,sex_btsx,744
geo,2007,agegroup_days0_27,sex_btsx,707
geo,2008,agegroup_days0_27,sex_btsx,693
geo,2009,agegroup_days0_27,sex_btsx,683
geo,2010,agegroup_days0_27,sex_btsx,615
geo,2011,agegroup_days0_27,sex_btsx,542
geo,2012,agegroup_days0_27,sex_btsx,493
geo,2013,agegroup_days0_27,sex_btsx,457
geo,2014,agegroup_days0_27,sex_btsx,445
geo,2015,agegroup_days0_27,sex_btsx,408
geo,2016,agegroup_days0_27,sex_btsx,372
geo,2017,agegroup_days0_27,sex_btsx,329
geo,2018,agegroup_days0_27,sex_btsx,303
geo,2019,agegroup_days0_27,sex_btsx,281
geo,2020,agegroup_days0_27,sex_btsx,268
geo,2021,agegroup_days0_27,sex_btsx,263
geo,2022,agegroup_days0_27,sex_btsx,238
geo,2023,agegroup_days0_27,sex_btsx,233
gha,1966,agegroup_days0_27,sex_btsx,23049
gha,1967,agegroup_days0_27,sex_btsx,23557
gha,1968,agegroup_days0_27,sex_btsx,24043
gha,1969,agegroup_days0_27,sex_btsx,24702
gha,1970,agegroup_days0_27,sex_btsx,25124
gha,1971,agegroup_days0_27,sex_btsx,25482
gha,1972,agegroup_days0_27,sex_btsx,25673
gha,1973,agegroup_days0_27,sex_btsx,25812
gha,1974,agegroup_days0_27,sex_btsx,25850
gha,1975,agegroup_days0_27,sex_btsx,25793
gha,1976,agegroup_days0_27,sex_btsx,25743
gha,1977,agegroup_days0_27,sex_btsx,25828
gha,1978,agegroup_days0_27,sex_btsx,26055
gha,1979,agegroup_days0_27,sex_btsx,26422
gha,1980,agegroup_days0_27,sex_btsx,26924
gha,1981,agegroup_days0_27,sex_btsx,27263
gha,1982,agegroup_days0_27,sex_btsx,27465
gha,1983,agegroup_days0_27,sex_btsx,27721
gha,1984,agegroup_days0_27,sex_btsx,27966
gha,1985,agegroup_days0_27,sex_btsx,27822
gha,1986,agegroup_days0_27,sex_btsx,27580
gha,1987,agegroup_days0_27,sex_btsx,27252
gha,1988,agegroup_days0_27,sex_btsx,26744
gha,1989,agegroup_days0_27,sex_btsx,26351
gha,1990,agegroup_days0_27,sex_btsx,26132
gha,1991,agegroup_days0_27,sex_btsx,25862
gha,1992,agegroup_days0_27,sex_btsx,25612
gha,1993,agegroup_days0_27,sex_btsx,25406
gha,1994,agegroup_days0_27,sex_btsx,25058
gha,1995,agegroup_days0_27,sex_btsx,24905
gha,1996,agegroup_days0_27,sex_btsx,24609
gha,1997,agegroup_days0_27,sex_btsx,24678
gha,1998,agegroup_days0_27,sex_btsx,24769
gha,1999,agegroup_days0_27,sex_btsx,24915
gha,2000,agegroup_days0_27,sex_btsx,25193
gha,2001,agegroup_days0_27,sex_btsx,25089
gha,2002,agegroup_days0_27,sex_btsx,24955
gha,2003,agegroup_days0_27,sex_btsx,24831
gha,2004,agegroup_days0_27,sex_btsx,24693
gha,2005,agegroup_days0_27,sex_btsx,25027
gha,2006,agegroup_days0_27,sex_btsx,24875
gha,2007,agegroup_days0_27,sex_btsx,24539
gha,2008,agegroup_days0_27,sex_btsx,24284
gha,2009,agegroup_days0_27,sex_btsx,24098
gha,2010,agegroup_days0_27,sex_btsx,24027
gha,2011,agegroup_days0_27,sex_btsx,23889
gha,2012,agegroup_days0_27,sex_btsx,23614
gha,2013,agegroup_days0_27,sex_btsx,23263
gha,2014,agegroup_days0_27,sex_btsx,22674
gha,2015,agegroup_days0_27,sex_btsx,22319
gha,2016,agegroup_days0_27,sex_btsx,21658
gha,2017,agegroup_days0_27,sex_btsx,20780
gha,2018,agegroup_days0_27,sex_btsx,20369
gha,2019,agegroup_days0_27,sex_btsx,20015
gha,2020,agegroup_days0_27,sex_btsx,19695
gha,2021,agegroup_days0_27,sex_btsx,19416
gha,2022,agegroup_days0_27,sex_btsx,19084
gha,2023,agegroup_days0_27,sex_btsx,18856
gin,1977,agegroup_days0_27,sex_btsx,15457
gin,1978,agegroup_days0_27,sex_btsx,15919
gin,1979,agegroup_days0_27,sex_btsx,16408
gin,1980,agegroup_days0_27,sex_btsx,16909
gin,1981,agegroup_days0_27,sex_btsx,17329
gin,1982,agegroup_days0_27,sex_btsx,17736
gin,1983,agegroup_days0_27,sex_btsx,17942
gin,1984,agegroup_days0_27,sex_btsx,18086
gin,1985,agegroup_days0_27,sex_btsx,18151
gin,1986,agegroup_days0_27,sex_btsx,18158
gin,1987,agegroup_days0_27,sex_btsx,18172
gin,1988,agegroup_days0_27,sex_btsx,18132
gin,1989,agegroup_days0_27,sex_btsx,18096
gin,1990,agegroup_days0_27,sex_btsx,18064
gin,1991,agegroup_days0_27,sex_btsx,18525
gin,1992,agegroup_days0_27,sex_btsx,18844
gin,1993,agegroup_days0_27,sex_btsx,18930
gin,1994,agegroup_days0_27,sex_btsx,19109
gin,1995,agegroup_days0_27,sex_btsx,18957
gin,1996,agegroup_days0_27,sex_btsx,18955
gin,1997,agegroup_days0_27,sex_btsx,18550
gin,1998,agegroup_days0_27,sex_btsx,17594
gin,1999,agegroup_days0_27,sex_btsx,16917
gin,2000,agegroup_days0_27,sex_btsx,16230
gin,2001,agegroup_days0_27,sex_btsx,15525
gin,2002,agegroup_days0_27,sex_btsx,14931
gin,2003,agegroup_days0_27,sex_btsx,14727
gin,2004,agegroup_days0_27,sex_btsx,14648
gin,2005,agegroup_days0_27,sex_btsx,14629
gin,2006,agegroup_days0_27,sex_btsx,14563
gin,2007,agegroup_days0_27,sex_btsx,14569
gin,2008,agegroup_days0_27,sex_btsx,14646
gin,2009,agegroup_days0_27,sex_btsx,14775
gin,2010,agegroup_days0_27,sex_btsx,14864
gin,2011,agegroup_days0_27,sex_btsx,14876
gin,2012,agegroup_days0_27,sex_btsx,14864
gin,2013,agegroup_days0_27,sex_btsx,14891
gin,2014,agegroup_days0_27,sex_btsx,14916
gin,2015,agegroup_days0_27,sex_btsx,14967
gin,2016,agegroup_days0_27,sex_btsx,15032
gin,2017,agegroup_days0_27,sex_btsx,15054
gin,2018,agegroup_days0_27,sex_btsx,15051
gin,2019,agegroup_days0_27,sex_btsx,15098
gin,2020,agegroup_days0_27,sex_btsx,15096
gin,2021,agegroup_days0_27,sex_btsx,15020
gin,2022,agegroup_days0_27,sex_btsx,14908
gin,2023,agegroup_days0_27,sex_btsx,14778
gmb,1990,agegroup_days0_27,sex_btsx,2507
gmb,1991,agegroup_days0_27,sex_btsx,2540
gmb,1992,agegroup_days0_27,sex_btsx,2562
gmb,1993,agegroup_days0_27,sex_btsx,2583
gmb,1994,agegroup_days0_27,sex_btsx,2607
gmb,1995,agegroup_days0_27,sex_btsx,2588
gmb,1996,agegroup_days0_27,sex_btsx,2546
gmb,1997,agegroup_days0_27,sex_btsx,2508
gmb,1998,agegroup_days0_27,sex_btsx,2478
gmb,1999,agegroup_days0_27,sex_btsx,2442
gmb,2000,agegroup_days0_27,sex_btsx,2411
gmb,2001,agegroup_days0_27,sex_btsx,2396
gmb,2002,agegroup_days0_27,sex_btsx,2386
gmb,2003,agegroup_days0_27,sex_btsx,2390
gmb,2004,agegroup_days0_27,sex_btsx,2412
gmb,2005,agegroup_days0_27,sex_btsx,2434
gmb,2006,agegroup_days0_27,sex_btsx,2466
gmb,2007,agegroup_days0_27,sex_btsx,2460
gmb,2008,agegroup_days0_27,sex_btsx,2450
gmb,2009,agegroup_days0_27,sex_btsx,2454
gmb,2010,agegroup_days0_27,sex_btsx,2466
gmb,2011,agegroup_days0_27,sex_btsx,2474
gmb,2012,agegroup_days0_27,sex_btsx,2486
gmb,2013,agegroup_days0_27,sex_btsx,2457
gmb,2014,agegroup_days0_27,sex_btsx,2389
gmb,2015,agegroup_days0_27,sex_btsx,2317
gmb,2016,agegroup_days0_27,sex_btsx,2240
gmb,2017,agegroup_days0_27,sex_btsx,2160
gmb,2018,agegroup_days0_27,sex_btsx,2084
gmb,2019,agegroup_days0_27,sex_btsx,2053
gmb,2020,agegroup_days0_27,sex_btsx,2026
gmb,2021,agegroup_days0_27,sex_btsx,1999
gmb,2022,agegroup_days0_27,sex_btsx,1970
gmb,2023,agegroup_days0_27,sex_btsx,1943
gnb,1988,agegroup_days0_27,sex_btsx,2838
gnb,1989,agegroup_days0_27,sex_btsx,2843
gnb,1990,agegroup_days0_27,sex_btsx,2796
gnb,1991,agegroup_days0_27,sex_btsx,2807
gnb,1992,agegroup_days0_27,sex_btsx,2853
gnb,1993,agegroup_days0_27,sex_btsx,2909
gnb,1994,agegroup_days0_27,sex_btsx,2956
gnb,1995,agegroup_days0_27,sex_btsx,2980
gnb,1996,agegroup_days0_27,sex_btsx,2973
gnb,1997,agegroup_days0_27,sex_btsx,2965
gnb,1998,agegroup_days0_27,sex_btsx,2939
gnb,1999,agegroup_days0_27,sex_btsx,2908
gnb,2000,agegroup_days0_27,sex_btsx,2881
gnb,2001,agegroup_days0_27,sex_btsx,2851
gnb,2002,agegroup_days0_27,sex_btsx,2851
gnb,2003,agegroup_days0_27,sex_btsx,2855
gnb,2004,agegroup_days0_27,sex_btsx,2840
gnb,2005,agegroup_days0_27,sex_btsx,2842
gnb,2006,agegroup_days0_27,sex_btsx,2835
gnb,2007,agegroup_days0_27,sex_btsx,2825
gnb,2008,agegroup_days0_27,sex_btsx,2776
gnb,2009,agegroup_days0_27,sex_btsx,2724
gnb,2010,agegroup_days0_27,sex_btsx,2680
gnb,2011,agegroup_days0_27,sex_btsx,2656
gnb,2012,agegroup_days0_27,sex_btsx,2622
gnb,2013,agegroup_days0_27,sex_btsx,2587
gnb,2014,agegroup_days0_27,sex_btsx,2520
gnb,2015,agegroup_days0_27,sex_btsx,2456
gnb,2016,agegroup_days0_27,sex_btsx,2393
gnb,2017,agegroup_days0_27,sex_btsx,2318
gnb,2018,agegroup_days0_27,sex_btsx,2278
gnb,2019,agegroup_days0_27,sex_btsx,2242
gnb,2020,agegroup_days0_27,sex_btsx,2213
gnb,2021,agegroup_days0_27,sex_btsx,2175
gnb,2022,agegroup_days0_27,sex_btsx,2144
gnb,2023,agegroup_days0_27,sex_btsx,2111
gnq,1990,agegroup_days0_27,sex_btsx,1083
gnq,1991,agegroup_days0_27,sex_btsx,1110
gnq,1992,agegroup_days0_27,sex_btsx,1135
gnq,1993,agegroup_days0_27,sex_btsx,1163
gnq,1994,agegroup_days0_27,sex_btsx,1193
gnq,1995,agegroup_days0_27,sex_btsx,1216
gnq,1996,agegroup_days0_27,sex_btsx,1238
gnq,1997,agegroup_days0_27,sex_btsx,1259
gnq,1998,agegroup_days0_27,sex_btsx,1280
gnq,1999,agegroup_days0_27,sex_btsx,1301
gnq,2000,agegroup_days0_27,sex_btsx,1324
gnq,2001,agegroup_days0_27,sex_btsx,1386
gnq,2002,agegroup_days0_27,sex_btsx,1446
gnq,2003,agegroup_days0_27,sex_btsx,1502
gnq,2004,agegroup_days0_27,sex_btsx,1550
gnq,2005,agegroup_days0_27,sex_btsx,1588
gnq,2006,agegroup_days0_27,sex_btsx,1599
gnq,2007,agegroup_days0_27,sex_btsx,1600
gnq,2008,agegroup_days0_27,sex_btsx,1601
gnq,2009,agegroup_days0_27,sex_btsx,1604
gnq,2010,agegroup_days0_27,sex_btsx,1611
gnq,2011,agegroup_days0_27,sex_btsx,1619
gnq,2012,agegroup_days0_27,sex_btsx,1623
gnq,2013,agegroup_days0_27,sex_btsx,1624
gnq,2014,agegroup_days0_27,sex_btsx,1622
gnq,2015,agegroup_days0_27,sex_btsx,1616
gnq,2016,agegroup_days0_27,sex_btsx,1613
gnq,2017,agegroup_days0_27,sex_btsx,1600
gnq,2018,agegroup_days0_27,sex_btsx,1591
gnq,2019,agegroup_days0_27,sex_btsx,1575
gnq,2020,agegroup_days0_27,sex_btsx,1566
gnq,2021,agegroup_days0_27,sex_btsx,1541
gnq,2022,agegroup_days0_27,sex_btsx,1517
gnq,2023,agegroup_days0_27,sex_btsx,1490
grc,1961,agegroup_days0_27,sex_btsx,3249
grc,1962,agegroup_days0_27,sex_btsx,3209
grc,1963,agegroup_days0_27,sex_btsx,3191
grc,1964,agegroup_days0_27,sex_btsx,3289
grc,1965,agegroup_days0_27,sex_btsx,3364
grc,1966,agegroup_days0_27,sex_btsx,3115
grc,1967,agegroup_days0_27,sex_btsx,3673
grc,1968,agegroup_days0_27,sex_btsx,3155
grc,1969,agegroup_days0_27,sex_btsx,3483
grc,1970,agegroup_days0_27,sex_btsx,2988
grc,1971,agegroup_days0_27,sex_btsx,2956
grc,1972,agegroup_days0_27,sex_btsx,2800
grc,1973,agegroup_days0_27,sex_btsx,2623
grc,1974,agegroup_days0_27,sex_btsx,2559
grc,1975,agegroup_days0_27,sex_btsx,2507
grc,1976,agegroup_days0_27,sex_btsx,2498
grc,1977,agegroup_days0_27,sex_btsx,2400
grc,1978,agegroup_days0_27,sex_btsx,2281
grc,1979,agegroup_days0_27,sex_btsx,2162
grc,1980,agegroup_days0_27,sex_btsx,2027
grc,1981,agegroup_days0_27,sex_btsx,1861
grc,1982,agegroup_days0_27,sex_btsx,1696
grc,1983,agegroup_days0_27,sex_btsx,1542
grc,1984,agegroup_days0_27,sex_btsx,1383
grc,1985,agegroup_days0_27,sex_btsx,1223
grc,1986,agegroup_days0_27,sex_btsx,1089
grc,1987,agegroup_days0_27,sex_btsx,960
grc,1988,agegroup_days0_27,sex_btsx,862
grc,1989,agegroup_days0_27,sex_btsx,766
grc,1990,agegroup_days0_27,sex_btsx,705
grc,1991,agegroup_days0_27,sex_btsx,667
grc,1992,agegroup_days0_27,sex_btsx,648
grc,1993,agegroup_days0_27,sex_btsx,631
grc,1994,agegroup_days0_27,sex_btsx,619
grc,1995,agegroup_days0_27,sex_btsx,593
grc,1996,agegroup_days0_27,sex_btsx,562
grc,1997,agegroup_days0_27,sex_btsx,529
grc,1998,agegroup_days0_27,sex_btsx,489
grc,1999,agegroup_days0_27,sex_btsx,451
grc,2000,agegroup_days0_27,sex_btsx,419
grc,2001,agegroup_days0_27,sex_btsx,385
grc,2002,agegroup_days0_27,sex_btsx,352
grc,2003,agegroup_days0_27,sex_btsx,317
grc,2004,agegroup_days0_27,sex_btsx,290
grc,2005,agegroup_days0_27,sex_btsx,273
grc,2006,agegroup_days0_27,sex_btsx,265
grc,2007,agegroup_days0_27,sex_btsx,251
grc,2008,agegroup_days0_27,sex_btsx,252
grc,2009,agegroup_days0_27,sex_btsx,249
grc,2010,agegroup_days0_27,sex_btsx,246
grc,2011,agegroup_days0_27,sex_btsx,238
grc,2012,agegroup_days0_27,sex_btsx,236
grc,2013,agegroup_days0_27,sex_btsx,232
grc,2014,agegroup_days0_27,sex_btsx,236
grc,2015,agegroup_days0_27,sex_btsx,239
grc,2016,agegroup_days0_27,sex_btsx,240
grc,2017,agegroup_days0_27,sex_btsx,227
grc,2018,agegroup_days0_27,sex_btsx,218
grc,2019,agegroup_days0_27,sex_btsx,207
grc,2020,agegroup_days0_27,sex_btsx,205
grc,2021,agegroup_days0_27,sex_btsx,205
grc,2022,agegroup_days0_27,sex_btsx,173
grc,2023,agegroup_days0_27,sex_btsx,167
grd,1990,agegroup_days0_27,sex_btsx,33
grd,1991,agegroup_days0_27,sex_btsx,31
grd,1992,agegroup_days0_27,sex_btsx,27
grd,1993,agegroup_days0_27,sex_btsx,24
grd,1994,agegroup_days0_27,sex_btsx,21
grd,1995,agegroup_days0_27,sex_btsx,20
grd,1996,agegroup_days0_27,sex_btsx,19
grd,1997,agegroup_days0_27,sex_btsx,18
grd,1998,agegroup_days0_27,sex_btsx,15
grd,1999,agegroup_days0_27,sex_btsx,14
grd,2000,agegroup_days0_27,sex_btsx,15
grd,2001,agegroup_days0_27,sex_btsx,15
grd,2002,agegroup_days0_27,sex_btsx,15
grd,2003,agegroup_days0_27,sex_btsx,15
grd,2004,agegroup_days0_27,sex_btsx,15
grd,2005,agegroup_days0_27,sex_btsx,15
grd,2006,agegroup_days0_27,sex_btsx,15
grd,2007,agegroup_days0_27,sex_btsx,15
grd,2008,agegroup_days0_27,sex_btsx,15
grd,2009,agegroup_days0_27,sex_btsx,16
grd,2010,agegroup_days0_27,sex_btsx,16
grd,2011,agegroup_days0_27,sex_btsx,17
grd,2012,agegroup_days0_27,sex_btsx,18
grd,2013,agegroup_days0_27,sex_btsx,19
grd,2014,agegroup_days0_27,sex_btsx,18
grd,2015,agegroup_days0_27,sex_btsx,18
grd,2016,agegroup_days0_27,sex_btsx,18
grd,2017,agegroup_days0_27,sex_btsx,16
grd,2018,agegroup_days0_27,sex_btsx,18
grd,2019,agegroup_days0_27,sex_btsx,18
grd,2020,agegroup_days0_27,sex_btsx,18
grd,2021,agegroup_days0_27,sex_btsx,18
grd,2022,agegroup_days0_27,sex_btsx,18
grd,2023,agegroup_days0_27,sex_btsx,17
gtm,1965,agegroup_days0_27,sex_btsx,12383
gtm,1966,agegroup_days0_27,sex_btsx,12469
gtm,1967,agegroup_days0_27,sex_btsx,12478
gtm,1968,agegroup_days0_27,sex_btsx,12484
gtm,1969,agegroup_days0_27,sex_btsx,12513
gtm,1970,agegroup_days0_27,sex_btsx,12476
gtm,1971,agegroup_days0_27,sex_btsx,12457
gtm,1972,agegroup_days0_27,sex_btsx,12382
gtm,1973,agegroup_days0_27,sex_btsx,12276
gtm,1974,agegroup_days0_27,sex_btsx,12199
gtm,1975,agegroup_days0_27,sex_btsx,12090
gtm,1976,agegroup_days0_27,sex_btsx,12069
gtm,1977,agegroup_days0_27,sex_btsx,11808
gtm,1978,agegroup_days0_27,sex_btsx,11695
gtm,1979,agegroup_days0_27,sex_btsx,11626
gtm,1980,agegroup_days0_27,sex_btsx,11565
gtm,1981,agegroup_days0_27,sex_btsx,11458
gtm,1982,agegroup_days0_27,sex_btsx,11408
gtm,1983,agegroup_days0_27,sex_btsx,11082
gtm,1984,agegroup_days0_27,sex_btsx,10775
gtm,1985,agegroup_days0_27,sex_btsx,10559
gtm,1986,agegroup_days0_27,sex_btsx,10450
gtm,1987,agegroup_days0_27,sex_btsx,10408
gtm,1988,agegroup_days0_27,sex_btsx,10387
gtm,1989,agegroup_days0_27,sex_btsx,10271
gtm,1990,agegroup_days0_27,sex_btsx,10121
gtm,1991,agegroup_days0_27,sex_btsx,9960
gtm,1992,agegroup_days0_27,sex_btsx,9828
gtm,1993,agegroup_days0_27,sex_btsx,9729
gtm,1994,agegroup_days0_27,sex_btsx,9625
gtm,1995,agegroup_days0_27,sex_btsx,9491
gtm,1996,agegroup_days0_27,sex_btsx,9328
gtm,1997,agegroup_days0_27,sex_btsx,9153
gtm,1998,agegroup_days0_27,sex_btsx,8987
gtm,1999,agegroup_days0_27,sex_btsx,8804
gtm,2000,agegroup_days0_27,sex_btsx,8654
gtm,2001,agegroup_days0_27,sex_btsx,8479
gtm,2002,agegroup_days0_27,sex_btsx,8230
gtm,2003,agegroup_days0_27,sex_btsx,7998
gtm,2004,agegroup_days0_27,sex_btsx,7781
gtm,2005,agegroup_days0_27,sex_btsx,7511
gtm,2006,agegroup_days0_27,sex_btsx,7293
gtm,2007,agegroup_days0_27,sex_btsx,7116
gtm,2008,agegroup_days0_27,sex_btsx,6902
gtm,2009,agegroup_days0_27,sex_btsx,6724
gtm,2010,agegroup_days0_27,sex_btsx,6515
gtm,2011,agegroup_days0_27,sex_btsx,6323
gtm,2012,agegroup_days0_27,sex_btsx,6145
gtm,2013,agegroup_days0_27,sex_btsx,5919
gtm,2014,agegroup_days0_27,sex_btsx,5740
gtm,2015,agegroup_days0_27,sex_btsx,5566
gtm,2016,agegroup_days0_27,sex_btsx,5403
gtm,2017,agegroup_days0_27,sex_btsx,5146
gtm,2018,agegroup_days0_27,sex_btsx,4878
gtm,2019,agegroup_days0_27,sex_btsx,4551
gtm,2020,agegroup_days0_27,sex_btsx,4254
gtm,2021,agegroup_days0_27,sex_btsx,4050
gtm,2022,agegroup_days0_27,sex_btsx,3894
gtm,2023,agegroup_days0_27,sex_btsx,3771
guy,1953,agegroup_days0_27,sex_btsx,966
guy,1954,agegroup_days0_27,sex_btsx,974
guy,1955,agegroup_days0_27,sex_btsx,979
guy,1956,agegroup_days0_27,sex_btsx,981
guy,1957,agegroup_days0_27,sex_btsx,980
guy,1958,agegroup_days0_27,sex_btsx,973
guy,1959,agegroup_days0_27,sex_btsx,968
guy,1960,agegroup_days0_27,sex_btsx,969
guy,1961,agegroup_days0_27,sex_btsx,959
guy,1962,agegroup_days0_27,sex_btsx,946
guy,1963,agegroup_days0_27,sex_btsx,938
guy,1964,agegroup_days0_27,sex_btsx,928
guy,1965,agegroup_days0_27,sex_btsx,920
guy,1966,agegroup_days0_27,sex_btsx,914
guy,1967,agegroup_days0_27,sex_btsx,909
guy,1968,agegroup_days0_27,sex_btsx,906
guy,1969,agegroup_days0_27,sex_btsx,906
guy,1970,agegroup_days0_27,sex_btsx,905
guy,1971,agegroup_days0_27,sex_btsx,902
guy,1972,agegroup_days0_27,sex_btsx,896
guy,1973,agegroup_days0_27,sex_btsx,883
guy,1974,agegroup_days0_27,sex_btsx,864
guy,1975,agegroup_days0_27,sex_btsx,850
guy,1976,agegroup_days0_27,sex_btsx,835
guy,1977,agegroup_days0_27,sex_btsx,819
guy,1978,agegroup_days0_27,sex_btsx,803
guy,1979,agegroup_days0_27,sex_btsx,791
guy,1980,agegroup_days0_27,sex_btsx,782
guy,1981,agegroup_days0_27,sex_btsx,780
guy,1982,agegroup_days0_27,sex_btsx,779
guy,1983,agegroup_days0_27,sex_btsx,775
guy,1984,agegroup_days0_27,sex_btsx,763
guy,1985,agegroup_days0_27,sex_btsx,753
guy,1986,agegroup_days0_27,sex_btsx,739
guy,1987,agegroup_days0_27,sex_btsx,725
guy,1988,agegroup_days0_27,sex_btsx,709
guy,1989,agegroup_days0_27,sex_btsx,698
guy,1990,agegroup_days0_27,sex_btsx,692
guy,1991,agegroup_days0_27,sex_btsx,685
guy,1992,agegroup_days0_27,sex_btsx,681
guy,1993,agegroup_days0_27,sex_btsx,677
guy,1994,agegroup_days0_27,sex_btsx,674
guy,1995,agegroup_days0_27,sex_btsx,665
guy,1996,agegroup_days0_27,sex_btsx,649
guy,1997,agegroup_days0_27,sex_btsx,629
guy,1998,agegroup_days0_27,sex_btsx,604
guy,1999,agegroup_days0_27,sex_btsx,574
guy,2000,agegroup_days0_27,sex_btsx,542
guy,2001,agegroup_days0_27,sex_btsx,508
guy,2002,agegroup_days0_27,sex_btsx,473
guy,2003,agegroup_days0_27,sex_btsx,444
guy,2004,agegroup_days0_27,sex_btsx,423
guy,2005,agegroup_days0_27,sex_btsx,408
guy,2006,agegroup_days0_27,sex_btsx,401
guy,2007,agegroup_days0_27,sex_btsx,396
guy,2008,agegroup_days0_27,sex_btsx,391
guy,2009,agegroup_days0_27,sex_btsx,384
guy,2010,agegroup_days0_27,sex_btsx,375
guy,2011,agegroup_days0_27,sex_btsx,370
guy,2012,agegroup_days0_27,sex_btsx,363
guy,2013,agegroup_days0_27,sex_btsx,359
guy,2014,agegroup_days0_27,sex_btsx,352
guy,2015,agegroup_days0_27,sex_btsx,343
guy,2016,agegroup_days0_27,sex_btsx,332
guy,2017,agegroup_days0_27,sex_btsx,320
guy,2018,agegroup_days0_27,sex_btsx,308
guy,2019,agegroup_days0_27,sex_btsx,315
guy,2020,agegroup_days0_27,sex_btsx,296
guy,2021,agegroup_days0_27,sex_btsx,285
guy,2022,agegroup_days0_27,sex_btsx,275
guy,2023,agegroup_days0_27,sex_btsx,262
hnd,1973,agegroup_days0_27,sex_btsx,5159
hnd,1974,agegroup_days0_27,sex_btsx,5229
hnd,1975,agegroup_days0_27,sex_btsx,5205
hnd,1976,agegroup_days0_27,sex_btsx,5229
hnd,1977,agegroup_days0_27,sex_btsx,5227
hnd,1978,agegroup_days0_27,sex_btsx,5221
hnd,1979,agegroup_days0_27,sex_btsx,5215
hnd,1980,agegroup_days0_27,sex_btsx,5171
hnd,1981,agegroup_days0_27,sex_btsx,5099
hnd,1982,agegroup_days0_27,sex_btsx,5012
hnd,1983,agegroup_days0_27,sex_btsx,4909
hnd,1984,agegroup_days0_27,sex_btsx,4798
hnd,1985,agegroup_days0_27,sex_btsx,4686
hnd,1986,agegroup_days0_27,sex_btsx,4573
hnd,1987,agegroup_days0_27,sex_btsx,4467
hnd,1988,agegroup_days0_27,sex_btsx,4352
hnd,1989,agegroup_days0_27,sex_btsx,4240
hnd,1990,agegroup_days0_27,sex_btsx,4153
hnd,1991,agegroup_days0_27,sex_btsx,4082
hnd,1992,agegroup_days0_27,sex_btsx,4040
hnd,1993,agegroup_days0_27,sex_btsx,4022
hnd,1994,agegroup_days0_27,sex_btsx,4019
hnd,1995,agegroup_days0_27,sex_btsx,4042
hnd,1996,agegroup_days0_27,sex_btsx,4050
hnd,1997,agegroup_days0_27,sex_btsx,4045
hnd,1998,agegroup_days0_27,sex_btsx,4136
hnd,1999,agegroup_days0_27,sex_btsx,4033
hnd,2000,agegroup_days0_27,sex_btsx,4029
hnd,2001,agegroup_days0_27,sex_btsx,3932
hnd,2002,agegroup_days0_27,sex_btsx,3792
hnd,2003,agegroup_days0_27,sex_btsx,3656
hnd,2004,agegroup_days0_27,sex_btsx,3553
hnd,2005,agegroup_days0_27,sex_btsx,3454
hnd,2006,agegroup_days0_27,sex_btsx,3363
hnd,2007,agegroup_days0_27,sex_btsx,3301
hnd,2008,agegroup_days0_27,sex_btsx,3231
hnd,2009,agegroup_days0_27,sex_btsx,3153
hnd,2010,agegroup_days0_27,sex_btsx,3054
hnd,2011,agegroup_days0_27,sex_btsx,2963
hnd,2012,agegroup_days0_27,sex_btsx,2874
hnd,2013,agegroup_days0_27,sex_btsx,2778
hnd,2014,agegroup_days0_27,sex_btsx,2686
hnd,2015,agegroup_days0_27,sex_btsx,2606
hnd,2016,agegroup_days0_27,sex_btsx,2532
hnd,2017,agegroup_days0_27,sex_btsx,2453
hnd,2018,agegroup_days0_27,sex_btsx,2398
hnd,2019,agegroup_days0_27,sex_btsx,2325
hnd,2020,agegroup_days0_27,sex_btsx,2256
hnd,2021,agegroup_days0_27,sex_btsx,2193
hnd,2022,agegroup_days0_27,sex_btsx,2128
hnd,2023,agegroup_days0_27,sex_btsx,2063
hrv,1983,agegroup_days0_27,sex_btsx,918
hrv,1984,agegroup_days0_27,sex_btsx,867
hrv,1985,agegroup_days0_27,sex_btsx,792
hrv,1986,agegroup_days0_27,sex_btsx,706
hrv,1987,agegroup_days0_27,sex_btsx,630
hrv,1988,agegroup_days0_27,sex_btsx,555
hrv,1989,agegroup_days0_27,sex_btsx,492
hrv,1990,agegroup_days0_27,sex_btsx,465
hrv,1991,agegroup_days0_27,sex_btsx,433
hrv,1992,agegroup_days0_27,sex_btsx,392
hrv,1993,agegroup_days0_27,sex_btsx,374
hrv,1994,agegroup_days0_27,sex_btsx,344
hrv,1995,agegroup_days0_27,sex_btsx,325
hrv,1996,agegroup_days0_27,sex_btsx,316
hrv,1997,agegroup_days0_27,sex_btsx,300
hrv,1998,agegroup_days0_27,sex_btsx,260
hrv,1999,agegroup_days0_27,sex_btsx,241
hrv,2000,agegroup_days0_27,sex_btsx,227
hrv,2001,agegroup_days0_27,sex_btsx,217
hrv,2002,agegroup_days0_27,sex_btsx,202
hrv,2003,agegroup_days0_27,sex_btsx,189
hrv,2004,agegroup_days0_27,sex_btsx,179
hrv,2005,agegroup_days0_27,sex_btsx,180
hrv,2006,agegroup_days0_27,sex_btsx,167
hrv,2007,agegroup_days0_27,sex_btsx,163
hrv,2008,agegroup_days0_27,sex_btsx,165
hrv,2009,agegroup_days0_27,sex_btsx,164
hrv,2010,agegroup_days0_27,sex_btsx,154
hrv,2011,agegroup_days0_27,sex_btsx,140
hrv,2012,agegroup_days0_27,sex_btsx,136
hrv,2013,agegroup_days0_27,sex_btsx,127
hrv,2014,agegroup_days0_27,sex_btsx,124
hrv,2015,agegroup_days0_27,sex_btsx,114
hrv,2016,agegroup_days0_27,sex_btsx,110
hrv,2017,agegroup_days0_27,sex_btsx,105
hrv,2018,agegroup_days0_27,sex_btsx,104
hrv,2019,agegroup_days0_27,sex_btsx,101
hrv,2020,agegroup_days0_27,sex_btsx,98
hrv,2021,agegroup_days0_27,sex_btsx,104
hrv,2022,agegroup_days0_27,sex_btsx,94
hrv,2023,agegroup_days0_27,sex_btsx,88
hti,1961,agegroup_days0_27,sex_btsx,14976
hti,1962,agegroup_days0_27,sex_btsx,15137
hti,1963,agegroup_days0_27,sex_btsx,15285
hti,1964,agegroup_days0_27,sex_btsx,15394
hti,1965,agegroup_days0_27,sex_btsx,15406
hti,1966,agegroup_days0_27,sex_btsx,15417
hti,1967,agegroup_days0_27,sex_btsx,15384
hti,1968,agegroup_days0_27,sex_btsx,15376
hti,1969,agegroup_days0_27,sex_btsx,15317
hti,1970,agegroup_days0_27,sex_btsx,15237
hti,1971,agegroup_days0_27,sex_btsx,15172
hti,1972,agegroup_days0_27,sex_btsx,15090
hti,1973,agegroup_days0_27,sex_btsx,14916
hti,1974,agegroup_days0_27,sex_btsx,14737
hti,1975,agegroup_days0_27,sex_btsx,14517
hti,1976,agegroup_days0_27,sex_btsx,14265
hti,1977,agegroup_days0_27,sex_btsx,14005
hti,1978,agegroup_days0_27,sex_btsx,13689
hti,1979,agegroup_days0_27,sex_btsx,13356
hti,1980,agegroup_days0_27,sex_btsx,13032
hti,1981,agegroup_days0_27,sex_btsx,12711
hti,1982,agegroup_days0_27,sex_btsx,12462
hti,1983,agegroup_days0_27,sex_btsx,12222
hti,1984,agegroup_days0_27,sex_btsx,12030
hti,1985,agegroup_days0_27,sex_btsx,11845
hti,1986,agegroup_days0_27,sex_btsx,11612
hti,1987,agegroup_days0_27,sex_btsx,11300
hti,1988,agegroup_days0_27,sex_btsx,10941
hti,1989,agegroup_days0_27,sex_btsx,10520
hti,1990,agegroup_days0_27,sex_btsx,10167
hti,1991,agegroup_days0_27,sex_btsx,9777
hti,1992,agegroup_days0_27,sex_btsx,9438
hti,1993,agegroup_days0_27,sex_btsx,9152
hti,1994,agegroup_days0_27,sex_btsx,8915
hti,1995,agegroup_days0_27,sex_btsx,8708
hti,1996,agegroup_days0_27,sex_btsx,8527
hti,1997,agegroup_days0_27,sex_btsx,8347
hti,1998,agegroup_days0_27,sex_btsx,8148
hti,1999,agegroup_days0_27,sex_btsx,7998
hti,2000,agegroup_days0_27,sex_btsx,7935
hti,2001,agegroup_days0_27,sex_btsx,7778
hti,2002,agegroup_days0_27,sex_btsx,7685
hti,2003,agegroup_days0_27,sex_btsx,7715
hti,2004,agegroup_days0_27,sex_btsx,7729
hti,2005,agegroup_days0_27,sex_btsx,7741
hti,2006,agegroup_days0_27,sex_btsx,7769
hti,2007,agegroup_days0_27,sex_btsx,7772
hti,2008,agegroup_days0_27,sex_btsx,7775
hti,2009,agegroup_days0_27,sex_btsx,7780
hti,2010,agegroup_days0_27,sex_btsx,7984
hti,2011,agegroup_days0_27,sex_btsx,7645
hti,2012,agegroup_days0_27,sex_btsx,7528
hti,2013,agegroup_days0_27,sex_btsx,7397
hti,2014,agegroup_days0_27,sex_btsx,7323
hti,2015,agegroup_days0_27,sex_btsx,7232
hti,2016,agegroup_days0_27,sex_btsx,7112
hti,2017,agegroup_days0_27,sex_btsx,6949
hti,2018,agegroup_days0_27,sex_btsx,6796
hti,2019,agegroup_days0_27,sex_btsx,6641
hti,2020,agegroup_days0_27,sex_btsx,6475
hti,2021,agegroup_days0_27,sex_btsx,6315
hti,2022,agegroup_days0_27,sex_btsx,6150
hti,2023,agegroup_days0_27,sex_btsx,6027
hun,1961,agegroup_days0_27,sex_btsx,3843
hun,1962,agegroup_days0_27,sex_btsx,3524
hun,1963,agegroup_days0_27,sex_btsx,3563
hun,1964,agegroup_days0_27,sex_btsx,3598
hun,1965,agegroup_days0_27,sex_btsx,3667
hun,1966,agegroup_days0_27,sex_btsx,3858
hun,1967,agegroup_days0_27,sex_btsx,4143
hun,1968,agegroup_days0_27,sex_btsx,4276
hun,1969,agegroup_days0_27,sex_btsx,4264
hun,1970,agegroup_days0_27,sex_btsx,4221
hun,1971,agegroup_days0_27,sex_btsx,4227
hun,1972,agegroup_days0_27,sex_btsx,4318
hun,1973,agegroup_days0_27,sex_btsx,4400
hun,1974,agegroup_days0_27,sex_btsx,5047
hun,1975,agegroup_days0_27,sex_btsx,5009
hun,1976,agegroup_days0_27,sex_btsx,4434
hun,1977,agegroup_days0_27,sex_btsx,3873
hun,1978,agegroup_days0_27,sex_btsx,3352
hun,1979,agegroup_days0_27,sex_btsx,2935
hun,1980,agegroup_days0_27,sex_btsx,2536
hun,1981,agegroup_days0_27,sex_btsx,2287
hun,1982,agegroup_days0_27,sex_btsx,2069
hun,1983,agegroup_days0_27,sex_btsx,1948
hun,1984,agegroup_days0_27,sex_btsx,1905
hun,1985,agegroup_days0_27,sex_btsx,1916
hun,1986,agegroup_days0_27,sex_btsx,1800
hun,1987,agegroup_days0_27,sex_btsx,1655
hun,1988,agegroup_days0_27,sex_btsx,1521
hun,1989,agegroup_days0_27,sex_btsx,1424
hun,1990,agegroup_days0_27,sex_btsx,1387
hun,1991,agegroup_days0_27,sex_btsx,1341
hun,1992,agegroup_days0_27,sex_btsx,1204
hun,1993,agegroup_days0_27,sex_btsx,1050
hun,1994,agegroup_days0_27,sex_btsx,934
hun,1995,agegroup_days0_27,sex_btsx,838
hun,1996,agegroup_days0_27,sex_btsx,749
hun,1997,agegroup_days0_27,sex_btsx,680
hun,1998,agegroup_days0_27,sex_btsx,622
hun,1999,agegroup_days0_27,sex_btsx,574
hun,2000,agegroup_days0_27,sex_btsx,558
hun,2001,agegroup_days0_27,sex_btsx,529
hun,2002,agegroup_days0_27,sex_btsx,496
hun,2003,agegroup_days0_27,sex_btsx,452
hun,2004,agegroup_days0_27,sex_btsx,420
hun,2005,agegroup_days0_27,sex_btsx,403
hun,2006,agegroup_days0_27,sex_btsx,391
hun,2007,agegroup_days0_27,sex_btsx,369
hun,2008,agegroup_days0_27,sex_btsx,359
hun,2009,agegroup_days0_27,sex_btsx,339
hun,2010,agegroup_days0_27,sex_btsx,309
hun,2011,agegroup_days0_27,sex_btsx,292
hun,2012,agegroup_days0_27,sex_btsx,284
hun,2013,agegroup_days0_27,sex_btsx,269
hun,2014,agegroup_days0_27,sex_btsx,264
hun,2015,agegroup_days0_27,sex_btsx,248
hun,2016,agegroup_days0_27,sex_btsx,238
hun,2017,agegroup_days0_27,sex_btsx,222
hun,2018,agegroup_days0_27,sex_btsx,209
hun,2019,agegroup_days0_27,sex_btsx,202
hun,2020,agegroup_days0_27,sex_btsx,203
hun,2021,agegroup_days0_27,sex_btsx,203
hun,2022,agegroup_days0_27,sex_btsx,193
hun,2023,agegroup_days0_27,sex_btsx,180
idn,1954,agegroup_days0_27,sex_btsx,211675
idn,1955,agegroup_days0_27,sex_btsx,215172
idn,1956,agegroup_days0_27,sex_btsx,217896
idn,1957,agegroup_days0_27,sex_btsx,220204
idn,1958,agegroup_days0_27,sex_btsx,222379
idn,1959,agegroup_days0_27,sex_btsx,224688
idn,1960,agegroup_days0_27,sex_btsx,226584
idn,1961,agegroup_days0_27,sex_btsx,228013
idn,1962,agegroup_days0_27,sex_btsx,228907
idn,1963,agegroup_days0_27,sex_btsx,229868
idn,1964,agegroup_days0_27,sex_btsx,230734
idn,1965,agegroup_days0_27,sex_btsx,234359
idn,1966,agegroup_days0_27,sex_btsx,231157
idn,1967,agegroup_days0_27,sex_btsx,229925
idn,1968,agegroup_days0_27,sex_btsx,228537
idn,1969,agegroup_days0_27,sex_btsx,227558
idn,1970,agegroup_days0_27,sex_btsx,225336
idn,1971,agegroup_days0_27,sex_btsx,222495
idn,1972,agegroup_days0_27,sex_btsx,219643
idn,1973,agegroup_days0_27,sex_btsx,217278
idn,1974,agegroup_days0_27,sex_btsx,211320
idn,1975,agegroup_days0_27,sex_btsx,208714
idn,1976,agegroup_days0_27,sex_btsx,204583
idn,1977,agegroup_days0_27,sex_btsx,200961
idn,1978,agegroup_days0_27,sex_btsx,199420
idn,1979,agegroup_days0_27,sex_btsx,196461
idn,1980,agegroup_days0_27,sex_btsx,192499
idn,1981,agegroup_days0_27,sex_btsx,188338
idn,1982,agegroup_days0_27,sex_btsx,184684
idn,1983,agegroup_days0_27,sex_btsx,179508
idn,1984,agegroup_days0_27,sex_btsx,174027
idn,1985,agegroup_days0_27,sex_btsx,165177
idn,1986,agegroup_days0_27,sex_btsx,157902
idn,1987,agegroup_days0_27,sex_btsx,154521
idn,1988,agegroup_days0_27,sex_btsx,152755
idn,1989,agegroup_days0_27,sex_btsx,149387
idn,1990,agegroup_days0_27,sex_btsx,144903
idn,1991,agegroup_days0_27,sex_btsx,143456
idn,1992,agegroup_days0_27,sex_btsx,139252
idn,1993,agegroup_days0_27,sex_btsx,136906
idn,1994,agegroup_days0_27,sex_btsx,134256
idn,1995,agegroup_days0_27,sex_btsx,131241
idn,1996,agegroup_days0_27,sex_btsx,128262
idn,1997,agegroup_days0_27,sex_btsx,124180
idn,1998,agegroup_days0_27,sex_btsx,118125
idn,1999,agegroup_days0_27,sex_btsx,111595
idn,2000,agegroup_days0_27,sex_btsx,106561
idn,2001,agegroup_days0_27,sex_btsx,102941
idn,2002,agegroup_days0_27,sex_btsx,99917
idn,2003,agegroup_days0_27,sex_btsx,97311
idn,2004,agegroup_days0_27,sex_btsx,96490
idn,2005,agegroup_days0_27,sex_btsx,96166
idn,2006,agegroup_days0_27,sex_btsx,95236
idn,2007,agegroup_days0_27,sex_btsx,94675
idn,2008,agegroup_days0_27,sex_btsx,91529
idn,2009,agegroup_days0_27,sex_btsx,88839
idn,2010,agegroup_days0_27,sex_btsx,86627
idn,2011,agegroup_days0_27,sex_btsx,85302
idn,2012,agegroup_days0_27,sex_btsx,82151
idn,2013,agegroup_days0_27,sex_btsx,76806
idn,2014,agegroup_days0_27,sex_btsx,72370
idn,2015,agegroup_days0_27,sex_btsx,68274
idn,2016,agegroup_days0_27,sex_btsx,64760
idn,2017,agegroup_days0_27,sex_btsx,60847
idn,2018,agegroup_days0_27,sex_btsx,57836
idn,2019,agegroup_days0_27,sex_btsx,55453
idn,2020,agegroup_days0_27,sex_btsx,53252
idn,2021,agegroup_days0_27,sex_btsx,50985
idn,2022,agegroup_days0_27,sex_btsx,49081
idn,2023,agegroup_days0_27,sex_btsx,47186
ind,1970,agegroup_days0_27,sex_btsx,1836803
ind,1971,agegroup_days0_27,sex_btsx,1860965
ind,1972,agegroup_days0_27,sex_btsx,1874193
ind,1973,agegroup_days0_27,sex_btsx,1890058
ind,1974,agegroup_days0_27,sex_btsx,1896003
ind,1975,agegroup_days0_27,sex_btsx,1881300
ind,1976,agegroup_days0_27,sex_btsx,1886459
ind,1977,agegroup_days0_27,sex_btsx,1860841
ind,1978,agegroup_days0_27,sex_btsx,1843068
ind,1979,agegroup_days0_27,sex_btsx,1838637
ind,1980,agegroup_days0_27,sex_btsx,1843480
ind,1981,agegroup_days0_27,sex_btsx,1830356
ind,1982,agegroup_days0_27,sex_btsx,1812904
ind,1983,agegroup_days0_27,sex_btsx,1798897
ind,1984,agegroup_days0_27,sex_btsx,1788574
ind,1985,agegroup_days0_27,sex_btsx,1763827
ind,1986,agegroup_days0_27,sex_btsx,1751433
ind,1987,agegroup_days0_27,sex_btsx,1711344
ind,1988,agegroup_days0_27,sex_btsx,1680311
ind,1989,agegroup_days0_27,sex_btsx,1646228
ind,1990,agegroup_days0_27,sex_btsx,1608826
ind,1991,agegroup_days0_27,sex_btsx,1579945
ind,1992,agegroup_days0_27,sex_btsx,1548215
ind,1993,agegroup_days0_27,sex_btsx,1514910
ind,1994,agegroup_days0_27,sex_btsx,1488532
ind,1995,agegroup_days0_27,sex_btsx,1459869
ind,1996,agegroup_days0_27,sex_btsx,1427595
ind,1997,agegroup_days0_27,sex_btsx,1393919
ind,1998,agegroup_days0_27,sex_btsx,1359608
ind,1999,agegroup_days0_27,sex_btsx,1323771
ind,2000,agegroup_days0_27,sex_btsx,1297689
ind,2001,agegroup_days0_27,sex_btsx,1266747
ind,2002,agegroup_days0_27,sex_btsx,1217269
ind,2003,agegroup_days0_27,sex_btsx,1163368
ind,2004,agegroup_days0_27,sex_btsx,1113926
ind,2005,agegroup_days0_27,sex_btsx,1060238
ind,2006,agegroup_days0_27,sex_btsx,1010835
ind,2007,agegroup_days0_27,sex_btsx,966051
ind,2008,agegroup_days0_27,sex_btsx,929944
ind,2009,agegroup_days0_27,sex_btsx,898885
ind,2010,agegroup_days0_27,sex_btsx,856392
ind,2011,agegroup_days0_27,sex_btsx,817339
ind,2012,agegroup_days0_27,sex_btsx,778324
ind,2013,agegroup_days0_27,sex_btsx,734602
ind,2014,agegroup_days0_27,sex_btsx,679186
ind,2015,agegroup_days0_27,sex_btsx,652528
ind,2016,agegroup_days0_27,sex_btsx,626332
ind,2017,agegroup_days0_27,sex_btsx,582720
ind,2018,agegroup_days0_27,sex_btsx,558724
ind,2019,agegroup_days0_27,sex_btsx,516440
ind,2020,agegroup_days0_27,sex_btsx,474138
ind,2021,agegroup_days0_27,sex_btsx,445160
ind,2022,agegroup_days0_27,sex_btsx,422440
ind,2023,agegroup_days0_27,sex_btsx,401499
irl,1961,agegroup_days0_27,sex_btsx,1206
irl,1962,agegroup_days0_27,sex_btsx,1178
irl,1963,agegroup_days0_27,sex_btsx,1155
irl,1964,agegroup_days0_27,sex_btsx,1128
irl,1965,agegroup_days0_27,sex_btsx,1080
irl,1966,agegroup_days0_27,sex_btsx,1014
irl,1967,agegroup_days0_27,sex_btsx,945
irl,1968,agegroup_days0_27,sex_btsx,886
irl,1969,agegroup_days0_27,sex_btsx,863
irl,1970,agegroup_days0_27,sex_btsx,843
irl,1971,agegroup_days0_27,sex_btsx,845
irl,1972,agegroup_days0_27,sex_btsx,837
irl,1973,agegroup_days0_27,sex_btsx,829
irl,1974,agegroup_days0_27,sex_btsx,816
irl,1975,agegroup_days0_27,sex_btsx,769
irl,1976,agegroup_days0_27,sex_btsx,733
irl,1977,agegroup_days0_27,sex_btsx,692
irl,1978,agegroup_days0_27,sex_btsx,642
irl,1979,agegroup_days0_27,sex_btsx,596
irl,1980,agegroup_days0_27,sex_btsx,549
irl,1981,agegroup_days0_27,sex_btsx,492
irl,1982,agegroup_days0_27,sex_btsx,451
irl,1983,agegroup_days0_27,sex_btsx,403
irl,1984,agegroup_days0_27,sex_btsx,364
irl,1985,agegroup_days0_27,sex_btsx,334
irl,1986,agegroup_days0_27,sex_btsx,314
irl,1987,agegroup_days0_27,sex_btsx,289
irl,1988,agegroup_days0_27,sex_btsx,267
irl,1989,agegroup_days0_27,sex_btsx,251
irl,1990,agegroup_days0_27,sex_btsx,251
irl,1991,agegroup_days0_27,sex_btsx,244
irl,1992,agegroup_days0_27,sex_btsx,230
irl,1993,agegroup_days0_27,sex_btsx,216
irl,1994,agegroup_days0_27,sex_btsx,206
irl,1995,agegroup_days0_27,sex_btsx,203
irl,1996,agegroup_days0_27,sex_btsx,207
irl,1997,agegroup_days0_27,sex_btsx,213
irl,1998,agegroup_days0_27,sex_btsx,219
irl,1999,agegroup_days0_27,sex_btsx,219
irl,2000,agegroup_days0_27,sex_btsx,219
irl,2001,agegroup_days0_27,sex_btsx,223
irl,2002,agegroup_days0_27,sex_btsx,223
irl,2003,agegroup_days0_27,sex_btsx,214
irl,2004,agegroup_days0_27,sex_btsx,199
irl,2005,agegroup_days0_27,sex_btsx,181
irl,2006,agegroup_days0_27,sex_btsx,177
irl,2007,agegroup_days0_27,sex_btsx,182
irl,2008,agegroup_days0_27,sex_btsx,187
irl,2009,agegroup_days0_27,sex_btsx,187
irl,2010,agegroup_days0_27,sex_btsx,188
irl,2011,agegroup_days0_27,sex_btsx,187
irl,2012,agegroup_days0_27,sex_btsx,182
irl,2013,agegroup_days0_27,sex_btsx,173
irl,2014,agegroup_days0_27,sex_btsx,165
irl,2015,agegroup_days0_27,sex_btsx,157
irl,2016,agegroup_days0_27,sex_btsx,149
irl,2017,agegroup_days0_27,sex_btsx,142
irl,2018,agegroup_days0_27,sex_btsx,138
irl,2019,agegroup_days0_27,sex_btsx,135
irl,2020,agegroup_days0_27,sex_btsx,131
irl,2021,agegroup_days0_27,sex_btsx,143
irl,2022,agegroup_days0_27,sex_btsx,131
irl,2023,agegroup_days0_27,sex_btsx,134
irn,1990,agegroup_days0_27,sex_btsx,48907
irn,1991,agegroup_days0_27,sex_btsx,45372
irn,1992,agegroup_days0_27,sex_btsx,40998
irn,1993,agegroup_days0_27,sex_btsx,36472
irn,1994,agegroup_days0_27,sex_btsx,30565
irn,1995,agegroup_days0_27,sex_btsx,26829
irn,1996,agegroup_days0_27,sex_btsx,24029
irn,1997,agegroup_days0_27,sex_btsx,22231
irn,1998,agegroup_days0_27,sex_btsx,21450
irn,1999,agegroup_days0_27,sex_btsx,21090
irn,2000,agegroup_days0_27,sex_btsx,20754
irn,2001,agegroup_days0_27,sex_btsx,20276
irn,2002,agegroup_days0_27,sex_btsx,19711
irn,2003,agegroup_days0_27,sex_btsx,19063
irn,2004,agegroup_days0_27,sex_btsx,18984
irn,2005,agegroup_days0_27,sex_btsx,18854
irn,2006,agegroup_days0_27,sex_btsx,18839
irn,2007,agegroup_days0_27,sex_btsx,18560
irn,2008,agegroup_days0_27,sex_btsx,17976
irn,2009,agegroup_days0_27,sex_btsx,17340
irn,2010,agegroup_days0_27,sex_btsx,16779
irn,2011,agegroup_days0_27,sex_btsx,16522
irn,2012,agegroup_days0_27,sex_btsx,16308
irn,2013,agegroup_days0_27,sex_btsx,16148
irn,2014,agegroup_days0_27,sex_btsx,15945
irn,2015,agegroup_days0_27,sex_btsx,15555
irn,2016,agegroup_days0_27,sex_btsx,15136
irn,2017,agegroup_days0_27,sex_btsx,14183
irn,2018,agegroup_days0_27,sex_btsx,12724
irn,2019,agegroup_days0_27,sex_btsx,11107
irn,2020,agegroup_days0_27,sex_btsx,10120
irn,2021,agegroup_days0_27,sex_btsx,9614
irn,2022,agegroup_days0_27,sex_btsx,9150
irn,2023,agegroup_days0_27,sex_btsx,8689
irq,1984,agegroup_days0_27,sex_btsx,17662
irq,1985,agegroup_days0_27,sex_btsx,17702
irq,1986,agegroup_days0_27,sex_btsx,17569
irq,1987,agegroup_days0_27,sex_btsx,17702
irq,1988,agegroup_days0_27,sex_btsx,18140
irq,1989,agegroup_days0_27,sex_btsx,18628
irq,1990,agegroup_days0_27,sex_btsx,19031
irq,1991,agegroup_days0_27,sex_btsx,18549
irq,1992,agegroup_days0_27,sex_btsx,18509
irq,1993,agegroup_days0_27,sex_btsx,18776
irq,1994,agegroup_days0_27,sex_btsx,19539
irq,1995,agegroup_days0_27,sex_btsx,19753
irq,1996,agegroup_days0_27,sex_btsx,19967
irq,1997,agegroup_days0_27,sex_btsx,20337
irq,1998,agegroup_days0_27,sex_btsx,20599
irq,1999,agegroup_days0_27,sex_btsx,20878
irq,2000,agegroup_days0_27,sex_btsx,20981
irq,2001,agegroup_days0_27,sex_btsx,21045
irq,2002,agegroup_days0_27,sex_btsx,20973
irq,2003,agegroup_days0_27,sex_btsx,21160
irq,2004,agegroup_days0_27,sex_btsx,21318
irq,2005,agegroup_days0_27,sex_btsx,21360
irq,2006,agegroup_days0_27,sex_btsx,21746
irq,2007,agegroup_days0_27,sex_btsx,20915
irq,2008,agegroup_days0_27,sex_btsx,20318
irq,2009,agegroup_days0_27,sex_btsx,20617
irq,2010,agegroup_days0_27,sex_btsx,21047
irq,2011,agegroup_days0_27,sex_btsx,21702
irq,2012,agegroup_days0_27,sex_btsx,21608
irq,2013,agegroup_days0_27,sex_btsx,21482
irq,2014,agegroup_days0_27,sex_btsx,21039
irq,2015,agegroup_days0_27,sex_btsx,19854
irq,2016,agegroup_days0_27,sex_btsx,18600
irq,2017,agegroup_days0_27,sex_btsx,17458
irq,2018,agegroup_days0_27,sex_btsx,16911
irq,2019,agegroup_days0_27,sex_btsx,16475
irq,2020,agegroup_days0_27,sex_btsx,16061
irq,2021,agegroup_days0_27,sex_btsx,15651
irq,2022,agegroup_days0_27,sex_btsx,15233
irq,2023,agegroup_days0_27,sex_btsx,14901
isl,1955,agegroup_days0_27,sex_btsx,55
isl,1956,agegroup_days0_27,sex_btsx,54
isl,1957,agegroup_days0_27,sex_btsx,54
isl,1958,agegroup_days0_27,sex_btsx,53
isl,1959,agegroup_days0_27,sex_btsx,54
isl,1960,agegroup_days0_27,sex_btsx,55
isl,1961,agegroup_days0_27,sex_btsx,51
isl,1962,agegroup_days0_27,sex_btsx,53
isl,1963,agegroup_days0_27,sex_btsx,53
isl,1964,agegroup_days0_27,sex_btsx,52
isl,1965,agegroup_days0_27,sex_btsx,51
isl,1966,agegroup_days0_27,sex_btsx,50
isl,1967,agegroup_days0_27,sex_btsx,46
isl,1968,agegroup_days0_27,sex_btsx,43
isl,1969,agegroup_days0_27,sex_btsx,42
isl,1970,agegroup_days0_27,sex_btsx,39
isl,1971,agegroup_days0_27,sex_btsx,39
isl,1972,agegroup_days0_27,sex_btsx,41
isl,1973,agegroup_days0_27,sex_btsx,38
isl,1974,agegroup_days0_27,sex_btsx,34
isl,1975,agegroup_days0_27,sex_btsx,32
isl,1976,agegroup_days0_27,sex_btsx,30
isl,1977,agegroup_days0_27,sex_btsx,26
isl,1978,agegroup_days0_27,sex_btsx,25
isl,1979,agegroup_days0_27,sex_btsx,26
isl,1980,agegroup_days0_27,sex_btsx,25
isl,1981,agegroup_days0_27,sex_btsx,22
isl,1982,agegroup_days0_27,sex_btsx,21
isl,1983,agegroup_days0_27,sex_btsx,20
isl,1984,agegroup_days0_27,sex_btsx,18
isl,1985,agegroup_days0_27,sex_btsx,16
isl,1986,agegroup_days0_27,sex_btsx,16
isl,1987,agegroup_days0_27,sex_btsx,16
isl,1988,agegroup_days0_27,sex_btsx,17
isl,1989,agegroup_days0_27,sex_btsx,16
isl,1990,agegroup_days0_27,sex_btsx,16
isl,1991,agegroup_days0_27,sex_btsx,15
isl,1992,agegroup_days0_27,sex_btsx,14
isl,1993,agegroup_days0_27,sex_btsx,14
isl,1994,agegroup_days0_27,sex_btsx,13
isl,1995,agegroup_days0_27,sex_btsx,12
isl,1996,agegroup_days0_27,sex_btsx,11
isl,1997,agegroup_days0_27,sex_btsx,10
isl,1998,agegroup_days0_27,sex_btsx,10
isl,1999,agegroup_days0_27,sex_btsx,9
isl,2000,agegroup_days0_27,sex_btsx,9
isl,2001,agegroup_days0_27,sex_btsx,8
isl,2002,agegroup_days0_27,sex_btsx,8
isl,2003,agegroup_days0_27,sex_btsx,7
isl,2004,agegroup_days0_27,sex_btsx,7
isl,2005,agegroup_days0_27,sex_btsx,7
isl,2006,agegroup_days0_27,sex_btsx,7
isl,2007,agegroup_days0_27,sex_btsx,7
isl,2008,agegroup_days0_27,sex_btsx,7
isl,2009,agegroup_days0_27,sex_btsx,7
isl,2010,agegroup_days0_27,sex_btsx,7
isl,2011,agegroup_days0_27,sex_btsx,6
isl,2012,agegroup_days0_27,sex_btsx,6
isl,2013,agegroup_days0_27,sex_btsx,6
isl,2014,agegroup_days0_27,sex_btsx,6
isl,2015,agegroup_days0_27,sex_btsx,5
isl,2016,agegroup_days0_27,sex_btsx,5
isl,2017,agegroup_days0_27,sex_btsx,5
isl,2018,agegroup_days0_27,sex_btsx,6
isl,2019,agegroup_days0_27,sex_btsx,6
isl,2020,agegroup_days0_27,sex_btsx,6
isl,2021,agegroup_days0_27,sex_btsx,7
isl,2022,agegroup_days0_27,sex_btsx,6
isl,2023,agegroup_days0_27,sex_btsx,6
isr,1976,agegroup_days0_27,sex_btsx,1166
isr,1977,agegroup_days0_27,sex_btsx,1098
isr,1978,agegroup_days0_27,sex_btsx,1003
isr,1979,agegroup_days0_27,sex_btsx,955
isr,1980,agegroup_days0_27,sex_btsx,906
isr,1981,agegroup_days0_27,sex_btsx,847
isr,1982,agegroup_days0_27,sex_btsx,826
isr,1983,agegroup_days0_27,sex_btsx,797
isr,1984,agegroup_days0_27,sex_btsx,753
isr,1985,agegroup_days0_27,sex_btsx,728
isr,1986,agegroup_days0_27,sex_btsx,702
isr,1987,agegroup_days0_27,sex_btsx,668
isr,1988,agegroup_days0_27,sex_btsx,641
isr,1989,agegroup_days0_27,sex_btsx,602
isr,1990,agegroup_days0_27,sex_btsx,575
isr,1991,agegroup_days0_27,sex_btsx,569
isr,1992,agegroup_days0_27,sex_btsx,565
isr,1993,agegroup_days0_27,sex_btsx,542
isr,1994,agegroup_days0_27,sex_btsx,515
isr,1995,agegroup_days0_27,sex_btsx,497
isr,1996,agegroup_days0_27,sex_btsx,481
isr,1997,agegroup_days0_27,sex_btsx,474
isr,1998,agegroup_days0_27,sex_btsx,476
isr,1999,agegroup_days0_27,sex_btsx,466
isr,2000,agegroup_days0_27,sex_btsx,470
isr,2001,agegroup_days0_27,sex_btsx,459
isr,2002,agegroup_days0_27,sex_btsx,451
isr,2003,agegroup_days0_27,sex_btsx,441
isr,2004,agegroup_days0_27,sex_btsx,410
isr,2005,agegroup_days0_27,sex_btsx,382
isr,2006,agegroup_days0_27,sex_btsx,369
isr,2007,agegroup_days0_27,sex_btsx,363
isr,2008,agegroup_days0_27,sex_btsx,368
isr,2009,agegroup_days0_27,sex_btsx,374
isr,2010,agegroup_days0_27,sex_btsx,382
isr,2011,agegroup_days0_27,sex_btsx,375
isr,2012,agegroup_days0_27,sex_btsx,374
isr,2013,agegroup_days0_27,sex_btsx,365
isr,2014,agegroup_days0_27,sex_btsx,363
isr,2015,agegroup_days0_27,sex_btsx,358
isr,2016,agegroup_days0_27,sex_btsx,353
isr,2017,agegroup_days0_27,sex_btsx,347
isr,2018,agegroup_days0_27,sex_btsx,339
isr,2019,agegroup_days0_27,sex_btsx,327
isr,2020,agegroup_days0_27,sex_btsx,313
isr,2021,agegroup_days0_27,sex_btsx,318
isr,2022,agegroup_days0_27,sex_btsx,309
isr,2023,agegroup_days0_27,sex_btsx,300
ita,1961,agegroup_days0_27,sex_btsx,21637
ita,1962,agegroup_days0_27,sex_btsx,21178
ita,1963,agegroup_days0_27,sex_btsx,21623
ita,1964,agegroup_days0_27,sex_btsx,22967
ita,1965,agegroup_days0_27,sex_btsx,22529
ita,1966,agegroup_days0_27,sex_btsx,21803
ita,1967,agegroup_days0_27,sex_btsx,20552
ita,1968,agegroup_days0_27,sex_btsx,19838
ita,1969,agegroup_days0_27,sex_btsx,19195
ita,1970,agegroup_days0_27,sex_btsx,18369
ita,1971,agegroup_days0_27,sex_btsx,18178
ita,1972,agegroup_days0_27,sex_btsx,17329
ita,1973,agegroup_days0_27,sex_btsx,16152
ita,1974,agegroup_days0_27,sex_btsx,14847
ita,1975,agegroup_days0_27,sex_btsx,13124
ita,1976,agegroup_days0_27,sex_btsx,11647
ita,1977,agegroup_days0_27,sex_btsx,10361
ita,1978,agegroup_days0_27,sex_btsx,9247
ita,1979,agegroup_days0_27,sex_btsx,8149
ita,1980,agegroup_days0_27,sex_btsx,7239
ita,1981,agegroup_days0_27,sex_btsx,6570
ita,1982,agegroup_days0_27,sex_btsx,6106
ita,1983,agegroup_days0_27,sex_btsx,5608
ita,1984,agegroup_days0_27,sex_btsx,5194
ita,1985,agegroup_days0_27,sex_btsx,4817
ita,1986,agegroup_days0_27,sex_btsx,4377
ita,1987,agegroup_days0_27,sex_btsx,4108
ita,1988,agegroup_days0_27,sex_btsx,4034
ita,1989,agegroup_days0_27,sex_btsx,3842
ita,1990,agegroup_days0_27,sex_btsx,3694
ita,1991,agegroup_days0_27,sex_btsx,3404
ita,1992,agegroup_days0_27,sex_btsx,3179
ita,1993,agegroup_days0_27,sex_btsx,2889
ita,1994,agegroup_days0_27,sex_btsx,2665
ita,1995,agegroup_days0_27,sex_btsx,2492
ita,1996,agegroup_days0_27,sex_btsx,2359
ita,1997,agegroup_days0_27,sex_btsx,2229
ita,1998,agegroup_days0_27,sex_btsx,2087
ita,1999,agegroup_days0_27,sex_btsx,1981
ita,2000,agegroup_days0_27,sex_btsx,1879
ita,2001,agegroup_days0_27,sex_btsx,1741
ita,2002,agegroup_days0_27,sex_btsx,1643
ita,2003,agegroup_days0_27,sex_btsx,1582
ita,2004,agegroup_days0_27,sex_btsx,1582
ita,2005,agegroup_days0_27,sex_btsx,1513
ita,2006,agegroup_days0_27,sex_btsx,1464
ita,2007,agegroup_days0_27,sex_btsx,1416
ita,2008,agegroup_days0_27,sex_btsx,1420
ita,2009,agegroup_days0_27,sex_btsx,1395
ita,2010,agegroup_days0_27,sex_btsx,1361
ita,2011,agegroup_days0_27,sex_btsx,1296
ita,2012,agegroup_days0_27,sex_btsx,1228
ita,2013,agegroup_days0_27,sex_btsx,1148
ita,2014,agegroup_days0_27,sex_btsx,1086
ita,2015,agegroup_days0_27,sex_btsx,1022
ita,2016,agegroup_days0_27,sex_btsx,966
ita,2017,agegroup_days0_27,sex_btsx,902
ita,2018,agegroup_days0_27,sex_btsx,830
ita,2019,agegroup_days0_27,sex_btsx,767
ita,2020,agegroup_days0_27,sex_btsx,716
ita,2021,agegroup_days0_27,sex_btsx,691
ita,2022,agegroup_days0_27,sex_btsx,662
ita,2023,agegroup_days0_27,sex_btsx,625
jam,1957,agegroup_days0_27,sex_btsx,2364
jam,1958,agegroup_days0_27,sex_btsx,2362
jam,1959,agegroup_days0_27,sex_btsx,2314
jam,1960,agegroup_days0_27,sex_btsx,2299
jam,1961,agegroup_days0_27,sex_btsx,2220
jam,1962,agegroup_days0_27,sex_btsx,2142
jam,1963,agegroup_days0_27,sex_btsx,2091
jam,1964,agegroup_days0_27,sex_btsx,2034
jam,1965,agegroup_days0_27,sex_btsx,1944
jam,1966,agegroup_days0_27,sex_btsx,1870
jam,1967,agegroup_days0_27,sex_btsx,1808
jam,1968,agegroup_days0_27,sex_btsx,1733
jam,1969,agegroup_days0_27,sex_btsx,1662
jam,1970,agegroup_days0_27,sex_btsx,1601
jam,1971,agegroup_days0_27,sex_btsx,1551
jam,1972,agegroup_days0_27,sex_btsx,1507
jam,1973,agegroup_days0_27,sex_btsx,1498
jam,1974,agegroup_days0_27,sex_btsx,1436
jam,1975,agegroup_days0_27,sex_btsx,1405
jam,1976,agegroup_days0_27,sex_btsx,1379
jam,1977,agegroup_days0_27,sex_btsx,1355
jam,1978,agegroup_days0_27,sex_btsx,1339
jam,1979,agegroup_days0_27,sex_btsx,1334
jam,1980,agegroup_days0_27,sex_btsx,1324
jam,1981,agegroup_days0_27,sex_btsx,1323
jam,1982,agegroup_days0_27,sex_btsx,1325
jam,1983,agegroup_days0_27,sex_btsx,1328
jam,1984,agegroup_days0_27,sex_btsx,1311
jam,1985,agegroup_days0_27,sex_btsx,1279
jam,1986,agegroup_days0_27,sex_btsx,1241
jam,1987,agegroup_days0_27,sex_btsx,1206
jam,1988,agegroup_days0_27,sex_btsx,1180
jam,1989,agegroup_days0_27,sex_btsx,1152
jam,1990,agegroup_days0_27,sex_btsx,1151
jam,1991,agegroup_days0_27,sex_btsx,1159
jam,1992,agegroup_days0_27,sex_btsx,1162
jam,1993,agegroup_days0_27,sex_btsx,1139
jam,1994,agegroup_days0_27,sex_btsx,1110
jam,1995,agegroup_days0_27,sex_btsx,1073
jam,1996,agegroup_days0_27,sex_btsx,1036
jam,1997,agegroup_days0_27,sex_btsx,994
jam,1998,agegroup_days0_27,sex_btsx,948
jam,1999,agegroup_days0_27,sex_btsx,899
jam,2000,agegroup_days0_27,sex_btsx,846
jam,2001,agegroup_days0_27,sex_btsx,819
jam,2002,agegroup_days0_27,sex_btsx,804
jam,2003,agegroup_days0_27,sex_btsx,792
jam,2004,agegroup_days0_27,sex_btsx,777
jam,2005,agegroup_days0_27,sex_btsx,762
jam,2006,agegroup_days0_27,sex_btsx,743
jam,2007,agegroup_days0_27,sex_btsx,722
jam,2008,agegroup_days0_27,sex_btsx,698
jam,2009,agegroup_days0_27,sex_btsx,674
jam,2010,agegroup_days0_27,sex_btsx,648
jam,2011,agegroup_days0_27,sex_btsx,620
jam,2012,agegroup_days0_27,sex_btsx,596
jam,2013,agegroup_days0_27,sex_btsx,574
jam,2014,agegroup_days0_27,sex_btsx,553
jam,2015,agegroup_days0_27,sex_btsx,533
jam,2016,agegroup_days0_27,sex_btsx,513
jam,2017,agegroup_days0_27,sex_btsx,497
jam,2018,agegroup_days0_27,sex_btsx,487
jam,2019,agegroup_days0_27,sex_btsx,485
jam,2020,agegroup_days0_27,sex_btsx,485
jam,2021,agegroup_days0_27,sex_btsx,488
jam,2022,agegroup_days0_27,sex_btsx,488
jam,2023,agegroup_days0_27,sex_btsx,480
jor,1954,agegroup_days0_27,sex_btsx,1283
jor,1955,agegroup_days0_27,sex_btsx,1354
jor,1956,agegroup_days0_27,sex_btsx,1425
jor,1957,agegroup_days0_27,sex_btsx,1495
jor,1958,agegroup_days0_27,sex_btsx,1563
jor,1959,agegroup_days0_27,sex_btsx,1632
jor,1960,agegroup_days0_27,sex_btsx,1707
jor,1961,agegroup_days0_27,sex_btsx,1776
jor,1962,agegroup_days0_27,sex_btsx,1831
jor,1963,agegroup_days0_27,sex_btsx,1872
jor,1964,agegroup_days0_27,sex_btsx,1905
jor,1965,agegroup_days0_27,sex_btsx,1940
jor,1966,agegroup_days0_27,sex_btsx,2005
jor,1967,agegroup_days0_27,sex_btsx,2092
jor,1968,agegroup_days0_27,sex_btsx,2200
jor,1969,agegroup_days0_27,sex_btsx,2283
jor,1970,agegroup_days0_27,sex_btsx,2347
jor,1971,agegroup_days0_27,sex_btsx,2395
jor,1972,agegroup_days0_27,sex_btsx,2416
jor,1973,agegroup_days0_27,sex_btsx,2417
jor,1974,agegroup_days0_27,sex_btsx,2413
jor,1975,agegroup_days0_27,sex_btsx,2408
jor,1976,agegroup_days0_27,sex_btsx,2395
jor,1977,agegroup_days0_27,sex_btsx,2403
jor,1978,agegroup_days0_27,sex_btsx,2412
jor,1979,agegroup_days0_27,sex_btsx,2438
jor,1980,agegroup_days0_27,sex_btsx,2478
jor,1981,agegroup_days0_27,sex_btsx,2511
jor,1982,agegroup_days0_27,sex_btsx,2550
jor,1983,agegroup_days0_27,sex_btsx,2593
jor,1984,agegroup_days0_27,sex_btsx,2614
jor,1985,agegroup_days0_27,sex_btsx,2628
jor,1986,agegroup_days0_27,sex_btsx,2628
jor,1987,agegroup_days0_27,sex_btsx,2610
jor,1988,agegroup_days0_27,sex_btsx,2598
jor,1989,agegroup_days0_27,sex_btsx,2579
jor,1990,agegroup_days0_27,sex_btsx,2542
jor,1991,agegroup_days0_27,sex_btsx,2758
jor,1992,agegroup_days0_27,sex_btsx,2778
jor,1993,agegroup_days0_27,sex_btsx,2806
jor,1994,agegroup_days0_27,sex_btsx,2831
jor,1995,agegroup_days0_27,sex_btsx,2831
jor,1996,agegroup_days0_27,sex_btsx,2776
jor,1997,agegroup_days0_27,sex_btsx,2681
jor,1998,agegroup_days0_27,sex_btsx,2558
jor,1999,agegroup_days0_27,sex_btsx,2471
jor,2000,agegroup_days0_27,sex_btsx,2398
jor,2001,agegroup_days0_27,sex_btsx,2352
jor,2002,agegroup_days0_27,sex_btsx,2344
jor,2003,agegroup_days0_27,sex_btsx,2335
jor,2004,agegroup_days0_27,sex_btsx,2266
jor,2005,agegroup_days0_27,sex_btsx,2202
jor,2006,agegroup_days0_27,sex_btsx,2209
jor,2007,agegroup_days0_27,sex_btsx,2407
jor,2008,agegroup_days0_27,sex_btsx,2427
jor,2009,agegroup_days0_27,sex_btsx,2384
jor,2010,agegroup_days0_27,sex_btsx,2316
jor,2011,agegroup_days0_27,sex_btsx,2243
jor,2012,agegroup_days0_27,sex_btsx,2165
jor,2013,agegroup_days0_27,sex_btsx,2051
jor,2014,agegroup_days0_27,sex_btsx,2131
jor,2015,agegroup_days0_27,sex_btsx,2183
jor,2016,agegroup_days0_27,sex_btsx,2226
jor,2017,agegroup_days0_27,sex_btsx,2161
jor,2018,agegroup_days0_27,sex_btsx,2090
jor,2019,agegroup_days0_27,sex_btsx,2027
jor,2020,agegroup_days0_27,sex_btsx,1956
jor,2021,agegroup_days0_27,sex_btsx,1895
jor,2022,agegroup_days0_27,sex_btsx,1835
jor,2023,agegroup_days0_27,sex_btsx,1782
jpn,1969,agegroup_days0_27,sex_btsx,17408
jpn,1970,agegroup_days0_27,sex_btsx,16894
jpn,1971,agegroup_days0_27,sex_btsx,16947
jpn,1972,agegroup_days0_27,sex_btsx,16611
jpn,1973,agegroup_days0_27,sex_btsx,16146
jpn,1974,agegroup_days0_27,sex_btsx,14880
jpn,1975,agegroup_days0_27,sex_btsx,13259
jpn,1976,agegroup_days0_27,sex_btsx,12066
jpn,1977,agegroup_days0_27,sex_btsx,10908
jpn,1978,agegroup_days0_27,sex_btsx,9912
jpn,1979,agegroup_days0_27,sex_btsx,8861
jpn,1980,agegroup_days0_27,sex_btsx,7855
jpn,1981,agegroup_days0_27,sex_btsx,7009
jpn,1982,agegroup_days0_27,sex_btsx,6393
jpn,1983,agegroup_days0_27,sex_btsx,5865
jpn,1984,agegroup_days0_27,sex_btsx,5325
jpn,1985,agegroup_days0_27,sex_btsx,4709
jpn,1986,agegroup_days0_27,sex_btsx,4205
jpn,1987,agegroup_days0_27,sex_btsx,3825
jpn,1988,agegroup_days0_27,sex_btsx,3507
jpn,1989,agegroup_days0_27,sex_btsx,3183
jpn,1990,agegroup_days0_27,sex_btsx,2995
jpn,1991,agegroup_days0_27,sex_btsx,2919
jpn,1992,agegroup_days0_27,sex_btsx,2821
jpn,1993,agegroup_days0_27,sex_btsx,2708
jpn,1994,agegroup_days0_27,sex_btsx,2709
jpn,1995,agegroup_days0_27,sex_btsx,2542
jpn,1996,agegroup_days0_27,sex_btsx,2461
jpn,1997,agegroup_days0_27,sex_btsx,2342
jpn,1998,agegroup_days0_27,sex_btsx,2263
jpn,1999,agegroup_days0_27,sex_btsx,2155
jpn,2000,agegroup_days0_27,sex_btsx,2114
jpn,2001,agegroup_days0_27,sex_btsx,2029
jpn,2002,agegroup_days0_27,sex_btsx,1931
jpn,2003,agegroup_days0_27,sex_btsx,1803
jpn,2004,agegroup_days0_27,sex_btsx,1684
jpn,2005,agegroup_days0_27,sex_btsx,1537
jpn,2006,agegroup_days0_27,sex_btsx,1479
jpn,2007,agegroup_days0_27,sex_btsx,1405
jpn,2008,agegroup_days0_27,sex_btsx,1341
jpn,2009,agegroup_days0_27,sex_btsx,1258
jpn,2010,agegroup_days0_27,sex_btsx,1196
jpn,2011,agegroup_days0_27,sex_btsx,1122
jpn,2012,agegroup_days0_27,sex_btsx,1060
jpn,2013,agegroup_days0_27,sex_btsx,1009
jpn,2014,agegroup_days0_27,sex_btsx,952
jpn,2015,agegroup_days0_27,sex_btsx,920
jpn,2016,agegroup_days0_27,sex_btsx,870
jpn,2017,agegroup_days0_27,sex_btsx,823
jpn,2018,agegroup_days0_27,sex_btsx,786
jpn,2019,agegroup_days0_27,sex_btsx,736
jpn,2020,agegroup_days0_27,sex_btsx,704
jpn,2021,agegroup_days0_27,sex_btsx,668
jpn,2022,agegroup_days0_27,sex_btsx,639
jpn,2023,agegroup_days0_27,sex_btsx,604
kaz,1973,agegroup_days0_27,sex_btsx,9218
kaz,1974,agegroup_days0_27,sex_btsx,9188
kaz,1975,agegroup_days0_27,sex_btsx,9161
kaz,1976,agegroup_days0_27,sex_btsx,9165
kaz,1977,agegroup_days0_27,sex_btsx,9217
kaz,1978,agegroup_days0_27,sex_btsx,9267
kaz,1979,agegroup_days0_27,sex_btsx,9556
kaz,1980,agegroup_days0_27,sex_btsx,9907
kaz,1981,agegroup_days0_27,sex_btsx,9890
kaz,1982,agegroup_days0_27,sex_btsx,9811
kaz,1983,agegroup_days0_27,sex_btsx,9982
kaz,1984,agegroup_days0_27,sex_btsx,10274
kaz,1985,agegroup_days0_27,sex_btsx,10502
kaz,1986,agegroup_days0_27,sex_btsx,10428
kaz,1987,agegroup_days0_27,sex_btsx,10176
kaz,1988,agegroup_days0_27,sex_btsx,9748
kaz,1989,agegroup_days0_27,sex_btsx,9251
kaz,1990,agegroup_days0_27,sex_btsx,8890
kaz,1991,agegroup_days0_27,sex_btsx,8748
kaz,1992,agegroup_days0_27,sex_btsx,8618
kaz,1993,agegroup_days0_27,sex_btsx,8460
kaz,1994,agegroup_days0_27,sex_btsx,8236
kaz,1995,agegroup_days0_27,sex_btsx,7783
kaz,1996,agegroup_days0_27,sex_btsx,7145
kaz,1997,agegroup_days0_27,sex_btsx,6615
kaz,1998,agegroup_days0_27,sex_btsx,6314
kaz,1999,agegroup_days0_27,sex_btsx,5958
kaz,2000,agegroup_days0_27,sex_btsx,5843
kaz,2001,agegroup_days0_27,sex_btsx,5757
kaz,2002,agegroup_days0_27,sex_btsx,5797
kaz,2003,agegroup_days0_27,sex_btsx,5977
kaz,2004,agegroup_days0_27,sex_btsx,6131
kaz,2005,agegroup_days0_27,sex_btsx,6113
kaz,2006,agegroup_days0_27,sex_btsx,6100
kaz,2007,agegroup_days0_27,sex_btsx,5960
kaz,2008,agegroup_days0_27,sex_btsx,5696
kaz,2009,agegroup_days0_27,sex_btsx,5017
kaz,2010,agegroup_days0_27,sex_btsx,4472
kaz,2011,agegroup_days0_27,sex_btsx,3896
kaz,2012,agegroup_days0_27,sex_btsx,3389
kaz,2013,agegroup_days0_27,sex_btsx,2900
kaz,2014,agegroup_days0_27,sex_btsx,2547
kaz,2015,agegroup_days0_27,sex_btsx,2231
kaz,2016,agegroup_days0_27,sex_btsx,2064
kaz,2017,agegroup_days0_27,sex_btsx,1920
kaz,2018,agegroup_days0_27,sex_btsx,1938
kaz,2019,agegroup_days0_27,sex_btsx,1948
kaz,2020,agegroup_days0_27,sex_btsx,2099
kaz,2021,agegroup_days0_27,sex_btsx,2193
kaz,2022,agegroup_days0_27,sex_btsx,1931
kaz,2023,agegroup_days0_27,sex_btsx,1758
ken,1955,agegroup_days0_27,sex_btsx,19589
ken,1956,agegroup_days0_27,sex_btsx,19907
ken,1957,agegroup_days0_27,sex_btsx,20212
ken,1958,agegroup_days0_27,sex_btsx,20370
ken,1959,agegroup_days0_27,sex_btsx,20433
ken,1960,agegroup_days0_27,sex_btsx,20448
ken,1961,agegroup_days0_27,sex_btsx,20607
ken,1962,agegroup_days0_27,sex_btsx,20708
ken,1963,agegroup_days0_27,sex_btsx,20875
ken,1964,agegroup_days0_27,sex_btsx,21090
ken,1965,agegroup_days0_27,sex_btsx,21403
ken,1966,agegroup_days0_27,sex_btsx,21802
ken,1967,agegroup_days0_27,sex_btsx,22182
ken,1968,agegroup_days0_27,sex_btsx,22594
ken,1969,agegroup_days0_27,sex_btsx,23001
ken,1970,agegroup_days0_27,sex_btsx,23336
ken,1971,agegroup_days0_27,sex_btsx,23632
ken,1972,agegroup_days0_27,sex_btsx,23640
ken,1973,agegroup_days0_27,sex_btsx,23613
ken,1974,agegroup_days0_27,sex_btsx,23562
ken,1975,agegroup_days0_27,sex_btsx,23663
ken,1976,agegroup_days0_27,sex_btsx,23868
ken,1977,agegroup_days0_27,sex_btsx,24032
ken,1978,agegroup_days0_27,sex_btsx,24320
ken,1979,agegroup_days0_27,sex_btsx,24590
ken,1980,agegroup_days0_27,sex_btsx,24872
ken,1981,agegroup_days0_27,sex_btsx,25296
ken,1982,agegroup_days0_27,sex_btsx,25578
ken,1983,agegroup_days0_27,sex_btsx,25817
ken,1984,agegroup_days0_27,sex_btsx,26180
ken,1985,agegroup_days0_27,sex_btsx,26488
ken,1986,agegroup_days0_27,sex_btsx,26757
ken,1987,agegroup_days0_27,sex_btsx,26931
ken,1988,agegroup_days0_27,sex_btsx,26950
ken,1989,agegroup_days0_27,sex_btsx,26970
ken,1990,agegroup_days0_27,sex_btsx,26933
ken,1991,agegroup_days0_27,sex_btsx,27066
ken,1992,agegroup_days0_27,sex_btsx,27206
ken,1993,agegroup_days0_27,sex_btsx,27574
ken,1994,agegroup_days0_27,sex_btsx,28014
ken,1995,agegroup_days0_27,sex_btsx,28906
ken,1996,agegroup_days0_27,sex_btsx,29688
ken,1997,agegroup_days0_27,sex_btsx,30545
ken,1998,agegroup_days0_27,sex_btsx,31478
ken,1999,agegroup_days0_27,sex_btsx,32111
ken,2000,agegroup_days0_27,sex_btsx,32820
ken,2001,agegroup_days0_27,sex_btsx,33479
ken,2002,agegroup_days0_27,sex_btsx,33874
ken,2003,agegroup_days0_27,sex_btsx,34021
ken,2004,agegroup_days0_27,sex_btsx,34221
ken,2005,agegroup_days0_27,sex_btsx,34455
ken,2006,agegroup_days0_27,sex_btsx,34732
ken,2007,agegroup_days0_27,sex_btsx,35120
ken,2008,agegroup_days0_27,sex_btsx,35394
ken,2009,agegroup_days0_27,sex_btsx,35563
ken,2010,agegroup_days0_27,sex_btsx,35556
ken,2011,agegroup_days0_27,sex_btsx,35252
ken,2012,agegroup_days0_27,sex_btsx,34841
ken,2013,agegroup_days0_27,sex_btsx,34447
ken,2014,agegroup_days0_27,sex_btsx,34293
ken,2015,agegroup_days0_27,sex_btsx,34242
ken,2016,agegroup_days0_27,sex_btsx,33962
ken,2017,agegroup_days0_27,sex_btsx,33708
ken,2018,agegroup_days0_27,sex_btsx,33367
ken,2019,agegroup_days0_27,sex_btsx,32722
ken,2020,agegroup_days0_27,sex_btsx,32424
ken,2021,agegroup_days0_27,sex_btsx,32459
ken,2022,agegroup_days0_27,sex_btsx,32373
ken,2023,agegroup_days0_27,sex_btsx,32251
kgz,1980,agegroup_days0_27,sex_btsx,3338
kgz,1981,agegroup_days0_27,sex_btsx,3348
kgz,1982,agegroup_days0_27,sex_btsx,3370
kgz,1983,agegroup_days0_27,sex_btsx,3375
kgz,1984,agegroup_days0_27,sex_btsx,3434
kgz,1985,agegroup_days0_27,sex_btsx,3517
kgz,1986,agegroup_days0_27,sex_btsx,3601
kgz,1987,agegroup_days0_27,sex_btsx,3610
kgz,1988,agegroup_days0_27,sex_btsx,3543
kgz,1989,agegroup_days0_27,sex_btsx,3473
kgz,1990,agegroup_days0_27,sex_btsx,3428
kgz,1991,agegroup_days0_27,sex_btsx,3459
kgz,1992,agegroup_days0_27,sex_btsx,3488
kgz,1993,agegroup_days0_27,sex_btsx,3402
kgz,1994,agegroup_days0_27,sex_btsx,3209
kgz,1995,agegroup_days0_27,sex_btsx,3203
kgz,1996,agegroup_days0_27,sex_btsx,3008
kgz,1997,agegroup_days0_27,sex_btsx,2751
kgz,1998,agegroup_days0_27,sex_btsx,2613
kgz,1999,agegroup_days0_27,sex_btsx,2496
kgz,2000,agegroup_days0_27,sex_btsx,2335
kgz,2001,agegroup_days0_27,sex_btsx,2269
kgz,2002,agegroup_days0_27,sex_btsx,2254
kgz,2003,agegroup_days0_27,sex_btsx,2266
kgz,2004,agegroup_days0_27,sex_btsx,2298
kgz,2005,agegroup_days0_27,sex_btsx,2328
kgz,2006,agegroup_days0_27,sex_btsx,2425
kgz,2007,agegroup_days0_27,sex_btsx,2432
kgz,2008,agegroup_days0_27,sex_btsx,2417
kgz,2009,agegroup_days0_27,sex_btsx,2437
kgz,2010,agegroup_days0_27,sex_btsx,2491
kgz,2011,agegroup_days0_27,sex_btsx,2443
kgz,2012,agegroup_days0_27,sex_btsx,2363
kgz,2013,agegroup_days0_27,sex_btsx,2229
kgz,2014,agegroup_days0_27,sex_btsx,2174
kgz,2015,agegroup_days0_27,sex_btsx,2077
kgz,2016,agegroup_days0_27,sex_btsx,1935
kgz,2017,agegroup_days0_27,sex_btsx,1855
kgz,2018,agegroup_days0_27,sex_btsx,1984
kgz,2019,agegroup_days0_27,sex_btsx,1991
kgz,2020,agegroup_days0_27,sex_btsx,1810
kgz,2021,agegroup_days0_27,sex_btsx,1704
kgz,2022,agegroup_days0_27,sex_btsx,1648
kgz,2023,agegroup_days0_27,sex_btsx,1633
khm,1978,agegroup_days0_27,sex_btsx,8244
khm,1979,agegroup_days0_27,sex_btsx,9732
khm,1980,agegroup_days0_27,sex_btsx,12753
khm,1981,agegroup_days0_27,sex_btsx,12531
khm,1982,agegroup_days0_27,sex_btsx,12539
khm,1983,agegroup_days0_27,sex_btsx,12638
khm,1984,agegroup_days0_27,sex_btsx,13013
khm,1985,agegroup_days0_27,sex_btsx,13056
khm,1986,agegroup_days0_27,sex_btsx,13194
khm,1987,agegroup_days0_27,sex_btsx,13431
khm,1988,agegroup_days0_27,sex_btsx,13656
khm,1989,agegroup_days0_27,sex_btsx,13403
khm,1990,agegroup_days0_27,sex_btsx,13749
khm,1991,agegroup_days0_27,sex_btsx,14014
khm,1992,agegroup_days0_27,sex_btsx,14113
khm,1993,agegroup_days0_27,sex_btsx,15033
khm,1994,agegroup_days0_27,sex_btsx,15306
khm,1995,agegroup_days0_27,sex_btsx,15159
khm,1996,agegroup_days0_27,sex_btsx,14963
khm,1997,agegroup_days0_27,sex_btsx,14030
khm,1998,agegroup_days0_27,sex_btsx,13748
khm,1999,agegroup_days0_27,sex_btsx,13094
khm,2000,agegroup_days0_27,sex_btsx,12505
khm,2001,agegroup_days0_27,sex_btsx,11907
khm,2002,agegroup_days0_27,sex_btsx,11169
khm,2003,agegroup_days0_27,sex_btsx,10462
khm,2004,agegroup_days0_27,sex_btsx,9841
khm,2005,agegroup_days0_27,sex_btsx,9446
khm,2006,agegroup_days0_27,sex_btsx,9154
khm,2007,agegroup_days0_27,sex_btsx,8904
khm,2008,agegroup_days0_27,sex_btsx,8539
khm,2009,agegroup_days0_27,sex_btsx,8189
khm,2010,agegroup_days0_27,sex_btsx,7750
khm,2011,agegroup_days0_27,sex_btsx,7349
khm,2012,agegroup_days0_27,sex_btsx,7078
khm,2013,agegroup_days0_27,sex_btsx,6777
khm,2014,agegroup_days0_27,sex_btsx,6465
khm,2015,agegroup_days0_27,sex_btsx,6188
khm,2016,agegroup_days0_27,sex_btsx,5934
khm,2017,agegroup_days0_27,sex_btsx,5690
khm,2018,agegroup_days0_27,sex_btsx,5460
khm,2019,agegroup_days0_27,sex_btsx,5213
khm,2020,agegroup_days0_27,sex_btsx,4955
khm,2021,agegroup_days0_27,sex_btsx,4729
khm,2022,agegroup_days0_27,sex_btsx,4493
khm,2023,agegroup_days0_27,sex_btsx,4278
kir,1990,agegroup_days0_27,sex_btsx,97
kir,1991,agegroup_days0_27,sex_btsx,96
kir,1992,agegroup_days0_27,sex_btsx,93
kir,1993,agegroup_days0_27,sex_btsx,91
kir,1994,agegroup_days0_27,sex_btsx,89
kir,1995,agegroup_days0_27,sex_btsx,87
kir,1996,agegroup_days0_27,sex_btsx,86
kir,1997,agegroup_days0_27,sex_btsx,84
kir,1998,agegroup_days0_27,sex_btsx,82
kir,1999,agegroup_days0_27,sex_btsx,79
kir,2000,agegroup_days0_27,sex_btsx,76
kir,2001,agegroup_days0_27,sex_btsx,73
kir,2002,agegroup_days0_27,sex_btsx,70
kir,2003,agegroup_days0_27,sex_btsx,68
kir,2004,agegroup_days0_27,sex_btsx,69
kir,2005,agegroup_days0_27,sex_btsx,70
kir,2006,agegroup_days0_27,sex_btsx,72
kir,2007,agegroup_days0_27,sex_btsx,74
kir,2008,agegroup_days0_27,sex_btsx,76
kir,2009,agegroup_days0_27,sex_btsx,78
kir,2010,agegroup_days0_27,sex_btsx,80
kir,2011,agegroup_days0_27,sex_btsx,81
kir,2012,agegroup_days0_27,sex_btsx,81
kir,2013,agegroup_days0_27,sex_btsx,80
kir,2014,agegroup_days0_27,sex_btsx,79
kir,2015,agegroup_days0_27,sex_btsx,80
kir,2016,agegroup_days0_27,sex_btsx,80
kir,2017,agegroup_days0_27,sex_btsx,81
kir,2018,agegroup_days0_27,sex_btsx,82
kir,2019,agegroup_days0_27,sex_btsx,82
kir,2020,agegroup_days0_27,sex_btsx,81
kir,2021,agegroup_days0_27,sex_btsx,80
kir,2022,agegroup_days0_27,sex_btsx,78
kir,2023,agegroup_days0_27,sex_btsx,77
kna,1978,agegroup_days0_27,sex_btsx,29
kna,1979,agegroup_days0_27,sex_btsx,29
kna,1980,agegroup_days0_27,sex_btsx,29
kna,1981,agegroup_days0_27,sex_btsx,29
kna,1982,agegroup_days0_27,sex_btsx,28
kna,1983,agegroup_days0_27,sex_btsx,27
kna,1984,agegroup_days0_27,sex_btsx,25
kna,1985,agegroup_days0_27,sex_btsx,24
kna,1986,agegroup_days0_27,sex_btsx,22
kna,1987,agegroup_days0_27,sex_btsx,20
kna,1988,agegroup_days0_27,sex_btsx,19
kna,1989,agegroup_days0_27,sex_btsx,19
kna,1990,agegroup_days0_27,sex_btsx,18
kna,1991,agegroup_days0_27,sex_btsx,16
kna,1992,agegroup_days0_27,sex_btsx,15
kna,1993,agegroup_days0_27,sex_btsx,15
kna,1994,agegroup_days0_27,sex_btsx,15
kna,1995,agegroup_days0_27,sex_btsx,15
kna,1996,agegroup_days0_27,sex_btsx,14
kna,1997,agegroup_days0_27,sex_btsx,14
kna,1998,agegroup_days0_27,sex_btsx,14
kna,1999,agegroup_days0_27,sex_btsx,13
kna,2000,agegroup_days0_27,sex_btsx,12
kna,2001,agegroup_days0_27,sex_btsx,12
kna,2002,agegroup_days0_27,sex_btsx,11
kna,2003,agegroup_days0_27,sex_btsx,10
kna,2004,agegroup_days0_27,sex_btsx,10
kna,2005,agegroup_days0_27,sex_btsx,9
kna,2006,agegroup_days0_27,sex_btsx,9
kna,2007,agegroup_days0_27,sex_btsx,9
kna,2008,agegroup_days0_27,sex_btsx,9
kna,2009,agegroup_days0_27,sex_btsx,8
kna,2010,agegroup_days0_27,sex_btsx,8
kna,2011,agegroup_days0_27,sex_btsx,8
kna,2012,agegroup_days0_27,sex_btsx,8
kna,2013,agegroup_days0_27,sex_btsx,8
kna,2014,agegroup_days0_27,sex_btsx,8
kna,2015,agegroup_days0_27,sex_btsx,8
kna,2016,agegroup_days0_27,sex_btsx,8
kna,2017,agegroup_days0_27,sex_btsx,8
kna,2018,agegroup_days0_27,sex_btsx,7
kna,2019,agegroup_days0_27,sex_btsx,7
kna,2020,agegroup_days0_27,sex_btsx,7
kna,2021,agegroup_days0_27,sex_btsx,6
kna,2022,agegroup_days0_27,sex_btsx,6
kna,2023,agegroup_days0_27,sex_btsx,6
kor,1952,agegroup_days0_27,sex_btsx,31418
kor,1953,agegroup_days0_27,sex_btsx,30894
kor,1954,agegroup_days0_27,sex_btsx,30201
kor,1955,agegroup_days0_27,sex_btsx,29778
kor,1956,agegroup_days0_27,sex_btsx,29703
kor,1957,agegroup_days0_27,sex_btsx,30011
kor,1958,agegroup_days0_27,sex_btsx,30393
kor,1959,agegroup_days0_27,sex_btsx,30777
kor,1960,agegroup_days0_27,sex_btsx,31002
kor,1961,agegroup_days0_27,sex_btsx,30804
kor,1962,agegroup_days0_27,sex_btsx,29960
kor,1963,agegroup_days0_27,sex_btsx,29081
kor,1964,agegroup_days0_27,sex_btsx,27788
kor,1965,agegroup_days0_27,sex_btsx,26778
kor,1966,agegroup_days0_27,sex_btsx,26020
kor,1967,agegroup_days0_27,sex_btsx,25025
kor,1968,agegroup_days0_27,sex_btsx,24280
kor,1969,agegroup_days0_27,sex_btsx,23812
kor,1970,agegroup_days0_27,sex_btsx,23599
kor,1971,agegroup_days0_27,sex_btsx,22273
kor,1972,agegroup_days0_27,sex_btsx,20808
kor,1973,agegroup_days0_27,sex_btsx,19553
kor,1974,agegroup_days0_27,sex_btsx,18280
kor,1975,agegroup_days0_27,sex_btsx,17159
kor,1976,agegroup_days0_27,sex_btsx,16309
kor,1977,agegroup_days0_27,sex_btsx,15646
kor,1978,agegroup_days0_27,sex_btsx,14518
kor,1979,agegroup_days0_27,sex_btsx,14907
kor,1980,agegroup_days0_27,sex_btsx,14820
kor,1981,agegroup_days0_27,sex_btsx,14557
kor,1982,agegroup_days0_27,sex_btsx,13184
kor,1983,agegroup_days0_27,sex_btsx,11113
kor,1984,agegroup_days0_27,sex_btsx,9266
kor,1985,agegroup_days0_27,sex_btsx,8081
kor,1986,agegroup_days0_27,sex_btsx,7143
kor,1987,agegroup_days0_27,sex_btsx,6380
kor,1988,agegroup_days0_27,sex_btsx,5815
kor,1989,agegroup_days0_27,sex_btsx,5368
kor,1990,agegroup_days0_27,sex_btsx,5063
kor,1991,agegroup_days0_27,sex_btsx,4948
kor,1992,agegroup_days0_27,sex_btsx,4616
kor,1993,agegroup_days0_27,sex_btsx,4096
kor,1994,agegroup_days0_27,sex_btsx,3734
kor,1995,agegroup_days0_27,sex_btsx,3389
kor,1996,agegroup_days0_27,sex_btsx,3045
kor,1997,agegroup_days0_27,sex_btsx,2743
kor,1998,agegroup_days0_27,sex_btsx,2440
kor,1999,agegroup_days0_27,sex_btsx,2210
kor,2000,agegroup_days0_27,sex_btsx,2035
kor,2001,agegroup_days0_27,sex_btsx,1730
kor,2002,agegroup_days0_27,sex_btsx,1477
kor,2003,agegroup_days0_27,sex_btsx,1338
kor,2004,agegroup_days0_27,sex_btsx,1193
kor,2005,agegroup_days0_27,sex_btsx,1038
kor,2006,agegroup_days0_27,sex_btsx,963
kor,2007,agegroup_days0_27,sex_btsx,929
kor,2008,agegroup_days0_27,sex_btsx,842
kor,2009,agegroup_days0_27,sex_btsx,787
kor,2010,agegroup_days0_27,sex_btsx,787
kor,2011,agegroup_days0_27,sex_btsx,787
kor,2012,agegroup_days0_27,sex_btsx,786
kor,2013,agegroup_days0_27,sex_btsx,735
kor,2014,agegroup_days0_27,sex_btsx,712
kor,2015,agegroup_days0_27,sex_btsx,692
kor,2016,agegroup_days0_27,sex_btsx,636
kor,2017,agegroup_days0_27,sex_btsx,558
kor,2018,agegroup_days0_27,sex_btsx,491
kor,2019,agegroup_days0_27,sex_btsx,429
kor,2020,agegroup_days0_27,sex_btsx,370
kor,2021,agegroup_days0_27,sex_btsx,335
kor,2022,agegroup_days0_27,sex_btsx,314
kor,2023,agegroup_days0_27,sex_btsx,278
kwt,1986,agegroup_days0_27,sex_btsx,682
kwt,1987,agegroup_days0_27,sex_btsx,647
kwt,1988,agegroup_days0_27,sex_btsx,616
kwt,1989,agegroup_days0_27,sex_btsx,582
kwt,1990,agegroup_days0_27,sex_btsx,545
kwt,1991,agegroup_days0_27,sex_btsx,250
kwt,1992,agegroup_days0_27,sex_btsx,322
kwt,1993,agegroup_days0_27,sex_btsx,324
kwt,1994,agegroup_days0_27,sex_btsx,335
kwt,1995,agegroup_days0_27,sex_btsx,340
kwt,1996,agegroup_days0_27,sex_btsx,331
kwt,1997,agegroup_days0_27,sex_btsx,316
kwt,1998,agegroup_days0_27,sex_btsx,303
kwt,1999,agegroup_days0_27,sex_btsx,293
kwt,2000,agegroup_days0_27,sex_btsx,288
kwt,2001,agegroup_days0_27,sex_btsx,286
kwt,2002,agegroup_days0_27,sex_btsx,285
kwt,2003,agegroup_days0_27,sex_btsx,286
kwt,2004,agegroup_days0_27,sex_btsx,288
kwt,2005,agegroup_days0_27,sex_btsx,290
kwt,2006,agegroup_days0_27,sex_btsx,293
kwt,2007,agegroup_days0_27,sex_btsx,296
kwt,2008,agegroup_days0_27,sex_btsx,300
kwt,2009,agegroup_days0_27,sex_btsx,305
kwt,2010,agegroup_days0_27,sex_btsx,305
kwt,2011,agegroup_days0_27,sex_btsx,303
kwt,2012,agegroup_days0_27,sex_btsx,308
kwt,2013,agegroup_days0_27,sex_btsx,300
kwt,2014,agegroup_days0_27,sex_btsx,306
kwt,2015,agegroup_days0_27,sex_btsx,293
kwt,2016,agegroup_days0_27,sex_btsx,292
kwt,2017,agegroup_days0_27,sex_btsx,295
kwt,2018,agegroup_days0_27,sex_btsx,278
kwt,2019,agegroup_days0_27,sex_btsx,266
kwt,2020,agegroup_days0_27,sex_btsx,261
kwt,2021,agegroup_days0_27,sex_btsx,218
kwt,2022,agegroup_days0_27,sex_btsx,235
kwt,2023,agegroup_days0_27,sex_btsx,238
lao,1983,agegroup_days0_27,sex_btsx,8185
lao,1984,agegroup_days0_27,sex_btsx,8301
lao,1985,agegroup_days0_27,sex_btsx,8379
lao,1986,agegroup_days0_27,sex_btsx,8443
lao,1987,agegroup_days0_27,sex_btsx,8522
lao,1988,agegroup_days0_27,sex_btsx,8596
lao,1989,agegroup_days0_27,sex_btsx,8630
lao,1990,agegroup_days0_27,sex_btsx,8669
lao,1991,agegroup_days0_27,sex_btsx,8674
lao,1992,agegroup_days0_27,sex_btsx,8649
lao,1993,agegroup_days0_27,sex_btsx,8600
lao,1994,agegroup_days0_27,sex_btsx,8403
lao,1995,agegroup_days0_27,sex_btsx,8114
lao,1996,agegroup_days0_27,sex_btsx,7879
lao,1997,agegroup_days0_27,sex_btsx,7654
lao,1998,agegroup_days0_27,sex_btsx,7399
lao,1999,agegroup_days0_27,sex_btsx,7174
lao,2000,agegroup_days0_27,sex_btsx,6859
lao,2001,agegroup_days0_27,sex_btsx,6650
lao,2002,agegroup_days0_27,sex_btsx,6400
lao,2003,agegroup_days0_27,sex_btsx,6224
lao,2004,agegroup_days0_27,sex_btsx,6034
lao,2005,agegroup_days0_27,sex_btsx,5705
lao,2006,agegroup_days0_27,sex_btsx,5539
lao,2007,agegroup_days0_27,sex_btsx,5412
lao,2008,agegroup_days0_27,sex_btsx,5274
lao,2009,agegroup_days0_27,sex_btsx,5129
lao,2010,agegroup_days0_27,sex_btsx,4971
lao,2011,agegroup_days0_27,sex_btsx,4809
lao,2012,agegroup_days0_27,sex_btsx,4613
lao,2013,agegroup_days0_27,sex_btsx,4436
lao,2014,agegroup_days0_27,sex_btsx,4258
lao,2015,agegroup_days0_27,sex_btsx,4170
lao,2016,agegroup_days0_27,sex_btsx,4054
lao,2017,agegroup_days0_27,sex_btsx,3934
lao,2018,agegroup_days0_27,sex_btsx,3809
lao,2019,agegroup_days0_27,sex_btsx,3690
lao,2020,agegroup_days0_27,sex_btsx,3569
lao,2021,agegroup_days0_27,sex_btsx,3462
lao,2022,agegroup_days0_27,sex_btsx,3362
lao,2023,agegroup_days0_27,sex_btsx,3265
lbn,1974,agegroup_days0_27,sex_btsx,2800
lbn,1975,agegroup_days0_27,sex_btsx,2806
lbn,1976,agegroup_days0_27,sex_btsx,2993
lbn,1977,agegroup_days0_27,sex_btsx,2827
lbn,1978,agegroup_days0_27,sex_btsx,2832
lbn,1979,agegroup_days0_27,sex_btsx,2829
lbn,1980,agegroup_days0_27,sex_btsx,2825
lbn,1981,agegroup_days0_27,sex_btsx,2816
lbn,1982,agegroup_days0_27,sex_btsx,2844
lbn,1983,agegroup_days0_27,sex_btsx,2643
lbn,1984,agegroup_days0_27,sex_btsx,2570
lbn,1985,agegroup_days0_27,sex_btsx,2463
lbn,1986,agegroup_days0_27,sex_btsx,2388
lbn,1987,agegroup_days0_27,sex_btsx,2359
lbn,1988,agegroup_days0_27,sex_btsx,2270
lbn,1989,agegroup_days0_27,sex_btsx,2140
lbn,1990,agegroup_days0_27,sex_btsx,2005
lbn,1991,agegroup_days0_27,sex_btsx,1868
lbn,1992,agegroup_days0_27,sex_btsx,1738
lbn,1993,agegroup_days0_27,sex_btsx,1609
lbn,1994,agegroup_days0_27,sex_btsx,1489
lbn,1995,agegroup_days0_27,sex_btsx,1383
lbn,1996,agegroup_days0_27,sex_btsx,1322
lbn,1997,agegroup_days0_27,sex_btsx,1263
lbn,1998,agegroup_days0_27,sex_btsx,1211
lbn,1999,agegroup_days0_27,sex_btsx,1159
lbn,2000,agegroup_days0_27,sex_btsx,1104
lbn,2001,agegroup_days0_27,sex_btsx,1052
lbn,2002,agegroup_days0_27,sex_btsx,987
lbn,2003,agegroup_days0_27,sex_btsx,917
lbn,2004,agegroup_days0_27,sex_btsx,851
lbn,2005,agegroup_days0_27,sex_btsx,789
lbn,2006,agegroup_days0_27,sex_btsx,747
lbn,2007,agegroup_days0_27,sex_btsx,716
lbn,2008,agegroup_days0_27,sex_btsx,696
lbn,2009,agegroup_days0_27,sex_btsx,691
lbn,2010,agegroup_days0_27,sex_btsx,705
lbn,2011,agegroup_days0_27,sex_btsx,718
lbn,2012,agegroup_days0_27,sex_btsx,730
lbn,2013,agegroup_days0_27,sex_btsx,760
lbn,2014,agegroup_days0_27,sex_btsx,882
lbn,2015,agegroup_days0_27,sex_btsx,952
lbn,2016,agegroup_days0_27,sex_btsx,938
lbn,2017,agegroup_days0_27,sex_btsx,919
lbn,2018,agegroup_days0_27,sex_btsx,904
lbn,2019,agegroup_days0_27,sex_btsx,897
lbn,2020,agegroup_days0_27,sex_btsx,897
lbn,2021,agegroup_days0_27,sex_btsx,936
lbn,2022,agegroup_days0_27,sex_btsx,988
lbn,2023,agegroup_days0_27,sex_btsx,1038
lbr,1964,agegroup_days0_27,sex_btsx,6445
lbr,1965,agegroup_days0_27,sex_btsx,6509
lbr,1966,agegroup_days0_27,sex_btsx,6517
lbr,1967,agegroup_days0_27,sex_btsx,6516
lbr,1968,agegroup_days0_27,sex_btsx,6498
lbr,1969,agegroup_days0_27,sex_btsx,6480
lbr,1970,agegroup_days0_27,sex_btsx,6389
lbr,1971,agegroup_days0_27,sex_btsx,6326
lbr,1972,agegroup_days0_27,sex_btsx,6347
lbr,1973,agegroup_days0_27,sex_btsx,6386
lbr,1974,agegroup_days0_27,sex_btsx,6412
lbr,1975,agegroup_days0_27,sex_btsx,6464
lbr,1976,agegroup_days0_27,sex_btsx,6530
lbr,1977,agegroup_days0_27,sex_btsx,6600
lbr,1978,agegroup_days0_27,sex_btsx,6688
lbr,1979,agegroup_days0_27,sex_btsx,6783
lbr,1980,agegroup_days0_27,sex_btsx,6801
lbr,1981,agegroup_days0_27,sex_btsx,6838
lbr,1982,agegroup_days0_27,sex_btsx,6844
lbr,1983,agegroup_days0_27,sex_btsx,6846
lbr,1984,agegroup_days0_27,sex_btsx,6888
lbr,1985,agegroup_days0_27,sex_btsx,6941
lbr,1986,agegroup_days0_27,sex_btsx,6983
lbr,1987,agegroup_days0_27,sex_btsx,6997
lbr,1988,agegroup_days0_27,sex_btsx,7049
lbr,1989,agegroup_days0_27,sex_btsx,7096
lbr,1990,agegroup_days0_27,sex_btsx,7148
lbr,1991,agegroup_days0_27,sex_btsx,5271
lbr,1992,agegroup_days0_27,sex_btsx,5431
lbr,1993,agegroup_days0_27,sex_btsx,5623
lbr,1994,agegroup_days0_27,sex_btsx,5680
lbr,1995,agegroup_days0_27,sex_btsx,5426
lbr,1996,agegroup_days0_27,sex_btsx,5553
lbr,1997,agegroup_days0_27,sex_btsx,5448
lbr,1998,agegroup_days0_27,sex_btsx,6041
lbr,1999,agegroup_days0_27,sex_btsx,6196
lbr,2000,agegroup_days0_27,sex_btsx,6182
lbr,2001,agegroup_days0_27,sex_btsx,6014
lbr,2002,agegroup_days0_27,sex_btsx,5822
lbr,2003,agegroup_days0_27,sex_btsx,5613
lbr,2004,agegroup_days0_27,sex_btsx,5340
lbr,2005,agegroup_days0_27,sex_btsx,5297
lbr,2006,agegroup_days0_27,sex_btsx,5429
lbr,2007,agegroup_days0_27,sex_btsx,5465
lbr,2008,agegroup_days0_27,sex_btsx,5431
lbr,2009,agegroup_days0_27,sex_btsx,5351
lbr,2010,agegroup_days0_27,sex_btsx,5295
lbr,2011,agegroup_days0_27,sex_btsx,5289
lbr,2012,agegroup_days0_27,sex_btsx,5507
lbr,2013,agegroup_days0_27,sex_btsx,5435
lbr,2014,agegroup_days0_27,sex_btsx,5375
lbr,2015,agegroup_days0_27,sex_btsx,5319
lbr,2016,agegroup_days0_27,sex_btsx,5321
lbr,2017,agegroup_days0_27,sex_btsx,5293
lbr,2018,agegroup_days0_27,sex_btsx,5263
lbr,2019,agegroup_days0_27,sex_btsx,5210
lbr,2020,agegroup_days0_27,sex_btsx,5146
lbr,2021,agegroup_days0_27,sex_btsx,5095
lbr,2022,agegroup_days0_27,sex_btsx,5055
lbr,2023,agegroup_days0_27,sex_btsx,5038
lby,1973,agegroup_days0_27,sex_btsx,3802
lby,1974,agegroup_days0_27,sex_btsx,3927
lby,1975,agegroup_days0_27,sex_btsx,3972
lby,1976,agegroup_days0_27,sex_btsx,4039
lby,1977,agegroup_days0_27,sex_btsx,4108
lby,1978,agegroup_days0_27,sex_btsx,4190
lby,1979,agegroup_days0_27,sex_btsx,4259
lby,1980,agegroup_days0_27,sex_btsx,4322
lby,1981,agegroup_days0_27,sex_btsx,4256
lby,1982,agegroup_days0_27,sex_btsx,4215
lby,1983,agegroup_days0_27,sex_btsx,3773
lby,1984,agegroup_days0_27,sex_btsx,3328
lby,1985,agegroup_days0_27,sex_btsx,3219
lby,1986,agegroup_days0_27,sex_btsx,3099
lby,1987,agegroup_days0_27,sex_btsx,2968
lby,1988,agegroup_days0_27,sex_btsx,2833
lby,1989,agegroup_days0_27,sex_btsx,2693
lby,1990,agegroup_days0_27,sex_btsx,2557
lby,1991,agegroup_days0_27,sex_btsx,2417
lby,1992,agegroup_days0_27,sex_btsx,2285
lby,1993,agegroup_days0_27,sex_btsx,2148
lby,1994,agegroup_days0_27,sex_btsx,2028
lby,1995,agegroup_days0_27,sex_btsx,1935
lby,1996,agegroup_days0_27,sex_btsx,1861
lby,1997,agegroup_days0_27,sex_btsx,1809
lby,1998,agegroup_days0_27,sex_btsx,1777
lby,1999,agegroup_days0_27,sex_btsx,1754
lby,2000,agegroup_days0_27,sex_btsx,1735
lby,2001,agegroup_days0_27,sex_btsx,1745
lby,2002,agegroup_days0_27,sex_btsx,1759
lby,2003,agegroup_days0_27,sex_btsx,1763
lby,2004,agegroup_days0_27,sex_btsx,1757
lby,2005,agegroup_days0_27,sex_btsx,1739
lby,2006,agegroup_days0_27,sex_btsx,1667
lby,2007,agegroup_days0_27,sex_btsx,1571
lby,2008,agegroup_days0_27,sex_btsx,1476
lby,2009,agegroup_days0_27,sex_btsx,1395
lby,2010,agegroup_days0_27,sex_btsx,1364
lby,2011,agegroup_days0_27,sex_btsx,1346
lby,2012,agegroup_days0_27,sex_btsx,1132
lby,2013,agegroup_days0_27,sex_btsx,1098
lby,2014,agegroup_days0_27,sex_btsx,1077
lby,2015,agegroup_days0_27,sex_btsx,1023
lby,2016,agegroup_days0_27,sex_btsx,969
lby,2017,agegroup_days0_27,sex_btsx,915
lby,2018,agegroup_days0_27,sex_btsx,868
lby,2019,agegroup_days0_27,sex_btsx,825
lby,2020,agegroup_days0_27,sex_btsx,785
lby,2021,agegroup_days0_27,sex_btsx,747
lby,2022,agegroup_days0_27,sex_btsx,704
lby,2023,agegroup_days0_27,sex_btsx,711
lca,1973,agegroup_days0_27,sex_btsx,72
lca,1974,agegroup_days0_27,sex_btsx,68
lca,1975,agegroup_days0_27,sex_btsx,64
lca,1976,agegroup_days0_27,sex_btsx,63
lca,1977,agegroup_days0_27,sex_btsx,64
lca,1978,agegroup_days0_27,sex_btsx,67
lca,1979,agegroup_days0_27,sex_btsx,67
lca,1980,agegroup_days0_27,sex_btsx,66
lca,1981,agegroup_days0_27,sex_btsx,66
lca,1982,agegroup_days0_27,sex_btsx,65
lca,1983,agegroup_days0_27,sex_btsx,64
lca,1984,agegroup_days0_27,sex_btsx,63
lca,1985,agegroup_days0_27,sex_btsx,62
lca,1986,agegroup_days0_27,sex_btsx,59
lca,1987,agegroup_days0_27,sex_btsx,55
lca,1988,agegroup_days0_27,sex_btsx,52
lca,1989,agegroup_days0_27,sex_btsx,49
lca,1990,agegroup_days0_27,sex_btsx,47
lca,1991,agegroup_days0_27,sex_btsx,45
lca,1992,agegroup_days0_27,sex_btsx,43
lca,1993,agegroup_days0_27,sex_btsx,40
lca,1994,agegroup_days0_27,sex_btsx,40
lca,1995,agegroup_days0_27,sex_btsx,40
lca,1996,agegroup_days0_27,sex_btsx,37
lca,1997,agegroup_days0_27,sex_btsx,38
lca,1998,agegroup_days0_27,sex_btsx,35
lca,1999,agegroup_days0_27,sex_btsx,37
lca,2000,agegroup_days0_27,sex_btsx,34
lca,2001,agegroup_days0_27,sex_btsx,34
lca,2002,agegroup_days0_27,sex_btsx,34
lca,2003,agegroup_days0_27,sex_btsx,34
lca,2004,agegroup_days0_27,sex_btsx,33
lca,2005,agegroup_days0_27,sex_btsx,33
lca,2006,agegroup_days0_27,sex_btsx,33
lca,2007,agegroup_days0_27,sex_btsx,32
lca,2008,agegroup_days0_27,sex_btsx,31
lca,2009,agegroup_days0_27,sex_btsx,31
lca,2010,agegroup_days0_27,sex_btsx,30
lca,2011,agegroup_days0_27,sex_btsx,27
lca,2012,agegroup_days0_27,sex_btsx,27
lca,2013,agegroup_days0_27,sex_btsx,27
lca,2014,agegroup_days0_27,sex_btsx,27
lca,2015,agegroup_days0_27,sex_btsx,26
lca,2016,agegroup_days0_27,sex_btsx,25
lca,2017,agegroup_days0_27,sex_btsx,25
lca,2018,agegroup_days0_27,sex_btsx,24
lca,2019,agegroup_days0_27,sex_btsx,23
lca,2020,agegroup_days0_27,sex_btsx,22
lca,2021,agegroup_days0_27,sex_btsx,22
lca,2022,agegroup_days0_27,sex_btsx,21
lca,2023,agegroup_days0_27,sex_btsx,20
lka,1953,agegroup_days0_27,sex_btsx,13691
lka,1954,agegroup_days0_27,sex_btsx,13824
lka,1955,agegroup_days0_27,sex_btsx,13889
lka,1956,agegroup_days0_27,sex_btsx,13863
lka,1957,agegroup_days0_27,sex_btsx,14063
lka,1958,agegroup_days0_27,sex_btsx,14202
lka,1959,agegroup_days0_27,sex_btsx,14187
lka,1960,agegroup_days0_27,sex_btsx,13950
lka,1961,agegroup_days0_27,sex_btsx,13656
lka,1962,agegroup_days0_27,sex_btsx,13564
lka,1963,agegroup_days0_27,sex_btsx,13557
lka,1964,agegroup_days0_27,sex_btsx,13577
lka,1965,agegroup_days0_27,sex_btsx,13393
lka,1966,agegroup_days0_27,sex_btsx,13225
lka,1967,agegroup_days0_27,sex_btsx,13253
lka,1968,agegroup_days0_27,sex_btsx,13013
lka,1969,agegroup_days0_27,sex_btsx,12672
lka,1970,agegroup_days0_27,sex_btsx,12333
lka,1971,agegroup_days0_27,sex_btsx,11811
lka,1972,agegroup_days0_27,sex_btsx,11388
lka,1973,agegroup_days0_27,sex_btsx,10832
lka,1974,agegroup_days0_27,sex_btsx,10301
lka,1975,agegroup_days0_27,sex_btsx,10063
lka,1976,agegroup_days0_27,sex_btsx,9946
lka,1977,agegroup_days0_27,sex_btsx,9881
lka,1978,agegroup_days0_27,sex_btsx,10195
lka,1979,agegroup_days0_27,sex_btsx,10411
lka,1980,agegroup_days0_27,sex_btsx,9946
lka,1981,agegroup_days0_27,sex_btsx,8921
lka,1982,agegroup_days0_27,sex_btsx,7283
lka,1983,agegroup_days0_27,sex_btsx,6353
lka,1984,agegroup_days0_27,sex_btsx,6025
lka,1985,agegroup_days0_27,sex_btsx,5855
lka,1986,agegroup_days0_27,sex_btsx,5645
lka,1987,agegroup_days0_27,sex_btsx,5460
lka,1988,agegroup_days0_27,sex_btsx,5194
lka,1989,agegroup_days0_27,sex_btsx,5052
lka,1990,agegroup_days0_27,sex_btsx,4794
lka,1991,agegroup_days0_27,sex_btsx,4556
lka,1992,agegroup_days0_27,sex_btsx,4470
lka,1993,agegroup_days0_27,sex_btsx,4443
lka,1994,agegroup_days0_27,sex_btsx,4459
lka,1995,agegroup_days0_27,sex_btsx,4386
lka,1996,agegroup_days0_27,sex_btsx,4185
lka,1997,agegroup_days0_27,sex_btsx,3911
lka,1998,agegroup_days0_27,sex_btsx,3604
lka,1999,agegroup_days0_27,sex_btsx,3450
lka,2000,agegroup_days0_27,sex_btsx,3440
lka,2001,agegroup_days0_27,sex_btsx,3494
lka,2002,agegroup_days0_27,sex_btsx,3479
lka,2003,agegroup_days0_27,sex_btsx,3286
lka,2004,agegroup_days0_27,sex_btsx,3009
lka,2005,agegroup_days0_27,sex_btsx,2603
lka,2006,agegroup_days0_27,sex_btsx,2524
lka,2007,agegroup_days0_27,sex_btsx,2563
lka,2008,agegroup_days0_27,sex_btsx,2511
lka,2009,agegroup_days0_27,sex_btsx,2439
lka,2010,agegroup_days0_27,sex_btsx,2256
lka,2011,agegroup_days0_27,sex_btsx,2213
lka,2012,agegroup_days0_27,sex_btsx,2193
lka,2013,agegroup_days0_27,sex_btsx,2128
lka,2014,agegroup_days0_27,sex_btsx,1992
lka,2015,agegroup_days0_27,sex_btsx,1864
lka,2016,agegroup_days0_27,sex_btsx,1776
lka,2017,agegroup_days0_27,sex_btsx,1719
lka,2018,agegroup_days0_27,sex_btsx,1669
lka,2019,agegroup_days0_27,sex_btsx,1607
lka,2020,agegroup_days0_27,sex_btsx,1535
lka,2021,agegroup_days0_27,sex_btsx,1464
lka,2022,agegroup_days0_27,sex_btsx,1395
lka,2023,agegroup_days0_27,sex_btsx,1331
lso,1955,agegroup_days0_27,sex_btsx,1861
lso,1956,agegroup_days0_27,sex_btsx,1892
lso,1957,agegroup_days0_27,sex_btsx,1926
lso,1958,agegroup_days0_27,sex_btsx,1967
lso,1959,agegroup_days0_27,sex_btsx,2011
lso,1960,agegroup_days0_27,sex_btsx,2063
lso,1961,agegroup_days0_27,sex_btsx,2124
lso,1962,agegroup_days0_27,sex_btsx,2190
lso,1963,agegroup_days0_27,sex_btsx,2254
lso,1964,agegroup_days0_27,sex_btsx,2315
lso,1965,agegroup_days0_27,sex_btsx,2385
lso,1966,agegroup_days0_27,sex_btsx,2441
lso,1967,agegroup_days0_27,sex_btsx,2492
lso,1968,agegroup_days0_27,sex_btsx,2525
lso,1969,agegroup_days0_27,sex_btsx,2545
lso,1970,agegroup_days0_27,sex_btsx,2563
lso,1971,agegroup_days0_27,sex_btsx,2585
lso,1972,agegroup_days0_27,sex_btsx,2606
lso,1973,agegroup_days0_27,sex_btsx,2617
lso,1974,agegroup_days0_27,sex_btsx,2649
lso,1975,agegroup_days0_27,sex_btsx,2674
lso,1976,agegroup_days0_27,sex_btsx,2687
lso,1977,agegroup_days0_27,sex_btsx,2659
lso,1978,agegroup_days0_27,sex_btsx,2614
lso,1979,agegroup_days0_27,sex_btsx,2558
lso,1980,agegroup_days0_27,sex_btsx,2497
lso,1981,agegroup_days0_27,sex_btsx,2455
lso,1982,agegroup_days0_27,sex_btsx,2426
lso,1983,agegroup_days0_27,sex_btsx,2407
lso,1984,agegroup_days0_27,sex_btsx,2403
lso,1985,agegroup_days0_27,sex_btsx,2407
lso,1986,agegroup_days0_27,sex_btsx,2421
lso,1987,agegroup_days0_27,sex_btsx,2519
lso,1988,agegroup_days0_27,sex_btsx,2509
lso,1989,agegroup_days0_27,sex_btsx,2486
lso,1990,agegroup_days0_27,sex_btsx,2457
lso,1991,agegroup_days0_27,sex_btsx,2435
lso,1992,agegroup_days0_27,sex_btsx,2395
lso,1993,agegroup_days0_27,sex_btsx,2333
lso,1994,agegroup_days0_27,sex_btsx,2284
lso,1995,agegroup_days0_27,sex_btsx,2264
lso,1996,agegroup_days0_27,sex_btsx,2259
lso,1997,agegroup_days0_27,sex_btsx,2240
lso,1998,agegroup_days0_27,sex_btsx,2162
lso,1999,agegroup_days0_27,sex_btsx,2107
lso,2000,agegroup_days0_27,sex_btsx,2107
lso,2001,agegroup_days0_27,sex_btsx,2162
lso,2002,agegroup_days0_27,sex_btsx,2230
lso,2003,agegroup_days0_27,sex_btsx,2241
lso,2004,agegroup_days0_27,sex_btsx,2201
lso,2005,agegroup_days0_27,sex_btsx,2172
lso,2006,agegroup_days0_27,sex_btsx,2164
lso,2007,agegroup_days0_27,sex_btsx,2215
lso,2008,agegroup_days0_27,sex_btsx,2211
lso,2009,agegroup_days0_27,sex_btsx,2168
lso,2010,agegroup_days0_27,sex_btsx,2134
lso,2011,agegroup_days0_27,sex_btsx,2191
lso,2012,agegroup_days0_27,sex_btsx,2174
lso,2013,agegroup_days0_27,sex_btsx,2168
lso,2014,agegroup_days0_27,sex_btsx,2131
lso,2015,agegroup_days0_27,sex_btsx,2096
lso,2016,agegroup_days0_27,sex_btsx,2064
lso,2017,agegroup_days0_27,sex_btsx,1998
lso,2018,agegroup_days0_27,sex_btsx,1919
lso,2019,agegroup_days0_27,sex_btsx,1834
lso,2020,agegroup_days0_27,sex_btsx,1760
lso,2021,agegroup_days0_27,sex_btsx,1692
lso,2022,agegroup_days0_27,sex_btsx,1639
lso,2023,agegroup_days0_27,sex_btsx,1601
ltu,1982,agegroup_days0_27,sex_btsx,368
ltu,1983,agegroup_days0_27,sex_btsx,397
ltu,1984,agegroup_days0_27,sex_btsx,404
ltu,1985,agegroup_days0_27,sex_btsx,415
ltu,1986,agegroup_days0_27,sex_btsx,418
ltu,1987,agegroup_days0_27,sex_btsx,395
ltu,1988,agegroup_days0_27,sex_btsx,360
ltu,1989,agegroup_days0_27,sex_btsx,368
ltu,1990,agegroup_days0_27,sex_btsx,447
ltu,1991,agegroup_days0_27,sex_btsx,540
ltu,1992,agegroup_days0_27,sex_btsx,589
ltu,1993,agegroup_days0_27,sex_btsx,506
ltu,1994,agegroup_days0_27,sex_btsx,399
ltu,1995,agegroup_days0_27,sex_btsx,321
ltu,1996,agegroup_days0_27,sex_btsx,253
ltu,1997,agegroup_days0_27,sex_btsx,213
ltu,1998,agegroup_days0_27,sex_btsx,189
ltu,1999,agegroup_days0_27,sex_btsx,174
ltu,2000,agegroup_days0_27,sex_btsx,155
ltu,2001,agegroup_days0_27,sex_btsx,137
ltu,2002,agegroup_days0_27,sex_btsx,128
ltu,2003,agegroup_days0_27,sex_btsx,131
ltu,2004,agegroup_days0_27,sex_btsx,130
ltu,2005,agegroup_days0_27,sex_btsx,127
ltu,2006,agegroup_days0_27,sex_btsx,119
ltu,2007,agegroup_days0_27,sex_btsx,111
ltu,2008,agegroup_days0_27,sex_btsx,106
ltu,2009,agegroup_days0_27,sex_btsx,100
ltu,2010,agegroup_days0_27,sex_btsx,91
ltu,2011,agegroup_days0_27,sex_btsx,83
ltu,2012,agegroup_days0_27,sex_btsx,80
ltu,2013,agegroup_days0_27,sex_btsx,75
ltu,2014,agegroup_days0_27,sex_btsx,74
ltu,2015,agegroup_days0_27,sex_btsx,76
ltu,2016,agegroup_days0_27,sex_btsx,73
ltu,2017,agegroup_days0_27,sex_btsx,68
ltu,2018,agegroup_days0_27,sex_btsx,64
ltu,2019,agegroup_days0_27,sex_btsx,60
ltu,2020,agegroup_days0_27,sex_btsx,54
ltu,2021,agegroup_days0_27,sex_btsx,47
ltu,2022,agegroup_days0_27,sex_btsx,43
ltu,2023,agegroup_days0_27,sex_btsx,42
lux,1966,agegroup_days0_27,sex_btsx,80
lux,1967,agegroup_days0_27,sex_btsx,72
lux,1968,agegroup_days0_27,sex_btsx,65
lux,1969,agegroup_days0_27,sex_btsx,59
lux,1970,agegroup_days0_27,sex_btsx,56
lux,1971,agegroup_days0_27,sex_btsx,52
lux,1972,agegroup_days0_27,sex_btsx,45
lux,1973,agegroup_days0_27,sex_btsx,39
lux,1974,agegroup_days0_27,sex_btsx,38
lux,1975,agegroup_days0_27,sex_btsx,37
lux,1976,agegroup_days0_27,sex_btsx,34
lux,1977,agegroup_days0_27,sex_btsx,33
lux,1978,agegroup_days0_27,sex_btsx,31
lux,1979,agegroup_days0_27,sex_btsx,29
lux,1980,agegroup_days0_27,sex_btsx,27
lux,1981,agegroup_days0_27,sex_btsx,26
lux,1982,agegroup_days0_27,sex_btsx,24
lux,1983,agegroup_days0_27,sex_btsx,22
lux,1984,agegroup_days0_27,sex_btsx,21
lux,1985,agegroup_days0_27,sex_btsx,20
lux,1986,agegroup_days0_27,sex_btsx,21
lux,1987,agegroup_days0_27,sex_btsx,20
lux,1988,agegroup_days0_27,sex_btsx,21
lux,1989,agegroup_days0_27,sex_btsx,21
lux,1990,agegroup_days0_27,sex_btsx,21
lux,1991,agegroup_days0_27,sex_btsx,20
lux,1992,agegroup_days0_27,sex_btsx,19
lux,1993,agegroup_days0_27,sex_btsx,18
lux,1994,agegroup_days0_27,sex_btsx,17
lux,1995,agegroup_days0_27,sex_btsx,16
lux,1996,agegroup_days0_27,sex_btsx,16
lux,1997,agegroup_days0_27,sex_btsx,15
lux,1998,agegroup_days0_27,sex_btsx,14
lux,1999,agegroup_days0_27,sex_btsx,14
lux,2000,agegroup_days0_27,sex_btsx,13
lux,2001,agegroup_days0_27,sex_btsx,12
lux,2002,agegroup_days0_27,sex_btsx,11
lux,2003,agegroup_days0_27,sex_btsx,10
lux,2004,agegroup_days0_27,sex_btsx,10
lux,2005,agegroup_days0_27,sex_btsx,9
lux,2006,agegroup_days0_27,sex_btsx,9
lux,2007,agegroup_days0_27,sex_btsx,9
lux,2008,agegroup_days0_27,sex_btsx,9
lux,2009,agegroup_days0_27,sex_btsx,9
lux,2010,agegroup_days0_27,sex_btsx,9
lux,2011,agegroup_days0_27,sex_btsx,8
lux,2012,agegroup_days0_27,sex_btsx,9
lux,2013,agegroup_days0_27,sex_btsx,9
lux,2014,agegroup_days0_27,sex_btsx,9
lux,2015,agegroup_days0_27,sex_btsx,9
lux,2016,agegroup_days0_27,sex_btsx,9
lux,2017,agegroup_days0_27,sex_btsx,10
lux,2018,agegroup_days0_27,sex_btsx,10
lux,2019,agegroup_days0_27,sex_btsx,10
lux,2020,agegroup_days0_27,sex_btsx,11
lux,2021,agegroup_days0_27,sex_btsx,11
lux,2022,agegroup_days0_27,sex_btsx,11
lux,2023,agegroup_days0_27,sex_btsx,11
lva,1981,agegroup_days0_27,sex_btsx,259
lva,1982,agegroup_days0_27,sex_btsx,262
lva,1983,agegroup_days0_27,sex_btsx,274
lva,1984,agegroup_days0_27,sex_btsx,269
lva,1985,agegroup_days0_27,sex_btsx,258
lva,1986,agegroup_days0_27,sex_btsx,266
lva,1987,agegroup_days0_27,sex_btsx,265
lva,1988,agegroup_days0_27,sex_btsx,270
lva,1989,agegroup_days0_27,sex_btsx,282
lva,1990,agegroup_days0_27,sex_btsx,314
lva,1991,agegroup_days0_27,sex_btsx,332
lva,1992,agegroup_days0_27,sex_btsx,334
lva,1993,agegroup_days0_27,sex_btsx,301
lva,1994,agegroup_days0_27,sex_btsx,277
lva,1995,agegroup_days0_27,sex_btsx,242
lva,1996,agegroup_days0_27,sex_btsx,209
lva,1997,agegroup_days0_27,sex_btsx,181
lva,1998,agegroup_days0_27,sex_btsx,159
lva,1999,agegroup_days0_27,sex_btsx,150
lva,2000,agegroup_days0_27,sex_btsx,146
lva,2001,agegroup_days0_27,sex_btsx,131
lva,2002,agegroup_days0_27,sex_btsx,125
lva,2003,agegroup_days0_27,sex_btsx,123
lva,2004,agegroup_days0_27,sex_btsx,115
lva,2005,agegroup_days0_27,sex_btsx,118
lva,2006,agegroup_days0_27,sex_btsx,119
lva,2007,agegroup_days0_27,sex_btsx,120
lva,2008,agegroup_days0_27,sex_btsx,118
lva,2009,agegroup_days0_27,sex_btsx,102
lva,2010,agegroup_days0_27,sex_btsx,86
lva,2011,agegroup_days0_27,sex_btsx,74
lva,2012,agegroup_days0_27,sex_btsx,71
lva,2013,agegroup_days0_27,sex_btsx,66
lva,2014,agegroup_days0_27,sex_btsx,64
lva,2015,agegroup_days0_27,sex_btsx,60
lva,2016,agegroup_days0_27,sex_btsx,56
lva,2017,agegroup_days0_27,sex_btsx,51
lva,2018,agegroup_days0_27,sex_btsx,45
lva,2019,agegroup_days0_27,sex_btsx,41
lva,2020,agegroup_days0_27,sex_btsx,35
lva,2021,agegroup_days0_27,sex_btsx,32
lva,2022,agegroup_days0_27,sex_btsx,26
lva,2023,agegroup_days0_27,sex_btsx,21
mar,1958,agegroup_days0_27,sex_btsx,38686
mar,1959,agegroup_days0_27,sex_btsx,39304
mar,1960,agegroup_days0_27,sex_btsx,39826
mar,1961,agegroup_days0_27,sex_btsx,40210
mar,1962,agegroup_days0_27,sex_btsx,40741
mar,1963,agegroup_days0_27,sex_btsx,40557
mar,1964,agegroup_days0_27,sex_btsx,40218
mar,1965,agegroup_days0_27,sex_btsx,39925
mar,1966,agegroup_days0_27,sex_btsx,39578
mar,1967,agegroup_days0_27,sex_btsx,39247
mar,1968,agegroup_days0_27,sex_btsx,38748
mar,1969,agegroup_days0_27,sex_btsx,38410
mar,1970,agegroup_days0_27,sex_btsx,38432
mar,1971,agegroup_days0_27,sex_btsx,38424
mar,1972,agegroup_days0_27,sex_btsx,38498
mar,1973,agegroup_days0_27,sex_btsx,38471
mar,1974,agegroup_days0_27,sex_btsx,38328
mar,1975,agegroup_days0_27,sex_btsx,38275
mar,1976,agegroup_days0_27,sex_btsx,37920
mar,1977,agegroup_days0_27,sex_btsx,37465
mar,1978,agegroup_days0_27,sex_btsx,37073
mar,1979,agegroup_days0_27,sex_btsx,36930
mar,1980,agegroup_days0_27,sex_btsx,36836
mar,1981,agegroup_days0_27,sex_btsx,36702
mar,1982,agegroup_days0_27,sex_btsx,36113
mar,1983,agegroup_days0_27,sex_btsx,34979
mar,1984,agegroup_days0_27,sex_btsx,33697
mar,1985,agegroup_days0_27,sex_btsx,32412
mar,1986,agegroup_days0_27,sex_btsx,31189
mar,1987,agegroup_days0_27,sex_btsx,29936
mar,1988,agegroup_days0_27,sex_btsx,28716
mar,1989,agegroup_days0_27,sex_btsx,27597
mar,1990,agegroup_days0_27,sex_btsx,26678
mar,1991,agegroup_days0_27,sex_btsx,26130
mar,1992,agegroup_days0_27,sex_btsx,24974
mar,1993,agegroup_days0_27,sex_btsx,23716
mar,1994,agegroup_days0_27,sex_btsx,22858
mar,1995,agegroup_days0_27,sex_btsx,22114
mar,1996,agegroup_days0_27,sex_btsx,21648
mar,1997,agegroup_days0_27,sex_btsx,21038
mar,1998,agegroup_days0_27,sex_btsx,20222
mar,1999,agegroup_days0_27,sex_btsx,19137
mar,2000,agegroup_days0_27,sex_btsx,18298
mar,2001,agegroup_days0_27,sex_btsx,17578
mar,2002,agegroup_days0_27,sex_btsx,16973
mar,2003,agegroup_days0_27,sex_btsx,16691
mar,2004,agegroup_days0_27,sex_btsx,16458
mar,2005,agegroup_days0_27,sex_btsx,16215
mar,2006,agegroup_days0_27,sex_btsx,15868
mar,2007,agegroup_days0_27,sex_btsx,15494
mar,2008,agegroup_days0_27,sex_btsx,14834
mar,2009,agegroup_days0_27,sex_btsx,14237
mar,2010,agegroup_days0_27,sex_btsx,13604
mar,2011,agegroup_days0_27,sex_btsx,12805
mar,2012,agegroup_days0_27,sex_btsx,11954
mar,2013,agegroup_days0_27,sex_btsx,11096
mar,2014,agegroup_days0_27,sex_btsx,10328
mar,2015,agegroup_days0_27,sex_btsx,9727
mar,2016,agegroup_days0_27,sex_btsx,9208
mar,2017,agegroup_days0_27,sex_btsx,8719
mar,2018,agegroup_days0_27,sex_btsx,8271
mar,2019,agegroup_days0_27,sex_btsx,7867
mar,2020,agegroup_days0_27,sex_btsx,7448
mar,2021,agegroup_days0_27,sex_btsx,7080
mar,2022,agegroup_days0_27,sex_btsx,6727
mar,2023,agegroup_days0_27,sex_btsx,6413
mco,1990,agegroup_days0_27,sex_btsx,2
mco,1991,agegroup_days0_27,sex_btsx,1
mco,1992,agegroup_days0_27,sex_btsx,1
mco,1993,agegroup_days0_27,sex_btsx,1
mco,1994,agegroup_days0_27,sex_btsx,1
mco,1995,agegroup_days0_27,sex_btsx,1
mco,1996,agegroup_days0_27,sex_btsx,1
mco,1997,agegroup_days0_27,sex_btsx,1
mco,1998,agegroup_days0_27,sex_btsx,1
mco,1999,agegroup_days0_27,sex_btsx,1
mco,2000,agegroup_days0_27,sex_btsx,1
mco,2001,agegroup_days0_27,sex_btsx,1
mco,2002,agegroup_days0_27,sex_btsx,1
mco,2003,agegroup_days0_27,sex_btsx,1
mco,2004,agegroup_days0_27,sex_btsx,1
mco,2005,agegroup_days0_27,sex_btsx,1
mco,2006,agegroup_days0_27,sex_btsx,1
mco,2007,agegroup_days0_27,sex_btsx,1
mco,2008,agegroup_days0_27,sex_btsx,1
mco,2009,agegroup_days0_27,sex_btsx,1
mco,2010,agegroup_days0_27,sex_btsx,1
mco,2011,agegroup_days0_27,sex_btsx,1
mco,2012,agegroup_days0_27,sex_btsx,1
mco,2013,agegroup_days0_27,sex_btsx,1
mco,2014,agegroup_days0_27,sex_btsx,1
mco,2015,agegroup_days0_27,sex_btsx,1
mco,2016,agegroup_days0_27,sex_btsx,1
mco,2017,agegroup_days0_27,sex_btsx,1
mco,2018,agegroup_days0_27,sex_btsx,1
mco,2019,agegroup_days0_27,sex_btsx,1
mco,2020,agegroup_days0_27,sex_btsx,1
mco,2021,agegroup_days0_27,sex_btsx,1
mco,2022,agegroup_days0_27,sex_btsx,1
mco,2023,agegroup_days0_27,sex_btsx,1
mda,1983,agegroup_days0_27,sex_btsx,2014
mda,1984,agegroup_days0_27,sex_btsx,2041
mda,1985,agegroup_days0_27,sex_btsx,1992
mda,1986,agegroup_days0_27,sex_btsx,1980
mda,1987,agegroup_days0_27,sex_btsx,1940
mda,1988,agegroup_days0_27,sex_btsx,1769
mda,1989,agegroup_days0_27,sex_btsx,1593
mda,1990,agegroup_days0_27,sex_btsx,1522
mda,1991,agegroup_days0_27,sex_btsx,1459
mda,1992,agegroup_days0_27,sex_btsx,1464
mda,1993,agegroup_days0_27,sex_btsx,1463
mda,1994,agegroup_days0_27,sex_btsx,1441
mda,1995,agegroup_days0_27,sex_btsx,1365
mda,1996,agegroup_days0_27,sex_btsx,1305
mda,1997,agegroup_days0_27,sex_btsx,1367
mda,1998,agegroup_days0_27,sex_btsx,1240
mda,1999,agegroup_days0_27,sex_btsx,1117
mda,2000,agegroup_days0_27,sex_btsx,1004
mda,2001,agegroup_days0_27,sex_btsx,913
mda,2002,agegroup_days0_27,sex_btsx,826
mda,2003,agegroup_days0_27,sex_btsx,779
mda,2004,agegroup_days0_27,sex_btsx,766
mda,2005,agegroup_days0_27,sex_btsx,724
mda,2006,agegroup_days0_27,sex_btsx,695
mda,2007,agegroup_days0_27,sex_btsx,686
mda,2008,agegroup_days0_27,sex_btsx,689
mda,2009,agegroup_days0_27,sex_btsx,699
mda,2010,agegroup_days0_27,sex_btsx,669
mda,2011,agegroup_days0_27,sex_btsx,623
mda,2012,agegroup_days0_27,sex_btsx,599
mda,2013,agegroup_days0_27,sex_btsx,558
mda,2014,agegroup_days0_27,sex_btsx,594
mda,2015,agegroup_days0_27,sex_btsx,574
mda,2016,agegroup_days0_27,sex_btsx,546
mda,2017,agegroup_days0_27,sex_btsx,493
mda,2018,agegroup_days0_27,sex_btsx,465
mda,2019,agegroup_days0_27,sex_btsx,433
mda,2020,agegroup_days0_27,sex_btsx,405
mda,2021,agegroup_days0_27,sex_btsx,379
mda,2022,agegroup_days0_27,sex_btsx,348
mda,2023,agegroup_days0_27,sex_btsx,355
mdg,1973,agegroup_days0_27,sex_btsx,12270
mdg,1974,agegroup_days0_27,sex_btsx,12758
mdg,1975,agegroup_days0_27,sex_btsx,13296
mdg,1976,agegroup_days0_27,sex_btsx,13892
mdg,1977,agegroup_days0_27,sex_btsx,14515
mdg,1978,agegroup_days0_27,sex_btsx,15175
mdg,1979,agegroup_days0_27,sex_btsx,15834
mdg,1980,agegroup_days0_27,sex_btsx,16417
mdg,1981,agegroup_days0_27,sex_btsx,16892
mdg,1982,agegroup_days0_27,sex_btsx,17464
mdg,1983,agegroup_days0_27,sex_btsx,17986
mdg,1984,agegroup_days0_27,sex_btsx,18517
mdg,1985,agegroup_days0_27,sex_btsx,18951
mdg,1986,agegroup_days0_27,sex_btsx,19089
mdg,1987,agegroup_days0_27,sex_btsx,19388
mdg,1988,agegroup_days0_27,sex_btsx,19731
mdg,1989,agegroup_days0_27,sex_btsx,20061
mdg,1990,agegroup_days0_27,sex_btsx,20469
mdg,1991,agegroup_days0_27,sex_btsx,20741
mdg,1992,agegroup_days0_27,sex_btsx,20950
mdg,1993,agegroup_days0_27,sex_btsx,21285
mdg,1994,agegroup_days0_27,sex_btsx,21610
mdg,1995,agegroup_days0_27,sex_btsx,21959
mdg,1996,agegroup_days0_27,sex_btsx,22217
mdg,1997,agegroup_days0_27,sex_btsx,22348
mdg,1998,agegroup_days0_27,sex_btsx,22367
mdg,1999,agegroup_days0_27,sex_btsx,22042
mdg,2000,agegroup_days0_27,sex_btsx,21615
mdg,2001,agegroup_days0_27,sex_btsx,21283
mdg,2002,agegroup_days0_27,sex_btsx,20942
mdg,2003,agegroup_days0_27,sex_btsx,20715
mdg,2004,agegroup_days0_27,sex_btsx,20556
mdg,2005,agegroup_days0_27,sex_btsx,20394
mdg,2006,agegroup_days0_27,sex_btsx,20302
mdg,2007,agegroup_days0_27,sex_btsx,20328
mdg,2008,agegroup_days0_27,sex_btsx,20395
mdg,2009,agegroup_days0_27,sex_btsx,20547
mdg,2010,agegroup_days0_27,sex_btsx,20491
mdg,2011,agegroup_days0_27,sex_btsx,20241
mdg,2012,agegroup_days0_27,sex_btsx,20170
mdg,2013,agegroup_days0_27,sex_btsx,20316
mdg,2014,agegroup_days0_27,sex_btsx,20458
mdg,2015,agegroup_days0_27,sex_btsx,20650
mdg,2016,agegroup_days0_27,sex_btsx,21014
mdg,2017,agegroup_days0_27,sex_btsx,21548
mdg,2018,agegroup_days0_27,sex_btsx,22213
mdg,2019,agegroup_days0_27,sex_btsx,22823
mdg,2020,agegroup_days0_27,sex_btsx,23267
mdg,2021,agegroup_days0_27,sex_btsx,23552
mdg,2022,agegroup_days0_27,sex_btsx,23764
mdg,2023,agegroup_days0_27,sex_btsx,23855
mdv,1987,agegroup_days0_27,sex_btsx,444
mdv,1988,agegroup_days0_27,sex_btsx,430
mdv,1989,agegroup_days0_27,sex_btsx,413
mdv,1990,agegroup_days0_27,sex_btsx,393
mdv,1991,agegroup_days0_27,sex_btsx,368
mdv,1992,agegroup_days0_27,sex_btsx,342
mdv,1993,agegroup_days0_27,sex_btsx,314
mdv,1994,agegroup_days0_27,sex_btsx,285
mdv,1995,agegroup_days0_27,sex_btsx,254
mdv,1996,agegroup_days0_27,sex_btsx,221
mdv,1997,agegroup_days0_27,sex_btsx,190
mdv,1998,agegroup_days0_27,sex_btsx,165
mdv,1999,agegroup_days0_27,sex_btsx,143
mdv,2000,agegroup_days0_27,sex_btsx,125
mdv,2001,agegroup_days0_27,sex_btsx,109
mdv,2002,agegroup_days0_27,sex_btsx,96
mdv,2003,agegroup_days0_27,sex_btsx,85
mdv,2004,agegroup_days0_27,sex_btsx,77
mdv,2005,agegroup_days0_27,sex_btsx,70
mdv,2006,agegroup_days0_27,sex_btsx,67
mdv,2007,agegroup_days0_27,sex_btsx,66
mdv,2008,agegroup_days0_27,sex_btsx,65
mdv,2009,agegroup_days0_27,sex_btsx,62
mdv,2010,agegroup_days0_27,sex_btsx,58
mdv,2011,agegroup_days0_27,sex_btsx,53
mdv,2012,agegroup_days0_27,sex_btsx,49
mdv,2013,agegroup_days0_27,sex_btsx,46
mdv,2014,agegroup_days0_27,sex_btsx,44
mdv,2015,agegroup_days0_27,sex_btsx,42
mdv,2016,agegroup_days0_27,sex_btsx,40
mdv,2017,agegroup_days0_27,sex_btsx,37
mdv,2018,agegroup_days0_27,sex_btsx,34
mdv,2019,agegroup_days0_27,sex_btsx,31
mdv,2020,agegroup_days0_27,sex_btsx,29
mdv,2021,agegroup_days0_27,sex_btsx,26
mdv,2022,agegroup_days0_27,sex_btsx,24
mdv,2023,agegroup_days0_27,sex_btsx,22
mex,1954,agegroup_days0_27,sex_btsx,92093
mex,1955,agegroup_days0_27,sex_btsx,91540
mex,1956,agegroup_days0_27,sex_btsx,91351
mex,1957,agegroup_days0_27,sex_btsx,91014
mex,1958,agegroup_days0_27,sex_btsx,90340
mex,1959,agegroup_days0_27,sex_btsx,89536
mex,1960,agegroup_days0_27,sex_btsx,89033
mex,1961,agegroup_days0_27,sex_btsx,88713
mex,1962,agegroup_days0_27,sex_btsx,89166
mex,1963,agegroup_days0_27,sex_btsx,90166
mex,1964,agegroup_days0_27,sex_btsx,92173
mex,1965,agegroup_days0_27,sex_btsx,94606
mex,1966,agegroup_days0_27,sex_btsx,97260
mex,1967,agegroup_days0_27,sex_btsx,99344
mex,1968,agegroup_days0_27,sex_btsx,100739
mex,1969,agegroup_days0_27,sex_btsx,100646
mex,1970,agegroup_days0_27,sex_btsx,99382
mex,1971,agegroup_days0_27,sex_btsx,97364
mex,1972,agegroup_days0_27,sex_btsx,94788
mex,1973,agegroup_days0_27,sex_btsx,91810
mex,1974,agegroup_days0_27,sex_btsx,88499
mex,1975,agegroup_days0_27,sex_btsx,84796
mex,1976,agegroup_days0_27,sex_btsx,81283
mex,1977,agegroup_days0_27,sex_btsx,78113
mex,1978,agegroup_days0_27,sex_btsx,75664
mex,1979,agegroup_days0_27,sex_btsx,72699
mex,1980,agegroup_days0_27,sex_btsx,70022
mex,1981,agegroup_days0_27,sex_btsx,68308
mex,1982,agegroup_days0_27,sex_btsx,66967
mex,1983,agegroup_days0_27,sex_btsx,65729
mex,1984,agegroup_days0_27,sex_btsx,64692
mex,1985,agegroup_days0_27,sex_btsx,63670
mex,1986,agegroup_days0_27,sex_btsx,62335
mex,1987,agegroup_days0_27,sex_btsx,60066
mex,1988,agegroup_days0_27,sex_btsx,57651
mex,1989,agegroup_days0_27,sex_btsx,56023
mex,1990,agegroup_days0_27,sex_btsx,54576
mex,1991,agegroup_days0_27,sex_btsx,53367
mex,1992,agegroup_days0_27,sex_btsx,52053
mex,1993,agegroup_days0_27,sex_btsx,50630
mex,1994,agegroup_days0_27,sex_btsx,48886
mex,1995,agegroup_days0_27,sex_btsx,46466
mex,1996,agegroup_days0_27,sex_btsx,43842
mex,1997,agegroup_days0_27,sex_btsx,41203
mex,1998,agegroup_days0_27,sex_btsx,38667
mex,1999,agegroup_days0_27,sex_btsx,36331
mex,2000,agegroup_days0_27,sex_btsx,33944
mex,2001,agegroup_days0_27,sex_btsx,31543
mex,2002,agegroup_days0_27,sex_btsx,29092
mex,2003,agegroup_days0_27,sex_btsx,26584
mex,2004,agegroup_days0_27,sex_btsx,24405
mex,2005,agegroup_days0_27,sex_btsx,22653
mex,2006,agegroup_days0_27,sex_btsx,21554
mex,2007,agegroup_days0_27,sex_btsx,21118
mex,2008,agegroup_days0_27,sex_btsx,21044
mex,2009,agegroup_days0_27,sex_btsx,20973
mex,2010,agegroup_days0_27,sex_btsx,20798
mex,2011,agegroup_days0_27,sex_btsx,20487
mex,2012,agegroup_days0_27,sex_btsx,20062
mex,2013,agegroup_days0_27,sex_btsx,19597
mex,2014,agegroup_days0_27,sex_btsx,18955
mex,2015,agegroup_days0_27,sex_btsx,18354
mex,2016,agegroup_days0_27,sex_btsx,18191
mex,2017,agegroup_days0_27,sex_btsx,18254
mex,2018,agegroup_days0_27,sex_btsx,18467
mex,2019,agegroup_days0_27,sex_btsx,18330
mex,2020,agegroup_days0_27,sex_btsx,17688
mex,2021,agegroup_days0_27,sex_btsx,17020
mex,2022,agegroup_days0_27,sex_btsx,16245
mex,2023,agegroup_days0_27,sex_btsx,15479
mhl,1990,agegroup_days0_27,sex_btsx,35
mhl,1991,agegroup_days0_27,sex_btsx,34
mhl,1992,agegroup_days0_27,sex_btsx,33
mhl,1993,agegroup_days0_27,sex_btsx,32
mhl,1994,agegroup_days0_27,sex_btsx,32
mhl,1995,agegroup_days0_27,sex_btsx,32
mhl,1996,agegroup_days0_27,sex_btsx,33
mhl,1997,agegroup_days0_27,sex_btsx,34
mhl,1998,agegroup_days0_27,sex_btsx,35
mhl,1999,agegroup_days0_27,sex_btsx,36
mhl,2000,agegroup_days0_27,sex_btsx,37
mhl,2001,agegroup_days0_27,sex_btsx,37
mhl,2002,agegroup_days0_27,sex_btsx,37
mhl,2003,agegroup_days0_27,sex_btsx,37
mhl,2004,agegroup_days0_27,sex_btsx,37
mhl,2005,agegroup_days0_27,sex_btsx,36
mhl,2006,agegroup_days0_27,sex_btsx,35
mhl,2007,agegroup_days0_27,sex_btsx,34
mhl,2008,agegroup_days0_27,sex_btsx,33
mhl,2009,agegroup_days0_27,sex_btsx,31
mhl,2010,agegroup_days0_27,sex_btsx,29
mhl,2011,agegroup_days0_27,sex_btsx,27
mhl,2012,agegroup_days0_27,sex_btsx,25
mhl,2013,agegroup_days0_27,sex_btsx,23
mhl,2014,agegroup_days0_27,sex_btsx,22
mhl,2015,agegroup_days0_27,sex_btsx,20
mhl,2016,agegroup_days0_27,sex_btsx,19
mhl,2017,agegroup_days0_27,sex_btsx,18
mhl,2018,agegroup_days0_27,sex_btsx,17
mhl,2019,agegroup_days0_27,sex_btsx,15
mhl,2020,agegroup_days0_27,sex_btsx,14
mhl,2021,agegroup_days0_27,sex_btsx,13
mhl,2022,agegroup_days0_27,sex_btsx,12
mhl,2023,agegroup_days0_27,sex_btsx,11
mkd,1983,agegroup_days0_27,sex_btsx,770
mkd,1984,agegroup_days0_27,sex_btsx,759
mkd,1985,agegroup_days0_27,sex_btsx,776
mkd,1986,agegroup_days0_27,sex_btsx,777
mkd,1987,agegroup_days0_27,sex_btsx,766
mkd,1988,agegroup_days0_27,sex_btsx,726
mkd,1989,agegroup_days0_27,sex_btsx,678
mkd,1990,agegroup_days0_27,sex_btsx,665
mkd,1991,agegroup_days0_27,sex_btsx,637
mkd,1992,agegroup_days0_27,sex_btsx,579
mkd,1993,agegroup_days0_27,sex_btsx,528
mkd,1994,agegroup_days0_27,sex_btsx,480
mkd,1995,agegroup_days0_27,sex_btsx,417
mkd,1996,agegroup_days0_27,sex_btsx,371
mkd,1997,agegroup_days0_27,sex_btsx,329
mkd,1998,agegroup_days0_27,sex_btsx,316
mkd,1999,agegroup_days0_27,sex_btsx,281
mkd,2000,agegroup_days0_27,sex_btsx,268
mkd,2001,agegroup_days0_27,sex_btsx,230
mkd,2002,agegroup_days0_27,sex_btsx,231
mkd,2003,agegroup_days0_27,sex_btsx,233
mkd,2004,agegroup_days0_27,sex_btsx,213
mkd,2005,agegroup_days0_27,sex_btsx,209
mkd,2006,agegroup_days0_27,sex_btsx,212
mkd,2007,agegroup_days0_27,sex_btsx,204
mkd,2008,agegroup_days0_27,sex_btsx,193
mkd,2009,agegroup_days0_27,sex_btsx,185
mkd,2010,agegroup_days0_27,sex_btsx,177
mkd,2011,agegroup_days0_27,sex_btsx,161
mkd,2012,agegroup_days0_27,sex_btsx,171
mkd,2013,agegroup_days0_27,sex_btsx,180
mkd,2014,agegroup_days0_27,sex_btsx,196
mkd,2015,agegroup_days0_27,sex_btsx,200
mkd,2016,agegroup_days0_27,sex_btsx,192
mkd,2017,agegroup_days0_27,sex_btsx,158
mkd,2018,agegroup_days0_27,sex_btsx,126
mkd,2019,agegroup_days0_27,sex_btsx,92
mkd,2020,agegroup_days0_27,sex_btsx,69
mkd,2021,agegroup_days0_27,sex_btsx,51
mkd,2022,agegroup_days0_27,sex_btsx,36
mkd,2023,agegroup_days0_27,sex_btsx,24
mli,1967,agegroup_days0_27,sex_btsx,29822
mli,1968,agegroup_days0_27,sex_btsx,30139
mli,1969,agegroup_days0_27,sex_btsx,30499
mli,1970,agegroup_days0_27,sex_btsx,30889
mli,1971,agegroup_days0_27,sex_btsx,31347
mli,1972,agegroup_days0_27,sex_btsx,31627
mli,1973,agegroup_days0_27,sex_btsx,31918
mli,1974,agegroup_days0_27,sex_btsx,32144
mli,1975,agegroup_days0_27,sex_btsx,32376
mli,1976,agegroup_days0_27,sex_btsx,32515
mli,1977,agegroup_days0_27,sex_btsx,32498
mli,1978,agegroup_days0_27,sex_btsx,32368
mli,1979,agegroup_days0_27,sex_btsx,32227
mli,1980,agegroup_days0_27,sex_btsx,31761
mli,1981,agegroup_days0_27,sex_btsx,31161
mli,1982,agegroup_days0_27,sex_btsx,30413
mli,1983,agegroup_days0_27,sex_btsx,29763
mli,1984,agegroup_days0_27,sex_btsx,29431
mli,1985,agegroup_days0_27,sex_btsx,29385
mli,1986,agegroup_days0_27,sex_btsx,29594
mli,1987,agegroup_days0_27,sex_btsx,29593
mli,1988,agegroup_days0_27,sex_btsx,29661
mli,1989,agegroup_days0_27,sex_btsx,29390
mli,1990,agegroup_days0_27,sex_btsx,28889
mli,1991,agegroup_days0_27,sex_btsx,28792
mli,1992,agegroup_days0_27,sex_btsx,28552
mli,1993,agegroup_days0_27,sex_btsx,28364
mli,1994,agegroup_days0_27,sex_btsx,28205
mli,1995,agegroup_days0_27,sex_btsx,27636
mli,1996,agegroup_days0_27,sex_btsx,27403
mli,1997,agegroup_days0_27,sex_btsx,27407
mli,1998,agegroup_days0_27,sex_btsx,27524
mli,1999,agegroup_days0_27,sex_btsx,27852
mli,2000,agegroup_days0_27,sex_btsx,27812
mli,2001,agegroup_days0_27,sex_btsx,27736
mli,2002,agegroup_days0_27,sex_btsx,27793
mli,2003,agegroup_days0_27,sex_btsx,27935
mli,2004,agegroup_days0_27,sex_btsx,28163
mli,2005,agegroup_days0_27,sex_btsx,28500
mli,2006,agegroup_days0_27,sex_btsx,28684
mli,2007,agegroup_days0_27,sex_btsx,28943
mli,2008,agegroup_days0_27,sex_btsx,29249
mli,2009,agegroup_days0_27,sex_btsx,29556
mli,2010,agegroup_days0_27,sex_btsx,29885
mli,2011,agegroup_days0_27,sex_btsx,30031
mli,2012,agegroup_days0_27,sex_btsx,30254
mli,2013,agegroup_days0_27,sex_btsx,30162
mli,2014,agegroup_days0_27,sex_btsx,30311
mli,2015,agegroup_days0_27,sex_btsx,30478
mli,2016,agegroup_days0_27,sex_btsx,30620
mli,2017,agegroup_days0_27,sex_btsx,30848
mli,2018,agegroup_days0_27,sex_btsx,30725
mli,2019,agegroup_days0_27,sex_btsx,30107
mli,2020,agegroup_days0_27,sex_btsx,30343
mli,2021,agegroup_days0_27,sex_btsx,30558
mli,2022,agegroup_days0_27,sex_btsx,30622
mli,2023,agegroup_days0_27,sex_btsx,30771
mlt,1971,agegroup_days0_27,sex_btsx,105
mlt,1972,agegroup_days0_27,sex_btsx,99
mlt,1973,agegroup_days0_27,sex_btsx,97
mlt,1974,agegroup_days0_27,sex_btsx,94
mlt,1975,agegroup_days0_27,sex_btsx,93
mlt,1976,agegroup_days0_27,sex_btsx,87
mlt,1977,agegroup_days0_27,sex_btsx,84
mlt,1978,agegroup_days0_27,sex_btsx,77
mlt,1979,agegroup_days0_27,sex_btsx,75
mlt,1980,agegroup_days0_27,sex_btsx,69
mlt,1981,agegroup_days0_27,sex_btsx,63
mlt,1982,agegroup_days0_27,sex_btsx,66
mlt,1983,agegroup_days0_27,sex_btsx,61
mlt,1984,agegroup_days0_27,sex_btsx,56
mlt,1985,agegroup_days0_27,sex_btsx,53
mlt,1986,agegroup_days0_27,sex_btsx,49
mlt,1987,agegroup_days0_27,sex_btsx,48
mlt,1988,agegroup_days0_27,sex_btsx,47
mlt,1989,agegroup_days0_27,sex_btsx,46
mlt,1990,agegroup_days0_27,sex_btsx,43
mlt,1991,agegroup_days0_27,sex_btsx,40
mlt,1992,agegroup_days0_27,sex_btsx,39
mlt,1993,agegroup_days0_27,sex_btsx,36
mlt,1994,agegroup_days0_27,sex_btsx,32
mlt,1995,agegroup_days0_27,sex_btsx,29
mlt,1996,agegroup_days0_27,sex_btsx,31
mlt,1997,agegroup_days0_27,sex_btsx,29
mlt,1998,agegroup_days0_27,sex_btsx,27
mlt,1999,agegroup_days0_27,sex_btsx,24
mlt,2000,agegroup_days0_27,sex_btsx,23
mlt,2001,agegroup_days0_27,sex_btsx,20
mlt,2002,agegroup_days0_27,sex_btsx,19
mlt,2003,agegroup_days0_27,sex_btsx,19
mlt,2004,agegroup_days0_27,sex_btsx,18
mlt,2005,agegroup_days0_27,sex_btsx,18
mlt,2006,agegroup_days0_27,sex_btsx,18
mlt,2007,agegroup_days0_27,sex_btsx,18
mlt,2008,agegroup_days0_27,sex_btsx,19
mlt,2009,agegroup_days0_27,sex_btsx,19
mlt,2010,agegroup_days0_27,sex_btsx,19
mlt,2011,agegroup_days0_27,sex_btsx,19
mlt,2012,agegroup_days0_27,sex_btsx,19
mlt,2013,agegroup_days0_27,sex_btsx,18
mlt,2014,agegroup_days0_27,sex_btsx,18
mlt,2015,agegroup_days0_27,sex_btsx,19
mlt,2016,agegroup_days0_27,sex_btsx,19
mlt,2017,agegroup_days0_27,sex_btsx,18
mlt,2018,agegroup_days0_27,sex_btsx,18
mlt,2019,agegroup_days0_27,sex_btsx,17
mlt,2020,agegroup_days0_27,sex_btsx,18
mlt,2021,agegroup_days0_27,sex_btsx,17
mlt,2022,agegroup_days0_27,sex_btsx,16
mlt,2023,agegroup_days0_27,sex_btsx,15
mmr,1990,agegroup_days0_27,sex_btsx,51727
mmr,1991,agegroup_days0_27,sex_btsx,50963
mmr,1992,agegroup_days0_27,sex_btsx,49884
mmr,1993,agegroup_days0_27,sex_btsx,48688
mmr,1994,agegroup_days0_27,sex_btsx,47241
mmr,1995,agegroup_days0_27,sex_btsx,45808
mmr,1996,agegroup_days0_27,sex_btsx,44517
mmr,1997,agegroup_days0_27,sex_btsx,43126
mmr,1998,agegroup_days0_27,sex_btsx,41720
mmr,1999,agegroup_days0_27,sex_btsx,40414
mmr,2000,agegroup_days0_27,sex_btsx,39409
mmr,2001,agegroup_days0_27,sex_btsx,38566
mmr,2002,agegroup_days0_27,sex_btsx,37626
mmr,2003,agegroup_days0_27,sex_btsx,35894
mmr,2004,agegroup_days0_27,sex_btsx,34050
mmr,2005,agegroup_days0_27,sex_btsx,32470
mmr,2006,agegroup_days0_27,sex_btsx,31247
mmr,2007,agegroup_days0_27,sex_btsx,30235
mmr,2008,agegroup_days0_27,sex_btsx,29556
mmr,2009,agegroup_days0_27,sex_btsx,27971
mmr,2010,agegroup_days0_27,sex_btsx,26987
mmr,2011,agegroup_days0_27,sex_btsx,26142
mmr,2012,agegroup_days0_27,sex_btsx,25334
mmr,2013,agegroup_days0_27,sex_btsx,24702
mmr,2014,agegroup_days0_27,sex_btsx,24101
mmr,2015,agegroup_days0_27,sex_btsx,23746
mmr,2016,agegroup_days0_27,sex_btsx,23244
mmr,2017,agegroup_days0_27,sex_btsx,22581
mmr,2018,agegroup_days0_27,sex_btsx,21873
mmr,2019,agegroup_days0_27,sex_btsx,21164
mmr,2020,agegroup_days0_27,sex_btsx,20454
mmr,2021,agegroup_days0_27,sex_btsx,19830
mmr,2022,agegroup_days0_27,sex_btsx,19148
mmr,2023,agegroup_days0_27,sex_btsx,18611
mne,1990,agegroup_days0_27,sex_btsx,105
mne,1991,agegroup_days0_27,sex_btsx,102
mne,1992,agegroup_days0_27,sex_btsx,98
mne,1993,agegroup_days0_27,sex_btsx,92
mne,1994,agegroup_days0_27,sex_btsx,89
mne,1995,agegroup_days0_27,sex_btsx,88
mne,1996,agegroup_days0_27,sex_btsx,85
mne,1997,agegroup_days0_27,sex_btsx,81
mne,1998,agegroup_days0_27,sex_btsx,80
mne,1999,agegroup_days0_27,sex_btsx,78
mne,2000,agegroup_days0_27,sex_btsx,78
mne,2001,agegroup_days0_27,sex_btsx,75
mne,2002,agegroup_days0_27,sex_btsx,72
mne,2003,agegroup_days0_27,sex_btsx,69
mne,2004,agegroup_days0_27,sex_btsx,63
mne,2005,agegroup_days0_27,sex_btsx,57
mne,2006,agegroup_days0_27,sex_btsx,54
mne,2007,agegroup_days0_27,sex_btsx,51
mne,2008,agegroup_days0_27,sex_btsx,49
mne,2009,agegroup_days0_27,sex_btsx,45
mne,2010,agegroup_days0_27,sex_btsx,36
mne,2011,agegroup_days0_27,sex_btsx,30
mne,2012,agegroup_days0_27,sex_btsx,27
mne,2013,agegroup_days0_27,sex_btsx,24
mne,2014,agegroup_days0_27,sex_btsx,21
mne,2015,agegroup_days0_27,sex_btsx,18
mne,2016,agegroup_days0_27,sex_btsx,15
mne,2017,agegroup_days0_27,sex_btsx,13
mne,2018,agegroup_days0_27,sex_btsx,11
mne,2019,agegroup_days0_27,sex_btsx,10
mne,2020,agegroup_days0_27,sex_btsx,9
mne,2021,agegroup_days0_27,sex_btsx,8
mne,2022,agegroup_days0_27,sex_btsx,7
mne,2023,agegroup_days0_27,sex_btsx,7
mng,1987,agegroup_days0_27,sex_btsx,2215
mng,1988,agegroup_days0_27,sex_btsx,2221
mng,1989,agegroup_days0_27,sex_btsx,2203
mng,1990,agegroup_days0_27,sex_btsx,2166
mng,1991,agegroup_days0_27,sex_btsx,2065
mng,1992,agegroup_days0_27,sex_btsx,1894
mng,1993,agegroup_days0_27,sex_btsx,1724
mng,1994,agegroup_days0_27,sex_btsx,1644
mng,1995,agegroup_days0_27,sex_btsx,1609
mng,1996,agegroup_days0_27,sex_btsx,1546
mng,1997,agegroup_days0_27,sex_btsx,1444
mng,1998,agegroup_days0_27,sex_btsx,1344
mng,1999,agegroup_days0_27,sex_btsx,1270
mng,2000,agegroup_days0_27,sex_btsx,1199
mng,2001,agegroup_days0_27,sex_btsx,1115
mng,2002,agegroup_days0_27,sex_btsx,1020
mng,2003,agegroup_days0_27,sex_btsx,932
mng,2004,agegroup_days0_27,sex_btsx,871
mng,2005,agegroup_days0_27,sex_btsx,832
mng,2006,agegroup_days0_27,sex_btsx,843
mng,2007,agegroup_days0_27,sex_btsx,848
mng,2008,agegroup_days0_27,sex_btsx,848
mng,2009,agegroup_days0_27,sex_btsx,814
mng,2010,agegroup_days0_27,sex_btsx,732
mng,2011,agegroup_days0_27,sex_btsx,716
mng,2012,agegroup_days0_27,sex_btsx,734
mng,2013,agegroup_days0_27,sex_btsx,770
mng,2014,agegroup_days0_27,sex_btsx,768
mng,2015,agegroup_days0_27,sex_btsx,753
mng,2016,agegroup_days0_27,sex_btsx,713
mng,2017,agegroup_days0_27,sex_btsx,668
mng,2018,agegroup_days0_27,sex_btsx,646
mng,2019,agegroup_days0_27,sex_btsx,636
mng,2020,agegroup_days0_27,sex_btsx,599
mng,2021,agegroup_days0_27,sex_btsx,558
mng,2022,agegroup_days0_27,sex_btsx,519
mng,2023,agegroup_days0_27,sex_btsx,484
moz,1981,agegroup_days0_27,sex_btsx,37727
moz,1982,agegroup_days0_27,sex_btsx,38012
moz,1983,agegroup_days0_27,sex_btsx,38447
moz,1984,agegroup_days0_27,sex_btsx,38848
moz,1985,agegroup_days0_27,sex_btsx,39114
moz,1986,agegroup_days0_27,sex_btsx,39330
moz,1987,agegroup_days0_27,sex_btsx,39429
moz,1988,agegroup_days0_27,sex_btsx,38443
moz,1989,agegroup_days0_27,sex_btsx,37765
moz,1990,agegroup_days0_27,sex_btsx,37340
moz,1991,agegroup_days0_27,sex_btsx,36979
moz,1992,agegroup_days0_27,sex_btsx,36694
moz,1993,agegroup_days0_27,sex_btsx,36295
moz,1994,agegroup_days0_27,sex_btsx,36720
moz,1995,agegroup_days0_27,sex_btsx,38703
moz,1996,agegroup_days0_27,sex_btsx,38826
moz,1997,agegroup_days0_27,sex_btsx,38500
moz,1998,agegroup_days0_27,sex_btsx,37560
moz,1999,agegroup_days0_27,sex_btsx,36383
moz,2000,agegroup_days0_27,sex_btsx,34915
moz,2001,agegroup_days0_27,sex_btsx,33275
moz,2002,agegroup_days0_27,sex_btsx,31685
moz,2003,agegroup_days0_27,sex_btsx,30305
moz,2004,agegroup_days0_27,sex_btsx,29212
moz,2005,agegroup_days0_27,sex_btsx,28356
moz,2006,agegroup_days0_27,sex_btsx,27654
moz,2007,agegroup_days0_27,sex_btsx,27371
moz,2008,agegroup_days0_27,sex_btsx,27786
moz,2009,agegroup_days0_27,sex_btsx,28041
moz,2010,agegroup_days0_27,sex_btsx,27944
moz,2011,agegroup_days0_27,sex_btsx,27827
moz,2012,agegroup_days0_27,sex_btsx,27799
moz,2013,agegroup_days0_27,sex_btsx,27854
moz,2014,agegroup_days0_27,sex_btsx,27870
moz,2015,agegroup_days0_27,sex_btsx,28330
moz,2016,agegroup_days0_27,sex_btsx,28904
moz,2017,agegroup_days0_27,sex_btsx,29593
moz,2018,agegroup_days0_27,sex_btsx,30277
moz,2019,agegroup_days0_27,sex_btsx,30863
moz,2020,agegroup_days0_27,sex_btsx,31355
moz,2021,agegroup_days0_27,sex_btsx,31714
moz,2022,agegroup_days0_27,sex_btsx,31942
moz,2023,agegroup_days0_27,sex_btsx,32015
mrt,1959,agegroup_days0_27,sex_btsx,2189
mrt,1960,agegroup_days0_27,sex_btsx,2253
mrt,1961,agegroup_days0_27,sex_btsx,2318
mrt,1962,agegroup_days0_27,sex_btsx,2381
mrt,1963,agegroup_days0_27,sex_btsx,2456
mrt,1964,agegroup_days0_27,sex_btsx,2531
mrt,1965,agegroup_days0_27,sex_btsx,2614
mrt,1966,agegroup_days0_27,sex_btsx,2689
mrt,1967,agegroup_days0_27,sex_btsx,2744
mrt,1968,agegroup_days0_27,sex_btsx,2793
mrt,1969,agegroup_days0_27,sex_btsx,2845
mrt,1970,agegroup_days0_27,sex_btsx,2914
mrt,1971,agegroup_days0_27,sex_btsx,2990
mrt,1972,agegroup_days0_27,sex_btsx,3072
mrt,1973,agegroup_days0_27,sex_btsx,3167
mrt,1974,agegroup_days0_27,sex_btsx,3259
mrt,1975,agegroup_days0_27,sex_btsx,3337
mrt,1976,agegroup_days0_27,sex_btsx,3413
mrt,1977,agegroup_days0_27,sex_btsx,3476
mrt,1978,agegroup_days0_27,sex_btsx,3522
mrt,1979,agegroup_days0_27,sex_btsx,3551
mrt,1980,agegroup_days0_27,sex_btsx,3618
mrt,1981,agegroup_days0_27,sex_btsx,3690
mrt,1982,agegroup_days0_27,sex_btsx,3731
mrt,1983,agegroup_days0_27,sex_btsx,3754
mrt,1984,agegroup_days0_27,sex_btsx,3754
mrt,1985,agegroup_days0_27,sex_btsx,3717
mrt,1986,agegroup_days0_27,sex_btsx,3659
mrt,1987,agegroup_days0_27,sex_btsx,3620
mrt,1988,agegroup_days0_27,sex_btsx,3586
mrt,1989,agegroup_days0_27,sex_btsx,3595
mrt,1990,agegroup_days0_27,sex_btsx,3583
mrt,1991,agegroup_days0_27,sex_btsx,3627
mrt,1992,agegroup_days0_27,sex_btsx,3688
mrt,1993,agegroup_days0_27,sex_btsx,3913
mrt,1994,agegroup_days0_27,sex_btsx,4041
mrt,1995,agegroup_days0_27,sex_btsx,4122
mrt,1996,agegroup_days0_27,sex_btsx,4095
mrt,1997,agegroup_days0_27,sex_btsx,4000
mrt,1998,agegroup_days0_27,sex_btsx,3944
mrt,1999,agegroup_days0_27,sex_btsx,3892
mrt,2000,agegroup_days0_27,sex_btsx,3856
mrt,2001,agegroup_days0_27,sex_btsx,3819
mrt,2002,agegroup_days0_27,sex_btsx,3746
mrt,2003,agegroup_days0_27,sex_btsx,3686
mrt,2004,agegroup_days0_27,sex_btsx,3662
mrt,2005,agegroup_days0_27,sex_btsx,3622
mrt,2006,agegroup_days0_27,sex_btsx,3609
mrt,2007,agegroup_days0_27,sex_btsx,3617
mrt,2008,agegroup_days0_27,sex_btsx,3627
mrt,2009,agegroup_days0_27,sex_btsx,3652
mrt,2010,agegroup_days0_27,sex_btsx,3690
mrt,2011,agegroup_days0_27,sex_btsx,3748
mrt,2012,agegroup_days0_27,sex_btsx,3791
mrt,2013,agegroup_days0_27,sex_btsx,3820
mrt,2014,agegroup_days0_27,sex_btsx,3832
mrt,2015,agegroup_days0_27,sex_btsx,3840
mrt,2016,agegroup_days0_27,sex_btsx,3840
mrt,2017,agegroup_days0_27,sex_btsx,3834
mrt,2018,agegroup_days0_27,sex_btsx,3821
mrt,2019,agegroup_days0_27,sex_btsx,3805
mrt,2020,agegroup_days0_27,sex_btsx,3779
mrt,2021,agegroup_days0_27,sex_btsx,3762
mrt,2022,agegroup_days0_27,sex_btsx,3733
mrt,2023,agegroup_days0_27,sex_btsx,3710
msr,1990,agegroup_days0_27,sex_btsx,2
msr,1991,agegroup_days0_27,sex_btsx,2
msr,1992,agegroup_days0_27,sex_btsx,2
msr,1993,agegroup_days0_27,sex_btsx,2
msr,1994,agegroup_days0_27,sex_btsx,1
msr,1995,agegroup_days0_27,sex_btsx,1
msr,1996,agegroup_days0_27,sex_btsx,1
msr,1997,agegroup_days0_27,sex_btsx,1
msr,1998,agegroup_days0_27,sex_btsx,1
msr,1999,agegroup_days0_27,sex_btsx,0
msr,2000,agegroup_days0_27,sex_btsx,0
msr,2001,agegroup_days0_27,sex_btsx,0
msr,2002,agegroup_days0_27,sex_btsx,0
msr,2003,agegroup_days0_27,sex_btsx,0
msr,2004,agegroup_days0_27,sex_btsx,0
msr,2005,agegroup_days0_27,sex_btsx,0
msr,2006,agegroup_days0_27,sex_btsx,0
msr,2007,agegroup_days0_27,sex_btsx,0
msr,2008,agegroup_days0_27,sex_btsx,0
msr,2009,agegroup_days0_27,sex_btsx,0
msr,2010,agegroup_days0_27,sex_btsx,0
msr,2011,agegroup_days0_27,sex_btsx,0
msr,2012,agegroup_days0_27,sex_btsx,0
msr,2013,agegroup_days0_27,sex_btsx,0
msr,2014,agegroup_days0_27,sex_btsx,0
msr,2015,agegroup_days0_27,sex_btsx,0
msr,2016,agegroup_days0_27,sex_btsx,0
msr,2017,agegroup_days0_27,sex_btsx,0
msr,2018,agegroup_days0_27,sex_btsx,0
msr,2019,agegroup_days0_27,sex_btsx,0
msr,2020,agegroup_days0_27,sex_btsx,0
msr,2021,agegroup_days0_27,sex_btsx,0
msr,2022,agegroup_days0_27,sex_btsx,0
msr,2023,agegroup_days0_27,sex_btsx,0
mus,1970,agegroup_days0_27,sex_btsx,643
mus,1971,agegroup_days0_27,sex_btsx,613
mus,1972,agegroup_days0_27,sex_btsx,607
mus,1973,agegroup_days0_27,sex_btsx,551
mus,1974,agegroup_days0_27,sex_btsx,606
mus,1975,agegroup_days0_27,sex_btsx,562
mus,1976,agegroup_days0_27,sex_btsx,545
mus,1977,agegroup_days0_27,sex_btsx,523
mus,1978,agegroup_days0_27,sex_btsx,500
mus,1979,agegroup_days0_27,sex_btsx,476
mus,1980,agegroup_days0_27,sex_btsx,459
mus,1981,agegroup_days0_27,sex_btsx,443
mus,1982,agegroup_days0_27,sex_btsx,416
mus,1983,agegroup_days0_27,sex_btsx,379
mus,1984,agegroup_days0_27,sex_btsx,345
mus,1985,agegroup_days0_27,sex_btsx,325
mus,1986,agegroup_days0_27,sex_btsx,322
mus,1987,agegroup_days0_27,sex_btsx,336
mus,1988,agegroup_days0_27,sex_btsx,340
mus,1989,agegroup_days0_27,sex_btsx,337
mus,1990,agegroup_days0_27,sex_btsx,332
mus,1991,agegroup_days0_27,sex_btsx,320
mus,1992,agegroup_days0_27,sex_btsx,325
mus,1993,agegroup_days0_27,sex_btsx,322
mus,1994,agegroup_days0_27,sex_btsx,322
mus,1995,agegroup_days0_27,sex_btsx,321
mus,1996,agegroup_days0_27,sex_btsx,328
mus,1997,agegroup_days0_27,sex_btsx,316
mus,1998,agegroup_days0_27,sex_btsx,286
mus,1999,agegroup_days0_27,sex_btsx,282
mus,2000,agegroup_days0_27,sex_btsx,251
mus,2001,agegroup_days0_27,sex_btsx,219
mus,2002,agegroup_days0_27,sex_btsx,206
mus,2003,agegroup_days0_27,sex_btsx,194
mus,2004,agegroup_days0_27,sex_btsx,191
mus,2005,agegroup_days0_27,sex_btsx,186
mus,2006,agegroup_days0_27,sex_btsx,175
mus,2007,agegroup_days0_27,sex_btsx,168
mus,2008,agegroup_days0_27,sex_btsx,156
mus,2009,agegroup_days0_27,sex_btsx,145
mus,2010,agegroup_days0_27,sex_btsx,140
mus,2011,agegroup_days0_27,sex_btsx,139
mus,2012,agegroup_days0_27,sex_btsx,139
mus,2013,agegroup_days0_27,sex_btsx,131
mus,2014,agegroup_days0_27,sex_btsx,125
mus,2015,agegroup_days0_27,sex_btsx,119
mus,2016,agegroup_days0_27,sex_btsx,121
mus,2017,agegroup_days0_27,sex_btsx,127
mus,2018,agegroup_days0_27,sex_btsx,127
mus,2019,agegroup_days0_27,sex_btsx,128
mus,2020,agegroup_days0_27,sex_btsx,131
mus,2021,agegroup_days0_27,sex_btsx,125
mus,2022,agegroup_days0_27,sex_btsx,113
mus,2023,agegroup_days0_27,sex_btsx,106
mwi,1970,agegroup_days0_27,sex_btsx,17119
mwi,1971,agegroup_days0_27,sex_btsx,17244
mwi,1972,agegroup_days0_27,sex_btsx,17320
mwi,1973,agegroup_days0_27,sex_btsx,17382
mwi,1974,agegroup_days0_27,sex_btsx,17422
mwi,1975,agegroup_days0_27,sex_btsx,17478
mwi,1976,agegroup_days0_27,sex_btsx,17552
mwi,1977,agegroup_days0_27,sex_btsx,17646
mwi,1978,agegroup_days0_27,sex_btsx,17876
mwi,1979,agegroup_days0_27,sex_btsx,18196
mwi,1980,agegroup_days0_27,sex_btsx,18619
mwi,1981,agegroup_days0_27,sex_btsx,18902
mwi,1982,agegroup_days0_27,sex_btsx,19233
mwi,1983,agegroup_days0_27,sex_btsx,19610
mwi,1984,agegroup_days0_27,sex_btsx,20057
mwi,1985,agegroup_days0_27,sex_btsx,20611
mwi,1986,agegroup_days0_27,sex_btsx,21021
mwi,1987,agegroup_days0_27,sex_btsx,21311
mwi,1988,agegroup_days0_27,sex_btsx,22208
mwi,1989,agegroup_days0_27,sex_btsx,22725
mwi,1990,agegroup_days0_27,sex_btsx,23141
mwi,1991,agegroup_days0_27,sex_btsx,23246
mwi,1992,agegroup_days0_27,sex_btsx,23193
mwi,1993,agegroup_days0_27,sex_btsx,23125
mwi,1994,agegroup_days0_27,sex_btsx,22379
mwi,1995,agegroup_days0_27,sex_btsx,21208
mwi,1996,agegroup_days0_27,sex_btsx,20929
mwi,1997,agegroup_days0_27,sex_btsx,20843
mwi,1998,agegroup_days0_27,sex_btsx,20690
mwi,1999,agegroup_days0_27,sex_btsx,20274
mwi,2000,agegroup_days0_27,sex_btsx,19492
mwi,2001,agegroup_days0_27,sex_btsx,18749
mwi,2002,agegroup_days0_27,sex_btsx,18028
mwi,2003,agegroup_days0_27,sex_btsx,17387
mwi,2004,agegroup_days0_27,sex_btsx,16912
mwi,2005,agegroup_days0_27,sex_btsx,16708
mwi,2006,agegroup_days0_27,sex_btsx,16691
mwi,2007,agegroup_days0_27,sex_btsx,16757
mwi,2008,agegroup_days0_27,sex_btsx,16799
mwi,2009,agegroup_days0_27,sex_btsx,16722
mwi,2010,agegroup_days0_27,sex_btsx,16405
mwi,2011,agegroup_days0_27,sex_btsx,15983
mwi,2012,agegroup_days0_27,sex_btsx,15422
mwi,2013,agegroup_days0_27,sex_btsx,14960
mwi,2014,agegroup_days0_27,sex_btsx,14407
mwi,2015,agegroup_days0_27,sex_btsx,13892
mwi,2016,agegroup_days0_27,sex_btsx,13453
mwi,2017,agegroup_days0_27,sex_btsx,13230
mwi,2018,agegroup_days0_27,sex_btsx,13075
mwi,2019,agegroup_days0_27,sex_btsx,12992
mwi,2020,agegroup_days0_27,sex_btsx,12868
mwi,2021,agegroup_days0_27,sex_btsx,12706
mwi,2022,agegroup_days0_27,sex_btsx,12607
mwi,2023,agegroup_days0_27,sex_btsx,12460
mys,1952,agegroup_days0_27,sex_btsx,8330
mys,1953,agegroup_days0_27,sex_btsx,8231
mys,1954,agegroup_days0_27,sex_btsx,8120
mys,1955,agegroup_days0_27,sex_btsx,8002
mys,1956,agegroup_days0_27,sex_btsx,7889
mys,1957,agegroup_days0_27,sex_btsx,7771
mys,1958,agegroup_days0_27,sex_btsx,7607
mys,1959,agegroup_days0_27,sex_btsx,7386
mys,1960,agegroup_days0_27,sex_btsx,7165
mys,1961,agegroup_days0_27,sex_btsx,6931
mys,1962,agegroup_days0_27,sex_btsx,6710
mys,1963,agegroup_days0_27,sex_btsx,6491
mys,1964,agegroup_days0_27,sex_btsx,6253
mys,1965,agegroup_days0_27,sex_btsx,6016
mys,1966,agegroup_days0_27,sex_btsx,5798
mys,1967,agegroup_days0_27,sex_btsx,5623
mys,1968,agegroup_days0_27,sex_btsx,5561
mys,1969,agegroup_days0_27,sex_btsx,5530
mys,1970,agegroup_days0_27,sex_btsx,5536
mys,1971,agegroup_days0_27,sex_btsx,5515
mys,1972,agegroup_days0_27,sex_btsx,5496
mys,1973,agegroup_days0_27,sex_btsx,5539
mys,1974,agegroup_days0_27,sex_btsx,5525
mys,1975,agegroup_days0_27,sex_btsx,5484
mys,1976,agegroup_days0_27,sex_btsx,5459
mys,1977,agegroup_days0_27,sex_btsx,5395
mys,1978,agegroup_days0_27,sex_btsx,5223
mys,1979,agegroup_days0_27,sex_btsx,5035
mys,1980,agegroup_days0_27,sex_btsx,4881
mys,1981,agegroup_days0_27,sex_btsx,4770
mys,1982,agegroup_days0_27,sex_btsx,4667
mys,1983,agegroup_days0_27,sex_btsx,4559
mys,1984,agegroup_days0_27,sex_btsx,4443
mys,1985,agegroup_days0_27,sex_btsx,4292
mys,1986,agegroup_days0_27,sex_btsx,4127
mys,1987,agegroup_days0_27,sex_btsx,3929
mys,1988,agegroup_days0_27,sex_btsx,3812
mys,1989,agegroup_days0_27,sex_btsx,3574
mys,1990,agegroup_days0_27,sex_btsx,3534
mys,1991,agegroup_days0_27,sex_btsx,3534
mys,1992,agegroup_days0_27,sex_btsx,3533
mys,1993,agegroup_days0_27,sex_btsx,3498
mys,1994,agegroup_days0_27,sex_btsx,3450
mys,1995,agegroup_days0_27,sex_btsx,3405
mys,1996,agegroup_days0_27,sex_btsx,3355
mys,1997,agegroup_days0_27,sex_btsx,3226
mys,1998,agegroup_days0_27,sex_btsx,3013
mys,1999,agegroup_days0_27,sex_btsx,2824
mys,2000,agegroup_days0_27,sex_btsx,2570
mys,2001,agegroup_days0_27,sex_btsx,2342
mys,2002,agegroup_days0_27,sex_btsx,2155
mys,2003,agegroup_days0_27,sex_btsx,2096
mys,2004,agegroup_days0_27,sex_btsx,2031
mys,2005,agegroup_days0_27,sex_btsx,1990
mys,2006,agegroup_days0_27,sex_btsx,1971
mys,2007,agegroup_days0_27,sex_btsx,1984
mys,2008,agegroup_days0_27,sex_btsx,2062
mys,2009,agegroup_days0_27,sex_btsx,2096
mys,2010,agegroup_days0_27,sex_btsx,2072
mys,2011,agegroup_days0_27,sex_btsx,2114
mys,2012,agegroup_days0_27,sex_btsx,2101
mys,2013,agegroup_days0_27,sex_btsx,2091
mys,2014,agegroup_days0_27,sex_btsx,2121
mys,2015,agegroup_days0_27,sex_btsx,2125
mys,2016,agegroup_days0_27,sex_btsx,2117
mys,2017,agegroup_days0_27,sex_btsx,2114
mys,2018,agegroup_days0_27,sex_btsx,2087
mys,2019,agegroup_days0_27,sex_btsx,2037
mys,2020,agegroup_days0_27,sex_btsx,1936
mys,2021,agegroup_days0_27,sex_btsx,1798
mys,2022,agegroup_days0_27,sex_btsx,1789
mys,2023,agegroup_days0_27,sex_btsx,1776
nam,1970,agegroup_days0_27,sex_btsx,997
nam,1971,agegroup_days0_27,sex_btsx,1044
nam,1972,agegroup_days0_27,sex_btsx,1100
nam,1973,agegroup_days0_27,sex_btsx,1159
nam,1974,agegroup_days0_27,sex_btsx,1212
nam,1975,agegroup_days0_27,sex_btsx,1261
nam,1976,agegroup_days0_27,sex_btsx,1302
nam,1977,agegroup_days0_27,sex_btsx,1317
nam,1978,agegroup_days0_27,sex_btsx,1333
nam,1979,agegroup_days0_27,sex_btsx,1298
nam,1980,agegroup_days0_27,sex_btsx,1313
nam,1981,agegroup_days0_27,sex_btsx,1299
nam,1982,agegroup_days0_27,sex_btsx,1271
nam,1983,agegroup_days0_27,sex_btsx,1286
nam,1984,agegroup_days0_27,sex_btsx,1303
nam,1985,agegroup_days0_27,sex_btsx,1315
nam,1986,agegroup_days0_27,sex_btsx,1326
nam,1987,agegroup_days0_27,sex_btsx,1351
nam,1988,agegroup_days0_27,sex_btsx,1388
nam,1989,agegroup_days0_27,sex_btsx,1447
nam,1990,agegroup_days0_27,sex_btsx,1641
nam,1991,agegroup_days0_27,sex_btsx,1682
nam,1992,agegroup_days0_27,sex_btsx,1681
nam,1993,agegroup_days0_27,sex_btsx,1662
nam,1994,agegroup_days0_27,sex_btsx,1624
nam,1995,agegroup_days0_27,sex_btsx,1564
nam,1996,agegroup_days0_27,sex_btsx,1493
nam,1997,agegroup_days0_27,sex_btsx,1449
nam,1998,agegroup_days0_27,sex_btsx,1391
nam,1999,agegroup_days0_27,sex_btsx,1311
nam,2000,agegroup_days0_27,sex_btsx,1199
nam,2001,agegroup_days0_27,sex_btsx,1090
nam,2002,agegroup_days0_27,sex_btsx,1005
nam,2003,agegroup_days0_27,sex_btsx,949
nam,2004,agegroup_days0_27,sex_btsx,934
nam,2005,agegroup_days0_27,sex_btsx,965
nam,2006,agegroup_days0_27,sex_btsx,1022
nam,2007,agegroup_days0_27,sex_btsx,1095
nam,2008,agegroup_days0_27,sex_btsx,1184
nam,2009,agegroup_days0_27,sex_btsx,1297
nam,2010,agegroup_days0_27,sex_btsx,1426
nam,2011,agegroup_days0_27,sex_btsx,1556
nam,2012,agegroup_days0_27,sex_btsx,1694
nam,2013,agegroup_days0_27,sex_btsx,1810
nam,2014,agegroup_days0_27,sex_btsx,1917
nam,2015,agegroup_days0_27,sex_btsx,1999
nam,2016,agegroup_days0_27,sex_btsx,2056
nam,2017,agegroup_days0_27,sex_btsx,2076
nam,2018,agegroup_days0_27,sex_btsx,2073
nam,2019,agegroup_days0_27,sex_btsx,2051
nam,2020,agegroup_days0_27,sex_btsx,2008
nam,2021,agegroup_days0_27,sex_btsx,1959
nam,2022,agegroup_days0_27,sex_btsx,1902
nam,2023,agegroup_days0_27,sex_btsx,1848
ner,1970,agegroup_days0_27,sex_btsx,15576
ner,1971,agegroup_days0_27,sex_btsx,16127
ner,1972,agegroup_days0_27,sex_btsx,16682
ner,1973,agegroup_days0_27,sex_btsx,17232
ner,1974,agegroup_days0_27,sex_btsx,17745
ner,1975,agegroup_days0_27,sex_btsx,18110
ner,1976,agegroup_days0_27,sex_btsx,18383
ner,1977,agegroup_days0_27,sex_btsx,18600
ner,1978,agegroup_days0_27,sex_btsx,18945
ner,1979,agegroup_days0_27,sex_btsx,19309
ner,1980,agegroup_days0_27,sex_btsx,19776
ner,1981,agegroup_days0_27,sex_btsx,20314
ner,1982,agegroup_days0_27,sex_btsx,20942
ner,1983,agegroup_days0_27,sex_btsx,21633
ner,1984,agegroup_days0_27,sex_btsx,22329
ner,1985,agegroup_days0_27,sex_btsx,22994
ner,1986,agegroup_days0_27,sex_btsx,23563
ner,1987,agegroup_days0_27,sex_btsx,24096
ner,1988,agegroup_days0_27,sex_btsx,24449
ner,1989,agegroup_days0_27,sex_btsx,24768
ner,1990,agegroup_days0_27,sex_btsx,25157
ner,1991,agegroup_days0_27,sex_btsx,25401
ner,1992,agegroup_days0_27,sex_btsx,25616
ner,1993,agegroup_days0_27,sex_btsx,25776
ner,1994,agegroup_days0_27,sex_btsx,25944
ner,1995,agegroup_days0_27,sex_btsx,26221
ner,1996,agegroup_days0_27,sex_btsx,26522
ner,1997,agegroup_days0_27,sex_btsx,26783
ner,1998,agegroup_days0_27,sex_btsx,27047
ner,1999,agegroup_days0_27,sex_btsx,27136
ner,2000,agegroup_days0_27,sex_btsx,27088
ner,2001,agegroup_days0_27,sex_btsx,26980
ner,2002,agegroup_days0_27,sex_btsx,26824
ner,2003,agegroup_days0_27,sex_btsx,26719
ner,2004,agegroup_days0_27,sex_btsx,26685
ner,2005,agegroup_days0_27,sex_btsx,26767
ner,2006,agegroup_days0_27,sex_btsx,26876
ner,2007,agegroup_days0_27,sex_btsx,27121
ner,2008,agegroup_days0_27,sex_btsx,27417
ner,2009,agegroup_days0_27,sex_btsx,27852
ner,2010,agegroup_days0_27,sex_btsx,28386
ner,2011,agegroup_days0_27,sex_btsx,29003
ner,2012,agegroup_days0_27,sex_btsx,29746
ner,2013,agegroup_days0_27,sex_btsx,30614
ner,2014,agegroup_days0_27,sex_btsx,31467
ner,2015,agegroup_days0_27,sex_btsx,32285
ner,2016,agegroup_days0_27,sex_btsx,33063
ner,2017,agegroup_days0_27,sex_btsx,33692
ner,2018,agegroup_days0_27,sex_btsx,34205
ner,2019,agegroup_days0_27,sex_btsx,34680
ner,2020,agegroup_days0_27,sex_btsx,35077
ner,2021,agegroup_days0_27,sex_btsx,35403
ner,2022,agegroup_days0_27,sex_btsx,36211
ner,2023,agegroup_days0_27,sex_btsx,36965
nga,1968,agegroup_days0_27,sex_btsx,172619
nga,1969,agegroup_days0_27,sex_btsx,174045
nga,1970,agegroup_days0_27,sex_btsx,175192
nga,1971,agegroup_days0_27,sex_btsx,177285
nga,1972,agegroup_days0_27,sex_btsx,178814
nga,1973,agegroup_days0_27,sex_btsx,180448
nga,1974,agegroup_days0_27,sex_btsx,183088
nga,1975,agegroup_days0_27,sex_btsx,185348
nga,1976,agegroup_days0_27,sex_btsx,186481
nga,1977,agegroup_days0_27,sex_btsx,188096
nga,1978,agegroup_days0_27,sex_btsx,190049
nga,1979,agegroup_days0_27,sex_btsx,189978
nga,1980,agegroup_days0_27,sex_btsx,190012
nga,1981,agegroup_days0_27,sex_btsx,190442
nga,1982,agegroup_days0_27,sex_btsx,191883
nga,1983,agegroup_days0_27,sex_btsx,194272
nga,1984,agegroup_days0_27,sex_btsx,193174
nga,1985,agegroup_days0_27,sex_btsx,194575
nga,1986,agegroup_days0_27,sex_btsx,196454
nga,1987,agegroup_days0_27,sex_btsx,199554
nga,1988,agegroup_days0_27,sex_btsx,204470
nga,1989,agegroup_days0_27,sex_btsx,210560
nga,1990,agegroup_days0_27,sex_btsx,215253
nga,1991,agegroup_days0_27,sex_btsx,220431
nga,1992,agegroup_days0_27,sex_btsx,225995
nga,1993,agegroup_days0_27,sex_btsx,231550
nga,1994,agegroup_days0_27,sex_btsx,236793
nga,1995,agegroup_days0_27,sex_btsx,242490
nga,1996,agegroup_days0_27,sex_btsx,245950
nga,1997,agegroup_days0_27,sex_btsx,247930
nga,1998,agegroup_days0_27,sex_btsx,249286
nga,1999,agegroup_days0_27,sex_btsx,252716
nga,2000,agegroup_days0_27,sex_btsx,256672
nga,2001,agegroup_days0_27,sex_btsx,257859
nga,2002,agegroup_days0_27,sex_btsx,257481
nga,2003,agegroup_days0_27,sex_btsx,257094
nga,2004,agegroup_days0_27,sex_btsx,256227
nga,2005,agegroup_days0_27,sex_btsx,256721
nga,2006,agegroup_days0_27,sex_btsx,257453
nga,2007,agegroup_days0_27,sex_btsx,258737
nga,2008,agegroup_days0_27,sex_btsx,261856
nga,2009,agegroup_days0_27,sex_btsx,264224
nga,2010,agegroup_days0_27,sex_btsx,266968
nga,2011,agegroup_days0_27,sex_btsx,270267
nga,2012,agegroup_days0_27,sex_btsx,272134
nga,2013,agegroup_days0_27,sex_btsx,273794
nga,2014,agegroup_days0_27,sex_btsx,276553
nga,2015,agegroup_days0_27,sex_btsx,275695
nga,2016,agegroup_days0_27,sex_btsx,272623
nga,2017,agegroup_days0_27,sex_btsx,269709
nga,2018,agegroup_days0_27,sex_btsx,265589
nga,2019,agegroup_days0_27,sex_btsx,260351
nga,2020,agegroup_days0_27,sex_btsx,255258
nga,2021,agegroup_days0_27,sex_btsx,255610
nga,2022,agegroup_days0_27,sex_btsx,253883
nga,2023,agegroup_days0_27,sex_btsx,252871
nic,1975,agegroup_days0_27,sex_btsx,4896
nic,1976,agegroup_days0_27,sex_btsx,4851
nic,1977,agegroup_days0_27,sex_btsx,4782
nic,1978,agegroup_days0_27,sex_btsx,4681
nic,1979,agegroup_days0_27,sex_btsx,4582
nic,1980,agegroup_days0_27,sex_btsx,4469
nic,1981,agegroup_days0_27,sex_btsx,4368
nic,1982,agegroup_days0_27,sex_btsx,4296
nic,1983,agegroup_days0_27,sex_btsx,4214
nic,1984,agegroup_days0_27,sex_btsx,4123
nic,1985,agegroup_days0_27,sex_btsx,4021
nic,1986,agegroup_days0_27,sex_btsx,3914
nic,1987,agegroup_days0_27,sex_btsx,3811
nic,1988,agegroup_days0_27,sex_btsx,3711
nic,1989,agegroup_days0_27,sex_btsx,3590
nic,1990,agegroup_days0_27,sex_btsx,3470
nic,1991,agegroup_days0_27,sex_btsx,3367
nic,1992,agegroup_days0_27,sex_btsx,3257
nic,1993,agegroup_days0_27,sex_btsx,3139
nic,1994,agegroup_days0_27,sex_btsx,3022
nic,1995,agegroup_days0_27,sex_btsx,2902
nic,1996,agegroup_days0_27,sex_btsx,2776
nic,1997,agegroup_days0_27,sex_btsx,2641
nic,1998,agegroup_days0_27,sex_btsx,2539
nic,1999,agegroup_days0_27,sex_btsx,2414
nic,2000,agegroup_days0_27,sex_btsx,2323
nic,2001,agegroup_days0_27,sex_btsx,2200
nic,2002,agegroup_days0_27,sex_btsx,2068
nic,2003,agegroup_days0_27,sex_btsx,1984
nic,2004,agegroup_days0_27,sex_btsx,1922
nic,2005,agegroup_days0_27,sex_btsx,1892
nic,2006,agegroup_days0_27,sex_btsx,1863
nic,2007,agegroup_days0_27,sex_btsx,1835
nic,2008,agegroup_days0_27,sex_btsx,1805
nic,2009,agegroup_days0_27,sex_btsx,1775
nic,2010,agegroup_days0_27,sex_btsx,1746
nic,2011,agegroup_days0_27,sex_btsx,1708
nic,2012,agegroup_days0_27,sex_btsx,1671
nic,2013,agegroup_days0_27,sex_btsx,1622
nic,2014,agegroup_days0_27,sex_btsx,1564
nic,2015,agegroup_days0_27,sex_btsx,1499
nic,2016,agegroup_days0_27,sex_btsx,1433
nic,2017,agegroup_days0_27,sex_btsx,1372
nic,2018,agegroup_days0_27,sex_btsx,1325
nic,2019,agegroup_days0_27,sex_btsx,1301
nic,2020,agegroup_days0_27,sex_btsx,1282
nic,2021,agegroup_days0_27,sex_btsx,1241
nic,2022,agegroup_days0_27,sex_btsx,1178
nic,2023,agegroup_days0_27,sex_btsx,1112
niu,1990,agegroup_days0_27,sex_btsx,1
niu,1991,agegroup_days0_27,sex_btsx,1
niu,1992,agegroup_days0_27,sex_btsx,1
niu,1993,agegroup_days0_27,sex_btsx,1
niu,1994,agegroup_days0_27,sex_btsx,1
niu,1995,agegroup_days0_27,sex_btsx,1
niu,1996,agegroup_days0_27,sex_btsx,1
niu,1997,agegroup_days0_27,sex_btsx,1
niu,1998,agegroup_days0_27,sex_btsx,1
niu,1999,agegroup_days0_27,sex_btsx,1
niu,2000,agegroup_days0_27,sex_btsx,1
niu,2001,agegroup_days0_27,sex_btsx,1
niu,2002,agegroup_days0_27,sex_btsx,1
niu,2003,agegroup_days0_27,sex_btsx,1
niu,2004,agegroup_days0_27,sex_btsx,1
niu,2005,agegroup_days0_27,sex_btsx,1
niu,2006,agegroup_days0_27,sex_btsx,1
niu,2007,agegroup_days0_27,sex_btsx,1
niu,2008,agegroup_days0_27,sex_btsx,1
niu,2009,agegroup_days0_27,sex_btsx,1
niu,2010,agegroup_days0_27,sex_btsx,1
niu,2011,agegroup_days0_27,sex_btsx,1
niu,2012,agegroup_days0_27,sex_btsx,1
niu,2013,agegroup_days0_27,sex_btsx,0
niu,2014,agegroup_days0_27,sex_btsx,0
niu,2015,agegroup_days0_27,sex_btsx,0
niu,2016,agegroup_days0_27,sex_btsx,0
niu,2017,agegroup_days0_27,sex_btsx,0
niu,2018,agegroup_days0_27,sex_btsx,0
niu,2019,agegroup_days0_27,sex_btsx,0
niu,2020,agegroup_days0_27,sex_btsx,0
niu,2021,agegroup_days0_27,sex_btsx,0
niu,2022,agegroup_days0_27,sex_btsx,0
niu,2023,agegroup_days0_27,sex_btsx,0
nld,1961,agegroup_days0_27,sex_btsx,3209
nld,1962,agegroup_days0_27,sex_btsx,3087
nld,1963,agegroup_days0_27,sex_btsx,3011
nld,1964,agegroup_days0_27,sex_btsx,2916
nld,1965,agegroup_days0_27,sex_btsx,2774
nld,1966,agegroup_days0_27,sex_btsx,2643
nld,1967,agegroup_days0_27,sex_btsx,2538
nld,1968,agegroup_days0_27,sex_btsx,2419
nld,1969,agegroup_days0_27,sex_btsx,2410
nld,1970,agegroup_days0_27,sex_btsx,2259
nld,1971,agegroup_days0_27,sex_btsx,2089
nld,1972,agegroup_days0_27,sex_btsx,1899
nld,1973,agegroup_days0_27,sex_btsx,1659
nld,1974,agegroup_days0_27,sex_btsx,1498
nld,1975,agegroup_days0_27,sex_btsx,1359
nld,1976,agegroup_days0_27,sex_btsx,1279
nld,1977,agegroup_days0_27,sex_btsx,1187
nld,1978,agegroup_days0_27,sex_btsx,1126
nld,1979,agegroup_days0_27,sex_btsx,1059
nld,1980,agegroup_days0_27,sex_btsx,1035
nld,1981,agegroup_days0_27,sex_btsx,980
nld,1982,agegroup_days0_27,sex_btsx,916
nld,1983,agegroup_days0_27,sex_btsx,880
nld,1984,agegroup_days0_27,sex_btsx,880
nld,1985,agegroup_days0_27,sex_btsx,884
nld,1986,agegroup_days0_27,sex_btsx,900
nld,1987,agegroup_days0_27,sex_btsx,901
nld,1988,agegroup_days0_27,sex_btsx,893
nld,1989,agegroup_days0_27,sex_btsx,898
nld,1990,agegroup_days0_27,sex_btsx,925
nld,1991,agegroup_days0_27,sex_btsx,914
nld,1992,agegroup_days0_27,sex_btsx,880
nld,1993,agegroup_days0_27,sex_btsx,839
nld,1994,agegroup_days0_27,sex_btsx,798
nld,1995,agegroup_days0_27,sex_btsx,741
nld,1996,agegroup_days0_27,sex_btsx,708
nld,1997,agegroup_days0_27,sex_btsx,712
nld,1998,agegroup_days0_27,sex_btsx,751
nld,1999,agegroup_days0_27,sex_btsx,775
nld,2000,agegroup_days0_27,sex_btsx,799
nld,2001,agegroup_days0_27,sex_btsx,775
nld,2002,agegroup_days0_27,sex_btsx,756
nld,2003,agegroup_days0_27,sex_btsx,732
nld,2004,agegroup_days0_27,sex_btsx,693
nld,2005,agegroup_days0_27,sex_btsx,651
nld,2006,agegroup_days0_27,sex_btsx,616
nld,2007,agegroup_days0_27,sex_btsx,576
nld,2008,agegroup_days0_27,sex_btsx,556
nld,2009,agegroup_days0_27,sex_btsx,534
nld,2010,agegroup_days0_27,sex_btsx,516
nld,2011,agegroup_days0_27,sex_btsx,495
nld,2012,agegroup_days0_27,sex_btsx,478
nld,2013,agegroup_days0_27,sex_btsx,463
nld,2014,agegroup_days0_27,sex_btsx,468
nld,2015,agegroup_days0_27,sex_btsx,455
nld,2016,agegroup_days0_27,sex_btsx,456
nld,2017,agegroup_days0_27,sex_btsx,450
nld,2018,agegroup_days0_27,sex_btsx,447
nld,2019,agegroup_days0_27,sex_btsx,450
nld,2020,agegroup_days0_27,sex_btsx,449
nld,2021,agegroup_days0_27,sex_btsx,476
nld,2022,agegroup_days0_27,sex_btsx,451
nld,2023,agegroup_days0_27,sex_btsx,437
nor,1961,agegroup_days0_27,sex_btsx,745
nor,1962,agegroup_days0_27,sex_btsx,744
nor,1963,agegroup_days0_27,sex_btsx,748
nor,1964,agegroup_days0_27,sex_btsx,763
nor,1965,agegroup_days0_27,sex_btsx,751
nor,1966,agegroup_days0_27,sex_btsx,739
nor,1967,agegroup_days0_27,sex_btsx,710
nor,1968,agegroup_days0_27,sex_btsx,699
nor,1969,agegroup_days0_27,sex_btsx,683
nor,1970,agegroup_days0_27,sex_btsx,632
nor,1971,agegroup_days0_27,sex_btsx,613
nor,1972,agegroup_days0_27,sex_btsx,571
nor,1973,agegroup_days0_27,sex_btsx,510
nor,1974,agegroup_days0_27,sex_btsx,462
nor,1975,agegroup_days0_27,sex_btsx,406
nor,1976,agegroup_days0_27,sex_btsx,359
nor,1977,agegroup_days0_27,sex_btsx,317
nor,1978,agegroup_days0_27,sex_btsx,298
nor,1979,agegroup_days0_27,sex_btsx,277
nor,1980,agegroup_days0_27,sex_btsx,258
nor,1981,agegroup_days0_27,sex_btsx,244
nor,1982,agegroup_days0_27,sex_btsx,239
nor,1983,agegroup_days0_27,sex_btsx,230
nor,1984,agegroup_days0_27,sex_btsx,229
nor,1985,agegroup_days0_27,sex_btsx,232
nor,1986,agegroup_days0_27,sex_btsx,236
nor,1987,agegroup_days0_27,sex_btsx,238
nor,1988,agegroup_days0_27,sex_btsx,246
nor,1989,agegroup_days0_27,sex_btsx,244
nor,1990,agegroup_days0_27,sex_btsx,241
nor,1991,agegroup_days0_27,sex_btsx,231
nor,1992,agegroup_days0_27,sex_btsx,218
nor,1993,agegroup_days0_27,sex_btsx,205
nor,1994,agegroup_days0_27,sex_btsx,195
nor,1995,agegroup_days0_27,sex_btsx,185
nor,1996,agegroup_days0_27,sex_btsx,178
nor,1997,agegroup_days0_27,sex_btsx,169
nor,1998,agegroup_days0_27,sex_btsx,162
nor,1999,agegroup_days0_27,sex_btsx,162
nor,2000,agegroup_days0_27,sex_btsx,159
nor,2001,agegroup_days0_27,sex_btsx,148
nor,2002,agegroup_days0_27,sex_btsx,140
nor,2003,agegroup_days0_27,sex_btsx,137
nor,2004,agegroup_days0_27,sex_btsx,133
nor,2005,agegroup_days0_27,sex_btsx,128
nor,2006,agegroup_days0_27,sex_btsx,127
nor,2007,agegroup_days0_27,sex_btsx,122
nor,2008,agegroup_days0_27,sex_btsx,121
nor,2009,agegroup_days0_27,sex_btsx,119
nor,2010,agegroup_days0_27,sex_btsx,113
nor,2011,agegroup_days0_27,sex_btsx,107
nor,2012,agegroup_days0_27,sex_btsx,104
nor,2013,agegroup_days0_27,sex_btsx,98
nor,2014,agegroup_days0_27,sex_btsx,96
nor,2015,agegroup_days0_27,sex_btsx,93
nor,2016,agegroup_days0_27,sex_btsx,89
nor,2017,agegroup_days0_27,sex_btsx,83
nor,2018,agegroup_days0_27,sex_btsx,79
nor,2019,agegroup_days0_27,sex_btsx,76
nor,2020,agegroup_days0_27,sex_btsx,72
nor,2021,agegroup_days0_27,sex_btsx,75
nor,2022,agegroup_days0_27,sex_btsx,68
nor,2023,agegroup_days0_27,sex_btsx,68
npl,1954,agegroup_days0_27,sex_btsx,41470
npl,1955,agegroup_days0_27,sex_btsx,41899
npl,1956,agegroup_days0_27,sex_btsx,42360
npl,1957,agegroup_days0_27,sex_btsx,42788
npl,1958,agegroup_days0_27,sex_btsx,43222
npl,1959,agegroup_days0_27,sex_btsx,43553
npl,1960,agegroup_days0_27,sex_btsx,44275
npl,1961,agegroup_days0_27,sex_btsx,44882
npl,1962,agegroup_days0_27,sex_btsx,45246
npl,1963,agegroup_days0_27,sex_btsx,45467
npl,1964,agegroup_days0_27,sex_btsx,45700
npl,1965,agegroup_days0_27,sex_btsx,45788
npl,1966,agegroup_days0_27,sex_btsx,45983
npl,1967,agegroup_days0_27,sex_btsx,46193
npl,1968,agegroup_days0_27,sex_btsx,46544
npl,1969,agegroup_days0_27,sex_btsx,46522
npl,1970,agegroup_days0_27,sex_btsx,46740
npl,1971,agegroup_days0_27,sex_btsx,46984
npl,1972,agegroup_days0_27,sex_btsx,47038
npl,1973,agegroup_days0_27,sex_btsx,46692
npl,1974,agegroup_days0_27,sex_btsx,47382
npl,1975,agegroup_days0_27,sex_btsx,47526
npl,1976,agegroup_days0_27,sex_btsx,47828
npl,1977,agegroup_days0_27,sex_btsx,47799
npl,1978,agegroup_days0_27,sex_btsx,48034
npl,1979,agegroup_days0_27,sex_btsx,47916
npl,1980,agegroup_days0_27,sex_btsx,47625
npl,1981,agegroup_days0_27,sex_btsx,47505
npl,1982,agegroup_days0_27,sex_btsx,47297
npl,1983,agegroup_days0_27,sex_btsx,47217
npl,1984,agegroup_days0_27,sex_btsx,46954
npl,1985,agegroup_days0_27,sex_btsx,46549
npl,1986,agegroup_days0_27,sex_btsx,45978
npl,1987,agegroup_days0_27,sex_btsx,45427
npl,1988,agegroup_days0_27,sex_btsx,44761
npl,1989,agegroup_days0_27,sex_btsx,43932
npl,1990,agegroup_days0_27,sex_btsx,43220
npl,1991,agegroup_days0_27,sex_btsx,42431
npl,1992,agegroup_days0_27,sex_btsx,41710
npl,1993,agegroup_days0_27,sex_btsx,41523
npl,1994,agegroup_days0_27,sex_btsx,40580
npl,1995,agegroup_days0_27,sex_btsx,39607
npl,1996,agegroup_days0_27,sex_btsx,37405
npl,1997,agegroup_days0_27,sex_btsx,35113
npl,1998,agegroup_days0_27,sex_btsx,33418
npl,1999,agegroup_days0_27,sex_btsx,31849
npl,2000,agegroup_days0_27,sex_btsx,30353
npl,2001,agegroup_days0_27,sex_btsx,28582
npl,2002,agegroup_days0_27,sex_btsx,26883
npl,2003,agegroup_days0_27,sex_btsx,25441
npl,2004,agegroup_days0_27,sex_btsx,24058
npl,2005,agegroup_days0_27,sex_btsx,22631
npl,2006,agegroup_days0_27,sex_btsx,21336
npl,2007,agegroup_days0_27,sex_btsx,20324
npl,2008,agegroup_days0_27,sex_btsx,19308
npl,2009,agegroup_days0_27,sex_btsx,18395
npl,2010,agegroup_days0_27,sex_btsx,17566
npl,2011,agegroup_days0_27,sex_btsx,16859
npl,2012,agegroup_days0_27,sex_btsx,16279
npl,2013,agegroup_days0_27,sex_btsx,15578
npl,2014,agegroup_days0_27,sex_btsx,15013
npl,2015,agegroup_days0_27,sex_btsx,14398
npl,2016,agegroup_days0_27,sex_btsx,13768
npl,2017,agegroup_days0_27,sex_btsx,12938
npl,2018,agegroup_days0_27,sex_btsx,12116
npl,2019,agegroup_days0_27,sex_btsx,11448
npl,2020,agegroup_days0_27,sex_btsx,10913
npl,2021,agegroup_days0_27,sex_btsx,10385
npl,2022,agegroup_days0_27,sex_btsx,10048
npl,2023,agegroup_days0_27,sex_btsx,9523
nru,1990,agegroup_days0_27,sex_btsx,10
nru,1991,agegroup_days0_27,sex_btsx,10
nru,1992,agegroup_days0_27,sex_btsx,10
nru,1993,agegroup_days0_27,sex_btsx,9
nru,1994,agegroup_days0_27,sex_btsx,9
nru,1995,agegroup_days0_27,sex_btsx,8
nru,1996,agegroup_days0_27,sex_btsx,8
nru,1997,agegroup_days0_27,sex_btsx,8
nru,1998,agegroup_days0_27,sex_btsx,7
nru,1999,agegroup_days0_27,sex_btsx,7
nru,2000,agegroup_days0_27,sex_btsx,7
nru,2001,agegroup_days0_27,sex_btsx,7
nru,2002,agegroup_days0_27,sex_btsx,7
nru,2003,agegroup_days0_27,sex_btsx,6
nru,2004,agegroup_days0_27,sex_btsx,6
nru,2005,agegroup_days0_27,sex_btsx,6
nru,2006,agegroup_days0_27,sex_btsx,6
nru,2007,agegroup_days0_27,sex_btsx,6
nru,2008,agegroup_days0_27,sex_btsx,6
nru,2009,agegroup_days0_27,sex_btsx,6
nru,2010,agegroup_days0_27,sex_btsx,6
nru,2011,agegroup_days0_27,sex_btsx,5
nru,2012,agegroup_days0_27,sex_btsx,5
nru,2013,agegroup_days0_27,sex_btsx,4
nru,2014,agegroup_days0_27,sex_btsx,4
nru,2015,agegroup_days0_27,sex_btsx,4
nru,2016,agegroup_days0_27,sex_btsx,3
nru,2017,agegroup_days0_27,sex_btsx,3
nru,2018,agegroup_days0_27,sex_btsx,2
nru,2019,agegroup_days0_27,sex_btsx,2
nru,2020,agegroup_days0_27,sex_btsx,2
nru,2021,agegroup_days0_27,sex_btsx,2
nru,2022,agegroup_days0_27,sex_btsx,2
nru,2023,agegroup_days0_27,sex_btsx,1
nzl,1969,agegroup_days0_27,sex_btsx,678
nzl,1970,agegroup_days0_27,sex_btsx,660
nzl,1971,agegroup_days0_27,sex_btsx,670
nzl,1972,agegroup_days0_27,sex_btsx,640
nzl,1973,agegroup_days0_27,sex_btsx,589
nzl,1974,agegroup_days0_27,sex_btsx,554
nzl,1975,agegroup_days0_27,sex_btsx,502
nzl,1976,agegroup_days0_27,sex_btsx,466
nzl,1977,agegroup_days0_27,sex_btsx,430
nzl,1978,agegroup_days0_27,sex_btsx,378
nzl,1979,agegroup_days0_27,sex_btsx,357
nzl,1980,agegroup_days0_27,sex_btsx,322
nzl,1981,agegroup_days0_27,sex_btsx,302
nzl,1982,agegroup_days0_27,sex_btsx,279
nzl,1983,agegroup_days0_27,sex_btsx,267
nzl,1984,agegroup_days0_27,sex_btsx,260
nzl,1985,agegroup_days0_27,sex_btsx,253
nzl,1986,agegroup_days0_27,sex_btsx,249
nzl,1987,agegroup_days0_27,sex_btsx,252
nzl,1988,agegroup_days0_27,sex_btsx,258
nzl,1989,agegroup_days0_27,sex_btsx,257
nzl,1990,agegroup_days0_27,sex_btsx,259
nzl,1991,agegroup_days0_27,sex_btsx,249
nzl,1992,agegroup_days0_27,sex_btsx,239
nzl,1993,agegroup_days0_27,sex_btsx,224
nzl,1994,agegroup_days0_27,sex_btsx,207
nzl,1995,agegroup_days0_27,sex_btsx,201
nzl,1996,agegroup_days0_27,sex_btsx,199
nzl,1997,agegroup_days0_27,sex_btsx,199
nzl,1998,agegroup_days0_27,sex_btsx,194
nzl,1999,agegroup_days0_27,sex_btsx,199
nzl,2000,agegroup_days0_27,sex_btsx,198
nzl,2001,agegroup_days0_27,sex_btsx,194
nzl,2002,agegroup_days0_27,sex_btsx,185
nzl,2003,agegroup_days0_27,sex_btsx,187
nzl,2004,agegroup_days0_27,sex_btsx,188
nzl,2005,agegroup_days0_27,sex_btsx,179
nzl,2006,agegroup_days0_27,sex_btsx,175
nzl,2007,agegroup_days0_27,sex_btsx,185
nzl,2008,agegroup_days0_27,sex_btsx,189
nzl,2009,agegroup_days0_27,sex_btsx,191
nzl,2010,agegroup_days0_27,sex_btsx,201
nzl,2011,agegroup_days0_27,sex_btsx,201
nzl,2012,agegroup_days0_27,sex_btsx,203
nzl,2013,agegroup_days0_27,sex_btsx,195
nzl,2014,agegroup_days0_27,sex_btsx,187
nzl,2015,agegroup_days0_27,sex_btsx,193
nzl,2016,agegroup_days0_27,sex_btsx,183
nzl,2017,agegroup_days0_27,sex_btsx,179
nzl,2018,agegroup_days0_27,sex_btsx,172
nzl,2019,agegroup_days0_27,sex_btsx,173
nzl,2020,agegroup_days0_27,sex_btsx,166
nzl,2021,agegroup_days0_27,sex_btsx,167
nzl,2022,agegroup_days0_27,sex_btsx,163
nzl,2023,agegroup_days0_27,sex_btsx,160
omn,1972,agegroup_days0_27,sex_btsx,1785
omn,1973,agegroup_days0_27,sex_btsx,1763
omn,1974,agegroup_days0_27,sex_btsx,1745
omn,1975,agegroup_days0_27,sex_btsx,1764
omn,1976,agegroup_days0_27,sex_btsx,1771
omn,1977,agegroup_days0_27,sex_btsx,1783
omn,1978,agegroup_days0_27,sex_btsx,1790
omn,1979,agegroup_days0_27,sex_btsx,1792
omn,1980,agegroup_days0_27,sex_btsx,1786
omn,1981,agegroup_days0_27,sex_btsx,1764
omn,1982,agegroup_days0_27,sex_btsx,1720
omn,1983,agegroup_days0_27,sex_btsx,1667
omn,1984,agegroup_days0_27,sex_btsx,1610
omn,1985,agegroup_days0_27,sex_btsx,1553
omn,1986,agegroup_days0_27,sex_btsx,1465
omn,1987,agegroup_days0_27,sex_btsx,1383
omn,1988,agegroup_days0_27,sex_btsx,1299
omn,1989,agegroup_days0_27,sex_btsx,1217
omn,1990,agegroup_days0_27,sex_btsx,1132
omn,1991,agegroup_days0_27,sex_btsx,1029
omn,1992,agegroup_days0_27,sex_btsx,910
omn,1993,agegroup_days0_27,sex_btsx,807
omn,1994,agegroup_days0_27,sex_btsx,719
omn,1995,agegroup_days0_27,sex_btsx,641
omn,1996,agegroup_days0_27,sex_btsx,579
omn,1997,agegroup_days0_27,sex_btsx,525
omn,1998,agegroup_days0_27,sex_btsx,478
omn,1999,agegroup_days0_27,sex_btsx,439
omn,2000,agegroup_days0_27,sex_btsx,401
omn,2001,agegroup_days0_27,sex_btsx,372
omn,2002,agegroup_days0_27,sex_btsx,349
omn,2003,agegroup_days0_27,sex_btsx,330
omn,2004,agegroup_days0_27,sex_btsx,313
omn,2005,agegroup_days0_27,sex_btsx,298
omn,2006,agegroup_days0_27,sex_btsx,287
omn,2007,agegroup_days0_27,sex_btsx,283
omn,2008,agegroup_days0_27,sex_btsx,294
omn,2009,agegroup_days0_27,sex_btsx,316
omn,2010,agegroup_days0_27,sex_btsx,342
omn,2011,agegroup_days0_27,sex_btsx,350
omn,2012,agegroup_days0_27,sex_btsx,381
omn,2013,agegroup_days0_27,sex_btsx,412
omn,2014,agegroup_days0_27,sex_btsx,432
omn,2015,agegroup_days0_27,sex_btsx,446
omn,2016,agegroup_days0_27,sex_btsx,456
omn,2017,agegroup_days0_27,sex_btsx,459
omn,2018,agegroup_days0_27,sex_btsx,441
omn,2019,agegroup_days0_27,sex_btsx,425
omn,2020,agegroup_days0_27,sex_btsx,415
omn,2021,agegroup_days0_27,sex_btsx,398
omn,2022,agegroup_days0_27,sex_btsx,370
omn,2023,agegroup_days0_27,sex_btsx,399
pak,1953,agegroup_days0_27,sex_btsx,178190
pak,1954,agegroup_days0_27,sex_btsx,178991
pak,1955,agegroup_days0_27,sex_btsx,179760
pak,1956,agegroup_days0_27,sex_btsx,180665
pak,1957,agegroup_days0_27,sex_btsx,181604
pak,1958,agegroup_days0_27,sex_btsx,182587
pak,1959,agegroup_days0_27,sex_btsx,183719
pak,1960,agegroup_days0_27,sex_btsx,185094
pak,1961,agegroup_days0_27,sex_btsx,186163
pak,1962,agegroup_days0_27,sex_btsx,186787
pak,1963,agegroup_days0_27,sex_btsx,187651
pak,1964,agegroup_days0_27,sex_btsx,188514
pak,1965,agegroup_days0_27,sex_btsx,189667
pak,1966,agegroup_days0_27,sex_btsx,190982
pak,1967,agegroup_days0_27,sex_btsx,192671
pak,1968,agegroup_days0_27,sex_btsx,194581
pak,1969,agegroup_days0_27,sex_btsx,196516
pak,1970,agegroup_days0_27,sex_btsx,199246
pak,1971,agegroup_days0_27,sex_btsx,202488
pak,1972,agegroup_days0_27,sex_btsx,206102
pak,1973,agegroup_days0_27,sex_btsx,210294
pak,1974,agegroup_days0_27,sex_btsx,214550
pak,1975,agegroup_days0_27,sex_btsx,219489
pak,1976,agegroup_days0_27,sex_btsx,224642
pak,1977,agegroup_days0_27,sex_btsx,230693
pak,1978,agegroup_days0_27,sex_btsx,237087
pak,1979,agegroup_days0_27,sex_btsx,243883
pak,1980,agegroup_days0_27,sex_btsx,252687
pak,1981,agegroup_days0_27,sex_btsx,265387
pak,1982,agegroup_days0_27,sex_btsx,274293
pak,1983,agegroup_days0_27,sex_btsx,280744
pak,1984,agegroup_days0_27,sex_btsx,284761
pak,1985,agegroup_days0_27,sex_btsx,288490
pak,1986,agegroup_days0_27,sex_btsx,294378
pak,1987,agegroup_days0_27,sex_btsx,301093
pak,1988,agegroup_days0_27,sex_btsx,307890
pak,1989,agegroup_days0_27,sex_btsx,314192
pak,1990,agegroup_days0_27,sex_btsx,319918
pak,1991,agegroup_days0_27,sex_btsx,325937
pak,1992,agegroup_days0_27,sex_btsx,330058
pak,1993,agegroup_days0_27,sex_btsx,330556
pak,1994,agegroup_days0_27,sex_btsx,330808
pak,1995,agegroup_days0_27,sex_btsx,329079
pak,1996,agegroup_days0_27,sex_btsx,328163
pak,1997,agegroup_days0_27,sex_btsx,325435
pak,1998,agegroup_days0_27,sex_btsx,323083
pak,1999,agegroup_days0_27,sex_btsx,324630
pak,2000,agegroup_days0_27,sex_btsx,322262
pak,2001,agegroup_days0_27,sex_btsx,318346
pak,2002,agegroup_days0_27,sex_btsx,313661
pak,2003,agegroup_days0_27,sex_btsx,311057
pak,2004,agegroup_days0_27,sex_btsx,304506
pak,2005,agegroup_days0_27,sex_btsx,304671
pak,2006,agegroup_days0_27,sex_btsx,310758
pak,2007,agegroup_days0_27,sex_btsx,316639
pak,2008,agegroup_days0_27,sex_btsx,324781
pak,2009,agegroup_days0_27,sex_btsx,329544
pak,2010,agegroup_days0_27,sex_btsx,332541
pak,2011,agegroup_days0_27,sex_btsx,330031
pak,2012,agegroup_days0_27,sex_btsx,324613
pak,2013,agegroup_days0_27,sex_btsx,317920
pak,2014,agegroup_days0_27,sex_btsx,310228
pak,2015,agegroup_days0_27,sex_btsx,301838
pak,2016,agegroup_days0_27,sex_btsx,292022
pak,2017,agegroup_days0_27,sex_btsx,287439
pak,2018,agegroup_days0_27,sex_btsx,282006
pak,2019,agegroup_days0_27,sex_btsx,276932
pak,2020,agegroup_days0_27,sex_btsx,272185
pak,2021,agegroup_days0_27,sex_btsx,268319
pak,2022,agegroup_days0_27,sex_btsx,263922
pak,2023,agegroup_days0_27,sex_btsx,258588
pan,1955,agegroup_days0_27,sex_btsx,1780
pan,1956,agegroup_days0_27,sex_btsx,1788
pan,1957,agegroup_days0_27,sex_btsx,1796
pan,1958,agegroup_days0_27,sex_btsx,1809
pan,1959,agegroup_days0_27,sex_btsx,1836
pan,1960,agegroup_days0_27,sex_btsx,1869
pan,1961,agegroup_days0_27,sex_btsx,1910
pan,1962,agegroup_days0_27,sex_btsx,1938
pan,1963,agegroup_days0_27,sex_btsx,1965
pan,1964,agegroup_days0_27,sex_btsx,1968
pan,1965,agegroup_days0_27,sex_btsx,1960
pan,1966,agegroup_days0_27,sex_btsx,1945
pan,1967,agegroup_days0_27,sex_btsx,1921
pan,1968,agegroup_days0_27,sex_btsx,1887
pan,1969,agegroup_days0_27,sex_btsx,1846
pan,1970,agegroup_days0_27,sex_btsx,1805
pan,1971,agegroup_days0_27,sex_btsx,1754
pan,1972,agegroup_days0_27,sex_btsx,1692
pan,1973,agegroup_days0_27,sex_btsx,1623
pan,1974,agegroup_days0_27,sex_btsx,1557
pan,1975,agegroup_days0_27,sex_btsx,1497
pan,1976,agegroup_days0_27,sex_btsx,1445
pan,1977,agegroup_days0_27,sex_btsx,1406
pan,1978,agegroup_days0_27,sex_btsx,1375
pan,1979,agegroup_days0_27,sex_btsx,1354
pan,1980,agegroup_days0_27,sex_btsx,1333
pan,1981,agegroup_days0_27,sex_btsx,1319
pan,1982,agegroup_days0_27,sex_btsx,1304
pan,1983,agegroup_days0_27,sex_btsx,1287
pan,1984,agegroup_days0_27,sex_btsx,1259
pan,1985,agegroup_days0_27,sex_btsx,1215
pan,1986,agegroup_days0_27,sex_btsx,1167
pan,1987,agegroup_days0_27,sex_btsx,1123
pan,1988,agegroup_days0_27,sex_btsx,1085
pan,1989,agegroup_days0_27,sex_btsx,1055
pan,1990,agegroup_days0_27,sex_btsx,1025
pan,1991,agegroup_days0_27,sex_btsx,993
pan,1992,agegroup_days0_27,sex_btsx,972
pan,1993,agegroup_days0_27,sex_btsx,957
pan,1994,agegroup_days0_27,sex_btsx,946
pan,1995,agegroup_days0_27,sex_btsx,937
pan,1996,agegroup_days0_27,sex_btsx,930
pan,1997,agegroup_days0_27,sex_btsx,919
pan,1998,agegroup_days0_27,sex_btsx,905
pan,1999,agegroup_days0_27,sex_btsx,886
pan,2000,agegroup_days0_27,sex_btsx,862
pan,2001,agegroup_days0_27,sex_btsx,836
pan,2002,agegroup_days0_27,sex_btsx,808
pan,2003,agegroup_days0_27,sex_btsx,780
pan,2004,agegroup_days0_27,sex_btsx,759
pan,2005,agegroup_days0_27,sex_btsx,726
pan,2006,agegroup_days0_27,sex_btsx,697
pan,2007,agegroup_days0_27,sex_btsx,675
pan,2008,agegroup_days0_27,sex_btsx,655
pan,2009,agegroup_days0_27,sex_btsx,635
pan,2010,agegroup_days0_27,sex_btsx,618
pan,2011,agegroup_days0_27,sex_btsx,608
pan,2012,agegroup_days0_27,sex_btsx,595
pan,2013,agegroup_days0_27,sex_btsx,584
pan,2014,agegroup_days0_27,sex_btsx,579
pan,2015,agegroup_days0_27,sex_btsx,579
pan,2016,agegroup_days0_27,sex_btsx,584
pan,2017,agegroup_days0_27,sex_btsx,588
pan,2018,agegroup_days0_27,sex_btsx,584
pan,2019,agegroup_days0_27,sex_btsx,559
pan,2020,agegroup_days0_27,sex_btsx,528
pan,2021,agegroup_days0_27,sex_btsx,509
pan,2022,agegroup_days0_27,sex_btsx,492
pan,2023,agegroup_days0_27,sex_btsx,472
per,1955,agegroup_days0_27,sex_btsx,25684
per,1956,agegroup_days0_27,sex_btsx,25866
per,1957,agegroup_days0_27,sex_btsx,26090
per,1958,agegroup_days0_27,sex_btsx,26338
per,1959,agegroup_days0_27,sex_btsx,26606
per,1960,agegroup_days0_27,sex_btsx,26817
per,1961,agegroup_days0_27,sex_btsx,26967
per,1962,agegroup_days0_27,sex_btsx,26985
per,1963,agegroup_days0_27,sex_btsx,26965
per,1964,agegroup_days0_27,sex_btsx,26949
per,1965,agegroup_days0_27,sex_btsx,26880
per,1966,agegroup_days0_27,sex_btsx,26785
per,1967,agegroup_days0_27,sex_btsx,26738
per,1968,agegroup_days0_27,sex_btsx,26555
per,1969,agegroup_days0_27,sex_btsx,26287
per,1970,agegroup_days0_27,sex_btsx,26207
per,1971,agegroup_days0_27,sex_btsx,25474
per,1972,agegroup_days0_27,sex_btsx,25062
per,1973,agegroup_days0_27,sex_btsx,24645
per,1974,agegroup_days0_27,sex_btsx,24273
per,1975,agegroup_days0_27,sex_btsx,23951
per,1976,agegroup_days0_27,sex_btsx,23694
per,1977,agegroup_days0_27,sex_btsx,23512
per,1978,agegroup_days0_27,sex_btsx,23461
per,1979,agegroup_days0_27,sex_btsx,23452
per,1980,agegroup_days0_27,sex_btsx,23456
per,1981,agegroup_days0_27,sex_btsx,23427
per,1982,agegroup_days0_27,sex_btsx,23363
per,1983,agegroup_days0_27,sex_btsx,23178
per,1984,agegroup_days0_27,sex_btsx,22817
per,1985,agegroup_days0_27,sex_btsx,22334
per,1986,agegroup_days0_27,sex_btsx,21716
per,1987,agegroup_days0_27,sex_btsx,21034
per,1988,agegroup_days0_27,sex_btsx,20373
per,1989,agegroup_days0_27,sex_btsx,19706
per,1990,agegroup_days0_27,sex_btsx,19051
per,1991,agegroup_days0_27,sex_btsx,18345
per,1992,agegroup_days0_27,sex_btsx,17460
per,1993,agegroup_days0_27,sex_btsx,16493
per,1994,agegroup_days0_27,sex_btsx,15476
per,1995,agegroup_days0_27,sex_btsx,14448
per,1996,agegroup_days0_27,sex_btsx,13414
per,1997,agegroup_days0_27,sex_btsx,12426
per,1998,agegroup_days0_27,sex_btsx,11504
per,1999,agegroup_days0_27,sex_btsx,10709
per,2000,agegroup_days0_27,sex_btsx,10044
per,2001,agegroup_days0_27,sex_btsx,9198
per,2002,agegroup_days0_27,sex_btsx,8582
per,2003,agegroup_days0_27,sex_btsx,8155
per,2004,agegroup_days0_27,sex_btsx,7898
per,2005,agegroup_days0_27,sex_btsx,7533
per,2006,agegroup_days0_27,sex_btsx,7165
per,2007,agegroup_days0_27,sex_btsx,6759
per,2008,agegroup_days0_27,sex_btsx,6317
per,2009,agegroup_days0_27,sex_btsx,5930
per,2010,agegroup_days0_27,sex_btsx,5559
per,2011,agegroup_days0_27,sex_btsx,5346
per,2012,agegroup_days0_27,sex_btsx,5059
per,2013,agegroup_days0_27,sex_btsx,4847
per,2014,agegroup_days0_27,sex_btsx,4660
per,2015,agegroup_days0_27,sex_btsx,4530
per,2016,agegroup_days0_27,sex_btsx,4451
per,2017,agegroup_days0_27,sex_btsx,4425
per,2018,agegroup_days0_27,sex_btsx,4424
per,2019,agegroup_days0_27,sex_btsx,4471
per,2020,agegroup_days0_27,sex_btsx,4436
per,2021,agegroup_days0_27,sex_btsx,4375
per,2022,agegroup_days0_27,sex_btsx,4293
per,2023,agegroup_days0_27,sex_btsx,4188
phl,1956,agegroup_days0_27,sex_btsx,28879
phl,1957,agegroup_days0_27,sex_btsx,29753
phl,1958,agegroup_days0_27,sex_btsx,30818
phl,1959,agegroup_days0_27,sex_btsx,31936
phl,1960,agegroup_days0_27,sex_btsx,33160
phl,1961,agegroup_days0_27,sex_btsx,33955
phl,1962,agegroup_days0_27,sex_btsx,34683
phl,1963,agegroup_days0_27,sex_btsx,35358
phl,1964,agegroup_days0_27,sex_btsx,35925
phl,1965,agegroup_days0_27,sex_btsx,36329
phl,1966,agegroup_days0_27,sex_btsx,36553
phl,1967,agegroup_days0_27,sex_btsx,36712
phl,1968,agegroup_days0_27,sex_btsx,36821
phl,1969,agegroup_days0_27,sex_btsx,37131
phl,1970,agegroup_days0_27,sex_btsx,37587
phl,1971,agegroup_days0_27,sex_btsx,37774
phl,1972,agegroup_days0_27,sex_btsx,37771
phl,1973,agegroup_days0_27,sex_btsx,37858
phl,1974,agegroup_days0_27,sex_btsx,38236
phl,1975,agegroup_days0_27,sex_btsx,38892
phl,1976,agegroup_days0_27,sex_btsx,39715
phl,1977,agegroup_days0_27,sex_btsx,41191
phl,1978,agegroup_days0_27,sex_btsx,42703
phl,1979,agegroup_days0_27,sex_btsx,43438
phl,1980,agegroup_days0_27,sex_btsx,43771
phl,1981,agegroup_days0_27,sex_btsx,43983
phl,1982,agegroup_days0_27,sex_btsx,44510
phl,1983,agegroup_days0_27,sex_btsx,45093
phl,1984,agegroup_days0_27,sex_btsx,45259
phl,1985,agegroup_days0_27,sex_btsx,45069
phl,1986,agegroup_days0_27,sex_btsx,44407
phl,1987,agegroup_days0_27,sex_btsx,43822
phl,1988,agegroup_days0_27,sex_btsx,43073
phl,1989,agegroup_days0_27,sex_btsx,41957
phl,1990,agegroup_days0_27,sex_btsx,40965
phl,1991,agegroup_days0_27,sex_btsx,40451
phl,1992,agegroup_days0_27,sex_btsx,39062
phl,1993,agegroup_days0_27,sex_btsx,38630
phl,1994,agegroup_days0_27,sex_btsx,38389
phl,1995,agegroup_days0_27,sex_btsx,38462
phl,1996,agegroup_days0_27,sex_btsx,38180
phl,1997,agegroup_days0_27,sex_btsx,38247
phl,1998,agegroup_days0_27,sex_btsx,38445
phl,1999,agegroup_days0_27,sex_btsx,38921
phl,2000,agegroup_days0_27,sex_btsx,39014
phl,2001,agegroup_days0_27,sex_btsx,39260
phl,2002,agegroup_days0_27,sex_btsx,38617
phl,2003,agegroup_days0_27,sex_btsx,38056
phl,2004,agegroup_days0_27,sex_btsx,37354
phl,2005,agegroup_days0_27,sex_btsx,36645
phl,2006,agegroup_days0_27,sex_btsx,36806
phl,2007,agegroup_days0_27,sex_btsx,36108
phl,2008,agegroup_days0_27,sex_btsx,36116
phl,2009,agegroup_days0_27,sex_btsx,35836
phl,2010,agegroup_days0_27,sex_btsx,35385
phl,2011,agegroup_days0_27,sex_btsx,34823
phl,2012,agegroup_days0_27,sex_btsx,34085
phl,2013,agegroup_days0_27,sex_btsx,33622
phl,2014,agegroup_days0_27,sex_btsx,32575
phl,2015,agegroup_days0_27,sex_btsx,32509
phl,2016,agegroup_days0_27,sex_btsx,31653
phl,2017,agegroup_days0_27,sex_btsx,30805
phl,2018,agegroup_days0_27,sex_btsx,29965
phl,2019,agegroup_days0_27,sex_btsx,28704
phl,2020,agegroup_days0_27,sex_btsx,27504
phl,2021,agegroup_days0_27,sex_btsx,26228
phl,2022,agegroup_days0_27,sex_btsx,26019
phl,2023,agegroup_days0_27,sex_btsx,25699
plw,1990,agegroup_days0_27,sex_btsx,6
plw,1991,agegroup_days0_27,sex_btsx,6
plw,1992,agegroup_days0_27,sex_btsx,6
plw,1993,agegroup_days0_27,sex_btsx,6
plw,1994,agegroup_days0_27,sex_btsx,6
plw,1995,agegroup_days0_27,sex_btsx,6
plw,1996,agegroup_days0_27,sex_btsx,6
plw,1997,agegroup_days0_27,sex_btsx,5
plw,1998,agegroup_days0_27,sex_btsx,5
plw,1999,agegroup_days0_27,sex_btsx,4
plw,2000,agegroup_days0_27,sex_btsx,4
plw,2001,agegroup_days0_27,sex_btsx,4
plw,2002,agegroup_days0_27,sex_btsx,4
plw,2003,agegroup_days0_27,sex_btsx,4
plw,2004,agegroup_days0_27,sex_btsx,3
plw,2005,agegroup_days0_27,sex_btsx,3
plw,2006,agegroup_days0_27,sex_btsx,3
plw,2007,agegroup_days0_27,sex_btsx,3
plw,2008,agegroup_days0_27,sex_btsx,3
plw,2009,agegroup_days0_27,sex_btsx,3
plw,2010,agegroup_days0_27,sex_btsx,3
plw,2011,agegroup_days0_27,sex_btsx,3
plw,2012,agegroup_days0_27,sex_btsx,3
plw,2013,agegroup_days0_27,sex_btsx,3
plw,2014,agegroup_days0_27,sex_btsx,3
plw,2015,agegroup_days0_27,sex_btsx,3
plw,2016,agegroup_days0_27,sex_btsx,3
plw,2017,agegroup_days0_27,sex_btsx,3
plw,2018,agegroup_days0_27,sex_btsx,3
plw,2019,agegroup_days0_27,sex_btsx,3
plw,2020,agegroup_days0_27,sex_btsx,3
plw,2021,agegroup_days0_27,sex_btsx,2
plw,2022,agegroup_days0_27,sex_btsx,2
plw,2023,agegroup_days0_27,sex_btsx,2
png,1975,agegroup_days0_27,sex_btsx,4845
png,1976,agegroup_days0_27,sex_btsx,4734
png,1977,agegroup_days0_27,sex_btsx,4624
png,1978,agegroup_days0_27,sex_btsx,4518
png,1979,agegroup_days0_27,sex_btsx,4417
png,1980,agegroup_days0_27,sex_btsx,4355
png,1981,agegroup_days0_27,sex_btsx,4336
png,1982,agegroup_days0_27,sex_btsx,4336
png,1983,agegroup_days0_27,sex_btsx,4363
png,1984,agegroup_days0_27,sex_btsx,4374
png,1985,agegroup_days0_27,sex_btsx,4385
png,1986,agegroup_days0_27,sex_btsx,4392
png,1987,agegroup_days0_27,sex_btsx,4410
png,1988,agegroup_days0_27,sex_btsx,4442
png,1989,agegroup_days0_27,sex_btsx,4497
png,1990,agegroup_days0_27,sex_btsx,4582
png,1991,agegroup_days0_27,sex_btsx,4686
png,1992,agegroup_days0_27,sex_btsx,4832
png,1993,agegroup_days0_27,sex_btsx,4984
png,1994,agegroup_days0_27,sex_btsx,5108
png,1995,agegroup_days0_27,sex_btsx,5217
png,1996,agegroup_days0_27,sex_btsx,5364
png,1997,agegroup_days0_27,sex_btsx,5503
png,1998,agegroup_days0_27,sex_btsx,5628
png,1999,agegroup_days0_27,sex_btsx,5732
png,2000,agegroup_days0_27,sex_btsx,5805
png,2001,agegroup_days0_27,sex_btsx,5877
png,2002,agegroup_days0_27,sex_btsx,5936
png,2003,agegroup_days0_27,sex_btsx,5984
png,2004,agegroup_days0_27,sex_btsx,6017
png,2005,agegroup_days0_27,sex_btsx,6068
png,2006,agegroup_days0_27,sex_btsx,6120
png,2007,agegroup_days0_27,sex_btsx,6165
png,2008,agegroup_days0_27,sex_btsx,6207
png,2009,agegroup_days0_27,sex_btsx,6208
png,2010,agegroup_days0_27,sex_btsx,6220
png,2011,agegroup_days0_27,sex_btsx,6201
png,2012,agegroup_days0_27,sex_btsx,6156
png,2013,agegroup_days0_27,sex_btsx,6113
png,2014,agegroup_days0_27,sex_btsx,6064
png,2015,agegroup_days0_27,sex_btsx,5997
png,2016,agegroup_days0_27,sex_btsx,5925
png,2017,agegroup_days0_27,sex_btsx,5848
png,2018,agegroup_days0_27,sex_btsx,5785
png,2019,agegroup_days0_27,sex_btsx,5679
png,2020,agegroup_days0_27,sex_btsx,5592
png,2021,agegroup_days0_27,sex_btsx,5477
png,2022,agegroup_days0_27,sex_btsx,5383
png,2023,agegroup_days0_27,sex_btsx,5236
pol,1970,agegroup_days0_27,sex_btsx,9867
pol,1971,agegroup_days0_27,sex_btsx,9929
pol,1972,agegroup_days0_27,sex_btsx,9919
pol,1973,agegroup_days0_27,sex_btsx,10045
pol,1974,agegroup_days0_27,sex_btsx,10164
pol,1975,agegroup_days0_27,sex_btsx,10246
pol,1976,agegroup_days0_27,sex_btsx,10335
pol,1977,agegroup_days0_27,sex_btsx,9971
pol,1978,agegroup_days0_27,sex_btsx,9724
pol,1979,agegroup_days0_27,sex_btsx,9757
pol,1980,agegroup_days0_27,sex_btsx,9683
pol,1981,agegroup_days0_27,sex_btsx,9476
pol,1982,agegroup_days0_27,sex_btsx,9691
pol,1983,agegroup_days0_27,sex_btsx,9761
pol,1984,agegroup_days0_27,sex_btsx,9285
pol,1985,agegroup_days0_27,sex_btsx,8734
pol,1986,agegroup_days0_27,sex_btsx,8003
pol,1987,agegroup_days0_27,sex_btsx,7444
pol,1988,agegroup_days0_27,sex_btsx,7059
pol,1989,agegroup_days0_27,sex_btsx,6527
pol,1990,agegroup_days0_27,sex_btsx,6098
pol,1991,agegroup_days0_27,sex_btsx,5840
pol,1992,agegroup_days0_27,sex_btsx,5408
pol,1993,agegroup_days0_27,sex_btsx,5149
pol,1994,agegroup_days0_27,sex_btsx,4875
pol,1995,agegroup_days0_27,sex_btsx,4185
pol,1996,agegroup_days0_27,sex_btsx,3708
pol,1997,agegroup_days0_27,sex_btsx,3188
pol,1998,agegroup_days0_27,sex_btsx,2723
pol,1999,agegroup_days0_27,sex_btsx,2374
pol,2000,agegroup_days0_27,sex_btsx,2185
pol,2001,agegroup_days0_27,sex_btsx,2005
pol,2002,agegroup_days0_27,sex_btsx,1847
pol,2003,agegroup_days0_27,sex_btsx,1760
pol,2004,agegroup_days0_27,sex_btsx,1714
pol,2005,agegroup_days0_27,sex_btsx,1674
pol,2006,agegroup_days0_27,sex_btsx,1634
pol,2007,agegroup_days0_27,sex_btsx,1614
pol,2008,agegroup_days0_27,sex_btsx,1641
pol,2009,agegroup_days0_27,sex_btsx,1589
pol,2010,agegroup_days0_27,sex_btsx,1525
pol,2011,agegroup_days0_27,sex_btsx,1356
pol,2012,agegroup_days0_27,sex_btsx,1263
pol,2013,agegroup_days0_27,sex_btsx,1169
pol,2014,agegroup_days0_27,sex_btsx,1139
pol,2015,agegroup_days0_27,sex_btsx,1098
pol,2016,agegroup_days0_27,sex_btsx,1107
pol,2017,agegroup_days0_27,sex_btsx,1136
pol,2018,agegroup_days0_27,sex_btsx,1086
pol,2019,agegroup_days0_27,sex_btsx,1052
pol,2020,agegroup_days0_27,sex_btsx,981
pol,2021,agegroup_days0_27,sex_btsx,893
pol,2022,agegroup_days0_27,sex_btsx,790
pol,2023,agegroup_days0_27,sex_btsx,749
prk,1990,agegroup_days0_27,sex_btsx,9167
prk,1991,agegroup_days0_27,sex_btsx,9541
prk,1992,agegroup_days0_27,sex_btsx,9750
prk,1993,agegroup_days0_27,sex_btsx,9848
prk,1994,agegroup_days0_27,sex_btsx,9975
prk,1995,agegroup_days0_27,sex_btsx,18043
prk,1996,agegroup_days0_27,sex_btsx,17765
prk,1997,agegroup_days0_27,sex_btsx,17242
prk,1998,agegroup_days0_27,sex_btsx,16774
prk,1999,agegroup_days0_27,sex_btsx,16261
prk,2000,agegroup_days0_27,sex_btsx,15549
prk,2001,agegroup_days0_27,sex_btsx,14956
prk,2002,agegroup_days0_27,sex_btsx,14197
prk,2003,agegroup_days0_27,sex_btsx,6852
prk,2004,agegroup_days0_27,sex_btsx,6444
prk,2005,agegroup_days0_27,sex_btsx,6084
prk,2006,agegroup_days0_27,sex_btsx,6046
prk,2007,agegroup_days0_27,sex_btsx,5935
prk,2008,agegroup_days0_27,sex_btsx,5745
prk,2009,agegroup_days0_27,sex_btsx,5362
prk,2010,agegroup_days0_27,sex_btsx,5099
prk,2011,agegroup_days0_27,sex_btsx,4853
prk,2012,agegroup_days0_27,sex_btsx,4619
prk,2013,agegroup_days0_27,sex_btsx,4357
prk,2014,agegroup_days0_27,sex_btsx,4125
prk,2015,agegroup_days0_27,sex_btsx,3912
prk,2016,agegroup_days0_27,sex_btsx,3803
prk,2017,agegroup_days0_27,sex_btsx,3554
prk,2018,agegroup_days0_27,sex_btsx,3428
prk,2019,agegroup_days0_27,sex_btsx,3307
prk,2020,agegroup_days0_27,sex_btsx,3263
prk,2021,agegroup_days0_27,sex_btsx,3248
prk,2022,agegroup_days0_27,sex_btsx,3282
prk,2023,agegroup_days0_27,sex_btsx,3295
prt,1961,agegroup_days0_27,sex_btsx,5985
prt,1962,agegroup_days0_27,sex_btsx,5822
prt,1963,agegroup_days0_27,sex_btsx,5528
prt,1964,agegroup_days0_27,sex_btsx,5568
prt,1965,agegroup_days0_27,sex_btsx,5372
prt,1966,agegroup_days0_27,sex_btsx,5261
prt,1967,agegroup_days0_27,sex_btsx,5159
prt,1968,agegroup_days0_27,sex_btsx,5028
prt,1969,agegroup_days0_27,sex_btsx,4841
prt,1970,agegroup_days0_27,sex_btsx,4368
prt,1971,agegroup_days0_27,sex_btsx,4004
prt,1972,agegroup_days0_27,sex_btsx,3728
prt,1973,agegroup_days0_27,sex_btsx,3664
prt,1974,agegroup_days0_27,sex_btsx,3657
prt,1975,agegroup_days0_27,sex_btsx,3742
prt,1976,agegroup_days0_27,sex_btsx,3761
prt,1977,agegroup_days0_27,sex_btsx,3447
prt,1978,agegroup_days0_27,sex_btsx,2958
prt,1979,agegroup_days0_27,sex_btsx,2626
prt,1980,agegroup_days0_27,sex_btsx,2411
prt,1981,agegroup_days0_27,sex_btsx,2181
prt,1982,agegroup_days0_27,sex_btsx,2032
prt,1983,agegroup_days0_27,sex_btsx,1845
prt,1984,agegroup_days0_27,sex_btsx,1710
prt,1985,agegroup_days0_27,sex_btsx,1483
prt,1986,agegroup_days0_27,sex_btsx,1334
prt,1987,agegroup_days0_27,sex_btsx,1195
prt,1988,agegroup_days0_27,sex_btsx,1073
prt,1989,agegroup_days0_27,sex_btsx,944
prt,1990,agegroup_days0_27,sex_btsx,845
prt,1991,agegroup_days0_27,sex_btsx,771
prt,1992,agegroup_days0_27,sex_btsx,695
prt,1993,agegroup_days0_27,sex_btsx,627
prt,1994,agegroup_days0_27,sex_btsx,552
prt,1995,agegroup_days0_27,sex_btsx,499
prt,1996,agegroup_days0_27,sex_btsx,474
prt,1997,agegroup_days0_27,sex_btsx,452
prt,1998,agegroup_days0_27,sex_btsx,427
prt,1999,agegroup_days0_27,sex_btsx,411
prt,2000,agegroup_days0_27,sex_btsx,400
prt,2001,agegroup_days0_27,sex_btsx,361
prt,2002,agegroup_days0_27,sex_btsx,340
prt,2003,agegroup_days0_27,sex_btsx,311
prt,2004,agegroup_days0_27,sex_btsx,280
prt,2005,agegroup_days0_27,sex_btsx,258
prt,2006,agegroup_days0_27,sex_btsx,234
prt,2007,agegroup_days0_27,sex_btsx,219
prt,2008,agegroup_days0_27,sex_btsx,217
prt,2009,agegroup_days0_27,sex_btsx,209
prt,2010,agegroup_days0_27,sex_btsx,212
prt,2011,agegroup_days0_27,sex_btsx,204
prt,2012,agegroup_days0_27,sex_btsx,190
prt,2013,agegroup_days0_27,sex_btsx,176
prt,2014,agegroup_days0_27,sex_btsx,173
prt,2015,agegroup_days0_27,sex_btsx,177
prt,2016,agegroup_days0_27,sex_btsx,178
prt,2017,agegroup_days0_27,sex_btsx,173
prt,2018,agegroup_days0_27,sex_btsx,168
prt,2019,agegroup_days0_27,sex_btsx,161
prt,2020,agegroup_days0_27,sex_btsx,151
prt,2021,agegroup_days0_27,sex_btsx,135
prt,2022,agegroup_days0_27,sex_btsx,139
prt,2023,agegroup_days0_27,sex_btsx,138
pry,1968,agegroup_days0_27,sex_btsx,2714
pry,1969,agegroup_days0_27,sex_btsx,2708
pry,1970,agegroup_days0_27,sex_btsx,2705
pry,1971,agegroup_days0_27,sex_btsx,2698
pry,1972,agegroup_days0_27,sex_btsx,2692
pry,1973,agegroup_days0_27,sex_btsx,2695
pry,1974,agegroup_days0_27,sex_btsx,2711
pry,1975,agegroup_days0_27,sex_btsx,2712
pry,1976,agegroup_days0_27,sex_btsx,2729
pry,1977,agegroup_days0_27,sex_btsx,2765
pry,1978,agegroup_days0_27,sex_btsx,2796
pry,1979,agegroup_days0_27,sex_btsx,2858
pry,1980,agegroup_days0_27,sex_btsx,2925
pry,1981,agegroup_days0_27,sex_btsx,3009
pry,1982,agegroup_days0_27,sex_btsx,3055
pry,1983,agegroup_days0_27,sex_btsx,3088
pry,1984,agegroup_days0_27,sex_btsx,3124
pry,1985,agegroup_days0_27,sex_btsx,3142
pry,1986,agegroup_days0_27,sex_btsx,3157
pry,1987,agegroup_days0_27,sex_btsx,3151
pry,1988,agegroup_days0_27,sex_btsx,3144
pry,1989,agegroup_days0_27,sex_btsx,3116
pry,1990,agegroup_days0_27,sex_btsx,3071
pry,1991,agegroup_days0_27,sex_btsx,3037
pry,1992,agegroup_days0_27,sex_btsx,2993
pry,1993,agegroup_days0_27,sex_btsx,2927
pry,1994,agegroup_days0_27,sex_btsx,2877
pry,1995,agegroup_days0_27,sex_btsx,2827
pry,1996,agegroup_days0_27,sex_btsx,2778
pry,1997,agegroup_days0_27,sex_btsx,2715
pry,1998,agegroup_days0_27,sex_btsx,2643
pry,1999,agegroup_days0_27,sex_btsx,2567
pry,2000,agegroup_days0_27,sex_btsx,2463
pry,2001,agegroup_days0_27,sex_btsx,2362
pry,2002,agegroup_days0_27,sex_btsx,2268
pry,2003,agegroup_days0_27,sex_btsx,2179
pry,2004,agegroup_days0_27,sex_btsx,2123
pry,2005,agegroup_days0_27,sex_btsx,2061
pry,2006,agegroup_days0_27,sex_btsx,1995
pry,2007,agegroup_days0_27,sex_btsx,1938
pry,2008,agegroup_days0_27,sex_btsx,1896
pry,2009,agegroup_days0_27,sex_btsx,1855
pry,2010,agegroup_days0_27,sex_btsx,1790
pry,2011,agegroup_days0_27,sex_btsx,1754
pry,2012,agegroup_days0_27,sex_btsx,1730
pry,2013,agegroup_days0_27,sex_btsx,1695
pry,2014,agegroup_days0_27,sex_btsx,1672
pry,2015,agegroup_days0_27,sex_btsx,1648
pry,2016,agegroup_days0_27,sex_btsx,1608
pry,2017,agegroup_days0_27,sex_btsx,1556
pry,2018,agegroup_days0_27,sex_btsx,1499
pry,2019,agegroup_days0_27,sex_btsx,1443
pry,2020,agegroup_days0_27,sex_btsx,1391
pry,2021,agegroup_days0_27,sex_btsx,1344
pry,2022,agegroup_days0_27,sex_btsx,1295
pry,2023,agegroup_days0_27,sex_btsx,1242
pse,1989,agegroup_days0_27,sex_btsx,2193
pse,1990,agegroup_days0_27,sex_btsx,2215
pse,1991,agegroup_days0_27,sex_btsx,2232
pse,1992,agegroup_days0_27,sex_btsx,2239
pse,1993,agegroup_days0_27,sex_btsx,2232
pse,1994,agegroup_days0_27,sex_btsx,2221
pse,1995,agegroup_days0_27,sex_btsx,2195
pse,1996,agegroup_days0_27,sex_btsx,2154
pse,1997,agegroup_days0_27,sex_btsx,2115
pse,1998,agegroup_days0_27,sex_btsx,2100
pse,1999,agegroup_days0_27,sex_btsx,2083
pse,2000,agegroup_days0_27,sex_btsx,2066
pse,2001,agegroup_days0_27,sex_btsx,2057
pse,2002,agegroup_days0_27,sex_btsx,2037
pse,2003,agegroup_days0_27,sex_btsx,1998
pse,2004,agegroup_days0_27,sex_btsx,1970
pse,2005,agegroup_days0_27,sex_btsx,1934
pse,2006,agegroup_days0_27,sex_btsx,1886
pse,2007,agegroup_days0_27,sex_btsx,1830
pse,2008,agegroup_days0_27,sex_btsx,1807
pse,2009,agegroup_days0_27,sex_btsx,1800
pse,2010,agegroup_days0_27,sex_btsx,1816
pse,2011,agegroup_days0_27,sex_btsx,1781
pse,2012,agegroup_days0_27,sex_btsx,1732
pse,2013,agegroup_days0_27,sex_btsx,1697
pse,2014,agegroup_days0_27,sex_btsx,1685
pse,2015,agegroup_days0_27,sex_btsx,1665
pse,2016,agegroup_days0_27,sex_btsx,1618
pse,2017,agegroup_days0_27,sex_btsx,1559
pse,2018,agegroup_days0_27,sex_btsx,1496
pse,2019,agegroup_days0_27,sex_btsx,1436
pse,2020,agegroup_days0_27,sex_btsx,1379
pse,2021,agegroup_days0_27,sex_btsx,1332
pse,2022,agegroup_days0_27,sex_btsx,1285
pse,2023,agegroup_days0_27,sex_btsx,1274
qat,1990,agegroup_days0_27,sex_btsx,119
qat,1991,agegroup_days0_27,sex_btsx,109
qat,1992,agegroup_days0_27,sex_btsx,102
qat,1993,agegroup_days0_27,sex_btsx,97
qat,1994,agegroup_days0_27,sex_btsx,91
qat,1995,agegroup_days0_27,sex_btsx,86
qat,1996,agegroup_days0_27,sex_btsx,81
qat,1997,agegroup_days0_27,sex_btsx,76
qat,1998,agegroup_days0_27,sex_btsx,74
qat,1999,agegroup_days0_27,sex_btsx,73
qat,2000,agegroup_days0_27,sex_btsx,74
qat,2001,agegroup_days0_27,sex_btsx,75
qat,2002,agegroup_days0_27,sex_btsx,75
qat,2003,agegroup_days0_27,sex_btsx,74
qat,2004,agegroup_days0_27,sex_btsx,72
qat,2005,agegroup_days0_27,sex_btsx,71
qat,2006,agegroup_days0_27,sex_btsx,62
qat,2007,agegroup_days0_27,sex_btsx,66
qat,2008,agegroup_days0_27,sex_btsx,79
qat,2009,agegroup_days0_27,sex_btsx,83
qat,2010,agegroup_days0_27,sex_btsx,88
qat,2011,agegroup_days0_27,sex_btsx,90
qat,2012,agegroup_days0_27,sex_btsx,92
qat,2013,agegroup_days0_27,sex_btsx,94
qat,2014,agegroup_days0_27,sex_btsx,97
qat,2015,agegroup_days0_27,sex_btsx,98
qat,2016,agegroup_days0_27,sex_btsx,98
qat,2017,agegroup_days0_27,sex_btsx,102
qat,2018,agegroup_days0_27,sex_btsx,102
qat,2019,agegroup_days0_27,sex_btsx,104
qat,2020,agegroup_days0_27,sex_btsx,105
qat,2021,agegroup_days0_27,sex_btsx,101
qat,2022,agegroup_days0_27,sex_btsx,109
qat,2023,agegroup_days0_27,sex_btsx,110
rou,1990,agegroup_days0_27,sex_btsx,4963
rou,1991,agegroup_days0_27,sex_btsx,4179
rou,1992,agegroup_days0_27,sex_btsx,3813
rou,1993,agegroup_days0_27,sex_btsx,3582
rou,1994,agegroup_days0_27,sex_btsx,3456
rou,1995,agegroup_days0_27,sex_btsx,3257
rou,1996,agegroup_days0_27,sex_btsx,3090
rou,1997,agegroup_days0_27,sex_btsx,2985
rou,1998,agegroup_days0_27,sex_btsx,2793
rou,1999,agegroup_days0_27,sex_btsx,2563
rou,2000,agegroup_days0_27,sex_btsx,2375
rou,2001,agegroup_days0_27,sex_btsx,2178
rou,2002,agegroup_days0_27,sex_btsx,2083
rou,2003,agegroup_days0_27,sex_btsx,2067
rou,2004,agegroup_days0_27,sex_btsx,2032
rou,2005,agegroup_days0_27,sex_btsx,1947
rou,2006,agegroup_days0_27,sex_btsx,1762
rou,2007,agegroup_days0_27,sex_btsx,1575
rou,2008,agegroup_days0_27,sex_btsx,1513
rou,2009,agegroup_days0_27,sex_btsx,1399
rou,2010,agegroup_days0_27,sex_btsx,1232
rou,2011,agegroup_days0_27,sex_btsx,1077
rou,2012,agegroup_days0_27,sex_btsx,1035
rou,2013,agegroup_days0_27,sex_btsx,952
rou,2014,agegroup_days0_27,sex_btsx,939
rou,2015,agegroup_days0_27,sex_btsx,886
rou,2016,agegroup_days0_27,sex_btsx,823
rou,2017,agegroup_days0_27,sex_btsx,767
rou,2018,agegroup_days0_27,sex_btsx,689
rou,2019,agegroup_days0_27,sex_btsx,623
rou,2020,agegroup_days0_27,sex_btsx,602
rou,2021,agegroup_days0_27,sex_btsx,590
rou,2022,agegroup_days0_27,sex_btsx,595
rou,2023,agegroup_days0_27,sex_btsx,613
rus,1990,agegroup_days0_27,sex_btsx,22247
rus,1991,agegroup_days0_27,sex_btsx,19886
rus,1992,agegroup_days0_27,sex_btsx,17575
rus,1993,agegroup_days0_27,sex_btsx,15355
rus,1994,agegroup_days0_27,sex_btsx,15254
rus,1995,agegroup_days0_27,sex_btsx,14698
rus,1996,agegroup_days0_27,sex_btsx,13775
rus,1997,agegroup_days0_27,sex_btsx,12948
rus,1998,agegroup_days0_27,sex_btsx,12563
rus,1999,agegroup_days0_27,sex_btsx,11671
rus,2000,agegroup_days0_27,sex_btsx,11415
rus,2001,agegroup_days0_27,sex_btsx,11288
rus,2002,agegroup_days0_27,sex_btsx,11215
rus,2003,agegroup_days0_27,sex_btsx,10942
rus,2004,agegroup_days0_27,sex_btsx,10326
rus,2005,agegroup_days0_27,sex_btsx,9436
rus,2006,agegroup_days0_27,sex_btsx,8916
rus,2007,agegroup_days0_27,sex_btsx,8776
rus,2008,agegroup_days0_27,sex_btsx,8442
rus,2009,agegroup_days0_27,sex_btsx,8159
rus,2010,agegroup_days0_27,sex_btsx,8253
rus,2011,agegroup_days0_27,sex_btsx,8490
rus,2012,agegroup_days0_27,sex_btsx,9065
rus,2013,agegroup_days0_27,sex_btsx,8891
rus,2014,agegroup_days0_27,sex_btsx,8441
rus,2015,agegroup_days0_27,sex_btsx,7620
rus,2016,agegroup_days0_27,sex_btsx,6647
rus,2017,agegroup_days0_27,sex_btsx,5443
rus,2018,agegroup_days0_27,sex_btsx,4740
rus,2019,agegroup_days0_27,sex_btsx,3969
rus,2020,agegroup_days0_27,sex_btsx,3392
rus,2021,agegroup_days0_27,sex_btsx,2899
rus,2022,agegroup_days0_27,sex_btsx,2461
rus,2023,agegroup_days0_27,sex_btsx,2230
rwa,1961,agegroup_days0_27,sex_btsx,10039
rwa,1962,agegroup_days0_27,sex_btsx,10000
rwa,1963,agegroup_days0_27,sex_btsx,9966
rwa,1964,agegroup_days0_27,sex_btsx,9960
rwa,1965,agegroup_days0_27,sex_btsx,10019
rwa,1966,agegroup_days0_27,sex_btsx,10187
rwa,1967,agegroup_days0_27,sex_btsx,10456
rwa,1968,agegroup_days0_27,sex_btsx,10782
rwa,1969,agegroup_days0_27,sex_btsx,11192
rwa,1970,agegroup_days0_27,sex_btsx,11597
rwa,1971,agegroup_days0_27,sex_btsx,12016
rwa,1972,agegroup_days0_27,sex_btsx,12519
rwa,1973,agegroup_days0_27,sex_btsx,13116
rwa,1974,agegroup_days0_27,sex_btsx,13804
rwa,1975,agegroup_days0_27,sex_btsx,14482
rwa,1976,agegroup_days0_27,sex_btsx,15210
rwa,1977,agegroup_days0_27,sex_btsx,15780
rwa,1978,agegroup_days0_27,sex_btsx,16214
rwa,1979,agegroup_days0_27,sex_btsx,16410
rwa,1980,agegroup_days0_27,sex_btsx,16306
rwa,1981,agegroup_days0_27,sex_btsx,16057
rwa,1982,agegroup_days0_27,sex_btsx,15696
rwa,1983,agegroup_days0_27,sex_btsx,15294
rwa,1984,agegroup_days0_27,sex_btsx,14971
rwa,1985,agegroup_days0_27,sex_btsx,14665
rwa,1986,agegroup_days0_27,sex_btsx,14270
rwa,1987,agegroup_days0_27,sex_btsx,13833
rwa,1988,agegroup_days0_27,sex_btsx,13462
rwa,1989,agegroup_days0_27,sex_btsx,13276
rwa,1990,agegroup_days0_27,sex_btsx,13282
rwa,1991,agegroup_days0_27,sex_btsx,13511
rwa,1992,agegroup_days0_27,sex_btsx,14277
rwa,1993,agegroup_days0_27,sex_btsx,15340
rwa,1994,agegroup_days0_27,sex_btsx,16716
rwa,1995,agegroup_days0_27,sex_btsx,11205
rwa,1996,agegroup_days0_27,sex_btsx,12375
rwa,1997,agegroup_days0_27,sex_btsx,15395
rwa,1998,agegroup_days0_27,sex_btsx,16314
rwa,1999,agegroup_days0_27,sex_btsx,15733
rwa,2000,agegroup_days0_27,sex_btsx,14914
rwa,2001,agegroup_days0_27,sex_btsx,14053
rwa,2002,agegroup_days0_27,sex_btsx,13171
rwa,2003,agegroup_days0_27,sex_btsx,12408
rwa,2004,agegroup_days0_27,sex_btsx,11804
rwa,2005,agegroup_days0_27,sex_btsx,11190
rwa,2006,agegroup_days0_27,sex_btsx,10592
rwa,2007,agegroup_days0_27,sex_btsx,9997
rwa,2008,agegroup_days0_27,sex_btsx,9452
rwa,2009,agegroup_days0_27,sex_btsx,8906
rwa,2010,agegroup_days0_27,sex_btsx,8451
rwa,2011,agegroup_days0_27,sex_btsx,8002
rwa,2012,agegroup_days0_27,sex_btsx,7695
rwa,2013,agegroup_days0_27,sex_btsx,7545
rwa,2014,agegroup_days0_27,sex_btsx,7504
rwa,2015,agegroup_days0_27,sex_btsx,7505
rwa,2016,agegroup_days0_27,sex_btsx,7523
rwa,2017,agegroup_days0_27,sex_btsx,7527
rwa,2018,agegroup_days0_27,sex_btsx,7492
rwa,2019,agegroup_days0_27,sex_btsx,7431
rwa,2020,agegroup_days0_27,sex_btsx,7343
rwa,2021,agegroup_days0_27,sex_btsx,7275
rwa,2022,agegroup_days0_27,sex_btsx,7217
rwa,2023,agegroup_days0_27,sex_btsx,7168
sau,1990,agegroup_days0_27,sex_btsx,8935
sau,1991,agegroup_days0_27,sex_btsx,8597
sau,1992,agegroup_days0_27,sex_btsx,8240
sau,1993,agegroup_days0_27,sex_btsx,7832
sau,1994,agegroup_days0_27,sex_btsx,7365
sau,1995,agegroup_days0_27,sex_btsx,6917
sau,1996,agegroup_days0_27,sex_btsx,6485
sau,1997,agegroup_days0_27,sex_btsx,6117
sau,1998,agegroup_days0_27,sex_btsx,5803
sau,1999,agegroup_days0_27,sex_btsx,5454
sau,2000,agegroup_days0_27,sex_btsx,5163
sau,2001,agegroup_days0_27,sex_btsx,4759
sau,2002,agegroup_days0_27,sex_btsx,4386
sau,2003,agegroup_days0_27,sex_btsx,4068
sau,2004,agegroup_days0_27,sex_btsx,3832
sau,2005,agegroup_days0_27,sex_btsx,3727
sau,2006,agegroup_days0_27,sex_btsx,3712
sau,2007,agegroup_days0_27,sex_btsx,3711
sau,2008,agegroup_days0_27,sex_btsx,3564
sau,2009,agegroup_days0_27,sex_btsx,3398
sau,2010,agegroup_days0_27,sex_btsx,3212
sau,2011,agegroup_days0_27,sex_btsx,3158
sau,2012,agegroup_days0_27,sex_btsx,3083
sau,2013,agegroup_days0_27,sex_btsx,2892
sau,2014,agegroup_days0_27,sex_btsx,2804
sau,2015,agegroup_days0_27,sex_btsx,2639
sau,2016,agegroup_days0_27,sex_btsx,2536
sau,2017,agegroup_days0_27,sex_btsx,2403
sau,2018,agegroup_days0_27,sex_btsx,2219
sau,2019,agegroup_days0_27,sex_btsx,1937
sau,2020,agegroup_days0_27,sex_btsx,1728
sau,2021,agegroup_days0_27,sex_btsx,1601
sau,2022,agegroup_days0_27,sex_btsx,1513
sau,2023,agegroup_days0_27,sex_btsx,1614
sdn,1970,agegroup_days0_27,sex_btsx,26552
sdn,1971,agegroup_days0_27,sex_btsx,27392
sdn,1972,agegroup_days0_27,sex_btsx,27973
sdn,1973,agegroup_days0_27,sex_btsx,28549
sdn,1974,agegroup_days0_27,sex_btsx,28898
sdn,1975,agegroup_days0_27,sex_btsx,29450
sdn,1976,agegroup_days0_27,sex_btsx,30318
sdn,1977,agegroup_days0_27,sex_btsx,31028
sdn,1978,agegroup_days0_27,sex_btsx,31991
sdn,1979,agegroup_days0_27,sex_btsx,33507
sdn,1980,agegroup_days0_27,sex_btsx,34864
sdn,1981,agegroup_days0_27,sex_btsx,36543
sdn,1982,agegroup_days0_27,sex_btsx,37818
sdn,1983,agegroup_days0_27,sex_btsx,39709
sdn,1984,agegroup_days0_27,sex_btsx,40146
sdn,1985,agegroup_days0_27,sex_btsx,40388
sdn,1986,agegroup_days0_27,sex_btsx,40145
sdn,1987,agegroup_days0_27,sex_btsx,40335
sdn,1988,agegroup_days0_27,sex_btsx,40680
sdn,1989,agegroup_days0_27,sex_btsx,41023
sdn,1990,agegroup_days0_27,sex_btsx,41160
sdn,1991,agegroup_days0_27,sex_btsx,41432
sdn,1992,agegroup_days0_27,sex_btsx,41622
sdn,1993,agegroup_days0_27,sex_btsx,41765
sdn,1994,agegroup_days0_27,sex_btsx,41886
sdn,1995,agegroup_days0_27,sex_btsx,41987
sdn,1996,agegroup_days0_27,sex_btsx,41923
sdn,1997,agegroup_days0_27,sex_btsx,41630
sdn,1998,agegroup_days0_27,sex_btsx,41495
sdn,1999,agegroup_days0_27,sex_btsx,41698
sdn,2000,agegroup_days0_27,sex_btsx,41816
sdn,2001,agegroup_days0_27,sex_btsx,41901
sdn,2002,agegroup_days0_27,sex_btsx,41907
sdn,2003,agegroup_days0_27,sex_btsx,41833
sdn,2004,agegroup_days0_27,sex_btsx,41956
sdn,2005,agegroup_days0_27,sex_btsx,41831
sdn,2006,agegroup_days0_27,sex_btsx,41403
sdn,2007,agegroup_days0_27,sex_btsx,41437
sdn,2008,agegroup_days0_27,sex_btsx,41482
sdn,2009,agegroup_days0_27,sex_btsx,41786
sdn,2010,agegroup_days0_27,sex_btsx,42196
sdn,2011,agegroup_days0_27,sex_btsx,41794
sdn,2012,agegroup_days0_27,sex_btsx,41313
sdn,2013,agegroup_days0_27,sex_btsx,41038
sdn,2014,agegroup_days0_27,sex_btsx,40855
sdn,2015,agegroup_days0_27,sex_btsx,41477
sdn,2016,agegroup_days0_27,sex_btsx,41650
sdn,2017,agegroup_days0_27,sex_btsx,41845
sdn,2018,agegroup_days0_27,sex_btsx,42561
sdn,2019,agegroup_days0_27,sex_btsx,42878
sdn,2020,agegroup_days0_27,sex_btsx,42589
sdn,2021,agegroup_days0_27,sex_btsx,42213
sdn,2022,agegroup_days0_27,sex_btsx,41963
sdn,2023,agegroup_days0_27,sex_btsx,41690
sen,1956,agegroup_days0_27,sex_btsx,10462
sen,1957,agegroup_days0_27,sex_btsx,10525
sen,1958,agegroup_days0_27,sex_btsx,10608
sen,1959,agegroup_days0_27,sex_btsx,10705
sen,1960,agegroup_days0_27,sex_btsx,10798
sen,1961,agegroup_days0_27,sex_btsx,10890
sen,1962,agegroup_days0_27,sex_btsx,10986
sen,1963,agegroup_days0_27,sex_btsx,11066
sen,1964,agegroup_days0_27,sex_btsx,11123
sen,1965,agegroup_days0_27,sex_btsx,11224
sen,1966,agegroup_days0_27,sex_btsx,11347
sen,1967,agegroup_days0_27,sex_btsx,11461
sen,1968,agegroup_days0_27,sex_btsx,11596
sen,1969,agegroup_days0_27,sex_btsx,11788
sen,1970,agegroup_days0_27,sex_btsx,12006
sen,1971,agegroup_days0_27,sex_btsx,12254
sen,1972,agegroup_days0_27,sex_btsx,12498
sen,1973,agegroup_days0_27,sex_btsx,12710
sen,1974,agegroup_days0_27,sex_btsx,12907
sen,1975,agegroup_days0_27,sex_btsx,13080
sen,1976,agegroup_days0_27,sex_btsx,13175
sen,1977,agegroup_days0_27,sex_btsx,13184
sen,1978,agegroup_days0_27,sex_btsx,13133
sen,1979,agegroup_days0_27,sex_btsx,13093
sen,1980,agegroup_days0_27,sex_btsx,13142
sen,1981,agegroup_days0_27,sex_btsx,13227
sen,1982,agegroup_days0_27,sex_btsx,13284
sen,1983,agegroup_days0_27,sex_btsx,13342
sen,1984,agegroup_days0_27,sex_btsx,13307
sen,1985,agegroup_days0_27,sex_btsx,13209
sen,1986,agegroup_days0_27,sex_btsx,13021
sen,1987,agegroup_days0_27,sex_btsx,12912
sen,1988,agegroup_days0_27,sex_btsx,12754
sen,1989,agegroup_days0_27,sex_btsx,12806
sen,1990,agegroup_days0_27,sex_btsx,13001
sen,1991,agegroup_days0_27,sex_btsx,13138
sen,1992,agegroup_days0_27,sex_btsx,13349
sen,1993,agegroup_days0_27,sex_btsx,13609
sen,1994,agegroup_days0_27,sex_btsx,13799
sen,1995,agegroup_days0_27,sex_btsx,14025
sen,1996,agegroup_days0_27,sex_btsx,14228
sen,1997,agegroup_days0_27,sex_btsx,14467
sen,1998,agegroup_days0_27,sex_btsx,14646
sen,1999,agegroup_days0_27,sex_btsx,14828
sen,2000,agegroup_days0_27,sex_btsx,14730
sen,2001,agegroup_days0_27,sex_btsx,14478
sen,2002,agegroup_days0_27,sex_btsx,14266
sen,2003,agegroup_days0_27,sex_btsx,14124
sen,2004,agegroup_days0_27,sex_btsx,13797
sen,2005,agegroup_days0_27,sex_btsx,13461
sen,2006,agegroup_days0_27,sex_btsx,13168
sen,2007,agegroup_days0_27,sex_btsx,12929
sen,2008,agegroup_days0_27,sex_btsx,12837
sen,2009,agegroup_days0_27,sex_btsx,12742
sen,2010,agegroup_days0_27,sex_btsx,12702
sen,2011,agegroup_days0_27,sex_btsx,12784
sen,2012,agegroup_days0_27,sex_btsx,12999
sen,2013,agegroup_days0_27,sex_btsx,13057
sen,2014,agegroup_days0_27,sex_btsx,13105
sen,2015,agegroup_days0_27,sex_btsx,13305
sen,2016,agegroup_days0_27,sex_btsx,13615
sen,2017,agegroup_days0_27,sex_btsx,13673
sen,2018,agegroup_days0_27,sex_btsx,13447
sen,2019,agegroup_days0_27,sex_btsx,13007
sen,2020,agegroup_days0_27,sex_btsx,12687
sen,2021,agegroup_days0_27,sex_btsx,12396
sen,2022,agegroup_days0_27,sex_btsx,12068
sen,2023,agegroup_days0_27,sex_btsx,11862
sgp,1969,agegroup_days0_27,sex_btsx,706
sgp,1970,agegroup_days0_27,sex_btsx,677
sgp,1971,agegroup_days0_27,sex_btsx,680
sgp,1972,agegroup_days0_27,sex_btsx,690
sgp,1973,agegroup_days0_27,sex_btsx,627
sgp,1974,agegroup_days0_27,sex_btsx,510
sgp,1975,agegroup_days0_27,sex_btsx,427
sgp,1976,agegroup_days0_27,sex_btsx,419
sgp,1977,agegroup_days0_27,sex_btsx,369
sgp,1978,agegroup_days0_27,sex_btsx,367
sgp,1979,agegroup_days0_27,sex_btsx,373
sgp,1980,agegroup_days0_27,sex_btsx,363
sgp,1981,agegroup_days0_27,sex_btsx,358
sgp,1982,agegroup_days0_27,sex_btsx,354
sgp,1983,agegroup_days0_27,sex_btsx,321
sgp,1984,agegroup_days0_27,sex_btsx,311
sgp,1985,agegroup_days0_27,sex_btsx,297
sgp,1986,agegroup_days0_27,sex_btsx,243
sgp,1987,agegroup_days0_27,sex_btsx,245
sgp,1988,agegroup_days0_27,sex_btsx,266
sgp,1989,agegroup_days0_27,sex_btsx,215
sgp,1990,agegroup_days0_27,sex_btsx,204
sgp,1991,agegroup_days0_27,sex_btsx,176
sgp,1992,agegroup_days0_27,sex_btsx,156
sgp,1993,agegroup_days0_27,sex_btsx,141
sgp,1994,agegroup_days0_27,sex_btsx,126
sgp,1995,agegroup_days0_27,sex_btsx,115
sgp,1996,agegroup_days0_27,sex_btsx,108
sgp,1997,agegroup_days0_27,sex_btsx,101
sgp,1998,agegroup_days0_27,sex_btsx,89
sgp,1999,agegroup_days0_27,sex_btsx,82
sgp,2000,agegroup_days0_27,sex_btsx,82
sgp,2001,agegroup_days0_27,sex_btsx,69
sgp,2002,agegroup_days0_27,sex_btsx,64
sgp,2003,agegroup_days0_27,sex_btsx,56
sgp,2004,agegroup_days0_27,sex_btsx,53
sgp,2005,agegroup_days0_27,sex_btsx,52
sgp,2006,agegroup_days0_27,sex_btsx,52
sgp,2007,agegroup_days0_27,sex_btsx,53
sgp,2008,agegroup_days0_27,sex_btsx,53
sgp,2009,agegroup_days0_27,sex_btsx,52
sgp,2010,agegroup_days0_27,sex_btsx,48
sgp,2011,agegroup_days0_27,sex_btsx,50
sgp,2012,agegroup_days0_27,sex_btsx,53
sgp,2013,agegroup_days0_27,sex_btsx,50
sgp,2014,agegroup_days0_27,sex_btsx,53
sgp,2015,agegroup_days0_27,sex_btsx,52
sgp,2016,agegroup_days0_27,sex_btsx,50
sgp,2017,agegroup_days0_27,sex_btsx,49
sgp,2018,agegroup_days0_27,sex_btsx,49
sgp,2019,agegroup_days0_27,sex_btsx,47
sgp,2020,agegroup_days0_27,sex_btsx,45
sgp,2021,agegroup_days0_27,sex_btsx,43
sgp,2022,agegroup_days0_27,sex_btsx,42
sgp,2023,agegroup_days0_27,sex_btsx,43
slb,1990,agegroup_days0_27,sex_btsx,189
slb,1991,agegroup_days0_27,sex_btsx,188
slb,1992,agegroup_days0_27,sex_btsx,188
slb,1993,agegroup_days0_27,sex_btsx,188
slb,1994,agegroup_days0_27,sex_btsx,190
slb,1995,agegroup_days0_27,sex_btsx,192
slb,1996,agegroup_days0_27,sex_btsx,194
slb,1997,agegroup_days0_27,sex_btsx,195
slb,1998,agegroup_days0_27,sex_btsx,197
slb,1999,agegroup_days0_27,sex_btsx,199
slb,2000,agegroup_days0_27,sex_btsx,199
slb,2001,agegroup_days0_27,sex_btsx,200
slb,2002,agegroup_days0_27,sex_btsx,200
slb,2003,agegroup_days0_27,sex_btsx,200
slb,2004,agegroup_days0_27,sex_btsx,199
slb,2005,agegroup_days0_27,sex_btsx,198
slb,2006,agegroup_days0_27,sex_btsx,198
slb,2007,agegroup_days0_27,sex_btsx,199
slb,2008,agegroup_days0_27,sex_btsx,198
slb,2009,agegroup_days0_27,sex_btsx,197
slb,2010,agegroup_days0_27,sex_btsx,195
slb,2011,agegroup_days0_27,sex_btsx,197
slb,2012,agegroup_days0_27,sex_btsx,199
slb,2013,agegroup_days0_27,sex_btsx,202
slb,2014,agegroup_days0_27,sex_btsx,206
slb,2015,agegroup_days0_27,sex_btsx,206
slb,2016,agegroup_days0_27,sex_btsx,205
slb,2017,agegroup_days0_27,sex_btsx,201
slb,2018,agegroup_days0_27,sex_btsx,197
slb,2019,agegroup_days0_27,sex_btsx,193
slb,2020,agegroup_days0_27,sex_btsx,189
slb,2021,agegroup_days0_27,sex_btsx,187
slb,2022,agegroup_days0_27,sex_btsx,182
slb,2023,agegroup_days0_27,sex_btsx,179
sle,1990,agegroup_days0_27,sex_btsx,9932
sle,1991,agegroup_days0_27,sex_btsx,10446
sle,1992,agegroup_days0_27,sex_btsx,10128
sle,1993,agegroup_days0_27,sex_btsx,10033
sle,1994,agegroup_days0_27,sex_btsx,9988
sle,1995,agegroup_days0_27,sex_btsx,9931
sle,1996,agegroup_days0_27,sex_btsx,9845
sle,1997,agegroup_days0_27,sex_btsx,9822
sle,1998,agegroup_days0_27,sex_btsx,9808
sle,1999,agegroup_days0_27,sex_btsx,9694
sle,2000,agegroup_days0_27,sex_btsx,9580
sle,2001,agegroup_days0_27,sex_btsx,9775
sle,2002,agegroup_days0_27,sex_btsx,10261
sle,2003,agegroup_days0_27,sex_btsx,10362
sle,2004,agegroup_days0_27,sex_btsx,10317
sle,2005,agegroup_days0_27,sex_btsx,10284
sle,2006,agegroup_days0_27,sex_btsx,10255
sle,2007,agegroup_days0_27,sex_btsx,10059
sle,2008,agegroup_days0_27,sex_btsx,9921
sle,2009,agegroup_days0_27,sex_btsx,9718
sle,2010,agegroup_days0_27,sex_btsx,9520
sle,2011,agegroup_days0_27,sex_btsx,9351
sle,2012,agegroup_days0_27,sex_btsx,9158
sle,2013,agegroup_days0_27,sex_btsx,8859
sle,2014,agegroup_days0_27,sex_btsx,8634
sle,2015,agegroup_days0_27,sex_btsx,8420
sle,2016,agegroup_days0_27,sex_btsx,8276
sle,2017,agegroup_days0_27,sex_btsx,8199
sle,2018,agegroup_days0_27,sex_btsx,8108
sle,2019,agegroup_days0_27,sex_btsx,8002
sle,2020,agegroup_days0_27,sex_btsx,7874
sle,2021,agegroup_days0_27,sex_btsx,7763
sle,2022,agegroup_days0_27,sex_btsx,7662
sle,2023,agegroup_days0_27,sex_btsx,7569
slv,1986,agegroup_days0_27,sex_btsx,4392
slv,1987,agegroup_days0_27,sex_btsx,4367
slv,1988,agegroup_days0_27,sex_btsx,4300
slv,1989,agegroup_days0_27,sex_btsx,4217
slv,1990,agegroup_days0_27,sex_btsx,4099
slv,1991,agegroup_days0_27,sex_btsx,3966
slv,1992,agegroup_days0_27,sex_btsx,3790
slv,1993,agegroup_days0_27,sex_btsx,3598
slv,1994,agegroup_days0_27,sex_btsx,3449
slv,1995,agegroup_days0_27,sex_btsx,3322
slv,1996,agegroup_days0_27,sex_btsx,3167
slv,1997,agegroup_days0_27,sex_btsx,2988
slv,1998,agegroup_days0_27,sex_btsx,2855
slv,1999,agegroup_days0_27,sex_btsx,2599
slv,2000,agegroup_days0_27,sex_btsx,2346
slv,2001,agegroup_days0_27,sex_btsx,2107
slv,2002,agegroup_days0_27,sex_btsx,1879
slv,2003,agegroup_days0_27,sex_btsx,1681
slv,2004,agegroup_days0_27,sex_btsx,1512
slv,2005,agegroup_days0_27,sex_btsx,1383
slv,2006,agegroup_days0_27,sex_btsx,1282
slv,2007,agegroup_days0_27,sex_btsx,1192
slv,2008,agegroup_days0_27,sex_btsx,1106
slv,2009,agegroup_days0_27,sex_btsx,1042
slv,2010,agegroup_days0_27,sex_btsx,984
slv,2011,agegroup_days0_27,sex_btsx,934
slv,2012,agegroup_days0_27,sex_btsx,879
slv,2013,agegroup_days0_27,sex_btsx,826
slv,2014,agegroup_days0_27,sex_btsx,780
slv,2015,agegroup_days0_27,sex_btsx,724
slv,2016,agegroup_days0_27,sex_btsx,660
slv,2017,agegroup_days0_27,sex_btsx,607
slv,2018,agegroup_days0_27,sex_btsx,563
slv,2019,agegroup_days0_27,sex_btsx,534
slv,2020,agegroup_days0_27,sex_btsx,504
slv,2021,agegroup_days0_27,sex_btsx,481
slv,2022,agegroup_days0_27,sex_btsx,457
slv,2023,agegroup_days0_27,sex_btsx,439
smr,1990,agegroup_days0_27,sex_btsx,2
smr,1991,agegroup_days0_27,sex_btsx,1
smr,1992,agegroup_days0_27,sex_btsx,1
smr,1993,agegroup_days0_27,sex_btsx,1
smr,1994,agegroup_days0_27,sex_btsx,1
smr,1995,agegroup_days0_27,sex_btsx,1
smr,1996,agegroup_days0_27,sex_btsx,1
smr,1997,agegroup_days0_27,sex_btsx,1
smr,1998,agegroup_days0_27,sex_btsx,1
smr,1999,agegroup_days0_27,sex_btsx,1
smr,2000,agegroup_days0_27,sex_btsx,1
smr,2001,agegroup_days0_27,sex_btsx,1
smr,2002,agegroup_days0_27,sex_btsx,1
smr,2003,agegroup_days0_27,sex_btsx,1
smr,2004,agegroup_days0_27,sex_btsx,1
smr,2005,agegroup_days0_27,sex_btsx,0
smr,2006,agegroup_days0_27,sex_btsx,0
smr,2007,agegroup_days0_27,sex_btsx,0
smr,2008,agegroup_days0_27,sex_btsx,0
smr,2009,agegroup_days0_27,sex_btsx,0
smr,2010,agegroup_days0_27,sex_btsx,0
smr,2011,agegroup_days0_27,sex_btsx,0
smr,2012,agegroup_days0_27,sex_btsx,0
smr,2013,agegroup_days0_27,sex_btsx,0
smr,2014,agegroup_days0_27,sex_btsx,0
smr,2015,agegroup_days0_27,sex_btsx,0
smr,2016,agegroup_days0_27,sex_btsx,0
smr,2017,agegroup_days0_27,sex_btsx,0
smr,2018,agegroup_days0_27,sex_btsx,0
smr,2019,agegroup_days0_27,sex_btsx,0
smr,2020,agegroup_days0_27,sex_btsx,0
smr,2021,agegroup_days0_27,sex_btsx,0
smr,2022,agegroup_days0_27,sex_btsx,0
smr,2023,agegroup_days0_27,sex_btsx,0
som,1984,agegroup_days0_27,sex_btsx,14962
som,1985,agegroup_days0_27,sex_btsx,15510
som,1986,agegroup_days0_27,sex_btsx,16102
som,1987,agegroup_days0_27,sex_btsx,16755
som,1988,agegroup_days0_27,sex_btsx,17115
som,1989,agegroup_days0_27,sex_btsx,16529
som,1990,agegroup_days0_27,sex_btsx,16227
som,1991,agegroup_days0_27,sex_btsx,17566
som,1992,agegroup_days0_27,sex_btsx,16594
som,1993,agegroup_days0_27,sex_btsx,14941
som,1994,agegroup_days0_27,sex_btsx,15993
som,1995,agegroup_days0_27,sex_btsx,16395
som,1996,agegroup_days0_27,sex_btsx,17122
som,1997,agegroup_days0_27,sex_btsx,17659
som,1998,agegroup_days0_27,sex_btsx,18409
som,1999,agegroup_days0_27,sex_btsx,19210
som,2000,agegroup_days0_27,sex_btsx,19995
som,2001,agegroup_days0_27,sex_btsx,20911
som,2002,agegroup_days0_27,sex_btsx,21821
som,2003,agegroup_days0_27,sex_btsx,22602
som,2004,agegroup_days0_27,sex_btsx,23487
som,2005,agegroup_days0_27,sex_btsx,24175
som,2006,agegroup_days0_27,sex_btsx,24847
som,2007,agegroup_days0_27,sex_btsx,25251
som,2008,agegroup_days0_27,sex_btsx,25708
som,2009,agegroup_days0_27,sex_btsx,25766
som,2010,agegroup_days0_27,sex_btsx,26130
som,2011,agegroup_days0_27,sex_btsx,27983
som,2012,agegroup_days0_27,sex_btsx,25800
som,2013,agegroup_days0_27,sex_btsx,25513
som,2014,agegroup_days0_27,sex_btsx,25903
som,2015,agegroup_days0_27,sex_btsx,26184
som,2016,agegroup_days0_27,sex_btsx,26358
som,2017,agegroup_days0_27,sex_btsx,27122
som,2018,agegroup_days0_27,sex_btsx,26949
som,2019,agegroup_days0_27,sex_btsx,26934
som,2020,agegroup_days0_27,sex_btsx,27249
som,2021,agegroup_days0_27,sex_btsx,27491
som,2022,agegroup_days0_27,sex_btsx,28146
som,2023,agegroup_days0_27,sex_btsx,27511
srb,1990,agegroup_days0_27,sex_btsx,1588
srb,1991,agegroup_days0_27,sex_btsx,1419
srb,1992,agegroup_days0_27,sex_btsx,1280
srb,1993,agegroup_days0_27,sex_btsx,1176
srb,1994,agegroup_days0_27,sex_btsx,1067
srb,1995,agegroup_days0_27,sex_btsx,944
srb,1996,agegroup_days0_27,sex_btsx,822
srb,1997,agegroup_days0_27,sex_btsx,715
srb,1998,agegroup_days0_27,sex_btsx,637
srb,1999,agegroup_days0_27,sex_btsx,585
srb,2000,agegroup_days0_27,sex_btsx,553
srb,2001,agegroup_days0_27,sex_btsx,530
srb,2002,agegroup_days0_27,sex_btsx,504
srb,2003,agegroup_days0_27,sex_btsx,470
srb,2004,agegroup_days0_27,sex_btsx,430
srb,2005,agegroup_days0_27,sex_btsx,391
srb,2006,agegroup_days0_27,sex_btsx,362
srb,2007,agegroup_days0_27,sex_btsx,344
srb,2008,agegroup_days0_27,sex_btsx,335
srb,2009,agegroup_days0_27,sex_btsx,333
srb,2010,agegroup_days0_27,sex_btsx,332
srb,2011,agegroup_days0_27,sex_btsx,323
srb,2012,agegroup_days0_27,sex_btsx,318
srb,2013,agegroup_days0_27,sex_btsx,299
srb,2014,agegroup_days0_27,sex_btsx,288
srb,2015,agegroup_days0_27,sex_btsx,271
srb,2016,agegroup_days0_27,sex_btsx,255
srb,2017,agegroup_days0_27,sex_btsx,245
srb,2018,agegroup_days0_27,sex_btsx,235
srb,2019,agegroup_days0_27,sex_btsx,230
srb,2020,agegroup_days0_27,sex_btsx,215
srb,2021,agegroup_days0_27,sex_btsx,209
srb,2022,agegroup_days0_27,sex_btsx,199
srb,2023,agegroup_days0_27,sex_btsx,190
ssd,1990,agegroup_days0_27,sex_btsx,16153
ssd,1991,agegroup_days0_27,sex_btsx,16364
ssd,1992,agegroup_days0_27,sex_btsx,16688
ssd,1993,agegroup_days0_27,sex_btsx,16721
ssd,1994,agegroup_days0_27,sex_btsx,16505
ssd,1995,agegroup_days0_27,sex_btsx,17079
ssd,1996,agegroup_days0_27,sex_btsx,17299
ssd,1997,agegroup_days0_27,sex_btsx,17154
ssd,1998,agegroup_days0_27,sex_btsx,17938
ssd,1999,agegroup_days0_27,sex_btsx,16823
ssd,2000,agegroup_days0_27,sex_btsx,16949
ssd,2001,agegroup_days0_27,sex_btsx,17009
ssd,2002,agegroup_days0_27,sex_btsx,17045
ssd,2003,agegroup_days0_27,sex_btsx,16968
ssd,2004,agegroup_days0_27,sex_btsx,16880
ssd,2005,agegroup_days0_27,sex_btsx,16782
ssd,2006,agegroup_days0_27,sex_btsx,16774
ssd,2007,agegroup_days0_27,sex_btsx,16821
ssd,2008,agegroup_days0_27,sex_btsx,16912
ssd,2009,agegroup_days0_27,sex_btsx,16908
ssd,2010,agegroup_days0_27,sex_btsx,16788
ssd,2011,agegroup_days0_27,sex_btsx,17206
ssd,2012,agegroup_days0_27,sex_btsx,17326
ssd,2013,agegroup_days0_27,sex_btsx,17375
ssd,2014,agegroup_days0_27,sex_btsx,17950
ssd,2015,agegroup_days0_27,sex_btsx,16832
ssd,2016,agegroup_days0_27,sex_btsx,16396
ssd,2017,agegroup_days0_27,sex_btsx,14672
ssd,2018,agegroup_days0_27,sex_btsx,12106
ssd,2019,agegroup_days0_27,sex_btsx,12358
ssd,2020,agegroup_days0_27,sex_btsx,12680
ssd,2021,agegroup_days0_27,sex_btsx,12993
ssd,2022,agegroup_days0_27,sex_btsx,12917
ssd,2023,agegroup_days0_27,sex_btsx,13196
stp,1986,agegroup_days0_27,sex_btsx,121
stp,1987,agegroup_days0_27,sex_btsx,123
stp,1988,agegroup_days0_27,sex_btsx,127
stp,1989,agegroup_days0_27,sex_btsx,129
stp,1990,agegroup_days0_27,sex_btsx,131
stp,1991,agegroup_days0_27,sex_btsx,132
stp,1992,agegroup_days0_27,sex_btsx,132
stp,1993,agegroup_days0_27,sex_btsx,130
stp,1994,agegroup_days0_27,sex_btsx,128
stp,1995,agegroup_days0_27,sex_btsx,128
stp,1996,agegroup_days0_27,sex_btsx,127
stp,1997,agegroup_days0_27,sex_btsx,126
stp,1998,agegroup_days0_27,sex_btsx,126
stp,1999,agegroup_days0_27,sex_btsx,127
stp,2000,agegroup_days0_27,sex_btsx,127
stp,2001,agegroup_days0_27,sex_btsx,127
stp,2002,agegroup_days0_27,sex_btsx,127
stp,2003,agegroup_days0_27,sex_btsx,125
stp,2004,agegroup_days0_27,sex_btsx,122
stp,2005,agegroup_days0_27,sex_btsx,120
stp,2006,agegroup_days0_27,sex_btsx,119
stp,2007,agegroup_days0_27,sex_btsx,118
stp,2008,agegroup_days0_27,sex_btsx,117
stp,2009,agegroup_days0_27,sex_btsx,114
stp,2010,agegroup_days0_27,sex_btsx,110
stp,2011,agegroup_days0_27,sex_btsx,104
stp,2012,agegroup_days0_27,sex_btsx,97
stp,2013,agegroup_days0_27,sex_btsx,89
stp,2014,agegroup_days0_27,sex_btsx,81
stp,2015,agegroup_days0_27,sex_btsx,73
stp,2016,agegroup_days0_27,sex_btsx,66
stp,2017,agegroup_days0_27,sex_btsx,59
stp,2018,agegroup_days0_27,sex_btsx,55
stp,2019,agegroup_days0_27,sex_btsx,51
stp,2020,agegroup_days0_27,sex_btsx,48
stp,2021,agegroup_days0_27,sex_btsx,47
stp,2022,agegroup_days0_27,sex_btsx,45
stp,2023,agegroup_days0_27,sex_btsx,44
sur,1990,agegroup_days0_27,sex_btsx,256
sur,1991,agegroup_days0_27,sex_btsx,242
sur,1992,agegroup_days0_27,sex_btsx,232
sur,1993,agegroup_days0_27,sex_btsx,222
sur,1994,agegroup_days0_27,sex_btsx,213
sur,1995,agegroup_days0_27,sex_btsx,209
sur,1996,agegroup_days0_27,sex_btsx,208
sur,1997,agegroup_days0_27,sex_btsx,205
sur,1998,agegroup_days0_27,sex_btsx,204
sur,1999,agegroup_days0_27,sex_btsx,204
sur,2000,agegroup_days0_27,sex_btsx,206
sur,2001,agegroup_days0_27,sex_btsx,209
sur,2002,agegroup_days0_27,sex_btsx,204
sur,2003,agegroup_days0_27,sex_btsx,199
sur,2004,agegroup_days0_27,sex_btsx,193
sur,2005,agegroup_days0_27,sex_btsx,190
sur,2006,agegroup_days0_27,sex_btsx,189
sur,2007,agegroup_days0_27,sex_btsx,186
sur,2008,agegroup_days0_27,sex_btsx,181
sur,2009,agegroup_days0_27,sex_btsx,175
sur,2010,agegroup_days0_27,sex_btsx,169
sur,2011,agegroup_days0_27,sex_btsx,164
sur,2012,agegroup_days0_27,sex_btsx,160
sur,2013,agegroup_days0_27,sex_btsx,156
sur,2014,agegroup_days0_27,sex_btsx,151
sur,2015,agegroup_days0_27,sex_btsx,146
sur,2016,agegroup_days0_27,sex_btsx,139
sur,2017,agegroup_days0_27,sex_btsx,133
sur,2018,agegroup_days0_27,sex_btsx,127
sur,2019,agegroup_days0_27,sex_btsx,123
sur,2020,agegroup_days0_27,sex_btsx,119
sur,2021,agegroup_days0_27,sex_btsx,115
sur,2022,agegroup_days0_27,sex_btsx,112
sur,2023,agegroup_days0_27,sex_btsx,108
svk,1983,agegroup_days0_27,sex_btsx,1095
svk,1984,agegroup_days0_27,sex_btsx,1028
svk,1985,agegroup_days0_27,sex_btsx,965
svk,1986,agegroup_days0_27,sex_btsx,886
svk,1987,agegroup_days0_27,sex_btsx,813
svk,1988,agegroup_days0_27,sex_btsx,767
svk,1989,agegroup_days0_27,sex_btsx,711
svk,1990,agegroup_days0_27,sex_btsx,688
svk,1991,agegroup_days0_27,sex_btsx,657
svk,1992,agegroup_days0_27,sex_btsx,610
svk,1993,agegroup_days0_27,sex_btsx,576
svk,1994,agegroup_days0_27,sex_btsx,500
svk,1995,agegroup_days0_27,sex_btsx,434
svk,1996,agegroup_days0_27,sex_btsx,391
svk,1997,agegroup_days0_27,sex_btsx,354
svk,1998,agegroup_days0_27,sex_btsx,320
svk,1999,agegroup_days0_27,sex_btsx,294
svk,2000,agegroup_days0_27,sex_btsx,273
svk,2001,agegroup_days0_27,sex_btsx,244
svk,2002,agegroup_days0_27,sex_btsx,231
svk,2003,agegroup_days0_27,sex_btsx,223
svk,2004,agegroup_days0_27,sex_btsx,218
svk,2005,agegroup_days0_27,sex_btsx,210
svk,2006,agegroup_days0_27,sex_btsx,198
svk,2007,agegroup_days0_27,sex_btsx,192
svk,2008,agegroup_days0_27,sex_btsx,196
svk,2009,agegroup_days0_27,sex_btsx,204
svk,2010,agegroup_days0_27,sex_btsx,199
svk,2011,agegroup_days0_27,sex_btsx,197
svk,2012,agegroup_days0_27,sex_btsx,186
svk,2013,agegroup_days0_27,sex_btsx,182
svk,2014,agegroup_days0_27,sex_btsx,179
svk,2015,agegroup_days0_27,sex_btsx,170
svk,2016,agegroup_days0_27,sex_btsx,172
svk,2017,agegroup_days0_27,sex_btsx,172
svk,2018,agegroup_days0_27,sex_btsx,171
svk,2019,agegroup_days0_27,sex_btsx,170
svk,2020,agegroup_days0_27,sex_btsx,170
svk,2021,agegroup_days0_27,sex_btsx,171
svk,2022,agegroup_days0_27,sex_btsx,160
svk,2023,agegroup_days0_27,sex_btsx,159
svn,1983,agegroup_days0_27,sex_btsx,272
svn,1984,agegroup_days0_27,sex_btsx,247
svn,1985,agegroup_days0_27,sex_btsx,226
svn,1986,agegroup_days0_27,sex_btsx,204
svn,1987,agegroup_days0_27,sex_btsx,189
svn,1988,agegroup_days0_27,sex_btsx,170
svn,1989,agegroup_days0_27,sex_btsx,146
svn,1990,agegroup_days0_27,sex_btsx,129
svn,1991,agegroup_days0_27,sex_btsx,115
svn,1992,agegroup_days0_27,sex_btsx,99
svn,1993,agegroup_days0_27,sex_btsx,91
svn,1994,agegroup_days0_27,sex_btsx,83
svn,1995,agegroup_days0_27,sex_btsx,76
svn,1996,agegroup_days0_27,sex_btsx,71
svn,1997,agegroup_days0_27,sex_btsx,66
svn,1998,agegroup_days0_27,sex_btsx,62
svn,1999,agegroup_days0_27,sex_btsx,59
svn,2000,agegroup_days0_27,sex_btsx,58
svn,2001,agegroup_days0_27,sex_btsx,54
svn,2002,agegroup_days0_27,sex_btsx,51
svn,2003,agegroup_days0_27,sex_btsx,48
svn,2004,agegroup_days0_27,sex_btsx,47
svn,2005,agegroup_days0_27,sex_btsx,44
svn,2006,agegroup_days0_27,sex_btsx,44
svn,2007,agegroup_days0_27,sex_btsx,43
svn,2008,agegroup_days0_27,sex_btsx,45
svn,2009,agegroup_days0_27,sex_btsx,42
svn,2010,agegroup_days0_27,sex_btsx,42
svn,2011,agegroup_days0_27,sex_btsx,39
svn,2012,agegroup_days0_27,sex_btsx,38
svn,2013,agegroup_days0_27,sex_btsx,36
svn,2014,agegroup_days0_27,sex_btsx,34
svn,2015,agegroup_days0_27,sex_btsx,32
svn,2016,agegroup_days0_27,sex_btsx,31
svn,2017,agegroup_days0_27,sex_btsx,30
svn,2018,agegroup_days0_27,sex_btsx,28
svn,2019,agegroup_days0_27,sex_btsx,27
svn,2020,agegroup_days0_27,sex_btsx,26
svn,2021,agegroup_days0_27,sex_btsx,26
svn,2022,agegroup_days0_27,sex_btsx,24
svn,2023,agegroup_days0_27,sex_btsx,23
swe,1961,agegroup_days0_27,sex_btsx,1320
swe,1962,agegroup_days0_27,sex_btsx,1316
swe,1963,agegroup_days0_27,sex_btsx,1325
swe,1964,agegroup_days0_27,sex_btsx,1363
swe,1965,agegroup_days0_27,sex_btsx,1317
swe,1966,agegroup_days0_27,sex_btsx,1281
swe,1967,agegroup_days0_27,sex_btsx,1229
swe,1968,agegroup_days0_27,sex_btsx,1120
swe,1969,agegroup_days0_27,sex_btsx,1033
swe,1970,agegroup_days0_27,sex_btsx,1015
swe,1971,agegroup_days0_27,sex_btsx,1007
swe,1972,agegroup_days0_27,sex_btsx,936
swe,1973,agegroup_days0_27,sex_btsx,856
swe,1974,agegroup_days0_27,sex_btsx,793
swe,1975,agegroup_days0_27,sex_btsx,697
swe,1976,agegroup_days0_27,sex_btsx,615
swe,1977,agegroup_days0_27,sex_btsx,558
swe,1978,agegroup_days0_27,sex_btsx,511
swe,1979,agegroup_days0_27,sex_btsx,496
swe,1980,agegroup_days0_27,sex_btsx,477
swe,1981,agegroup_days0_27,sex_btsx,445
swe,1982,agegroup_days0_27,sex_btsx,421
swe,1983,agegroup_days0_27,sex_btsx,402
swe,1984,agegroup_days0_27,sex_btsx,396
swe,1985,agegroup_days0_27,sex_btsx,401
swe,1986,agegroup_days0_27,sex_btsx,403
swe,1987,agegroup_days0_27,sex_btsx,404
swe,1988,agegroup_days0_27,sex_btsx,418
swe,1989,agegroup_days0_27,sex_btsx,420
swe,1990,agegroup_days0_27,sex_btsx,430
swe,1991,agegroup_days0_27,sex_btsx,414
swe,1992,agegroup_days0_27,sex_btsx,392
swe,1993,agegroup_days0_27,sex_btsx,358
swe,1994,agegroup_days0_27,sex_btsx,322
swe,1995,agegroup_days0_27,sex_btsx,281
swe,1996,agegroup_days0_27,sex_btsx,244
swe,1997,agegroup_days0_27,sex_btsx,221
swe,1998,agegroup_days0_27,sex_btsx,210
swe,1999,agegroup_days0_27,sex_btsx,205
swe,2000,agegroup_days0_27,sex_btsx,207
swe,2001,agegroup_days0_27,sex_btsx,207
swe,2002,agegroup_days0_27,sex_btsx,211
swe,2003,agegroup_days0_27,sex_btsx,210
swe,2004,agegroup_days0_27,sex_btsx,203
swe,2005,agegroup_days0_27,sex_btsx,195
swe,2006,agegroup_days0_27,sex_btsx,193
swe,2007,agegroup_days0_27,sex_btsx,187
swe,2008,agegroup_days0_27,sex_btsx,183
swe,2009,agegroup_days0_27,sex_btsx,182
swe,2010,agegroup_days0_27,sex_btsx,184
swe,2011,agegroup_days0_27,sex_btsx,177
swe,2012,agegroup_days0_27,sex_btsx,178
swe,2013,agegroup_days0_27,sex_btsx,178
swe,2014,agegroup_days0_27,sex_btsx,179
swe,2015,agegroup_days0_27,sex_btsx,178
swe,2016,agegroup_days0_27,sex_btsx,177
swe,2017,agegroup_days0_27,sex_btsx,172
swe,2018,agegroup_days0_27,sex_btsx,169
swe,2019,agegroup_days0_27,sex_btsx,166
swe,2020,agegroup_days0_27,sex_btsx,163
swe,2021,agegroup_days0_27,sex_btsx,162
swe,2022,agegroup_days0_27,sex_btsx,149
swe,2023,agegroup_days0_27,sex_btsx,138
swz,1984,agegroup_days0_27,sex_btsx,756
swz,1985,agegroup_days0_27,sex_btsx,756
swz,1986,agegroup_days0_27,sex_btsx,751
swz,1987,agegroup_days0_27,sex_btsx,747
swz,1988,agegroup_days0_27,sex_btsx,745
swz,1989,agegroup_days0_27,sex_btsx,765
swz,1990,agegroup_days0_27,sex_btsx,776
swz,1991,agegroup_days0_27,sex_btsx,794
swz,1992,agegroup_days0_27,sex_btsx,817
swz,1993,agegroup_days0_27,sex_btsx,839
swz,1994,agegroup_days0_27,sex_btsx,844
swz,1995,agegroup_days0_27,sex_btsx,788
swz,1996,agegroup_days0_27,sex_btsx,803
swz,1997,agegroup_days0_27,sex_btsx,817
swz,1998,agegroup_days0_27,sex_btsx,838
swz,1999,agegroup_days0_27,sex_btsx,863
swz,2000,agegroup_days0_27,sex_btsx,875
swz,2001,agegroup_days0_27,sex_btsx,870
swz,2002,agegroup_days0_27,sex_btsx,860
swz,2003,agegroup_days0_27,sex_btsx,856
swz,2004,agegroup_days0_27,sex_btsx,857
swz,2005,agegroup_days0_27,sex_btsx,858
swz,2006,agegroup_days0_27,sex_btsx,855
swz,2007,agegroup_days0_27,sex_btsx,863
swz,2008,agegroup_days0_27,sex_btsx,878
swz,2009,agegroup_days0_27,sex_btsx,880
swz,2010,agegroup_days0_27,sex_btsx,860
swz,2011,agegroup_days0_27,sex_btsx,852
swz,2012,agegroup_days0_27,sex_btsx,845
swz,2013,agegroup_days0_27,sex_btsx,847
swz,2014,agegroup_days0_27,sex_btsx,840
swz,2015,agegroup_days0_27,sex_btsx,832
swz,2016,agegroup_days0_27,sex_btsx,823
swz,2017,agegroup_days0_27,sex_btsx,814
swz,2018,agegroup_days0_27,sex_btsx,808
swz,2019,agegroup_days0_27,sex_btsx,796
swz,2020,agegroup_days0_27,sex_btsx,781
swz,2021,agegroup_days0_27,sex_btsx,766
swz,2022,agegroup_days0_27,sex_btsx,749
swz,2023,agegroup_days0_27,sex_btsx,725
syc,1987,agegroup_days0_27,sex_btsx,22
syc,1988,agegroup_days0_27,sex_btsx,20
syc,1989,agegroup_days0_27,sex_btsx,19
syc,1990,agegroup_days0_27,sex_btsx,18
syc,1991,agegroup_days0_27,sex_btsx,18
syc,1992,agegroup_days0_27,sex_btsx,17
syc,1993,agegroup_days0_27,sex_btsx,17
syc,1994,agegroup_days0_27,sex_btsx,16
syc,1995,agegroup_days0_27,sex_btsx,15
syc,1996,agegroup_days0_27,sex_btsx,14
syc,1997,agegroup_days0_27,sex_btsx,13
syc,1998,agegroup_days0_27,sex_btsx,12
syc,1999,agegroup_days0_27,sex_btsx,13
syc,2000,agegroup_days0_27,sex_btsx,13
syc,2001,agegroup_days0_27,sex_btsx,12
syc,2002,agegroup_days0_27,sex_btsx,13
syc,2003,agegroup_days0_27,sex_btsx,13
syc,2004,agegroup_days0_27,sex_btsx,13
syc,2005,agegroup_days0_27,sex_btsx,14
syc,2006,agegroup_days0_27,sex_btsx,13
syc,2007,agegroup_days0_27,sex_btsx,14
syc,2008,agegroup_days0_27,sex_btsx,15
syc,2009,agegroup_days0_27,sex_btsx,15
syc,2010,agegroup_days0_27,sex_btsx,14
syc,2011,agegroup_days0_27,sex_btsx,15
syc,2012,agegroup_days0_27,sex_btsx,15
syc,2013,agegroup_days0_27,sex_btsx,14
syc,2014,agegroup_days0_27,sex_btsx,14
syc,2015,agegroup_days0_27,sex_btsx,15
syc,2016,agegroup_days0_27,sex_btsx,16
syc,2017,agegroup_days0_27,sex_btsx,16
syc,2018,agegroup_days0_27,sex_btsx,16
syc,2019,agegroup_days0_27,sex_btsx,16
syc,2020,agegroup_days0_27,sex_btsx,16
syc,2021,agegroup_days0_27,sex_btsx,16
syc,2022,agegroup_days0_27,sex_btsx,15
syc,2023,agegroup_days0_27,sex_btsx,15
syr,1956,agegroup_days0_27,sex_btsx,4785
syr,1957,agegroup_days0_27,sex_btsx,4811
syr,1958,agegroup_days0_27,sex_btsx,4845
syr,1959,agegroup_days0_27,sex_btsx,4914
syr,1960,agegroup_days0_27,sex_btsx,4971
syr,1961,agegroup_days0_27,sex_btsx,5024
syr,1962,agegroup_days0_27,sex_btsx,5079
syr,1963,agegroup_days0_27,sex_btsx,5148
syr,1964,agegroup_days0_27,sex_btsx,5245
syr,1965,agegroup_days0_27,sex_btsx,5377
syr,1966,agegroup_days0_27,sex_btsx,5576
syr,1967,agegroup_days0_27,sex_btsx,5785
syr,1968,agegroup_days0_27,sex_btsx,6023
syr,1969,agegroup_days0_27,sex_btsx,6215
syr,1970,agegroup_days0_27,sex_btsx,6412
syr,1971,agegroup_days0_27,sex_btsx,6512
syr,1972,agegroup_days0_27,sex_btsx,6584
syr,1973,agegroup_days0_27,sex_btsx,6659
syr,1974,agegroup_days0_27,sex_btsx,6783
syr,1975,agegroup_days0_27,sex_btsx,6976
syr,1976,agegroup_days0_27,sex_btsx,7266
syr,1977,agegroup_days0_27,sex_btsx,7624
syr,1978,agegroup_days0_27,sex_btsx,7944
syr,1979,agegroup_days0_27,sex_btsx,8177
syr,1980,agegroup_days0_27,sex_btsx,8321
syr,1981,agegroup_days0_27,sex_btsx,8400
syr,1982,agegroup_days0_27,sex_btsx,8434
syr,1983,agegroup_days0_27,sex_btsx,8353
syr,1984,agegroup_days0_27,sex_btsx,8388
syr,1985,agegroup_days0_27,sex_btsx,8416
syr,1986,agegroup_days0_27,sex_btsx,8409
syr,1987,agegroup_days0_27,sex_btsx,8333
syr,1988,agegroup_days0_27,sex_btsx,8180
syr,1989,agegroup_days0_27,sex_btsx,7997
syr,1990,agegroup_days0_27,sex_btsx,7835
syr,1991,agegroup_days0_27,sex_btsx,7601
syr,1992,agegroup_days0_27,sex_btsx,7364
syr,1993,agegroup_days0_27,sex_btsx,7241
syr,1994,agegroup_days0_27,sex_btsx,7149
syr,1995,agegroup_days0_27,sex_btsx,7018
syr,1996,agegroup_days0_27,sex_btsx,6847
syr,1997,agegroup_days0_27,sex_btsx,6654
syr,1998,agegroup_days0_27,sex_btsx,6526
syr,1999,agegroup_days0_27,sex_btsx,6420
syr,2000,agegroup_days0_27,sex_btsx,6336
syr,2001,agegroup_days0_27,sex_btsx,6233
syr,2002,agegroup_days0_27,sex_btsx,6093
syr,2003,agegroup_days0_27,sex_btsx,5975
syr,2004,agegroup_days0_27,sex_btsx,5890
syr,2005,agegroup_days0_27,sex_btsx,5858
syr,2006,agegroup_days0_27,sex_btsx,5875
syr,2007,agegroup_days0_27,sex_btsx,6306
syr,2008,agegroup_days0_27,sex_btsx,6744
syr,2009,agegroup_days0_27,sex_btsx,6542
syr,2010,agegroup_days0_27,sex_btsx,6525
syr,2011,agegroup_days0_27,sex_btsx,6540
syr,2012,agegroup_days0_27,sex_btsx,6574
syr,2013,agegroup_days0_27,sex_btsx,6135
syr,2014,agegroup_days0_27,sex_btsx,5132
syr,2015,agegroup_days0_27,sex_btsx,4454
syr,2016,agegroup_days0_27,sex_btsx,4067
syr,2017,agegroup_days0_27,sex_btsx,4100
syr,2018,agegroup_days0_27,sex_btsx,4068
syr,2019,agegroup_days0_27,sex_btsx,4345
syr,2020,agegroup_days0_27,sex_btsx,4632
syr,2021,agegroup_days0_27,sex_btsx,4797
syr,2022,agegroup_days0_27,sex_btsx,4895
syr,2023,agegroup_days0_27,sex_btsx,5209
tca,1990,agegroup_days0_27,sex_btsx,3
tca,1991,agegroup_days0_27,sex_btsx,3
tca,1992,agegroup_days0_27,sex_btsx,3
tca,1993,agegroup_days0_27,sex_btsx,3
tca,1994,agegroup_days0_27,sex_btsx,3
tca,1995,agegroup_days0_27,sex_btsx,3
tca,1996,agegroup_days0_27,sex_btsx,3
tca,1997,agegroup_days0_27,sex_btsx,3
tca,1998,agegroup_days0_27,sex_btsx,3
tca,1999,agegroup_days0_27,sex_btsx,2
tca,2000,agegroup_days0_27,sex_btsx,2
tca,2001,agegroup_days0_27,sex_btsx,2
tca,2002,agegroup_days0_27,sex_btsx,2
tca,2003,agegroup_days0_27,sex_btsx,2
tca,2004,agegroup_days0_27,sex_btsx,2
tca,2005,agegroup_days0_27,sex_btsx,2
tca,2006,agegroup_days0_27,sex_btsx,2
tca,2007,agegroup_days0_27,sex_btsx,2
tca,2008,agegroup_days0_27,sex_btsx,2
tca,2009,agegroup_days0_27,sex_btsx,2
tca,2010,agegroup_days0_27,sex_btsx,2
tca,2011,agegroup_days0_27,sex_btsx,2
tca,2012,agegroup_days0_27,sex_btsx,2
tca,2013,agegroup_days0_27,sex_btsx,2
tca,2014,agegroup_days0_27,sex_btsx,2
tca,2015,agegroup_days0_27,sex_btsx,2
tca,2016,agegroup_days0_27,sex_btsx,2
tca,2017,agegroup_days0_27,sex_btsx,2
tca,2018,agegroup_days0_27,sex_btsx,2
tca,2019,agegroup_days0_27,sex_btsx,2
tca,2020,agegroup_days0_27,sex_btsx,2
tca,2021,agegroup_days0_27,sex_btsx,2
tca,2022,agegroup_days0_27,sex_btsx,2
tca,2023,agegroup_days0_27,sex_btsx,1
tcd,1974,agegroup_days0_27,sex_btsx,12341
tcd,1975,agegroup_days0_27,sex_btsx,12606
tcd,1976,agegroup_days0_27,sex_btsx,12816
tcd,1977,agegroup_days0_27,sex_btsx,12964
tcd,1978,agegroup_days0_27,sex_btsx,13039
tcd,1979,agegroup_days0_27,sex_btsx,13140
tcd,1980,agegroup_days0_27,sex_btsx,13360
tcd,1981,agegroup_days0_27,sex_btsx,12484
tcd,1982,agegroup_days0_27,sex_btsx,12726
tcd,1983,agegroup_days0_27,sex_btsx,14346
tcd,1984,agegroup_days0_27,sex_btsx,14755
tcd,1985,agegroup_days0_27,sex_btsx,14158
tcd,1986,agegroup_days0_27,sex_btsx,14335
tcd,1987,agegroup_days0_27,sex_btsx,14995
tcd,1988,agegroup_days0_27,sex_btsx,15566
tcd,1989,agegroup_days0_27,sex_btsx,15989
tcd,1990,agegroup_days0_27,sex_btsx,16279
tcd,1991,agegroup_days0_27,sex_btsx,16249
tcd,1992,agegroup_days0_27,sex_btsx,17157
tcd,1993,agegroup_days0_27,sex_btsx,17653
tcd,1994,agegroup_days0_27,sex_btsx,17238
tcd,1995,agegroup_days0_27,sex_btsx,17587
tcd,1996,agegroup_days0_27,sex_btsx,18609
tcd,1997,agegroup_days0_27,sex_btsx,18799
tcd,1998,agegroup_days0_27,sex_btsx,19027
tcd,1999,agegroup_days0_27,sex_btsx,19129
tcd,2000,agegroup_days0_27,sex_btsx,19295
tcd,2001,agegroup_days0_27,sex_btsx,19398
tcd,2002,agegroup_days0_27,sex_btsx,19399
tcd,2003,agegroup_days0_27,sex_btsx,19625
tcd,2004,agegroup_days0_27,sex_btsx,20258
tcd,2005,agegroup_days0_27,sex_btsx,20854
tcd,2006,agegroup_days0_27,sex_btsx,21167
tcd,2007,agegroup_days0_27,sex_btsx,21585
tcd,2008,agegroup_days0_27,sex_btsx,21909
tcd,2009,agegroup_days0_27,sex_btsx,22397
tcd,2010,agegroup_days0_27,sex_btsx,22877
tcd,2011,agegroup_days0_27,sex_btsx,23236
tcd,2012,agegroup_days0_27,sex_btsx,23686
tcd,2013,agegroup_days0_27,sex_btsx,23867
tcd,2014,agegroup_days0_27,sex_btsx,24196
tcd,2015,agegroup_days0_27,sex_btsx,24329
tcd,2016,agegroup_days0_27,sex_btsx,24216
tcd,2017,agegroup_days0_27,sex_btsx,24318
tcd,2018,agegroup_days0_27,sex_btsx,24426
tcd,2019,agegroup_days0_27,sex_btsx,24800
tcd,2020,agegroup_days0_27,sex_btsx,24848
tcd,2021,agegroup_days0_27,sex_btsx,25034
tcd,2022,agegroup_days0_27,sex_btsx,25465
tcd,2023,agegroup_days0_27,sex_btsx,25682
tgo,1966,agegroup_days0_27,sex_btsx,5238
tgo,1967,agegroup_days0_27,sex_btsx,5382
tgo,1968,agegroup_days0_27,sex_btsx,5560
tgo,1969,agegroup_days0_27,sex_btsx,5775
tgo,1970,agegroup_days0_27,sex_btsx,5959
tgo,1971,agegroup_days0_27,sex_btsx,6144
tgo,1972,agegroup_days0_27,sex_btsx,6281
tgo,1973,agegroup_days0_27,sex_btsx,6407
tgo,1974,agegroup_days0_27,sex_btsx,6496
tgo,1975,agegroup_days0_27,sex_btsx,6570
tgo,1976,agegroup_days0_27,sex_btsx,6624
tgo,1977,agegroup_days0_27,sex_btsx,6633
tgo,1978,agegroup_days0_27,sex_btsx,6630
tgo,1979,agegroup_days0_27,sex_btsx,6622
tgo,1980,agegroup_days0_27,sex_btsx,6632
tgo,1981,agegroup_days0_27,sex_btsx,6678
tgo,1982,agegroup_days0_27,sex_btsx,6745
tgo,1983,agegroup_days0_27,sex_btsx,6823
tgo,1984,agegroup_days0_27,sex_btsx,6903
tgo,1985,agegroup_days0_27,sex_btsx,6981
tgo,1986,agegroup_days0_27,sex_btsx,7068
tgo,1987,agegroup_days0_27,sex_btsx,7140
tgo,1988,agegroup_days0_27,sex_btsx,7191
tgo,1989,agegroup_days0_27,sex_btsx,7223
tgo,1990,agegroup_days0_27,sex_btsx,7280
tgo,1991,agegroup_days0_27,sex_btsx,7308
tgo,1992,agegroup_days0_27,sex_btsx,7331
tgo,1993,agegroup_days0_27,sex_btsx,7344
tgo,1994,agegroup_days0_27,sex_btsx,6870
tgo,1995,agegroup_days0_27,sex_btsx,6959
tgo,1996,agegroup_days0_27,sex_btsx,7022
tgo,1997,agegroup_days0_27,sex_btsx,7057
tgo,1998,agegroup_days0_27,sex_btsx,7091
tgo,1999,agegroup_days0_27,sex_btsx,7128
tgo,2000,agegroup_days0_27,sex_btsx,7146
tgo,2001,agegroup_days0_27,sex_btsx,7167
tgo,2002,agegroup_days0_27,sex_btsx,7159
tgo,2003,agegroup_days0_27,sex_btsx,7132
tgo,2004,agegroup_days0_27,sex_btsx,7090
tgo,2005,agegroup_days0_27,sex_btsx,7172
tgo,2006,agegroup_days0_27,sex_btsx,7262
tgo,2007,agegroup_days0_27,sex_btsx,7375
tgo,2008,agegroup_days0_27,sex_btsx,7413
tgo,2009,agegroup_days0_27,sex_btsx,7486
tgo,2010,agegroup_days0_27,sex_btsx,7518
tgo,2011,agegroup_days0_27,sex_btsx,7412
tgo,2012,agegroup_days0_27,sex_btsx,7276
tgo,2013,agegroup_days0_27,sex_btsx,7180
tgo,2014,agegroup_days0_27,sex_btsx,7148
tgo,2015,agegroup_days0_27,sex_btsx,7126
tgo,2016,agegroup_days0_27,sex_btsx,7130
tgo,2017,agegroup_days0_27,sex_btsx,7062
tgo,2018,agegroup_days0_27,sex_btsx,6992
tgo,2019,agegroup_days0_27,sex_btsx,6930
tgo,2020,agegroup_days0_27,sex_btsx,6878
tgo,2021,agegroup_days0_27,sex_btsx,6817
tgo,2022,agegroup_days0_27,sex_btsx,6733
tgo,2023,agegroup_days0_27,sex_btsx,6685
tha,1953,agegroup_days0_27,sex_btsx,63889
tha,1954,agegroup_days0_27,sex_btsx,64202
tha,1955,agegroup_days0_27,sex_btsx,64508
tha,1956,agegroup_days0_27,sex_btsx,64812
tha,1957,agegroup_days0_27,sex_btsx,65310
tha,1958,agegroup_days0_27,sex_btsx,65950
tha,1959,agegroup_days0_27,sex_btsx,66509
tha,1960,agegroup_days0_27,sex_btsx,67177
tha,1961,agegroup_days0_27,sex_btsx,67975
tha,1962,agegroup_days0_27,sex_btsx,68746
tha,1963,agegroup_days0_27,sex_btsx,69424
tha,1964,agegroup_days0_27,sex_btsx,69453
tha,1965,agegroup_days0_27,sex_btsx,69317
tha,1966,agegroup_days0_27,sex_btsx,68850
tha,1967,agegroup_days0_27,sex_btsx,68037
tha,1968,agegroup_days0_27,sex_btsx,66600
tha,1969,agegroup_days0_27,sex_btsx,64142
tha,1970,agegroup_days0_27,sex_btsx,61199
tha,1971,agegroup_days0_27,sex_btsx,58846
tha,1972,agegroup_days0_27,sex_btsx,56696
tha,1973,agegroup_days0_27,sex_btsx,54206
tha,1974,agegroup_days0_27,sex_btsx,51515
tha,1975,agegroup_days0_27,sex_btsx,48878
tha,1976,agegroup_days0_27,sex_btsx,46084
tha,1977,agegroup_days0_27,sex_btsx,43288
tha,1978,agegroup_days0_27,sex_btsx,40676
tha,1979,agegroup_days0_27,sex_btsx,38782
tha,1980,agegroup_days0_27,sex_btsx,37146
tha,1981,agegroup_days0_27,sex_btsx,35233
tha,1982,agegroup_days0_27,sex_btsx,32912
tha,1983,agegroup_days0_27,sex_btsx,30636
tha,1984,agegroup_days0_27,sex_btsx,28735
tha,1985,agegroup_days0_27,sex_btsx,27262
tha,1986,agegroup_days0_27,sex_btsx,26293
tha,1987,agegroup_days0_27,sex_btsx,25135
tha,1988,agegroup_days0_27,sex_btsx,24081
tha,1989,agegroup_days0_27,sex_btsx,23455
tha,1990,agegroup_days0_27,sex_btsx,22282
tha,1991,agegroup_days0_27,sex_btsx,21249
tha,1992,agegroup_days0_27,sex_btsx,20115
tha,1993,agegroup_days0_27,sex_btsx,18841
tha,1994,agegroup_days0_27,sex_btsx,17616
tha,1995,agegroup_days0_27,sex_btsx,16415
tha,1996,agegroup_days0_27,sex_btsx,15413
tha,1997,agegroup_days0_27,sex_btsx,14453
tha,1998,agegroup_days0_27,sex_btsx,13461
tha,1999,agegroup_days0_27,sex_btsx,12396
tha,2000,agegroup_days0_27,sex_btsx,11491
tha,2001,agegroup_days0_27,sex_btsx,10782
tha,2002,agegroup_days0_27,sex_btsx,10131
tha,2003,agegroup_days0_27,sex_btsx,9566
tha,2004,agegroup_days0_27,sex_btsx,9062
tha,2005,agegroup_days0_27,sex_btsx,8536
tha,2006,agegroup_days0_27,sex_btsx,8069
tha,2007,agegroup_days0_27,sex_btsx,7624
tha,2008,agegroup_days0_27,sex_btsx,7136
tha,2009,agegroup_days0_27,sex_btsx,6718
tha,2010,agegroup_days0_27,sex_btsx,6419
tha,2011,agegroup_days0_27,sex_btsx,6187
tha,2012,agegroup_days0_27,sex_btsx,5911
tha,2013,agegroup_days0_27,sex_btsx,5559
tha,2014,agegroup_days0_27,sex_btsx,5213
tha,2015,agegroup_days0_27,sex_btsx,4912
tha,2016,agegroup_days0_27,sex_btsx,4566
tha,2017,agegroup_days0_27,sex_btsx,4299
tha,2018,agegroup_days0_27,sex_btsx,4032
tha,2019,agegroup_days0_27,sex_btsx,3780
tha,2020,agegroup_days0_27,sex_btsx,3573
tha,2021,agegroup_days0_27,sex_btsx,3383
tha,2022,agegroup_days0_27,sex_btsx,3221
tha,2023,agegroup_days0_27,sex_btsx,3077
tjk,1990,agegroup_days0_27,sex_btsx,7151
tjk,1991,agegroup_days0_27,sex_btsx,7077
tjk,1992,agegroup_days0_27,sex_btsx,6998
tjk,1993,agegroup_days0_27,sex_btsx,6920
tjk,1994,agegroup_days0_27,sex_btsx,6836
tjk,1995,agegroup_days0_27,sex_btsx,6778
tjk,1996,agegroup_days0_27,sex_btsx,5876
tjk,1997,agegroup_days0_27,sex_btsx,6067
tjk,1998,agegroup_days0_27,sex_btsx,6086
tjk,1999,agegroup_days0_27,sex_btsx,5718
tjk,2000,agegroup_days0_27,sex_btsx,5170
tjk,2001,agegroup_days0_27,sex_btsx,5073
tjk,2002,agegroup_days0_27,sex_btsx,4926
tjk,2003,agegroup_days0_27,sex_btsx,4765
tjk,2004,agegroup_days0_27,sex_btsx,4817
tjk,2005,agegroup_days0_27,sex_btsx,4669
tjk,2006,agegroup_days0_27,sex_btsx,4626
tjk,2007,agegroup_days0_27,sex_btsx,4720
tjk,2008,agegroup_days0_27,sex_btsx,4798
tjk,2009,agegroup_days0_27,sex_btsx,4885
tjk,2010,agegroup_days0_27,sex_btsx,4896
tjk,2011,agegroup_days0_27,sex_btsx,4824
tjk,2012,agegroup_days0_27,sex_btsx,4688
tjk,2013,agegroup_days0_27,sex_btsx,4613
tjk,2014,agegroup_days0_27,sex_btsx,4551
tjk,2015,agegroup_days0_27,sex_btsx,4498
tjk,2016,agegroup_days0_27,sex_btsx,4345
tjk,2017,agegroup_days0_27,sex_btsx,4140
tjk,2018,agegroup_days0_27,sex_btsx,4081
tjk,2019,agegroup_days0_27,sex_btsx,4001
tjk,2020,agegroup_days0_27,sex_btsx,3866
tjk,2021,agegroup_days0_27,sex_btsx,3749
tjk,2022,agegroup_days0_27,sex_btsx,3602
tjk,2023,agegroup_days0_27,sex_btsx,3434
tkm,1989,agegroup_days0_27,sex_btsx,3488
tkm,1990,agegroup_days0_27,sex_btsx,3490
tkm,1991,agegroup_days0_27,sex_btsx,3542
tkm,1992,agegroup_days0_27,sex_btsx,3569
tkm,1993,agegroup_days0_27,sex_btsx,3561
tkm,1994,agegroup_days0_27,sex_btsx,3554
tkm,1995,agegroup_days0_27,sex_btsx,3534
tkm,1996,agegroup_days0_27,sex_btsx,3425
tkm,1997,agegroup_days0_27,sex_btsx,3387
tkm,1998,agegroup_days0_27,sex_btsx,3330
tkm,1999,agegroup_days0_27,sex_btsx,3263
tkm,2000,agegroup_days0_27,sex_btsx,3228
tkm,2001,agegroup_days0_27,sex_btsx,3161
tkm,2002,agegroup_days0_27,sex_btsx,3067
tkm,2003,agegroup_days0_27,sex_btsx,3019
tkm,2004,agegroup_days0_27,sex_btsx,3016
tkm,2005,agegroup_days0_27,sex_btsx,3042
tkm,2006,agegroup_days0_27,sex_btsx,3055
tkm,2007,agegroup_days0_27,sex_btsx,3076
tkm,2008,agegroup_days0_27,sex_btsx,3121
tkm,2009,agegroup_days0_27,sex_btsx,3210
tkm,2010,agegroup_days0_27,sex_btsx,3326
tkm,2011,agegroup_days0_27,sex_btsx,3449
tkm,2012,agegroup_days0_27,sex_btsx,3601
tkm,2013,agegroup_days0_27,sex_btsx,3756
tkm,2014,agegroup_days0_27,sex_btsx,3893
tkm,2015,agegroup_days0_27,sex_btsx,4045
tkm,2016,agegroup_days0_27,sex_btsx,4121
tkm,2017,agegroup_days0_27,sex_btsx,4149
tkm,2018,agegroup_days0_27,sex_btsx,4133
tkm,2019,agegroup_days0_27,sex_btsx,4101
tkm,2020,agegroup_days0_27,sex_btsx,4025
tkm,2021,agegroup_days0_27,sex_btsx,3912
tkm,2022,agegroup_days0_27,sex_btsx,3807
tkm,2023,agegroup_days0_27,sex_btsx,3659
tls,1987,agegroup_days0_27,sex_btsx,1894
tls,1988,agegroup_days0_27,sex_btsx,1885
tls,1989,agegroup_days0_27,sex_btsx,1878
tls,1990,agegroup_days0_27,sex_btsx,1870
tls,1991,agegroup_days0_27,sex_btsx,1845
tls,1992,agegroup_days0_27,sex_btsx,1831
tls,1993,agegroup_days0_27,sex_btsx,1802
tls,1994,agegroup_days0_27,sex_btsx,1777
tls,1995,agegroup_days0_27,sex_btsx,1752
tls,1996,agegroup_days0_27,sex_btsx,1713
tls,1997,agegroup_days0_27,sex_btsx,1678
tls,1998,agegroup_days0_27,sex_btsx,1649
tls,1999,agegroup_days0_27,sex_btsx,1631
tls,2000,agegroup_days0_27,sex_btsx,1128
tls,2001,agegroup_days0_27,sex_btsx,1146
tls,2002,agegroup_days0_27,sex_btsx,1188
tls,2003,agegroup_days0_27,sex_btsx,1201
tls,2004,agegroup_days0_27,sex_btsx,1149
tls,2005,agegroup_days0_27,sex_btsx,1091
tls,2006,agegroup_days0_27,sex_btsx,1051
tls,2007,agegroup_days0_27,sex_btsx,1021
tls,2008,agegroup_days0_27,sex_btsx,993
tls,2009,agegroup_days0_27,sex_btsx,968
tls,2010,agegroup_days0_27,sex_btsx,946
tls,2011,agegroup_days0_27,sex_btsx,922
tls,2012,agegroup_days0_27,sex_btsx,895
tls,2013,agegroup_days0_27,sex_btsx,871
tls,2014,agegroup_days0_27,sex_btsx,844
tls,2015,agegroup_days0_27,sex_btsx,816
tls,2016,agegroup_days0_27,sex_btsx,793
tls,2017,agegroup_days0_27,sex_btsx,771
tls,2018,agegroup_days0_27,sex_btsx,753
tls,2019,agegroup_days0_27,sex_btsx,738
tls,2020,agegroup_days0_27,sex_btsx,725
tls,2021,agegroup_days0_27,sex_btsx,706
tls,2022,agegroup_days0_27,sex_btsx,694
tls,2023,agegroup_days0_27,sex_btsx,679
ton,1990,agegroup_days0_27,sex_btsx,33
ton,1991,agegroup_days0_27,sex_btsx,31
ton,1992,agegroup_days0_27,sex_btsx,30
ton,1993,agegroup_days0_27,sex_btsx,28
ton,1994,agegroup_days0_27,sex_btsx,27
ton,1995,agegroup_days0_27,sex_btsx,26
ton,1996,agegroup_days0_27,sex_btsx,24
ton,1997,agegroup_days0_27,sex_btsx,23
ton,1998,agegroup_days0_27,sex_btsx,23
ton,1999,agegroup_days0_27,sex_btsx,22
ton,2000,agegroup_days0_27,sex_btsx,22
ton,2001,agegroup_days0_27,sex_btsx,21
ton,2002,agegroup_days0_27,sex_btsx,21
ton,2003,agegroup_days0_27,sex_btsx,21
ton,2004,agegroup_days0_27,sex_btsx,20
ton,2005,agegroup_days0_27,sex_btsx,20
ton,2006,agegroup_days0_27,sex_btsx,19
ton,2007,agegroup_days0_27,sex_btsx,18
ton,2008,agegroup_days0_27,sex_btsx,18
ton,2009,agegroup_days0_27,sex_btsx,17
ton,2010,agegroup_days0_27,sex_btsx,17
ton,2011,agegroup_days0_27,sex_btsx,16
ton,2012,agegroup_days0_27,sex_btsx,16
ton,2013,agegroup_days0_27,sex_btsx,15
ton,2014,agegroup_days0_27,sex_btsx,15
ton,2015,agegroup_days0_27,sex_btsx,14
ton,2016,agegroup_days0_27,sex_btsx,14
ton,2017,agegroup_days0_27,sex_btsx,13
ton,2018,agegroup_days0_27,sex_btsx,13
ton,2019,agegroup_days0_27,sex_btsx,12
ton,2020,agegroup_days0_27,sex_btsx,12
ton,2021,agegroup_days0_27,sex_btsx,11
ton,2022,agegroup_days0_27,sex_btsx,11
ton,2023,agegroup_days0_27,sex_btsx,10
tto,1955,agegroup_days0_27,sex_btsx,1215
tto,1956,agegroup_days0_27,sex_btsx,1189
tto,1957,agegroup_days0_27,sex_btsx,1185
tto,1958,agegroup_days0_27,sex_btsx,1186
tto,1959,agegroup_days0_27,sex_btsx,1197
tto,1960,agegroup_days0_27,sex_btsx,1210
tto,1961,agegroup_days0_27,sex_btsx,1211
tto,1962,agegroup_days0_27,sex_btsx,1197
tto,1963,agegroup_days0_27,sex_btsx,1167
tto,1964,agegroup_days0_27,sex_btsx,1130
tto,1965,agegroup_days0_27,sex_btsx,1087
tto,1966,agegroup_days0_27,sex_btsx,1033
tto,1967,agegroup_days0_27,sex_btsx,978
tto,1968,agegroup_days0_27,sex_btsx,928
tto,1969,agegroup_days0_27,sex_btsx,880
tto,1970,agegroup_days0_27,sex_btsx,852
tto,1971,agegroup_days0_27,sex_btsx,846
tto,1972,agegroup_days0_27,sex_btsx,851
tto,1973,agegroup_days0_27,sex_btsx,850
tto,1974,agegroup_days0_27,sex_btsx,829
tto,1975,agegroup_days0_27,sex_btsx,815
tto,1976,agegroup_days0_27,sex_btsx,808
tto,1977,agegroup_days0_27,sex_btsx,816
tto,1978,agegroup_days0_27,sex_btsx,828
tto,1979,agegroup_days0_27,sex_btsx,838
tto,1980,agegroup_days0_27,sex_btsx,853
tto,1981,agegroup_days0_27,sex_btsx,855
tto,1982,agegroup_days0_27,sex_btsx,848
tto,1983,agegroup_days0_27,sex_btsx,833
tto,1984,agegroup_days0_27,sex_btsx,808
tto,1985,agegroup_days0_27,sex_btsx,785
tto,1986,agegroup_days0_27,sex_btsx,753
tto,1987,agegroup_days0_27,sex_btsx,707
tto,1988,agegroup_days0_27,sex_btsx,663
tto,1989,agegroup_days0_27,sex_btsx,622
tto,1990,agegroup_days0_27,sex_btsx,579
tto,1991,agegroup_days0_27,sex_btsx,546
tto,1992,agegroup_days0_27,sex_btsx,521
tto,1993,agegroup_days0_27,sex_btsx,495
tto,1994,agegroup_days0_27,sex_btsx,475
tto,1995,agegroup_days0_27,sex_btsx,449
tto,1996,agegroup_days0_27,sex_btsx,429
tto,1997,agegroup_days0_27,sex_btsx,412
tto,1998,agegroup_days0_27,sex_btsx,400
tto,1999,agegroup_days0_27,sex_btsx,393
tto,2000,agegroup_days0_27,sex_btsx,387
tto,2001,agegroup_days0_27,sex_btsx,380
tto,2002,agegroup_days0_27,sex_btsx,371
tto,2003,agegroup_days0_27,sex_btsx,364
tto,2004,agegroup_days0_27,sex_btsx,358
tto,2005,agegroup_days0_27,sex_btsx,355
tto,2006,agegroup_days0_27,sex_btsx,352
tto,2007,agegroup_days0_27,sex_btsx,347
tto,2008,agegroup_days0_27,sex_btsx,341
tto,2009,agegroup_days0_27,sex_btsx,335
tto,2010,agegroup_days0_27,sex_btsx,328
tto,2011,agegroup_days0_27,sex_btsx,321
tto,2012,agegroup_days0_27,sex_btsx,313
tto,2013,agegroup_days0_27,sex_btsx,304
tto,2014,agegroup_days0_27,sex_btsx,296
tto,2015,agegroup_days0_27,sex_btsx,286
tto,2016,agegroup_days0_27,sex_btsx,277
tto,2017,agegroup_days0_27,sex_btsx,267
tto,2018,agegroup_days0_27,sex_btsx,257
tto,2019,agegroup_days0_27,sex_btsx,255
tto,2020,agegroup_days0_27,sex_btsx,240
tto,2021,agegroup_days0_27,sex_btsx,228
tto,2022,agegroup_days0_27,sex_btsx,217
tto,2023,agegroup_days0_27,sex_btsx,207
tun,1966,agegroup_days0_27,sex_btsx,11021
tun,1967,agegroup_days0_27,sex_btsx,10811
tun,1968,agegroup_days0_27,sex_btsx,10580
tun,1969,agegroup_days0_27,sex_btsx,10363
tun,1970,agegroup_days0_27,sex_btsx,10150
tun,1971,agegroup_days0_27,sex_btsx,10011
tun,1972,agegroup_days0_27,sex_btsx,9887
tun,1973,agegroup_days0_27,sex_btsx,9812
tun,1974,agegroup_days0_27,sex_btsx,9703
tun,1975,agegroup_days0_27,sex_btsx,9599
tun,1976,agegroup_days0_27,sex_btsx,9425
tun,1977,agegroup_days0_27,sex_btsx,9085
tun,1978,agegroup_days0_27,sex_btsx,8629
tun,1979,agegroup_days0_27,sex_btsx,8214
tun,1980,agegroup_days0_27,sex_btsx,7907
tun,1981,agegroup_days0_27,sex_btsx,7841
tun,1982,agegroup_days0_27,sex_btsx,7628
tun,1983,agegroup_days0_27,sex_btsx,7440
tun,1984,agegroup_days0_27,sex_btsx,7288
tun,1985,agegroup_days0_27,sex_btsx,7196
tun,1986,agegroup_days0_27,sex_btsx,7060
tun,1987,agegroup_days0_27,sex_btsx,6768
tun,1988,agegroup_days0_27,sex_btsx,6414
tun,1989,agegroup_days0_27,sex_btsx,6055
tun,1990,agegroup_days0_27,sex_btsx,5910
tun,1991,agegroup_days0_27,sex_btsx,5746
tun,1992,agegroup_days0_27,sex_btsx,5559
tun,1993,agegroup_days0_27,sex_btsx,5328
tun,1994,agegroup_days0_27,sex_btsx,4966
tun,1995,agegroup_days0_27,sex_btsx,4542
tun,1996,agegroup_days0_27,sex_btsx,4127
tun,1997,agegroup_days0_27,sex_btsx,3749
tun,1998,agegroup_days0_27,sex_btsx,3348
tun,1999,agegroup_days0_27,sex_btsx,3006
tun,2000,agegroup_days0_27,sex_btsx,2778
tun,2001,agegroup_days0_27,sex_btsx,2584
tun,2002,agegroup_days0_27,sex_btsx,2434
tun,2003,agegroup_days0_27,sex_btsx,2366
tun,2004,agegroup_days0_27,sex_btsx,2295
tun,2005,agegroup_days0_27,sex_btsx,2246
tun,2006,agegroup_days0_27,sex_btsx,2209
tun,2007,agegroup_days0_27,sex_btsx,2191
tun,2008,agegroup_days0_27,sex_btsx,2199
tun,2009,agegroup_days0_27,sex_btsx,2230
tun,2010,agegroup_days0_27,sex_btsx,2319
tun,2011,agegroup_days0_27,sex_btsx,2460
tun,2012,agegroup_days0_27,sex_btsx,2581
tun,2013,agegroup_days0_27,sex_btsx,2646
tun,2014,agegroup_days0_27,sex_btsx,2675
tun,2015,agegroup_days0_27,sex_btsx,2682
tun,2016,agegroup_days0_27,sex_btsx,2642
tun,2017,agegroup_days0_27,sex_btsx,2528
tun,2018,agegroup_days0_27,sex_btsx,2370
tun,2019,agegroup_days0_27,sex_btsx,2216
tun,2020,agegroup_days0_27,sex_btsx,1978
tun,2021,agegroup_days0_27,sex_btsx,1647
tun,2022,agegroup_days0_27,sex_btsx,1543
tun,2023,agegroup_days0_27,sex_btsx,1403
tur,1956,agegroup_days0_27,sex_btsx,78406
tur,1957,agegroup_days0_27,sex_btsx,79497
tur,1958,agegroup_days0_27,sex_btsx,80259
tur,1959,agegroup_days0_27,sex_btsx,81078
tur,1960,agegroup_days0_27,sex_btsx,81604
tur,1961,agegroup_days0_27,sex_btsx,82890
tur,1962,agegroup_days0_27,sex_btsx,83010
tur,1963,agegroup_days0_27,sex_btsx,83024
tur,1964,agegroup_days0_27,sex_btsx,83058
tur,1965,agegroup_days0_27,sex_btsx,82944
tur,1966,agegroup_days0_27,sex_btsx,82999
tur,1967,agegroup_days0_27,sex_btsx,82700
tur,1968,agegroup_days0_27,sex_btsx,82631
tur,1969,agegroup_days0_27,sex_btsx,82718
tur,1970,agegroup_days0_27,sex_btsx,82772
tur,1971,agegroup_days0_27,sex_btsx,82732
tur,1972,agegroup_days0_27,sex_btsx,81834
tur,1973,agegroup_days0_27,sex_btsx,80493
tur,1974,agegroup_days0_27,sex_btsx,78317
tur,1975,agegroup_days0_27,sex_btsx,75999
tur,1976,agegroup_days0_27,sex_btsx,73623
tur,1977,agegroup_days0_27,sex_btsx,71742
tur,1978,agegroup_days0_27,sex_btsx,70603
tur,1979,agegroup_days0_27,sex_btsx,69309
tur,1980,agegroup_days0_27,sex_btsx,67648
tur,1981,agegroup_days0_27,sex_btsx,65854
tur,1982,agegroup_days0_27,sex_btsx,63155
tur,1983,agegroup_days0_27,sex_btsx,61052
tur,1984,agegroup_days0_27,sex_btsx,58923
tur,1985,agegroup_days0_27,sex_btsx,56972
tur,1986,agegroup_days0_27,sex_btsx,55098
tur,1987,agegroup_days0_27,sex_btsx,53087
tur,1988,agegroup_days0_27,sex_btsx,51271
tur,1989,agegroup_days0_27,sex_btsx,49092
tur,1990,agegroup_days0_27,sex_btsx,45427
tur,1991,agegroup_days0_27,sex_btsx,43132
tur,1992,agegroup_days0_27,sex_btsx,40923
tur,1993,agegroup_days0_27,sex_btsx,39405
tur,1994,agegroup_days0_27,sex_btsx,37577
tur,1995,agegroup_days0_27,sex_btsx,35812
tur,1996,agegroup_days0_27,sex_btsx,33827
tur,1997,agegroup_days0_27,sex_btsx,32223
tur,1998,agegroup_days0_27,sex_btsx,30600
tur,1999,agegroup_days0_27,sex_btsx,28633
tur,2000,agegroup_days0_27,sex_btsx,25987
tur,2001,agegroup_days0_27,sex_btsx,23524
tur,2002,agegroup_days0_27,sex_btsx,20934
tur,2003,agegroup_days0_27,sex_btsx,19039
tur,2004,agegroup_days0_27,sex_btsx,17769
tur,2005,agegroup_days0_27,sex_btsx,16611
tur,2006,agegroup_days0_27,sex_btsx,15482
tur,2007,agegroup_days0_27,sex_btsx,14331
tur,2008,agegroup_days0_27,sex_btsx,13215
tur,2009,agegroup_days0_27,sex_btsx,12211
tur,2010,agegroup_days0_27,sex_btsx,11085
tur,2011,agegroup_days0_27,sex_btsx,10240
tur,2012,agegroup_days0_27,sex_btsx,9911
tur,2013,agegroup_days0_27,sex_btsx,9404
tur,2014,agegroup_days0_27,sex_btsx,9350
tur,2015,agegroup_days0_27,sex_btsx,9051
tur,2016,agegroup_days0_27,sex_btsx,8757
tur,2017,agegroup_days0_27,sex_btsx,8402
tur,2018,agegroup_days0_27,sex_btsx,7947
tur,2019,agegroup_days0_27,sex_btsx,7269
tur,2020,agegroup_days0_27,sex_btsx,6501
tur,2021,agegroup_days0_27,sex_btsx,5975
tur,2022,agegroup_days0_27,sex_btsx,5410
tur,2023,agegroup_days0_27,sex_btsx,5207
tuv,1990,agegroup_days0_27,sex_btsx,8
tuv,1991,agegroup_days0_27,sex_btsx,8
tuv,1992,agegroup_days0_27,sex_btsx,8
tuv,1993,agegroup_days0_27,sex_btsx,8
tuv,1994,agegroup_days0_27,sex_btsx,8
tuv,1995,agegroup_days0_27,sex_btsx,8
tuv,1996,agegroup_days0_27,sex_btsx,7
tuv,1997,agegroup_days0_27,sex_btsx,7
tuv,1998,agegroup_days0_27,sex_btsx,7
tuv,1999,agegroup_days0_27,sex_btsx,7
tuv,2000,agegroup_days0_27,sex_btsx,6
tuv,2001,agegroup_days0_27,sex_btsx,6
tuv,2002,agegroup_days0_27,sex_btsx,6
tuv,2003,agegroup_days0_27,sex_btsx,5
tuv,2004,agegroup_days0_27,sex_btsx,5
tuv,2005,agegroup_days0_27,sex_btsx,5
tuv,2006,agegroup_days0_27,sex_btsx,5
tuv,2007,agegroup_days0_27,sex_btsx,5
tuv,2008,agegroup_days0_27,sex_btsx,4
tuv,2009,agegroup_days0_27,sex_btsx,4
tuv,2010,agegroup_days0_27,sex_btsx,4
tuv,2011,agegroup_days0_27,sex_btsx,4
tuv,2012,agegroup_days0_27,sex_btsx,4
tuv,2013,agegroup_days0_27,sex_btsx,3
tuv,2014,agegroup_days0_27,sex_btsx,3
tuv,2015,agegroup_days0_27,sex_btsx,3
tuv,2016,agegroup_days0_27,sex_btsx,3
tuv,2017,agegroup_days0_27,sex_btsx,3
tuv,2018,agegroup_days0_27,sex_btsx,3
tuv,2019,agegroup_days0_27,sex_btsx,3
tuv,2020,agegroup_days0_27,sex_btsx,3
tuv,2021,agegroup_days0_27,sex_btsx,2
tuv,2022,agegroup_days0_27,sex_btsx,2
tuv,2023,agegroup_days0_27,sex_btsx,2
tza,1969,agegroup_days0_27,sex_btsx,30823
tza,1970,agegroup_days0_27,sex_btsx,31283
tza,1971,agegroup_days0_27,sex_btsx,31724
tza,1972,agegroup_days0_27,sex_btsx,32077
tza,1973,agegroup_days0_27,sex_btsx,32675
tza,1974,agegroup_days0_27,sex_btsx,33731
tza,1975,agegroup_days0_27,sex_btsx,34675
tza,1976,agegroup_days0_27,sex_btsx,35764
tza,1977,agegroup_days0_27,sex_btsx,37062
tza,1978,agegroup_days0_27,sex_btsx,38268
tza,1979,agegroup_days0_27,sex_btsx,39307
tza,1980,agegroup_days0_27,sex_btsx,40194
tza,1981,agegroup_days0_27,sex_btsx,41148
tza,1982,agegroup_days0_27,sex_btsx,42157
tza,1983,agegroup_days0_27,sex_btsx,43085
tza,1984,agegroup_days0_27,sex_btsx,43382
tza,1985,agegroup_days0_27,sex_btsx,43619
tza,1986,agegroup_days0_27,sex_btsx,43799
tza,1987,agegroup_days0_27,sex_btsx,44213
tza,1988,agegroup_days0_27,sex_btsx,44704
tza,1989,agegroup_days0_27,sex_btsx,44693
tza,1990,agegroup_days0_27,sex_btsx,44534
tza,1991,agegroup_days0_27,sex_btsx,44585
tza,1992,agegroup_days0_27,sex_btsx,44594
tza,1993,agegroup_days0_27,sex_btsx,44673
tza,1994,agegroup_days0_27,sex_btsx,45471
tza,1995,agegroup_days0_27,sex_btsx,46592
tza,1996,agegroup_days0_27,sex_btsx,47152
tza,1997,agegroup_days0_27,sex_btsx,46874
tza,1998,agegroup_days0_27,sex_btsx,47178
tza,1999,agegroup_days0_27,sex_btsx,46942
tza,2000,agegroup_days0_27,sex_btsx,46626
tza,2001,agegroup_days0_27,sex_btsx,46217
tza,2002,agegroup_days0_27,sex_btsx,45515
tza,2003,agegroup_days0_27,sex_btsx,45273
tza,2004,agegroup_days0_27,sex_btsx,45177
tza,2005,agegroup_days0_27,sex_btsx,44985
tza,2006,agegroup_days0_27,sex_btsx,44500
tza,2007,agegroup_days0_27,sex_btsx,43824
tza,2008,agegroup_days0_27,sex_btsx,43392
tza,2009,agegroup_days0_27,sex_btsx,43122
tza,2010,agegroup_days0_27,sex_btsx,42979
tza,2011,agegroup_days0_27,sex_btsx,42763
tza,2012,agegroup_days0_27,sex_btsx,43361
tza,2013,agegroup_days0_27,sex_btsx,44628
tza,2014,agegroup_days0_27,sex_btsx,45657
tza,2015,agegroup_days0_27,sex_btsx,46050
tza,2016,agegroup_days0_27,sex_btsx,47379
tza,2017,agegroup_days0_27,sex_btsx,48709
tza,2018,agegroup_days0_27,sex_btsx,49402
tza,2019,agegroup_days0_27,sex_btsx,49439
tza,2020,agegroup_days0_27,sex_btsx,49303
tza,2021,agegroup_days0_27,sex_btsx,48939
tza,2022,agegroup_days0_27,sex_btsx,48609
tza,2023,agegroup_days0_27,sex_btsx,48216
uga,1966,agegroup_days0_27,sex_btsx,25605
uga,1967,agegroup_days0_27,sex_btsx,26068
uga,1968,agegroup_days0_27,sex_btsx,26457
uga,1969,agegroup_days0_27,sex_btsx,26714
uga,1970,agegroup_days0_27,sex_btsx,27137
uga,1971,agegroup_days0_27,sex_btsx,27548
uga,1972,agegroup_days0_27,sex_btsx,27853
uga,1973,agegroup_days0_27,sex_btsx,28195
uga,1974,agegroup_days0_27,sex_btsx,28725
uga,1975,agegroup_days0_27,sex_btsx,29606
uga,1976,agegroup_days0_27,sex_btsx,30478
uga,1977,agegroup_days0_27,sex_btsx,31474
uga,1978,agegroup_days0_27,sex_btsx,32495
uga,1979,agegroup_days0_27,sex_btsx,33453
uga,1980,agegroup_days0_27,sex_btsx,33853
uga,1981,agegroup_days0_27,sex_btsx,34083
uga,1982,agegroup_days0_27,sex_btsx,34014
uga,1983,agegroup_days0_27,sex_btsx,33964
uga,1984,agegroup_days0_27,sex_btsx,33877
uga,1985,agegroup_days0_27,sex_btsx,34165
uga,1986,agegroup_days0_27,sex_btsx,34413
uga,1987,agegroup_days0_27,sex_btsx,34775
uga,1988,agegroup_days0_27,sex_btsx,34940
uga,1989,agegroup_days0_27,sex_btsx,34956
uga,1990,agegroup_days0_27,sex_btsx,35112
uga,1991,agegroup_days0_27,sex_btsx,34967
uga,1992,agegroup_days0_27,sex_btsx,35154
uga,1993,agegroup_days0_27,sex_btsx,35469
uga,1994,agegroup_days0_27,sex_btsx,36011
uga,1995,agegroup_days0_27,sex_btsx,36604
uga,1996,agegroup_days0_27,sex_btsx,36434
uga,1997,agegroup_days0_27,sex_btsx,37080
uga,1998,agegroup_days0_27,sex_btsx,37103
uga,1999,agegroup_days0_27,sex_btsx,37483
uga,2000,agegroup_days0_27,sex_btsx,37471
uga,2001,agegroup_days0_27,sex_btsx,37312
uga,2002,agegroup_days0_27,sex_btsx,36982
uga,2003,agegroup_days0_27,sex_btsx,36618
uga,2004,agegroup_days0_27,sex_btsx,36347
uga,2005,agegroup_days0_27,sex_btsx,35948
uga,2006,agegroup_days0_27,sex_btsx,35708
uga,2007,agegroup_days0_27,sex_btsx,35451
uga,2008,agegroup_days0_27,sex_btsx,35113
uga,2009,agegroup_days0_27,sex_btsx,35019
uga,2010,agegroup_days0_27,sex_btsx,34894
uga,2011,agegroup_days0_27,sex_btsx,34608
uga,2012,agegroup_days0_27,sex_btsx,34110
uga,2013,agegroup_days0_27,sex_btsx,33449
uga,2014,agegroup_days0_27,sex_btsx,32791
uga,2015,agegroup_days0_27,sex_btsx,32208
uga,2016,agegroup_days0_27,sex_btsx,31698
uga,2017,agegroup_days0_27,sex_btsx,31555
uga,2018,agegroup_days0_27,sex_btsx,31538
uga,2019,agegroup_days0_27,sex_btsx,31419
uga,2020,agegroup_days0_27,sex_btsx,31326
uga,2021,agegroup_days0_27,sex_btsx,31250
uga,2022,agegroup_days0_27,sex_btsx,31064
uga,2023,agegroup_days0_27,sex_btsx,30558
ukr,1985,agegroup_days0_27,sex_btsx,10648
ukr,1986,agegroup_days0_27,sex_btsx,10546
ukr,1987,agegroup_days0_27,sex_btsx,9832
ukr,1988,agegroup_days0_27,sex_btsx,9281
ukr,1989,agegroup_days0_27,sex_btsx,8585
ukr,1990,agegroup_days0_27,sex_btsx,8057
ukr,1991,agegroup_days0_27,sex_btsx,7662
ukr,1992,agegroup_days0_27,sex_btsx,7233
ukr,1993,agegroup_days0_27,sex_btsx,6822
ukr,1994,agegroup_days0_27,sex_btsx,6469
ukr,1995,agegroup_days0_27,sex_btsx,6143
ukr,1996,agegroup_days0_27,sex_btsx,5823
ukr,1997,agegroup_days0_27,sex_btsx,5450
ukr,1998,agegroup_days0_27,sex_btsx,5040
ukr,1999,agegroup_days0_27,sex_btsx,4547
ukr,2000,agegroup_days0_27,sex_btsx,4271
ukr,2001,agegroup_days0_27,sex_btsx,3999
ukr,2002,agegroup_days0_27,sex_btsx,3918
ukr,2003,agegroup_days0_27,sex_btsx,3884
ukr,2004,agegroup_days0_27,sex_btsx,3852
ukr,2005,agegroup_days0_27,sex_btsx,3724
ukr,2006,agegroup_days0_27,sex_btsx,3814
ukr,2007,agegroup_days0_27,sex_btsx,3816
ukr,2008,agegroup_days0_27,sex_btsx,3925
ukr,2009,agegroup_days0_27,sex_btsx,3804
ukr,2010,agegroup_days0_27,sex_btsx,3523
ukr,2011,agegroup_days0_27,sex_btsx,3385
ukr,2012,agegroup_days0_27,sex_btsx,3327
ukr,2013,agegroup_days0_27,sex_btsx,3111
ukr,2014,agegroup_days0_27,sex_btsx,2833
ukr,2015,agegroup_days0_27,sex_btsx,2507
ukr,2016,agegroup_days0_27,sex_btsx,2369
ukr,2017,agegroup_days0_27,sex_btsx,2101
ukr,2018,agegroup_days0_27,sex_btsx,1887
ukr,2019,agegroup_days0_27,sex_btsx,1768
ukr,2020,agegroup_days0_27,sex_btsx,1669
ukr,2021,agegroup_days0_27,sex_btsx,1508
ukr,2022,agegroup_days0_27,sex_btsx,1130
ukr,2023,agegroup_days0_27,sex_btsx,1000
ury,1971,agegroup_days0_27,sex_btsx,1336
ury,1972,agegroup_days0_27,sex_btsx,1435
ury,1973,agegroup_days0_27,sex_btsx,1541
ury,1974,agegroup_days0_27,sex_btsx,1584
ury,1975,agegroup_days0_27,sex_btsx,1529
ury,1976,agegroup_days0_27,sex_btsx,1418
ury,1977,agegroup_days0_27,sex_btsx,1290
ury,1978,agegroup_days0_27,sex_btsx,1191
ury,1979,agegroup_days0_27,sex_btsx,1083
ury,1980,agegroup_days0_27,sex_btsx,980
ury,1981,agegroup_days0_27,sex_btsx,904
ury,1982,agegroup_days0_27,sex_btsx,834
ury,1983,agegroup_days0_27,sex_btsx,783
ury,1984,agegroup_days0_27,sex_btsx,751
ury,1985,agegroup_days0_27,sex_btsx,731
ury,1986,agegroup_days0_27,sex_btsx,710
ury,1987,agegroup_days0_27,sex_btsx,691
ury,1988,agegroup_days0_27,sex_btsx,675
ury,1989,agegroup_days0_27,sex_btsx,660
ury,1990,agegroup_days0_27,sex_btsx,648
ury,1991,agegroup_days0_27,sex_btsx,643
ury,1992,agegroup_days0_27,sex_btsx,642
ury,1993,agegroup_days0_27,sex_btsx,633
ury,1994,agegroup_days0_27,sex_btsx,616
ury,1995,agegroup_days0_27,sex_btsx,577
ury,1996,agegroup_days0_27,sex_btsx,535
ury,1997,agegroup_days0_27,sex_btsx,502
ury,1998,agegroup_days0_27,sex_btsx,473
ury,1999,agegroup_days0_27,sex_btsx,457
ury,2000,agegroup_days0_27,sex_btsx,439
ury,2001,agegroup_days0_27,sex_btsx,428
ury,2002,agegroup_days0_27,sex_btsx,423
ury,2003,agegroup_days0_27,sex_btsx,405
ury,2004,agegroup_days0_27,sex_btsx,383
ury,2005,agegroup_days0_27,sex_btsx,361
ury,2006,agegroup_days0_27,sex_btsx,327
ury,2007,agegroup_days0_27,sex_btsx,293
ury,2008,agegroup_days0_27,sex_btsx,265
ury,2009,agegroup_days0_27,sex_btsx,245
ury,2010,agegroup_days0_27,sex_btsx,233
ury,2011,agegroup_days0_27,sex_btsx,228
ury,2012,agegroup_days0_27,sex_btsx,235
ury,2013,agegroup_days0_27,sex_btsx,243
ury,2014,agegroup_days0_27,sex_btsx,242
ury,2015,agegroup_days0_27,sex_btsx,241
ury,2016,agegroup_days0_27,sex_btsx,229
ury,2017,agegroup_days0_27,sex_btsx,212
ury,2018,agegroup_days0_27,sex_btsx,194
ury,2019,agegroup_days0_27,sex_btsx,179
ury,2020,agegroup_days0_27,sex_btsx,167
ury,2021,agegroup_days0_27,sex_btsx,156
ury,2022,agegroup_days0_27,sex_btsx,146
ury,2023,agegroup_days0_27,sex_btsx,137
usa,1969,agegroup_days0_27,sex_btsx,57858
usa,1970,agegroup_days0_27,sex_btsx,58458
usa,1971,agegroup_days0_27,sex_btsx,53774
usa,1972,agegroup_days0_27,sex_btsx,46740
usa,1973,agegroup_days0_27,sex_btsx,42355
usa,1974,agegroup_days0_27,sex_btsx,40293
usa,1975,agegroup_days0_27,sex_btsx,38173
usa,1976,agegroup_days0_27,sex_btsx,36276
usa,1977,agegroup_days0_27,sex_btsx,35313
usa,1978,agegroup_days0_27,sex_btsx,33096
usa,1979,agegroup_days0_27,sex_btsx,32265
usa,1980,agegroup_days0_27,sex_btsx,31418
usa,1981,agegroup_days0_27,sex_btsx,30208
usa,1982,agegroup_days0_27,sex_btsx,29395
usa,1983,agegroup_days0_27,sex_btsx,28082
usa,1984,agegroup_days0_27,sex_btsx,27210
usa,1985,agegroup_days0_27,sex_btsx,26730
usa,1986,agegroup_days0_27,sex_btsx,25786
usa,1987,agegroup_days0_27,sex_btsx,25205
usa,1988,agegroup_days0_27,sex_btsx,24844
usa,1989,agegroup_days0_27,sex_btsx,24562
usa,1990,agegroup_days0_27,sex_btsx,24048
usa,1991,agegroup_days0_27,sex_btsx,22896
usa,1992,agegroup_days0_27,sex_btsx,21855
usa,1993,agegroup_days0_27,sex_btsx,20848
usa,1994,agegroup_days0_27,sex_btsx,19999
usa,1995,agegroup_days0_27,sex_btsx,19238
usa,1996,agegroup_days0_27,sex_btsx,18736
usa,1997,agegroup_days0_27,sex_btsx,18323
usa,1998,agegroup_days0_27,sex_btsx,18252
usa,1999,agegroup_days0_27,sex_btsx,18139
usa,2000,agegroup_days0_27,sex_btsx,18352
usa,2001,agegroup_days0_27,sex_btsx,18178
usa,2002,agegroup_days0_27,sex_btsx,18156
usa,2003,agegroup_days0_27,sex_btsx,18386
usa,2004,agegroup_days0_27,sex_btsx,18343
usa,2005,agegroup_days0_27,sex_btsx,18194
usa,2006,agegroup_days0_27,sex_btsx,18361
usa,2007,agegroup_days0_27,sex_btsx,18252
usa,2008,agegroup_days0_27,sex_btsx,17726
usa,2009,agegroup_days0_27,sex_btsx,17023
usa,2010,agegroup_days0_27,sex_btsx,16323
usa,2011,agegroup_days0_27,sex_btsx,16014
usa,2012,agegroup_days0_27,sex_btsx,15950
usa,2013,agegroup_days0_27,sex_btsx,15809
usa,2014,agegroup_days0_27,sex_btsx,15760
usa,2015,agegroup_days0_27,sex_btsx,15425
usa,2016,agegroup_days0_27,sex_btsx,15078
usa,2017,agegroup_days0_27,sex_btsx,14696
usa,2018,agegroup_days0_27,sex_btsx,14408
usa,2019,agegroup_days0_27,sex_btsx,14046
usa,2020,agegroup_days0_27,sex_btsx,13263
usa,2021,agegroup_days0_27,sex_btsx,13028
usa,2022,agegroup_days0_27,sex_btsx,12910
usa,2023,agegroup_days0_27,sex_btsx,12320
uzb,1990,agegroup_days0_27,sex_btsx,21113
uzb,1991,agegroup_days0_27,sex_btsx,21777
uzb,1992,agegroup_days0_27,sex_btsx,21701
uzb,1993,agegroup_days0_27,sex_btsx,21202
uzb,1994,agegroup_days0_27,sex_btsx,20546
uzb,1995,agegroup_days0_27,sex_btsx,20288
uzb,1996,agegroup_days0_27,sex_btsx,19541
uzb,1997,agegroup_days0_27,sex_btsx,18465
uzb,1998,agegroup_days0_27,sex_btsx,17238
uzb,1999,agegroup_days0_27,sex_btsx,16274
uzb,2000,agegroup_days0_27,sex_btsx,15337
uzb,2001,agegroup_days0_27,sex_btsx,14629
uzb,2002,agegroup_days0_27,sex_btsx,14172
uzb,2003,agegroup_days0_27,sex_btsx,13493
uzb,2004,agegroup_days0_27,sex_btsx,13141
uzb,2005,agegroup_days0_27,sex_btsx,12559
uzb,2006,agegroup_days0_27,sex_btsx,12377
uzb,2007,agegroup_days0_27,sex_btsx,12608
uzb,2008,agegroup_days0_27,sex_btsx,12473
uzb,2009,agegroup_days0_27,sex_btsx,11643
uzb,2010,agegroup_days0_27,sex_btsx,10524
uzb,2011,agegroup_days0_27,sex_btsx,9553
uzb,2012,agegroup_days0_27,sex_btsx,8907
uzb,2013,agegroup_days0_27,sex_btsx,8721
uzb,2014,agegroup_days0_27,sex_btsx,8515
uzb,2015,agegroup_days0_27,sex_btsx,8129
uzb,2016,agegroup_days0_27,sex_btsx,7598
uzb,2017,agegroup_days0_27,sex_btsx,7190
uzb,2018,agegroup_days0_27,sex_btsx,7196
uzb,2019,agegroup_days0_27,sex_btsx,7213
uzb,2020,agegroup_days0_27,sex_btsx,7305
uzb,2021,agegroup_days0_27,sex_btsx,7395
uzb,2022,agegroup_days0_27,sex_btsx,7305
uzb,2023,agegroup_days0_27,sex_btsx,7184
vct,1971,agegroup_days0_27,sex_btsx,88
vct,1972,agegroup_days0_27,sex_btsx,88
vct,1973,agegroup_days0_27,sex_btsx,86
vct,1974,agegroup_days0_27,sex_btsx,83
vct,1975,agegroup_days0_27,sex_btsx,81
vct,1976,agegroup_days0_27,sex_btsx,80
vct,1977,agegroup_days0_27,sex_btsx,78
vct,1978,agegroup_days0_27,sex_btsx,77
vct,1979,agegroup_days0_27,sex_btsx,72
vct,1980,agegroup_days0_27,sex_btsx,65
vct,1981,agegroup_days0_27,sex_btsx,62
vct,1982,agegroup_days0_27,sex_btsx,59
vct,1983,agegroup_days0_27,sex_btsx,54
vct,1984,agegroup_days0_27,sex_btsx,49
vct,1985,agegroup_days0_27,sex_btsx,44
vct,1986,agegroup_days0_27,sex_btsx,40
vct,1987,agegroup_days0_27,sex_btsx,37
vct,1988,agegroup_days0_27,sex_btsx,35
vct,1989,agegroup_days0_27,sex_btsx,33
vct,1990,agegroup_days0_27,sex_btsx,33
vct,1991,agegroup_days0_27,sex_btsx,33
vct,1992,agegroup_days0_27,sex_btsx,33
vct,1993,agegroup_days0_27,sex_btsx,33
vct,1994,agegroup_days0_27,sex_btsx,33
vct,1995,agegroup_days0_27,sex_btsx,33
vct,1996,agegroup_days0_27,sex_btsx,32
vct,1997,agegroup_days0_27,sex_btsx,31
vct,1998,agegroup_days0_27,sex_btsx,30
vct,1999,agegroup_days0_27,sex_btsx,29
vct,2000,agegroup_days0_27,sex_btsx,29
vct,2001,agegroup_days0_27,sex_btsx,29
vct,2002,agegroup_days0_27,sex_btsx,28
vct,2003,agegroup_days0_27,sex_btsx,27
vct,2004,agegroup_days0_27,sex_btsx,26
vct,2005,agegroup_days0_27,sex_btsx,26
vct,2006,agegroup_days0_27,sex_btsx,25
vct,2007,agegroup_days0_27,sex_btsx,25
vct,2008,agegroup_days0_27,sex_btsx,25
vct,2009,agegroup_days0_27,sex_btsx,25
vct,2010,agegroup_days0_27,sex_btsx,24
vct,2011,agegroup_days0_27,sex_btsx,22
vct,2012,agegroup_days0_27,sex_btsx,21
vct,2013,agegroup_days0_27,sex_btsx,19
vct,2014,agegroup_days0_27,sex_btsx,18
vct,2015,agegroup_days0_27,sex_btsx,16
vct,2016,agegroup_days0_27,sex_btsx,14
vct,2017,agegroup_days0_27,sex_btsx,12
vct,2018,agegroup_days0_27,sex_btsx,11
vct,2019,agegroup_days0_27,sex_btsx,10
vct,2020,agegroup_days0_27,sex_btsx,9
vct,2021,agegroup_days0_27,sex_btsx,8
vct,2022,agegroup_days0_27,sex_btsx,8
vct,2023,agegroup_days0_27,sex_btsx,7
ven,1990,agegroup_days0_27,sex_btsx,7337
ven,1991,agegroup_days0_27,sex_btsx,7839
ven,1992,agegroup_days0_27,sex_btsx,8268
ven,1993,agegroup_days0_27,sex_btsx,8277
ven,1994,agegroup_days0_27,sex_btsx,7913
ven,1995,agegroup_days0_27,sex_btsx,7394
ven,1996,agegroup_days0_27,sex_btsx,6896
ven,1997,agegroup_days0_27,sex_btsx,6546
ven,1998,agegroup_days0_27,sex_btsx,6442
ven,1999,agegroup_days0_27,sex_btsx,6443
ven,2000,agegroup_days0_27,sex_btsx,6273
ven,2001,agegroup_days0_27,sex_btsx,6049
ven,2002,agegroup_days0_27,sex_btsx,5830
ven,2003,agegroup_days0_27,sex_btsx,5865
ven,2004,agegroup_days0_27,sex_btsx,5995
ven,2005,agegroup_days0_27,sex_btsx,6175
ven,2006,agegroup_days0_27,sex_btsx,6145
ven,2007,agegroup_days0_27,sex_btsx,6008
ven,2008,agegroup_days0_27,sex_btsx,6007
ven,2009,agegroup_days0_27,sex_btsx,6088
ven,2010,agegroup_days0_27,sex_btsx,6244
ven,2011,agegroup_days0_27,sex_btsx,6419
ven,2012,agegroup_days0_27,sex_btsx,6521
ven,2013,agegroup_days0_27,sex_btsx,6571
ven,2014,agegroup_days0_27,sex_btsx,6624
ven,2015,agegroup_days0_27,sex_btsx,8333
ven,2016,agegroup_days0_27,sex_btsx,8435
ven,2017,agegroup_days0_27,sex_btsx,8230
ven,2018,agegroup_days0_27,sex_btsx,7761
ven,2019,agegroup_days0_27,sex_btsx,7102
ven,2020,agegroup_days0_27,sex_btsx,6653
ven,2021,agegroup_days0_27,sex_btsx,6453
ven,2022,agegroup_days0_27,sex_btsx,6358
ven,2023,agegroup_days0_27,sex_btsx,6414
vgb,1990,agegroup_days0_27,sex_btsx,3
vgb,1991,agegroup_days0_27,sex_btsx,3
vgb,1992,agegroup_days0_27,sex_btsx,3
vgb,1993,agegroup_days0_27,sex_btsx,3
vgb,1994,agegroup_days0_27,sex_btsx,3
vgb,1995,agegroup_days0_27,sex_btsx,3
vgb,1996,agegroup_days0_27,sex_btsx,3
vgb,1997,agegroup_days0_27,sex_btsx,3
vgb,1998,agegroup_days0_27,sex_btsx,2
vgb,1999,agegroup_days0_27,sex_btsx,3
vgb,2000,agegroup_days0_27,sex_btsx,3
vgb,2001,agegroup_days0_27,sex_btsx,2
vgb,2002,agegroup_days0_27,sex_btsx,2
vgb,2003,agegroup_days0_27,sex_btsx,2
vgb,2004,agegroup_days0_27,sex_btsx,2
vgb,2005,agegroup_days0_27,sex_btsx,2
vgb,2006,agegroup_days0_27,sex_btsx,2
vgb,2007,agegroup_days0_27,sex_btsx,2
vgb,2008,agegroup_days0_27,sex_btsx,2
vgb,2009,agegroup_days0_27,sex_btsx,2
vgb,2010,agegroup_days0_27,sex_btsx,2
vgb,2011,agegroup_days0_27,sex_btsx,2
vgb,2012,agegroup_days0_27,sex_btsx,2
vgb,2013,agegroup_days0_27,sex_btsx,2
vgb,2014,agegroup_days0_27,sex_btsx,3
vgb,2015,agegroup_days0_27,sex_btsx,3
vgb,2016,agegroup_days0_27,sex_btsx,3
vgb,2017,agegroup_days0_27,sex_btsx,2
vgb,2018,agegroup_days0_27,sex_btsx,2
vgb,2019,agegroup_days0_27,sex_btsx,2
vgb,2020,agegroup_days0_27,sex_btsx,2
vgb,2021,agegroup_days0_27,sex_btsx,2
vgb,2022,agegroup_days0_27,sex_btsx,2
vgb,2023,agegroup_days0_27,sex_btsx,2
vnm,1975,agegroup_days0_27,sex_btsx,45637
vnm,1976,agegroup_days0_27,sex_btsx,45941
vnm,1977,agegroup_days0_27,sex_btsx,46107
vnm,1978,agegroup_days0_27,sex_btsx,46275
vnm,1979,agegroup_days0_27,sex_btsx,46442
vnm,1980,agegroup_days0_27,sex_btsx,46076
vnm,1981,agegroup_days0_27,sex_btsx,46512
vnm,1982,agegroup_days0_27,sex_btsx,47331
vnm,1983,agegroup_days0_27,sex_btsx,48189
vnm,1984,agegroup_days0_27,sex_btsx,48568
vnm,1985,agegroup_days0_27,sex_btsx,47863
vnm,1986,agegroup_days0_27,sex_btsx,46483
vnm,1987,agegroup_days0_27,sex_btsx,44764
vnm,1988,agegroup_days0_27,sex_btsx,44297
vnm,1989,agegroup_days0_27,sex_btsx,44995
vnm,1990,agegroup_days0_27,sex_btsx,44716
vnm,1991,agegroup_days0_27,sex_btsx,43835
vnm,1992,agegroup_days0_27,sex_btsx,41611
vnm,1993,agegroup_days0_27,sex_btsx,39077
vnm,1994,agegroup_days0_27,sex_btsx,35825
vnm,1995,agegroup_days0_27,sex_btsx,32444
vnm,1996,agegroup_days0_27,sex_btsx,29096
vnm,1997,agegroup_days0_27,sex_btsx,25850
vnm,1998,agegroup_days0_27,sex_btsx,23004
vnm,1999,agegroup_days0_27,sex_btsx,21201
vnm,2000,agegroup_days0_27,sex_btsx,20801
vnm,2001,agegroup_days0_27,sex_btsx,20180
vnm,2002,agegroup_days0_27,sex_btsx,19552
vnm,2003,agegroup_days0_27,sex_btsx,19123
vnm,2004,agegroup_days0_27,sex_btsx,18551
vnm,2005,agegroup_days0_27,sex_btsx,17648
vnm,2006,agegroup_days0_27,sex_btsx,17398
vnm,2007,agegroup_days0_27,sex_btsx,17718
vnm,2008,agegroup_days0_27,sex_btsx,17985
vnm,2009,agegroup_days0_27,sex_btsx,17944
vnm,2010,agegroup_days0_27,sex_btsx,17882
vnm,2011,agegroup_days0_27,sex_btsx,18101
vnm,2012,agegroup_days0_27,sex_btsx,18475
vnm,2013,agegroup_days0_27,sex_btsx,18517
vnm,2014,agegroup_days0_27,sex_btsx,19372
vnm,2015,agegroup_days0_27,sex_btsx,19278
vnm,2016,agegroup_days0_27,sex_btsx,18129
vnm,2017,agegroup_days0_27,sex_btsx,17592
vnm,2018,agegroup_days0_27,sex_btsx,16244
vnm,2019,agegroup_days0_27,sex_btsx,16303
vnm,2020,agegroup_days0_27,sex_btsx,16034
vnm,2021,agegroup_days0_27,sex_btsx,15489
vnm,2022,agegroup_days0_27,sex_btsx,14897
vnm,2023,agegroup_days0_27,sex_btsx,14239
vut,1990,agegroup_days0_27,sex_btsx,115
vut,1991,agegroup_days0_27,sex_btsx,112
vut,1992,agegroup_days0_27,sex_btsx,109
vut,1993,agegroup_days0_27,sex_btsx,107
vut,1994,agegroup_days0_27,sex_btsx,104
vut,1995,agegroup_days0_27,sex_btsx,102
vut,1996,agegroup_days0_27,sex_btsx,99
vut,1997,agegroup_days0_27,sex_btsx,97
vut,1998,agegroup_days0_27,sex_btsx,94
vut,1999,agegroup_days0_27,sex_btsx,91
vut,2000,agegroup_days0_27,sex_btsx,87
vut,2001,agegroup_days0_27,sex_btsx,81
vut,2002,agegroup_days0_27,sex_btsx,77
vut,2003,agegroup_days0_27,sex_btsx,75
vut,2004,agegroup_days0_27,sex_btsx,74
vut,2005,agegroup_days0_27,sex_btsx,73
vut,2006,agegroup_days0_27,sex_btsx,73
vut,2007,agegroup_days0_27,sex_btsx,74
vut,2008,agegroup_days0_27,sex_btsx,75
vut,2009,agegroup_days0_27,sex_btsx,75
vut,2010,agegroup_days0_27,sex_btsx,75
vut,2011,agegroup_days0_27,sex_btsx,78
vut,2012,agegroup_days0_27,sex_btsx,82
vut,2013,agegroup_days0_27,sex_btsx,87
vut,2014,agegroup_days0_27,sex_btsx,92
vut,2015,agegroup_days0_27,sex_btsx,95
vut,2016,agegroup_days0_27,sex_btsx,96
vut,2017,agegroup_days0_27,sex_btsx,95
vut,2018,agegroup_days0_27,sex_btsx,92
vut,2019,agegroup_days0_27,sex_btsx,89
vut,2020,agegroup_days0_27,sex_btsx,85
vut,2021,agegroup_days0_27,sex_btsx,82
vut,2022,agegroup_days0_27,sex_btsx,80
vut,2023,agegroup_days0_27,sex_btsx,78
wsm,1990,agegroup_days0_27,sex_btsx,75
wsm,1991,agegroup_days0_27,sex_btsx,71
wsm,1992,agegroup_days0_27,sex_btsx,68
wsm,1993,agegroup_days0_27,sex_btsx,66
wsm,1994,agegroup_days0_27,sex_btsx,65
wsm,1995,agegroup_days0_27,sex_btsx,63
wsm,1996,agegroup_days0_27,sex_btsx,61
wsm,1997,agegroup_days0_27,sex_btsx,59
wsm,1998,agegroup_days0_27,sex_btsx,56
wsm,1999,agegroup_days0_27,sex_btsx,54
wsm,2000,agegroup_days0_27,sex_btsx,51
wsm,2001,agegroup_days0_27,sex_btsx,48
wsm,2002,agegroup_days0_27,sex_btsx,46
wsm,2003,agegroup_days0_27,sex_btsx,45
wsm,2004,agegroup_days0_27,sex_btsx,44
wsm,2005,agegroup_days0_27,sex_btsx,43
wsm,2006,agegroup_days0_27,sex_btsx,42
wsm,2007,agegroup_days0_27,sex_btsx,43
wsm,2008,agegroup_days0_27,sex_btsx,44
wsm,2009,agegroup_days0_27,sex_btsx,45
wsm,2010,agegroup_days0_27,sex_btsx,46
wsm,2011,agegroup_days0_27,sex_btsx,46
wsm,2012,agegroup_days0_27,sex_btsx,46
wsm,2013,agegroup_days0_27,sex_btsx,46
wsm,2014,agegroup_days0_27,sex_btsx,45
wsm,2015,agegroup_days0_27,sex_btsx,44
wsm,2016,agegroup_days0_27,sex_btsx,43
wsm,2017,agegroup_days0_27,sex_btsx,42
wsm,2018,agegroup_days0_27,sex_btsx,42
wsm,2019,agegroup_days0_27,sex_btsx,41
wsm,2020,agegroup_days0_27,sex_btsx,39
wsm,2021,agegroup_days0_27,sex_btsx,38
wsm,2022,agegroup_days0_27,sex_btsx,36
wsm,2023,agegroup_days0_27,sex_btsx,34
xkx,1990,agegroup_days0_27,sex_btsx,2480
xkx,1991,agegroup_days0_27,sex_btsx,2220
xkx,1992,agegroup_days0_27,sex_btsx,1802
xkx,1993,agegroup_days0_27,sex_btsx,1700
xkx,1994,agegroup_days0_27,sex_btsx,1599
xkx,1995,agegroup_days0_27,sex_btsx,1570
xkx,1996,agegroup_days0_27,sex_btsx,1546
xkx,1997,agegroup_days0_27,sex_btsx,1381
xkx,1998,agegroup_days0_27,sex_btsx,1357
xkx,1999,agegroup_days0_27,sex_btsx,1111
xkx,2000,agegroup_days0_27,sex_btsx,896
xkx,2001,agegroup_days0_27,sex_btsx,875
xkx,2002,agegroup_days0_27,sex_btsx,854
xkx,2003,agegroup_days0_27,sex_btsx,795
xkx,2004,agegroup_days0_27,sex_btsx,758
xkx,2005,agegroup_days0_27,sex_btsx,719
xkx,2006,agegroup_days0_27,sex_btsx,652
xkx,2007,agegroup_days0_27,sex_btsx,596
xkx,2008,agegroup_days0_27,sex_btsx,561
xkx,2009,agegroup_days0_27,sex_btsx,521
xkx,2010,agegroup_days0_27,sex_btsx,469
xkx,2011,agegroup_days0_27,sex_btsx,402
xkx,2012,agegroup_days0_27,sex_btsx,366
xkx,2013,agegroup_days0_27,sex_btsx,344
xkx,2014,agegroup_days0_27,sex_btsx,310
xkx,2015,agegroup_days0_27,sex_btsx,269
xkx,2016,agegroup_days0_27,sex_btsx,226
xkx,2017,agegroup_days0_27,sex_btsx,211
xkx,2018,agegroup_days0_27,sex_btsx,197
xkx,2019,agegroup_days0_27,sex_btsx,184
xkx,2020,agegroup_days0_27,sex_btsx,170
xkx,2021,agegroup_days0_27,sex_btsx,164
xkx,2022,agegroup_days0_27,sex_btsx,151
xkx,2023,agegroup_days0_27,sex_btsx,140
yem,1962,agegroup_days0_27,sex_btsx,27367
yem,1963,agegroup_days0_27,sex_btsx,27827
yem,1964,agegroup_days0_27,sex_btsx,28340
yem,1965,agegroup_days0_27,sex_btsx,28797
yem,1966,agegroup_days0_27,sex_btsx,29177
yem,1967,agegroup_days0_27,sex_btsx,29516
yem,1968,agegroup_days0_27,sex_btsx,29596
yem,1969,agegroup_days0_27,sex_btsx,29626
yem,1970,agegroup_days0_27,sex_btsx,29768
yem,1971,agegroup_days0_27,sex_btsx,29798
yem,1972,agegroup_days0_27,sex_btsx,29797
yem,1973,agegroup_days0_27,sex_btsx,29847
yem,1974,agegroup_days0_27,sex_btsx,29925
yem,1975,agegroup_days0_27,sex_btsx,30098
yem,1976,agegroup_days0_27,sex_btsx,30159
yem,1977,agegroup_days0_27,sex_btsx,30186
yem,1978,agegroup_days0_27,sex_btsx,30175
yem,1979,agegroup_days0_27,sex_btsx,30584
yem,1980,agegroup_days0_27,sex_btsx,30667
yem,1981,agegroup_days0_27,sex_btsx,30584
yem,1982,agegroup_days0_27,sex_btsx,30482
yem,1983,agegroup_days0_27,sex_btsx,30385
yem,1984,agegroup_days0_27,sex_btsx,30223
yem,1985,agegroup_days0_27,sex_btsx,30211
yem,1986,agegroup_days0_27,sex_btsx,30206
yem,1987,agegroup_days0_27,sex_btsx,30230
yem,1988,agegroup_days0_27,sex_btsx,30360
yem,1989,agegroup_days0_27,sex_btsx,30450
yem,1990,agegroup_days0_27,sex_btsx,30674
yem,1991,agegroup_days0_27,sex_btsx,30832
yem,1992,agegroup_days0_27,sex_btsx,31034
yem,1993,agegroup_days0_27,sex_btsx,31171
yem,1994,agegroup_days0_27,sex_btsx,31141
yem,1995,agegroup_days0_27,sex_btsx,30982
yem,1996,agegroup_days0_27,sex_btsx,29868
yem,1997,agegroup_days0_27,sex_btsx,29976
yem,1998,agegroup_days0_27,sex_btsx,29847
yem,1999,agegroup_days0_27,sex_btsx,29816
yem,2000,agegroup_days0_27,sex_btsx,29493
yem,2001,agegroup_days0_27,sex_btsx,29013
yem,2002,agegroup_days0_27,sex_btsx,28518
yem,2003,agegroup_days0_27,sex_btsx,28278
yem,2004,agegroup_days0_27,sex_btsx,27832
yem,2005,agegroup_days0_27,sex_btsx,27368
yem,2006,agegroup_days0_27,sex_btsx,27159
yem,2007,agegroup_days0_27,sex_btsx,26686
yem,2008,agegroup_days0_27,sex_btsx,26265
yem,2009,agegroup_days0_27,sex_btsx,26078
yem,2010,agegroup_days0_27,sex_btsx,25530
yem,2011,agegroup_days0_27,sex_btsx,25033
yem,2012,agegroup_days0_27,sex_btsx,25536
yem,2013,agegroup_days0_27,sex_btsx,26048
yem,2014,agegroup_days0_27,sex_btsx,26580
yem,2015,agegroup_days0_27,sex_btsx,27166
yem,2016,agegroup_days0_27,sex_btsx,27656
yem,2017,agegroup_days0_27,sex_btsx,28102
yem,2018,agegroup_days0_27,sex_btsx,28543
yem,2019,agegroup_days0_27,sex_btsx,28939
yem,2020,agegroup_days0_27,sex_btsx,29266
yem,2021,agegroup_days0_27,sex_btsx,29389
yem,2022,agegroup_days0_27,sex_btsx,29488
yem,2023,agegroup_days0_27,sex_btsx,29609
zaf,1977,agegroup_days0_27,sex_btsx,26570
zaf,1978,agegroup_days0_27,sex_btsx,26627
zaf,1979,agegroup_days0_27,sex_btsx,26816
zaf,1980,agegroup_days0_27,sex_btsx,26920
zaf,1981,agegroup_days0_27,sex_btsx,27158
zaf,1982,agegroup_days0_27,sex_btsx,27612
zaf,1983,agegroup_days0_27,sex_btsx,27688
zaf,1984,agegroup_days0_27,sex_btsx,27825
zaf,1985,agegroup_days0_27,sex_btsx,27794
zaf,1986,agegroup_days0_27,sex_btsx,27468
zaf,1987,agegroup_days0_27,sex_btsx,27323
zaf,1988,agegroup_days0_27,sex_btsx,26481
zaf,1989,agegroup_days0_27,sex_btsx,25467
zaf,1990,agegroup_days0_27,sex_btsx,24083
zaf,1991,agegroup_days0_27,sex_btsx,23557
zaf,1992,agegroup_days0_27,sex_btsx,22577
zaf,1993,agegroup_days0_27,sex_btsx,22180
zaf,1994,agegroup_days0_27,sex_btsx,20275
zaf,1995,agegroup_days0_27,sex_btsx,20585
zaf,1996,agegroup_days0_27,sex_btsx,19446
zaf,1997,agegroup_days0_27,sex_btsx,17884
zaf,1998,agegroup_days0_27,sex_btsx,16339
zaf,1999,agegroup_days0_27,sex_btsx,15149
zaf,2000,agegroup_days0_27,sex_btsx,13775
zaf,2001,agegroup_days0_27,sex_btsx,13107
zaf,2002,agegroup_days0_27,sex_btsx,12605
zaf,2003,agegroup_days0_27,sex_btsx,12759
zaf,2004,agegroup_days0_27,sex_btsx,13254
zaf,2005,agegroup_days0_27,sex_btsx,13804
zaf,2006,agegroup_days0_27,sex_btsx,14380
zaf,2007,agegroup_days0_27,sex_btsx,14704
zaf,2008,agegroup_days0_27,sex_btsx,15818
zaf,2009,agegroup_days0_27,sex_btsx,15018
zaf,2010,agegroup_days0_27,sex_btsx,14523
zaf,2011,agegroup_days0_27,sex_btsx,14296
zaf,2012,agegroup_days0_27,sex_btsx,14208
zaf,2013,agegroup_days0_27,sex_btsx,14101
zaf,2014,agegroup_days0_27,sex_btsx,14152
zaf,2015,agegroup_days0_27,sex_btsx,13854
zaf,2016,agegroup_days0_27,sex_btsx,13409
zaf,2017,agegroup_days0_27,sex_btsx,13270
zaf,2018,agegroup_days0_27,sex_btsx,13338
zaf,2019,agegroup_days0_27,sex_btsx,13440
zaf,2020,agegroup_days0_27,sex_btsx,13535
zaf,2021,agegroup_days0_27,sex_btsx,13672
zaf,2022,agegroup_days0_27,sex_btsx,13761
zaf,2023,agegroup_days0_27,sex_btsx,13830
zmb,1970,agegroup_days0_27,sex_btsx,7720
zmb,1971,agegroup_days0_27,sex_btsx,7870
zmb,1972,agegroup_days0_27,sex_btsx,8002
zmb,1973,agegroup_days0_27,sex_btsx,8139
zmb,1974,agegroup_days0_27,sex_btsx,8294
zmb,1975,agegroup_days0_27,sex_btsx,8539
zmb,1976,agegroup_days0_27,sex_btsx,8720
zmb,1977,agegroup_days0_27,sex_btsx,8954
zmb,1978,agegroup_days0_27,sex_btsx,9167
zmb,1979,agegroup_days0_27,sex_btsx,9386
zmb,1980,agegroup_days0_27,sex_btsx,9597
zmb,1981,agegroup_days0_27,sex_btsx,9894
zmb,1982,agegroup_days0_27,sex_btsx,10264
zmb,1983,agegroup_days0_27,sex_btsx,10696
zmb,1984,agegroup_days0_27,sex_btsx,11129
zmb,1985,agegroup_days0_27,sex_btsx,11615
zmb,1986,agegroup_days0_27,sex_btsx,12048
zmb,1987,agegroup_days0_27,sex_btsx,12444
zmb,1988,agegroup_days0_27,sex_btsx,12769
zmb,1989,agegroup_days0_27,sex_btsx,13076
zmb,1990,agegroup_days0_27,sex_btsx,13253
zmb,1991,agegroup_days0_27,sex_btsx,13424
zmb,1992,agegroup_days0_27,sex_btsx,13523
zmb,1993,agegroup_days0_27,sex_btsx,13729
zmb,1994,agegroup_days0_27,sex_btsx,13995
zmb,1995,agegroup_days0_27,sex_btsx,14311
zmb,1996,agegroup_days0_27,sex_btsx,14620
zmb,1997,agegroup_days0_27,sex_btsx,14905
zmb,1998,agegroup_days0_27,sex_btsx,15199
zmb,1999,agegroup_days0_27,sex_btsx,15405
zmb,2000,agegroup_days0_27,sex_btsx,15437
zmb,2001,agegroup_days0_27,sex_btsx,15232
zmb,2002,agegroup_days0_27,sex_btsx,14961
zmb,2003,agegroup_days0_27,sex_btsx,14660
zmb,2004,agegroup_days0_27,sex_btsx,14489
zmb,2005,agegroup_days0_27,sex_btsx,14388
zmb,2006,agegroup_days0_27,sex_btsx,14394
zmb,2007,agegroup_days0_27,sex_btsx,14435
zmb,2008,agegroup_days0_27,sex_btsx,14563
zmb,2009,agegroup_days0_27,sex_btsx,14716
zmb,2010,agegroup_days0_27,sex_btsx,14868
zmb,2011,agegroup_days0_27,sex_btsx,14953
zmb,2012,agegroup_days0_27,sex_btsx,15014
zmb,2013,agegroup_days0_27,sex_btsx,15040
zmb,2014,agegroup_days0_27,sex_btsx,15057
zmb,2015,agegroup_days0_27,sex_btsx,15091
zmb,2016,agegroup_days0_27,sex_btsx,15130
zmb,2017,agegroup_days0_27,sex_btsx,15161
zmb,2018,agegroup_days0_27,sex_btsx,15224
zmb,2019,agegroup_days0_27,sex_btsx,15270
zmb,2020,agegroup_days0_27,sex_btsx,15195
zmb,2021,agegroup_days0_27,sex_btsx,15142
zmb,2022,agegroup_days0_27,sex_btsx,15109
zmb,2023,agegroup_days0_27,sex_btsx,15062
zwe,1966,agegroup_days0_27,sex_btsx,6840
zwe,1967,agegroup_days0_27,sex_btsx,6991
zwe,1968,agegroup_days0_27,sex_btsx,7169
zwe,1969,agegroup_days0_27,sex_btsx,7393
zwe,1970,agegroup_days0_27,sex_btsx,7665
zwe,1971,agegroup_days0_27,sex_btsx,7971
zwe,1972,agegroup_days0_27,sex_btsx,8370
zwe,1973,agegroup_days0_27,sex_btsx,8837
zwe,1974,agegroup_days0_27,sex_btsx,9257
zwe,1975,agegroup_days0_27,sex_btsx,9681
zwe,1976,agegroup_days0_27,sex_btsx,10015
zwe,1977,agegroup_days0_27,sex_btsx,10248
zwe,1978,agegroup_days0_27,sex_btsx,10370
zwe,1979,agegroup_days0_27,sex_btsx,10284
zwe,1980,agegroup_days0_27,sex_btsx,10354
zwe,1981,agegroup_days0_27,sex_btsx,11099
zwe,1982,agegroup_days0_27,sex_btsx,11103
zwe,1983,agegroup_days0_27,sex_btsx,11006
zwe,1984,agegroup_days0_27,sex_btsx,10759
zwe,1985,agegroup_days0_27,sex_btsx,10485
zwe,1986,agegroup_days0_27,sex_btsx,10211
zwe,1987,agegroup_days0_27,sex_btsx,9911
zwe,1988,agegroup_days0_27,sex_btsx,9498
zwe,1989,agegroup_days0_27,sex_btsx,9140
zwe,1990,agegroup_days0_27,sex_btsx,8791
zwe,1991,agegroup_days0_27,sex_btsx,8535
zwe,1992,agegroup_days0_27,sex_btsx,8390
zwe,1993,agegroup_days0_27,sex_btsx,7933
zwe,1994,agegroup_days0_27,sex_btsx,7892
zwe,1995,agegroup_days0_27,sex_btsx,8047
zwe,1996,agegroup_days0_27,sex_btsx,8580
zwe,1997,agegroup_days0_27,sex_btsx,9163
zwe,1998,agegroup_days0_27,sex_btsx,9741
zwe,1999,agegroup_days0_27,sex_btsx,10307
zwe,2000,agegroup_days0_27,sex_btsx,10666
zwe,2001,agegroup_days0_27,sex_btsx,11023
zwe,2002,agegroup_days0_27,sex_btsx,11442
zwe,2003,agegroup_days0_27,sex_btsx,11943
zwe,2004,agegroup_days0_27,sex_btsx,12333
zwe,2005,agegroup_days0_27,sex_btsx,12609
zwe,2006,agegroup_days0_27,sex_btsx,12900
zwe,2007,agegroup_days0_27,sex_btsx,13536
zwe,2008,agegroup_days0_27,sex_btsx,14160
zwe,2009,agegroup_days0_27,sex_btsx,14783
zwe,2010,agegroup_days0_27,sex_btsx,14944
zwe,2011,agegroup_days0_27,sex_btsx,14968
zwe,2012,agegroup_days0_27,sex_btsx,14669
zwe,2013,agegroup_days0_27,sex_btsx,14184
zwe,2014,agegroup_days0_27,sex_btsx,13484
zwe,2015,agegroup_days0_27,sex_btsx,12837
zwe,2016,agegroup_days0_27,sex_btsx,12333
zwe,2017,agegroup_days0_27,sex_btsx,11978
zwe,2018,agegroup_days0_27,sex_btsx,11728
zwe,2019,agegroup_days0_27,sex_btsx,11599
zwe,2020,agegroup_days0_27,sex_btsx,11517
zwe,2021,agegroup_days0_27,sex_btsx,11438
zwe,2022,agegroup_days0_27,sex_btsx,11344
zwe,2023,agegroup_days0_27,sex_btsx,11110
