country,year,sex,m_est_tob_curr_std
afg,2000,sex_btsx,39.2
afg,2000,sex_fmle,19.7
afg,2000,sex_mle,58.6
afg,2005,sex_btsx,34.2
afg,2005,sex_fmle,15.3
afg,2005,sex_mle,53.1
afg,2007,sex_btsx,32.5
afg,2007,sex_fmle,13.9
afg,2007,sex_mle,51
afg,2010,sex_btsx,30.2
afg,2010,sex_fmle,12
afg,2010,sex_mle,48.3
afg,2015,sex_btsx,26.6
afg,2015,sex_fmle,9.4
afg,2015,sex_mle,43.8
afg,2020,sex_btsx,23.7
afg,2020,sex_fmle,7.4
afg,2020,sex_mle,40
afg,2021,sex_btsx,23.2
afg,2021,sex_fmle,7.1
afg,2021,sex_mle,39.3
afg,2022,sex_btsx,22.7
afg,2022,sex_fmle,6.8
afg,2022,sex_mle,38.7
afg,2025,sex_btsx,21.3
afg,2025,sex_fmle,5.9
afg,2025,sex_mle,36.8
afg,2030,sex_btsx,19.4
afg,2030,sex_fmle,4.7
afg,2030,sex_mle,34.1
alb,2000,sex_btsx,35.4
alb,2000,sex_fmle,11.1
alb,2000,sex_mle,59.6
alb,2005,sex_btsx,31.6
alb,2005,sex_fmle,9.6
alb,2005,sex_mle,53.6
alb,2007,sex_btsx,30.2
alb,2007,sex_fmle,9.1
alb,2007,sex_mle,51.3
alb,2010,sex_btsx,28.3
alb,2010,sex_fmle,8.4
alb,2010,sex_mle,48.3
alb,2015,sex_btsx,25.4
alb,2015,sex_fmle,7.3
alb,2015,sex_mle,43.5
alb,2020,sex_btsx,22.9
alb,2020,sex_fmle,6.4
alb,2020,sex_mle,39.5
alb,2021,sex_btsx,22.4
alb,2021,sex_fmle,6.2
alb,2021,sex_mle,38.5
alb,2022,sex_btsx,21.9
alb,2022,sex_fmle,6
alb,2022,sex_mle,37.8
alb,2025,sex_btsx,20.7
alb,2025,sex_fmle,5.6
alb,2025,sex_mle,35.9
alb,2030,sex_btsx,18.6
alb,2030,sex_fmle,4.9
alb,2030,sex_mle,32.2
and,2000,sex_btsx,36
and,2000,sex_fmle,28.5
and,2000,sex_mle,43.6
and,2005,sex_btsx,35.8
and,2005,sex_fmle,30.3
and,2005,sex_mle,41.3
and,2007,sex_btsx,35.7
and,2007,sex_fmle,31
and,2007,sex_mle,40.4
and,2010,sex_btsx,35.7
and,2010,sex_fmle,32.2
and,2010,sex_mle,39.2
and,2015,sex_btsx,35.8
and,2015,sex_fmle,34.4
and,2015,sex_mle,37.2
and,2020,sex_btsx,36
and,2020,sex_fmle,36.7
and,2020,sex_mle,35.3
and,2021,sex_btsx,36.1
and,2021,sex_fmle,37.3
and,2021,sex_mle,35
and,2022,sex_btsx,36.3
and,2022,sex_fmle,37.9
and,2022,sex_mle,34.8
and,2025,sex_btsx,36.4
and,2025,sex_fmle,39.3
and,2025,sex_mle,33.5
and,2030,sex_btsx,37.2
and,2030,sex_fmle,42.3
and,2030,sex_mle,32.2
are,2000,sex_btsx,19.1
are,2000,sex_fmle,4
are,2000,sex_mle,34.1
are,2005,sex_btsx,15.9
are,2005,sex_fmle,3.6
are,2005,sex_mle,28.3
are,2007,sex_btsx,14.8
are,2007,sex_fmle,3.4
are,2007,sex_mle,26.2
are,2010,sex_btsx,13.3
are,2010,sex_fmle,3.2
are,2010,sex_mle,23.4
are,2015,sex_btsx,11.2
are,2015,sex_fmle,2.9
are,2015,sex_mle,19.5
are,2020,sex_btsx,9.6
are,2020,sex_fmle,2.7
are,2020,sex_mle,16.4
are,2021,sex_btsx,9.3
are,2021,sex_fmle,2.6
are,2021,sex_mle,15.9
are,2022,sex_btsx,9
are,2022,sex_fmle,2.6
are,2022,sex_mle,15.4
are,2025,sex_btsx,8.2
are,2025,sex_fmle,2.5
are,2025,sex_mle,13.9
are,2030,sex_btsx,7.1
are,2030,sex_fmle,2.3
are,2030,sex_mle,11.9
arg,2000,sex_btsx,34.3
arg,2000,sex_fmle,28.5
arg,2000,sex_mle,40
arg,2005,sex_btsx,31.5
arg,2005,sex_fmle,25.9
arg,2005,sex_mle,37.2
arg,2007,sex_btsx,30.5
arg,2007,sex_fmle,25.1
arg,2007,sex_mle,35.9
arg,2010,sex_btsx,29
arg,2010,sex_fmle,23.7
arg,2010,sex_mle,34.2
arg,2015,sex_btsx,26.6
arg,2015,sex_fmle,21.5
arg,2015,sex_mle,31.8
arg,2020,sex_btsx,24.6
arg,2020,sex_fmle,19.7
arg,2020,sex_mle,29.5
arg,2021,sex_btsx,24.2
arg,2021,sex_fmle,19.4
arg,2021,sex_mle,28.9
arg,2022,sex_btsx,23.8
arg,2022,sex_fmle,19.1
arg,2022,sex_mle,28.5
arg,2025,sex_btsx,22.6
arg,2025,sex_fmle,18.1
arg,2025,sex_mle,27.2
arg,2030,sex_btsx,20.9
arg,2030,sex_fmle,16.5
arg,2030,sex_mle,25.3
arm,2000,sex_btsx,32.6
arm,2000,sex_fmle,2.6
arm,2000,sex_mle,62.6
arm,2005,sex_btsx,30.8
arm,2005,sex_fmle,2.3
arm,2005,sex_mle,59.3
arm,2007,sex_btsx,30
arm,2007,sex_fmle,2.2
arm,2007,sex_mle,57.8
arm,2010,sex_btsx,28.8
arm,2010,sex_fmle,2
arm,2010,sex_mle,55.6
arm,2015,sex_btsx,27.2
arm,2015,sex_fmle,1.8
arm,2015,sex_mle,52.6
arm,2020,sex_btsx,25.8
arm,2020,sex_fmle,1.6
arm,2020,sex_mle,49.9
arm,2021,sex_btsx,25.3
arm,2021,sex_fmle,1.6
arm,2021,sex_mle,49
arm,2022,sex_btsx,24.9
arm,2022,sex_fmle,1.5
arm,2022,sex_mle,48.2
arm,2025,sex_btsx,24.1
arm,2025,sex_fmle,1.4
arm,2025,sex_mle,46.8
arm,2030,sex_btsx,22.7
arm,2030,sex_fmle,1.3
arm,2030,sex_mle,44.2
aus,2000,sex_btsx,24.5
aus,2000,sex_fmle,22.5
aus,2000,sex_mle,26.5
aus,2005,sex_btsx,21.2
aus,2005,sex_fmle,19
aus,2005,sex_mle,23.4
aus,2007,sex_btsx,20
aus,2007,sex_fmle,17.8
aus,2007,sex_mle,22.2
aus,2010,sex_btsx,18.4
aus,2010,sex_fmle,16.2
aus,2010,sex_mle,20.6
aus,2015,sex_btsx,15.9
aus,2015,sex_fmle,13.7
aus,2015,sex_mle,18.1
aus,2020,sex_btsx,13.7
aus,2020,sex_fmle,11.5
aus,2020,sex_mle,15.9
aus,2021,sex_btsx,13.4
aus,2021,sex_fmle,11.2
aus,2021,sex_mle,15.6
aus,2022,sex_btsx,13.1
aus,2022,sex_fmle,10.9
aus,2022,sex_mle,15.2
aus,2025,sex_btsx,12
aus,2025,sex_fmle,9.8
aus,2025,sex_mle,14.1
aus,2030,sex_btsx,10.4
aus,2030,sex_fmle,8.4
aus,2030,sex_mle,12.5
aut,2000,sex_btsx,52.5
aut,2000,sex_fmle,47.1
aut,2000,sex_mle,58
aut,2005,sex_btsx,44.4
aut,2005,sex_fmle,40.5
aut,2005,sex_mle,48.2
aut,2007,sex_btsx,41.3
aut,2007,sex_fmle,38
aut,2007,sex_mle,44.7
aut,2010,sex_btsx,37.2
aut,2010,sex_fmle,34.6
aut,2010,sex_mle,39.9
aut,2015,sex_btsx,31.5
aut,2015,sex_fmle,29.8
aut,2015,sex_mle,33.3
aut,2020,sex_btsx,26.6
aut,2020,sex_fmle,25.5
aut,2020,sex_mle,27.6
aut,2021,sex_btsx,25.7
aut,2021,sex_fmle,24.7
aut,2021,sex_mle,26.7
aut,2022,sex_btsx,24.9
aut,2022,sex_fmle,24
aut,2022,sex_mle,25.8
aut,2025,sex_btsx,22.5
aut,2025,sex_fmle,21.8
aut,2025,sex_mle,23.2
aut,2030,sex_btsx,19.1
aut,2030,sex_fmle,18.9
aut,2030,sex_mle,19.2
aze,2000,sex_btsx,28.8
aze,2000,sex_fmle,0.3
aze,2000,sex_mle,57.3
aze,2005,sex_btsx,26.1
aze,2005,sex_fmle,0.3
aze,2005,sex_mle,52
aze,2007,sex_btsx,25.2
aze,2007,sex_fmle,0.2
aze,2007,sex_mle,50.2
aze,2010,sex_btsx,24
aze,2010,sex_fmle,0.2
aze,2010,sex_mle,47.7
aze,2015,sex_btsx,22
aze,2015,sex_fmle,0.2
aze,2015,sex_mle,43.8
aze,2020,sex_btsx,20.2
aze,2020,sex_fmle,0.1
aze,2020,sex_mle,40.2
aze,2021,sex_btsx,19.9
aze,2021,sex_fmle,0.1
aze,2021,sex_mle,39.6
aze,2022,sex_btsx,19.6
aze,2022,sex_fmle,0.1
aze,2022,sex_mle,39
aze,2025,sex_btsx,18.7
aze,2025,sex_fmle,0.1
aze,2025,sex_mle,37.3
aze,2030,sex_btsx,17.4
aze,2030,sex_fmle,0.1
aze,2030,sex_mle,34.8
bdi,2000,sex_btsx,26.3
bdi,2000,sex_fmle,20
bdi,2000,sex_mle,32.6
bdi,2005,sex_btsx,21.1
bdi,2005,sex_fmle,14.5
bdi,2005,sex_mle,27.6
bdi,2007,sex_btsx,19.5
bdi,2007,sex_fmle,12.9
bdi,2007,sex_mle,26.2
bdi,2010,sex_btsx,17.3
bdi,2010,sex_fmle,10.7
bdi,2010,sex_mle,23.9
bdi,2015,sex_btsx,14.3
bdi,2015,sex_fmle,7.9
bdi,2015,sex_mle,20.6
bdi,2020,sex_btsx,12
bdi,2020,sex_fmle,5.9
bdi,2020,sex_mle,18.1
bdi,2021,sex_btsx,11.6
bdi,2021,sex_fmle,5.6
bdi,2021,sex_mle,17.6
bdi,2022,sex_btsx,11.2
bdi,2022,sex_fmle,5.3
bdi,2022,sex_mle,17.1
bdi,2025,sex_btsx,10.1
bdi,2025,sex_fmle,4.5
bdi,2025,sex_mle,15.8
bdi,2030,sex_btsx,8.7
bdi,2030,sex_fmle,3.4
bdi,2030,sex_mle,13.9
bel,2000,sex_btsx,30.9
bel,2000,sex_fmle,24.5
bel,2000,sex_mle,37.4
bel,2005,sex_btsx,29.9
bel,2005,sex_fmle,24.5
bel,2005,sex_mle,35.3
bel,2007,sex_btsx,29.4
bel,2007,sex_fmle,24.4
bel,2007,sex_mle,34.5
bel,2010,sex_btsx,29
bel,2010,sex_fmle,24.6
bel,2010,sex_mle,33.3
bel,2015,sex_btsx,28
bel,2015,sex_fmle,24.5
bel,2015,sex_mle,31.5
bel,2020,sex_btsx,27.2
bel,2020,sex_fmle,24.6
bel,2020,sex_mle,29.8
bel,2021,sex_btsx,27
bel,2021,sex_fmle,24.5
bel,2021,sex_mle,29.5
bel,2022,sex_btsx,26.7
bel,2022,sex_fmle,24.5
bel,2022,sex_mle,29
bel,2025,sex_btsx,26.3
bel,2025,sex_fmle,24.5
bel,2025,sex_mle,28.1
bel,2030,sex_btsx,25.6
bel,2030,sex_fmle,24.5
bel,2030,sex_mle,26.7
ben,2000,sex_btsx,17.6
ben,2000,sex_fmle,5
ben,2000,sex_mle,30.3
ben,2005,sex_btsx,13.8
ben,2005,sex_fmle,3.9
ben,2005,sex_mle,23.7
ben,2007,sex_btsx,12.6
ben,2007,sex_fmle,3.6
ben,2007,sex_mle,21.6
ben,2010,sex_btsx,10.9
ben,2010,sex_fmle,3.2
ben,2010,sex_mle,18.7
ben,2015,sex_btsx,8.6
ben,2015,sex_fmle,2.5
ben,2015,sex_mle,14.7
ben,2020,sex_btsx,6.9
ben,2020,sex_fmle,2.1
ben,2020,sex_mle,11.7
ben,2021,sex_btsx,6.6
ben,2021,sex_fmle,2
ben,2021,sex_mle,11.2
ben,2022,sex_btsx,6.3
ben,2022,sex_fmle,1.9
ben,2022,sex_mle,10.7
ben,2025,sex_btsx,5.5
ben,2025,sex_fmle,1.7
ben,2025,sex_mle,9.3
ben,2030,sex_btsx,4.4
ben,2030,sex_fmle,1.4
ben,2030,sex_mle,7.4
bfa,2000,sex_btsx,30.7
bfa,2000,sex_fmle,24.6
bfa,2000,sex_mle,36.8
bfa,2005,sex_btsx,25.2
bfa,2005,sex_fmle,17.7
bfa,2005,sex_mle,32.7
bfa,2007,sex_btsx,23.4
bfa,2007,sex_fmle,15.5
bfa,2007,sex_mle,31.4
bfa,2010,sex_btsx,20.9
bfa,2010,sex_fmle,12.7
bfa,2010,sex_mle,29
bfa,2015,sex_btsx,17.6
bfa,2015,sex_fmle,9.3
bfa,2015,sex_mle,26
bfa,2020,sex_btsx,15.1
bfa,2020,sex_fmle,6.8
bfa,2020,sex_mle,23.4
bfa,2021,sex_btsx,14.7
bfa,2021,sex_fmle,6.4
bfa,2021,sex_mle,23
bfa,2022,sex_btsx,14.3
bfa,2022,sex_fmle,6
bfa,2022,sex_mle,22.5
bfa,2025,sex_btsx,13.1
bfa,2025,sex_fmle,5.1
bfa,2025,sex_mle,21.1
bfa,2030,sex_btsx,11.4
bfa,2030,sex_fmle,3.8
bfa,2030,sex_mle,19
bgd,2000,sex_btsx,58.1
bgd,2000,sex_fmle,48.6
bgd,2000,sex_mle,67.5
bgd,2005,sex_btsx,50.7
bgd,2005,sex_fmle,38.3
bgd,2005,sex_mle,63.1
bgd,2007,sex_btsx,48
bgd,2007,sex_fmle,34.4
bgd,2007,sex_mle,61.6
bgd,2010,sex_btsx,44.2
bgd,2010,sex_fmle,29.2
bgd,2010,sex_mle,59.2
bgd,2015,sex_btsx,38.9
bgd,2015,sex_fmle,22.3
bgd,2015,sex_mle,55.5
bgd,2020,sex_btsx,34.4
bgd,2020,sex_fmle,17.1
bgd,2020,sex_mle,51.7
bgd,2021,sex_btsx,33.8
bgd,2021,sex_fmle,16.2
bgd,2021,sex_mle,51.3
bgd,2022,sex_btsx,32.9
bgd,2022,sex_fmle,15.4
bgd,2022,sex_mle,50.5
bgd,2025,sex_btsx,30.8
bgd,2025,sex_fmle,13.1
bgd,2025,sex_mle,48.6
bgd,2030,sex_btsx,27.9
bgd,2030,sex_fmle,10
bgd,2030,sex_mle,45.8
bgr,2000,sex_btsx,47.4
bgr,2000,sex_fmle,35.7
bgr,2000,sex_mle,59.1
bgr,2005,sex_btsx,44.9
bgr,2005,sex_fmle,36
bgr,2005,sex_mle,53.8
bgr,2007,sex_btsx,44.2
bgr,2007,sex_fmle,36.4
bgr,2007,sex_mle,52
bgr,2010,sex_btsx,43
bgr,2010,sex_fmle,36.6
bgr,2010,sex_mle,49.4
bgr,2015,sex_btsx,41.4
bgr,2015,sex_fmle,37.4
bgr,2015,sex_mle,45.3
bgr,2020,sex_btsx,40
bgr,2020,sex_fmle,38.1
bgr,2020,sex_mle,41.8
bgr,2021,sex_btsx,39.8
bgr,2021,sex_fmle,38.5
bgr,2021,sex_mle,41.1
bgr,2022,sex_btsx,39.5
bgr,2022,sex_fmle,38.7
bgr,2022,sex_mle,40.3
bgr,2025,sex_btsx,38.8
bgr,2025,sex_fmle,39.2
bgr,2025,sex_mle,38.5
bgr,2030,sex_btsx,38
bgr,2030,sex_fmle,40.1
bgr,2030,sex_mle,35.8
bhr,2000,sex_btsx,22
bhr,2000,sex_fmle,7.5
bhr,2000,sex_mle,36.4
bhr,2005,sex_btsx,20
bhr,2005,sex_fmle,6.7
bhr,2005,sex_mle,33.2
bhr,2007,sex_btsx,19.4
bhr,2007,sex_fmle,6.5
bhr,2007,sex_mle,32.2
bhr,2010,sex_btsx,18.3
bhr,2010,sex_fmle,6.1
bhr,2010,sex_mle,30.4
bhr,2015,sex_btsx,16.8
bhr,2015,sex_fmle,5.7
bhr,2015,sex_mle,28
bhr,2020,sex_btsx,15.4
bhr,2020,sex_fmle,5.2
bhr,2020,sex_mle,25.6
bhr,2021,sex_btsx,15.2
bhr,2021,sex_fmle,5.1
bhr,2021,sex_mle,25.3
bhr,2022,sex_btsx,15
bhr,2022,sex_fmle,5.1
bhr,2022,sex_mle,25
bhr,2025,sex_btsx,14.3
bhr,2025,sex_fmle,4.9
bhr,2025,sex_mle,23.8
bhr,2030,sex_btsx,13.3
bhr,2030,sex_fmle,4.6
bhr,2030,sex_mle,21.9
bhs,2000,sex_btsx,12.1
bhs,2000,sex_fmle,4.8
bhs,2000,sex_mle,19.4
bhs,2005,sex_btsx,11.7
bhs,2005,sex_fmle,4
bhs,2005,sex_mle,19.5
bhs,2007,sex_btsx,11.6
bhs,2007,sex_fmle,3.7
bhs,2007,sex_mle,19.5
bhs,2010,sex_btsx,11.5
bhs,2010,sex_fmle,3.3
bhs,2010,sex_mle,19.6
bhs,2015,sex_btsx,11.4
bhs,2015,sex_fmle,2.7
bhs,2015,sex_mle,20
bhs,2020,sex_btsx,11.3
bhs,2020,sex_fmle,2.3
bhs,2020,sex_mle,20.3
bhs,2021,sex_btsx,11.3
bhs,2021,sex_fmle,2.2
bhs,2021,sex_mle,20.3
bhs,2022,sex_btsx,11.3
bhs,2022,sex_fmle,2.1
bhs,2022,sex_mle,20.5
bhs,2025,sex_btsx,11.3
bhs,2025,sex_fmle,1.9
bhs,2025,sex_mle,20.7
bhs,2030,sex_btsx,11.4
bhs,2030,sex_fmle,1.6
bhs,2030,sex_mle,21.1
bih,2000,sex_btsx,47
bih,2000,sex_fmle,34.8
bih,2000,sex_mle,59.2
bih,2005,sex_btsx,43.7
bih,2005,sex_fmle,33.5
bih,2005,sex_mle,53.9
bih,2007,sex_btsx,42.7
bih,2007,sex_fmle,33.1
bih,2007,sex_mle,52.2
bih,2010,sex_btsx,41.1
bih,2010,sex_fmle,32.5
bih,2010,sex_mle,49.7
bih,2015,sex_btsx,38.8
bih,2015,sex_fmle,31.6
bih,2015,sex_mle,45.9
bih,2020,sex_btsx,36.8
bih,2020,sex_fmle,31.1
bih,2020,sex_mle,42.6
bih,2021,sex_btsx,36.4
bih,2021,sex_fmle,30.8
bih,2021,sex_mle,42
bih,2022,sex_btsx,36.2
bih,2022,sex_fmle,30.9
bih,2022,sex_mle,41.6
bih,2025,sex_btsx,35.2
bih,2025,sex_fmle,30.5
bih,2025,sex_mle,39.9
bih,2030,sex_btsx,33.8
bih,2030,sex_fmle,30.3
bih,2030,sex_mle,37.4
blr,2000,sex_btsx,42.8
blr,2000,sex_fmle,15.5
blr,2000,sex_mle,70
blr,2005,sex_btsx,39.5
blr,2005,sex_fmle,15
blr,2005,sex_mle,63.9
blr,2007,sex_btsx,38.2
blr,2007,sex_fmle,14.9
blr,2007,sex_mle,61.6
blr,2010,sex_btsx,36.4
blr,2010,sex_fmle,14.7
blr,2010,sex_mle,58
blr,2015,sex_btsx,33.4
blr,2015,sex_fmle,14.3
blr,2015,sex_mle,52.5
blr,2020,sex_btsx,31.1
blr,2020,sex_fmle,14.1
blr,2020,sex_mle,48.2
blr,2021,sex_btsx,30.6
blr,2021,sex_fmle,14.1
blr,2021,sex_mle,47.2
blr,2022,sex_btsx,30.1
blr,2022,sex_fmle,13.9
blr,2022,sex_mle,46.3
blr,2025,sex_btsx,28.9
blr,2025,sex_fmle,13.8
blr,2025,sex_mle,44
blr,2030,sex_btsx,26.7
blr,2030,sex_fmle,13.5
blr,2030,sex_mle,39.9
blz,2000,sex_btsx,13.7
blz,2000,sex_fmle,3.2
blz,2000,sex_mle,24.3
blz,2005,sex_btsx,12.3
blz,2005,sex_fmle,2.8
blz,2005,sex_mle,21.8
blz,2007,sex_btsx,11.8
blz,2007,sex_fmle,2.7
blz,2007,sex_mle,21
blz,2010,sex_btsx,11
blz,2010,sex_fmle,2.5
blz,2010,sex_mle,19.6
blz,2015,sex_btsx,10
blz,2015,sex_fmle,2.2
blz,2015,sex_mle,17.7
blz,2020,sex_btsx,9.1
blz,2020,sex_fmle,2
blz,2020,sex_mle,16.2
blz,2021,sex_btsx,8.9
blz,2021,sex_fmle,1.9
blz,2021,sex_mle,16
blz,2022,sex_btsx,8.8
blz,2022,sex_fmle,1.9
blz,2022,sex_mle,15.6
blz,2025,sex_btsx,8.3
blz,2025,sex_fmle,1.8
blz,2025,sex_mle,14.8
blz,2030,sex_btsx,7.7
blz,2030,sex_fmle,1.6
blz,2030,sex_mle,13.7
bol,2000,sex_btsx,35.1
bol,2000,sex_fmle,29.2
bol,2000,sex_mle,41.1
bol,2005,sex_btsx,26.6
bol,2005,sex_fmle,18.4
bol,2005,sex_mle,34.8
bol,2007,sex_btsx,23.9
bol,2007,sex_fmle,15.4
bol,2007,sex_mle,32.5
bol,2010,sex_btsx,20.7
bol,2010,sex_fmle,11.8
bol,2010,sex_mle,29.5
bol,2015,sex_btsx,16.4
bol,2015,sex_fmle,7.6
bol,2015,sex_mle,25.2
bol,2020,sex_btsx,13.4
bol,2020,sex_fmle,4.9
bol,2020,sex_mle,21.9
bol,2021,sex_btsx,12.8
bol,2021,sex_fmle,4.5
bol,2021,sex_mle,21.1
bol,2022,sex_btsx,12.4
bol,2022,sex_fmle,4.2
bol,2022,sex_mle,20.6
bol,2025,sex_btsx,11.1
bol,2025,sex_fmle,3.2
bol,2025,sex_mle,19
bol,2030,sex_btsx,9.4
bol,2030,sex_fmle,2.1
bol,2030,sex_mle,16.6
bra,2000,sex_btsx,23.8
bra,2000,sex_fmle,18.3
bra,2000,sex_mle,29.4
bra,2005,sex_btsx,20.3
bra,2005,sex_fmle,15.4
bra,2005,sex_mle,25.3
bra,2007,sex_btsx,19
bra,2007,sex_fmle,14.4
bra,2007,sex_mle,23.6
bra,2010,sex_btsx,17.4
bra,2010,sex_fmle,13.1
bra,2010,sex_mle,21.7
bra,2015,sex_btsx,14.9
bra,2015,sex_fmle,11.1
bra,2015,sex_mle,18.7
bra,2020,sex_btsx,12.9
bra,2020,sex_fmle,9.5
bra,2020,sex_mle,16.3
bra,2021,sex_btsx,12.5
bra,2021,sex_fmle,9.1
bra,2021,sex_mle,15.8
bra,2022,sex_btsx,12.2
bra,2022,sex_fmle,8.9
bra,2022,sex_mle,15.4
bra,2025,sex_btsx,11.1
bra,2025,sex_fmle,8.1
bra,2025,sex_mle,14.1
bra,2030,sex_btsx,9.6
bra,2030,sex_fmle,6.9
bra,2030,sex_mle,12.2
brb,2000,sex_btsx,9.5
brb,2000,sex_fmle,3.7
brb,2000,sex_mle,15.3
brb,2005,sex_btsx,8.8
brb,2005,sex_fmle,3.1
brb,2005,sex_mle,14.5
brb,2007,sex_btsx,8.5
brb,2007,sex_fmle,2.9
brb,2007,sex_mle,14.1
brb,2010,sex_btsx,8.1
brb,2010,sex_fmle,2.6
brb,2010,sex_mle,13.7
brb,2015,sex_btsx,7.6
brb,2015,sex_fmle,2.2
brb,2015,sex_mle,13
brb,2020,sex_btsx,7.1
brb,2020,sex_fmle,1.9
brb,2020,sex_mle,12.4
brb,2021,sex_btsx,7
brb,2021,sex_fmle,1.8
brb,2021,sex_mle,12.2
brb,2022,sex_btsx,7
brb,2022,sex_fmle,1.7
brb,2022,sex_mle,12.2
brb,2025,sex_btsx,6.7
brb,2025,sex_fmle,1.6
brb,2025,sex_mle,11.9
brb,2030,sex_btsx,6.4
brb,2030,sex_fmle,1.4
brb,2030,sex_mle,11.4
brn,2000,sex_btsx,17.2
brn,2000,sex_fmle,5.1
brn,2000,sex_mle,29.3
brn,2005,sex_btsx,16.8
brn,2005,sex_fmle,4.2
brn,2005,sex_mle,29.4
brn,2007,sex_btsx,16.7
brn,2007,sex_fmle,3.8
brn,2007,sex_mle,29.5
brn,2010,sex_btsx,16.5
brn,2010,sex_fmle,3.4
brn,2010,sex_mle,29.5
brn,2015,sex_btsx,16.4
brn,2015,sex_fmle,2.8
brn,2015,sex_mle,30
brn,2020,sex_btsx,16.4
brn,2020,sex_fmle,2.3
brn,2020,sex_mle,30.4
brn,2021,sex_btsx,16.4
brn,2021,sex_fmle,2.2
brn,2021,sex_mle,30.5
brn,2022,sex_btsx,16.4
brn,2022,sex_fmle,2.2
brn,2022,sex_mle,30.7
brn,2025,sex_btsx,16.4
brn,2025,sex_fmle,1.9
brn,2025,sex_mle,30.9
brn,2030,sex_btsx,16.7
brn,2030,sex_fmle,1.6
brn,2030,sex_mle,31.8
btn,2000,sex_btsx,32.9
btn,2000,sex_fmle,29.3
btn,2000,sex_mle,36.5
btn,2005,sex_btsx,28.4
btn,2005,sex_fmle,23.4
btn,2005,sex_mle,33.4
btn,2007,sex_btsx,26.9
btn,2007,sex_fmle,21.3
btn,2007,sex_mle,32.6
btn,2010,sex_btsx,24.9
btn,2010,sex_fmle,18.7
btn,2010,sex_mle,31.1
btn,2015,sex_btsx,21.9
btn,2015,sex_fmle,15
btn,2015,sex_mle,28.8
btn,2020,sex_btsx,19.6
btn,2020,sex_fmle,12.1
btn,2020,sex_mle,27
btn,2021,sex_btsx,19.1
btn,2021,sex_fmle,11.6
btn,2021,sex_mle,26.5
btn,2022,sex_btsx,18.7
btn,2022,sex_fmle,11.1
btn,2022,sex_mle,26.2
btn,2025,sex_btsx,17.6
btn,2025,sex_fmle,9.9
btn,2025,sex_mle,25.3
btn,2030,sex_btsx,15.9
btn,2030,sex_fmle,8
btn,2030,sex_mle,23.7
bwa,2000,sex_btsx,35.1
bwa,2000,sex_fmle,29.9
bwa,2000,sex_mle,40.3
bwa,2005,sex_btsx,29.4
bwa,2005,sex_fmle,21.4
bwa,2005,sex_mle,37.5
bwa,2007,sex_btsx,27.7
bwa,2007,sex_fmle,18.9
bwa,2007,sex_mle,36.6
bwa,2010,sex_btsx,25.4
bwa,2010,sex_fmle,15.5
bwa,2010,sex_mle,35.3
bwa,2015,sex_btsx,22.1
bwa,2015,sex_fmle,11.2
bwa,2015,sex_mle,33
bwa,2020,sex_btsx,19.6
bwa,2020,sex_fmle,8.2
bwa,2020,sex_mle,31
bwa,2021,sex_btsx,19.1
bwa,2021,sex_fmle,7.7
bwa,2021,sex_mle,30.5
bwa,2022,sex_btsx,18.7
bwa,2022,sex_fmle,7.2
bwa,2022,sex_mle,30.2
bwa,2025,sex_btsx,17.6
bwa,2025,sex_fmle,6
bwa,2025,sex_mle,29.2
bwa,2030,sex_btsx,15.9
bwa,2030,sex_fmle,4.4
bwa,2030,sex_mle,27.4
can,2000,sex_btsx,28.7
can,2000,sex_fmle,26.8
can,2000,sex_mle,30.7
can,2005,sex_btsx,23.5
can,2005,sex_fmle,21.2
can,2005,sex_mle,25.8
can,2007,sex_btsx,21.6
can,2007,sex_fmle,19.3
can,2007,sex_mle,23.9
can,2010,sex_btsx,19.3
can,2010,sex_fmle,17
can,2010,sex_mle,21.6
can,2015,sex_btsx,15.8
can,2015,sex_fmle,13.5
can,2015,sex_mle,18.2
can,2020,sex_btsx,13
can,2020,sex_fmle,10.7
can,2020,sex_mle,15.3
can,2021,sex_btsx,12.5
can,2021,sex_fmle,10.2
can,2021,sex_mle,14.8
can,2022,sex_btsx,12
can,2022,sex_fmle,9.7
can,2022,sex_mle,14.3
can,2025,sex_btsx,10.7
can,2025,sex_fmle,8.5
can,2025,sex_mle,12.9
can,2030,sex_btsx,8.8
can,2030,sex_fmle,6.8
can,2030,sex_mle,10.8
che,2000,sex_btsx,28.3
che,2000,sex_fmle,23.6
che,2000,sex_mle,32.9
che,2005,sex_btsx,27.6
che,2005,sex_fmle,23.6
che,2005,sex_mle,31.6
che,2007,sex_btsx,27.3
che,2007,sex_fmle,23.3
che,2007,sex_mle,31.3
che,2010,sex_btsx,26.9
che,2010,sex_fmle,23.3
che,2010,sex_mle,30.5
che,2015,sex_btsx,26.4
che,2015,sex_fmle,23.2
che,2015,sex_mle,29.6
che,2020,sex_btsx,25.8
che,2020,sex_fmle,23.1
che,2020,sex_mle,28.6
che,2021,sex_btsx,25.7
che,2021,sex_fmle,23
che,2021,sex_mle,28.5
che,2022,sex_btsx,25.5
che,2022,sex_fmle,22.9
che,2022,sex_mle,28.2
che,2025,sex_btsx,25.3
che,2025,sex_fmle,23
che,2025,sex_mle,27.7
che,2030,sex_btsx,24.8
che,2030,sex_fmle,22.8
che,2030,sex_mle,26.8
chl,2000,sex_btsx,46.9
chl,2000,sex_fmle,42.5
chl,2000,sex_mle,51.4
chl,2005,sex_btsx,41.9
chl,2005,sex_fmle,38.2
chl,2005,sex_mle,45.6
chl,2007,sex_btsx,40.1
chl,2007,sex_fmle,36.5
chl,2007,sex_mle,43.6
chl,2010,sex_btsx,37.5
chl,2010,sex_fmle,34.3
chl,2010,sex_mle,40.7
chl,2015,sex_btsx,33.6
chl,2015,sex_fmle,30.9
chl,2015,sex_mle,36.3
chl,2020,sex_btsx,30.1
chl,2020,sex_fmle,27.9
chl,2020,sex_mle,32.3
chl,2021,sex_btsx,29.5
chl,2021,sex_fmle,27.4
chl,2021,sex_mle,31.7
chl,2022,sex_btsx,28.7
chl,2022,sex_fmle,26.7
chl,2022,sex_mle,30.8
chl,2025,sex_btsx,27
chl,2025,sex_fmle,25.2
chl,2025,sex_mle,28.8
chl,2030,sex_btsx,24.2
chl,2030,sex_fmle,22.8
chl,2030,sex_mle,25.7
chn,2000,sex_btsx,27
chn,2000,sex_fmle,3.2
chn,2000,sex_mle,50.7
chn,2005,sex_btsx,26
chn,2005,sex_fmle,2.7
chn,2005,sex_mle,49.3
chn,2007,sex_btsx,25.6
chn,2007,sex_fmle,2.6
chn,2007,sex_mle,48.7
chn,2010,sex_btsx,25.2
chn,2010,sex_fmle,2.3
chn,2010,sex_mle,48
chn,2015,sex_btsx,24.4
chn,2015,sex_fmle,2
chn,2015,sex_mle,46.7
chn,2020,sex_btsx,23.7
chn,2020,sex_fmle,1.7
chn,2020,sex_mle,45.6
chn,2021,sex_btsx,23.4
chn,2021,sex_fmle,1.6
chn,2021,sex_mle,45.2
chn,2022,sex_btsx,23.4
chn,2022,sex_fmle,1.6
chn,2022,sex_mle,45.1
chn,2025,sex_btsx,22.9
chn,2025,sex_fmle,1.4
chn,2025,sex_mle,44.4
chn,2030,sex_btsx,22.3
chn,2030,sex_fmle,1.2
chn,2030,sex_mle,43.3
civ,2000,sex_btsx,20.7
civ,2000,sex_fmle,3
civ,2000,sex_mle,38.5
civ,2005,sex_btsx,16.7
civ,2005,sex_fmle,2.2
civ,2005,sex_mle,31.3
civ,2007,sex_btsx,15.4
civ,2007,sex_fmle,1.9
civ,2007,sex_mle,28.9
civ,2010,sex_btsx,13.7
civ,2010,sex_fmle,1.6
civ,2010,sex_mle,25.9
civ,2015,sex_btsx,11.4
civ,2015,sex_fmle,1.2
civ,2015,sex_mle,21.6
civ,2020,sex_btsx,9.4
civ,2020,sex_fmle,0.9
civ,2020,sex_mle,18
civ,2021,sex_btsx,9.1
civ,2021,sex_fmle,0.8
civ,2021,sex_mle,17.4
civ,2022,sex_btsx,8.8
civ,2022,sex_fmle,0.8
civ,2022,sex_mle,16.9
civ,2025,sex_btsx,8
civ,2025,sex_fmle,0.7
civ,2025,sex_mle,15.3
civ,2030,sex_btsx,6.8
civ,2030,sex_fmle,0.5
civ,2030,sex_mle,13
cmr,2000,sex_btsx,15.9
cmr,2000,sex_fmle,4.8
cmr,2000,sex_mle,27
cmr,2005,sex_btsx,12.8
cmr,2005,sex_fmle,3.5
cmr,2005,sex_mle,22.1
cmr,2007,sex_btsx,11.7
cmr,2007,sex_fmle,3.1
cmr,2007,sex_mle,20.4
cmr,2010,sex_btsx,10.4
cmr,2010,sex_fmle,2.6
cmr,2010,sex_mle,18.2
cmr,2015,sex_btsx,8.5
cmr,2015,sex_fmle,1.9
cmr,2015,sex_mle,15
cmr,2020,sex_btsx,7
cmr,2020,sex_fmle,1.4
cmr,2020,sex_mle,12.5
cmr,2021,sex_btsx,6.7
cmr,2021,sex_fmle,1.4
cmr,2021,sex_mle,12.1
cmr,2022,sex_btsx,6.5
cmr,2022,sex_fmle,1.3
cmr,2022,sex_mle,11.7
cmr,2025,sex_btsx,5.8
cmr,2025,sex_fmle,1.1
cmr,2025,sex_mle,10.5
cmr,2030,sex_btsx,4.9
cmr,2030,sex_fmle,0.8
cmr,2030,sex_mle,8.9
cod,2000,sex_btsx,22.2
cod,2000,sex_fmle,8.1
cod,2000,sex_mle,36.3
cod,2005,sex_btsx,19
cod,2005,sex_fmle,6.2
cod,2005,sex_mle,31.7
cod,2007,sex_btsx,17.8
cod,2007,sex_fmle,5.6
cod,2007,sex_mle,30
cod,2010,sex_btsx,16.4
cod,2010,sex_fmle,4.8
cod,2010,sex_mle,27.9
cod,2015,sex_btsx,14.3
cod,2015,sex_fmle,3.8
cod,2015,sex_mle,24.8
cod,2020,sex_btsx,12.7
cod,2020,sex_fmle,3
cod,2020,sex_mle,22.4
cod,2021,sex_btsx,12.4
cod,2021,sex_fmle,2.9
cod,2021,sex_mle,21.9
cod,2022,sex_btsx,12.2
cod,2022,sex_fmle,2.8
cod,2022,sex_mle,21.6
cod,2025,sex_btsx,11.5
cod,2025,sex_fmle,2.5
cod,2025,sex_mle,20.5
cod,2030,sex_btsx,10.3
cod,2030,sex_fmle,2
cod,2030,sex_mle,18.7
cog,2000,sex_btsx,12.3
cog,2000,sex_fmle,5.7
cog,2000,sex_mle,19
cog,2005,sex_btsx,12.6
cog,2005,sex_fmle,4.5
cog,2005,sex_mle,20.7
cog,2007,sex_btsx,12.7
cog,2007,sex_fmle,4
cog,2007,sex_mle,21.3
cog,2010,sex_btsx,13
cog,2010,sex_fmle,3.5
cog,2010,sex_mle,22.5
cog,2015,sex_btsx,13.8
cog,2015,sex_fmle,2.8
cog,2015,sex_mle,24.8
cog,2020,sex_btsx,14.9
cog,2020,sex_fmle,2.2
cog,2020,sex_mle,27.5
cog,2021,sex_btsx,15.2
cog,2021,sex_fmle,2.1
cog,2021,sex_mle,28.2
cog,2022,sex_btsx,15.4
cog,2022,sex_fmle,2.1
cog,2022,sex_mle,28.8
cog,2025,sex_btsx,16.3
cog,2025,sex_fmle,1.8
cog,2025,sex_mle,30.7
cog,2030,sex_btsx,18.1
cog,2030,sex_fmle,1.5
cog,2030,sex_mle,34.6
cok,2000,sex_btsx,38.9
cok,2000,sex_fmle,33.2
cok,2000,sex_mle,44.5
cok,2005,sex_btsx,35.8
cok,2005,sex_fmle,30.3
cok,2005,sex_mle,41.3
cok,2007,sex_btsx,34.6
cok,2007,sex_fmle,29.1
cok,2007,sex_mle,40.1
cok,2010,sex_btsx,32.9
cok,2010,sex_fmle,27.4
cok,2010,sex_mle,38.3
cok,2015,sex_btsx,30.5
cok,2015,sex_fmle,25.3
cok,2015,sex_mle,35.6
cok,2020,sex_btsx,27.9
cok,2020,sex_fmle,23
cok,2020,sex_mle,32.9
cok,2021,sex_btsx,27.4
cok,2021,sex_fmle,22.6
cok,2021,sex_mle,32.3
cok,2022,sex_btsx,27
cok,2022,sex_fmle,22.2
cok,2022,sex_mle,31.8
cok,2025,sex_btsx,25.8
cok,2025,sex_fmle,21.1
cok,2025,sex_mle,30.4
cok,2030,sex_btsx,23.8
cok,2030,sex_fmle,19.3
cok,2030,sex_mle,28.3
col,2000,sex_btsx,15.7
col,2000,sex_fmle,8.6
col,2000,sex_mle,22.8
col,2005,sex_btsx,13.4
col,2005,sex_fmle,7.3
col,2005,sex_mle,19.5
col,2007,sex_btsx,12.6
col,2007,sex_fmle,6.9
col,2007,sex_mle,18.3
col,2010,sex_btsx,11.5
col,2010,sex_fmle,6.2
col,2010,sex_mle,16.8
col,2015,sex_btsx,9.9
col,2015,sex_fmle,5.4
col,2015,sex_mle,14.5
col,2020,sex_btsx,8.6
col,2020,sex_fmle,4.6
col,2020,sex_mle,12.6
col,2021,sex_btsx,8.4
col,2021,sex_fmle,4.5
col,2021,sex_mle,12.3
col,2022,sex_btsx,8.2
col,2022,sex_fmle,4.4
col,2022,sex_mle,12
col,2025,sex_btsx,7.5
col,2025,sex_fmle,4
col,2025,sex_mle,11.1
col,2030,sex_btsx,6.6
col,2030,sex_fmle,3.5
col,2030,sex_mle,9.7
com,2000,sex_btsx,50.2
com,2000,sex_fmle,56.6
com,2000,sex_mle,43.8
com,2005,sex_btsx,37
com,2005,sex_fmle,34.8
com,2005,sex_mle,39.1
com,2007,sex_btsx,33.2
com,2007,sex_fmle,28.7
com,2007,sex_mle,37.8
com,2010,sex_btsx,28.3
com,2010,sex_fmle,21.4
com,2010,sex_mle,35.2
com,2015,sex_btsx,22.5
com,2015,sex_fmle,13.1
com,2015,sex_mle,31.8
com,2020,sex_btsx,18.5
com,2020,sex_fmle,8.1
com,2020,sex_mle,28.9
com,2021,sex_btsx,17.8
com,2021,sex_fmle,7.4
com,2021,sex_mle,28.3
com,2022,sex_btsx,17.2
com,2022,sex_fmle,6.7
com,2022,sex_mle,27.7
com,2025,sex_btsx,15.5
com,2025,sex_fmle,5
com,2025,sex_mle,26.1
com,2030,sex_btsx,13.5
com,2030,sex_fmle,3.2
com,2030,sex_mle,23.8
cpv,2000,sex_btsx,20.1
cpv,2000,sex_fmle,12.8
cpv,2000,sex_mle,27.3
cpv,2005,sex_btsx,17.4
cpv,2005,sex_fmle,10.4
cpv,2005,sex_mle,24.3
cpv,2007,sex_btsx,16.3
cpv,2007,sex_fmle,9.5
cpv,2007,sex_mle,23.1
cpv,2010,sex_btsx,15.1
cpv,2010,sex_fmle,8.4
cpv,2010,sex_mle,21.7
cpv,2015,sex_btsx,13.2
cpv,2015,sex_fmle,6.9
cpv,2015,sex_mle,19.5
cpv,2020,sex_btsx,11.6
cpv,2020,sex_fmle,5.6
cpv,2020,sex_mle,17.5
cpv,2021,sex_btsx,11.2
cpv,2021,sex_fmle,5.4
cpv,2021,sex_mle,17
cpv,2022,sex_btsx,11
cpv,2022,sex_fmle,5.2
cpv,2022,sex_mle,16.7
cpv,2025,sex_btsx,10.2
cpv,2025,sex_fmle,4.6
cpv,2025,sex_mle,15.7
cpv,2030,sex_btsx,9
cpv,2030,sex_fmle,3.8
cpv,2030,sex_mle,14.1
cri,2000,sex_btsx,17.3
cri,2000,sex_fmle,9.5
cri,2000,sex_mle,25.1
cri,2005,sex_btsx,14.9
cri,2005,sex_fmle,8
cri,2005,sex_mle,21.7
cri,2007,sex_btsx,14
cri,2007,sex_fmle,7.5
cri,2007,sex_mle,20.4
cri,2010,sex_btsx,12.7
cri,2010,sex_fmle,6.8
cri,2010,sex_mle,18.7
cri,2015,sex_btsx,10.9
cri,2015,sex_fmle,5.7
cri,2015,sex_mle,16
cri,2020,sex_btsx,9.4
cri,2020,sex_fmle,4.9
cri,2020,sex_mle,13.9
cri,2021,sex_btsx,9.1
cri,2021,sex_fmle,4.7
cri,2021,sex_mle,13.6
cri,2022,sex_btsx,8.9
cri,2022,sex_fmle,4.5
cri,2022,sex_mle,13.2
cri,2025,sex_btsx,8.1
cri,2025,sex_fmle,4.1
cri,2025,sex_mle,12.1
cri,2030,sex_btsx,7
cri,2030,sex_fmle,3.5
cri,2030,sex_mle,10.6
cub,2000,sex_btsx,39.6
cub,2000,sex_fmle,29.7
cub,2000,sex_mle,49.4
cub,2005,sex_btsx,32.6
cub,2005,sex_fmle,22.9
cub,2005,sex_mle,42.2
cub,2007,sex_btsx,30.3
cub,2007,sex_fmle,20.7
cub,2007,sex_mle,39.9
cub,2010,sex_btsx,27.1
cub,2010,sex_fmle,17.7
cub,2010,sex_mle,36.6
cub,2015,sex_btsx,22.5
cub,2015,sex_fmle,13.6
cub,2015,sex_mle,31.3
cub,2020,sex_btsx,18.7
cub,2020,sex_fmle,10.5
cub,2020,sex_mle,26.9
cub,2021,sex_btsx,18.1
cub,2021,sex_fmle,10
cub,2021,sex_mle,26.2
cub,2022,sex_btsx,17.4
cub,2022,sex_fmle,9.5
cub,2022,sex_mle,25.3
cub,2025,sex_btsx,15.7
cub,2025,sex_fmle,8.2
cub,2025,sex_mle,23.1
cub,2030,sex_btsx,13.2
cub,2030,sex_fmle,6.3
cub,2030,sex_mle,20
cyp,2000,sex_btsx,42.4
cyp,2000,sex_fmle,21.1
cyp,2000,sex_mle,63.6
cyp,2005,sex_btsx,40.3
cyp,2005,sex_fmle,21.7
cyp,2005,sex_mle,59
cyp,2007,sex_btsx,39.7
cyp,2007,sex_fmle,21.8
cyp,2007,sex_mle,57.5
cyp,2010,sex_btsx,38.6
cyp,2010,sex_fmle,22
cyp,2010,sex_mle,55.2
cyp,2015,sex_btsx,37.1
cyp,2015,sex_fmle,22.9
cyp,2015,sex_mle,51.4
cyp,2020,sex_btsx,35.9
cyp,2020,sex_fmle,23.6
cyp,2020,sex_mle,48.3
cyp,2021,sex_btsx,35.8
cyp,2021,sex_fmle,23.8
cyp,2021,sex_mle,47.8
cyp,2022,sex_btsx,35.6
cyp,2022,sex_fmle,23.9
cyp,2022,sex_mle,47.2
cyp,2025,sex_btsx,35
cyp,2025,sex_fmle,24.4
cyp,2025,sex_mle,45.6
cyp,2030,sex_btsx,34.2
cyp,2030,sex_fmle,25.5
cyp,2030,sex_mle,42.9
cze,2000,sex_btsx,34.9
cze,2000,sex_fmle,28.4
cze,2000,sex_mle,41.4
cze,2005,sex_btsx,33.7
cze,2005,sex_fmle,27.8
cze,2005,sex_mle,39.6
cze,2007,sex_btsx,33.3
cze,2007,sex_fmle,27.8
cze,2007,sex_mle,38.7
cze,2010,sex_btsx,32.5
cze,2010,sex_fmle,27.4
cze,2010,sex_mle,37.6
cze,2015,sex_btsx,31.4
cze,2015,sex_fmle,27.1
cze,2015,sex_mle,35.6
cze,2020,sex_btsx,30.4
cze,2020,sex_fmle,26.8
cze,2020,sex_mle,34.1
cze,2021,sex_btsx,30.3
cze,2021,sex_fmle,26.7
cze,2021,sex_mle,33.9
cze,2022,sex_btsx,29.9
cze,2022,sex_fmle,26.5
cze,2022,sex_mle,33.4
cze,2025,sex_btsx,29.4
cze,2025,sex_fmle,26.4
cze,2025,sex_mle,32.5
cze,2030,sex_btsx,28.5
cze,2030,sex_fmle,26
cze,2030,sex_mle,31
deu,2000,sex_btsx,36.2
deu,2000,sex_fmle,31.6
deu,2000,sex_mle,40.8
deu,2005,sex_btsx,32.1
deu,2005,sex_fmle,28.3
deu,2005,sex_mle,35.9
deu,2007,sex_btsx,30.6
deu,2007,sex_fmle,27
deu,2007,sex_mle,34.3
deu,2010,sex_btsx,28.5
deu,2010,sex_fmle,25.3
deu,2010,sex_mle,31.7
deu,2015,sex_btsx,25.1
deu,2015,sex_fmle,22.6
deu,2015,sex_mle,27.7
deu,2020,sex_btsx,22.4
deu,2020,sex_fmle,20.2
deu,2020,sex_mle,24.5
deu,2021,sex_btsx,21.7
deu,2021,sex_fmle,19.7
deu,2021,sex_mle,23.8
deu,2022,sex_btsx,21.3
deu,2022,sex_fmle,19.3
deu,2022,sex_mle,23.2
deu,2025,sex_btsx,19.7
deu,2025,sex_fmle,18
deu,2025,sex_mle,21.4
deu,2030,sex_btsx,17.5
deu,2030,sex_fmle,16.1
deu,2030,sex_mle,18.8
dnk,2000,sex_btsx,37.8
dnk,2000,sex_fmle,34.7
dnk,2000,sex_mle,40.9
dnk,2005,sex_btsx,31.2
dnk,2005,sex_fmle,29.1
dnk,2005,sex_mle,33.3
dnk,2007,sex_btsx,28.9
dnk,2007,sex_fmle,27.1
dnk,2007,sex_mle,30.7
dnk,2010,sex_btsx,25.7
dnk,2010,sex_fmle,24.4
dnk,2010,sex_mle,26.9
dnk,2015,sex_btsx,21.2
dnk,2015,sex_fmle,20.5
dnk,2015,sex_mle,21.9
dnk,2020,sex_btsx,17.5
dnk,2020,sex_fmle,17.2
dnk,2020,sex_mle,17.8
dnk,2021,sex_btsx,16.8
dnk,2021,sex_fmle,16.6
dnk,2021,sex_mle,17.1
dnk,2022,sex_btsx,16.2
dnk,2022,sex_fmle,16.1
dnk,2022,sex_mle,16.4
dnk,2025,sex_btsx,14.4
dnk,2025,sex_fmle,14.5
dnk,2025,sex_mle,14.4
dnk,2030,sex_btsx,11.9
dnk,2030,sex_fmle,12.1
dnk,2030,sex_mle,11.7
dom,2000,sex_btsx,18.8
dom,2000,sex_fmle,16.1
dom,2000,sex_mle,21.5
dom,2005,sex_btsx,16.4
dom,2005,sex_fmle,13.1
dom,2005,sex_mle,19.6
dom,2007,sex_btsx,15.5
dom,2007,sex_fmle,12.1
dom,2007,sex_mle,18.9
dom,2010,sex_btsx,14.3
dom,2010,sex_fmle,10.7
dom,2010,sex_mle,17.9
dom,2015,sex_btsx,12.5
dom,2015,sex_fmle,8.7
dom,2015,sex_mle,16.3
dom,2020,sex_btsx,11
dom,2020,sex_fmle,7.1
dom,2020,sex_mle,14.9
dom,2021,sex_btsx,10.7
dom,2021,sex_fmle,6.8
dom,2021,sex_mle,14.7
dom,2022,sex_btsx,10.5
dom,2022,sex_fmle,6.6
dom,2022,sex_mle,14.4
dom,2025,sex_btsx,9.8
dom,2025,sex_fmle,5.9
dom,2025,sex_mle,13.6
dom,2030,sex_btsx,8.7
dom,2030,sex_fmle,4.8
dom,2030,sex_mle,12.6
dza,2000,sex_btsx,22.9
dza,2000,sex_fmle,2
dza,2000,sex_mle,43.9
dza,2005,sex_btsx,22.3
dza,2005,sex_fmle,1.5
dza,2005,sex_mle,43.1
dza,2007,sex_btsx,22.2
dza,2007,sex_fmle,1.4
dza,2007,sex_mle,43
dza,2010,sex_btsx,21.7
dza,2010,sex_fmle,1.2
dza,2010,sex_mle,42.3
dza,2015,sex_btsx,21.3
dza,2015,sex_fmle,0.9
dza,2015,sex_mle,41.7
dza,2020,sex_btsx,21.2
dza,2020,sex_fmle,0.7
dza,2020,sex_mle,41.7
dza,2021,sex_btsx,21.2
dza,2021,sex_fmle,0.7
dza,2021,sex_mle,41.7
dza,2022,sex_btsx,21.2
dza,2022,sex_fmle,0.7
dza,2022,sex_mle,41.8
dza,2025,sex_btsx,21.1
dza,2025,sex_fmle,0.6
dza,2025,sex_mle,41.6
dza,2030,sex_btsx,21
dza,2030,sex_fmle,0.4
dza,2030,sex_mle,41.5
ecu,2000,sex_btsx,14.5
ecu,2000,sex_fmle,6.2
ecu,2000,sex_mle,22.9
ecu,2005,sex_btsx,13.3
ecu,2005,sex_fmle,5.1
ecu,2005,sex_mle,21.5
ecu,2007,sex_btsx,12.8
ecu,2007,sex_fmle,4.7
ecu,2007,sex_mle,21
ecu,2010,sex_btsx,12.2
ecu,2010,sex_fmle,4.2
ecu,2010,sex_mle,20.3
ecu,2015,sex_btsx,11.3
ecu,2015,sex_fmle,3.4
ecu,2015,sex_mle,19.2
ecu,2020,sex_btsx,10.5
ecu,2020,sex_fmle,2.8
ecu,2020,sex_mle,18.1
ecu,2021,sex_btsx,10.3
ecu,2021,sex_fmle,2.7
ecu,2021,sex_mle,18
ecu,2022,sex_btsx,10.2
ecu,2022,sex_fmle,2.6
ecu,2022,sex_mle,17.8
ecu,2025,sex_btsx,9.8
ecu,2025,sex_fmle,2.4
ecu,2025,sex_mle,17.3
ecu,2030,sex_btsx,9.2
ecu,2030,sex_fmle,2
ecu,2030,sex_mle,16.5
egy,2000,sex_btsx,19.4
egy,2000,sex_fmle,0.9
egy,2000,sex_mle,38
egy,2005,sex_btsx,20.5
egy,2005,sex_fmle,0.7
egy,2005,sex_mle,40.4
egy,2007,sex_btsx,21
egy,2007,sex_fmle,0.7
egy,2007,sex_mle,41.3
egy,2010,sex_btsx,21.6
egy,2010,sex_fmle,0.6
egy,2010,sex_mle,42.6
egy,2015,sex_btsx,22.8
egy,2015,sex_fmle,0.5
egy,2015,sex_mle,45.1
egy,2020,sex_btsx,24.2
egy,2020,sex_fmle,0.4
egy,2020,sex_mle,48
egy,2021,sex_btsx,24.5
egy,2021,sex_fmle,0.4
egy,2021,sex_mle,48.6
egy,2022,sex_btsx,24.7
egy,2022,sex_fmle,0.4
egy,2022,sex_mle,49.1
egy,2025,sex_btsx,25.8
egy,2025,sex_fmle,0.3
egy,2025,sex_mle,51.2
egy,2030,sex_btsx,27.5
egy,2030,sex_fmle,0.3
egy,2030,sex_mle,54.7
esp,2000,sex_btsx,35
esp,2000,sex_fmle,27.6
esp,2000,sex_mle,42.4
esp,2005,sex_btsx,33.3
esp,2005,sex_fmle,27.6
esp,2005,sex_mle,39
esp,2007,sex_btsx,32.8
esp,2007,sex_fmle,27.6
esp,2007,sex_mle,38
esp,2010,sex_btsx,31.7
esp,2010,sex_fmle,27.6
esp,2010,sex_mle,35.9
esp,2015,sex_btsx,30.3
esp,2015,sex_fmle,27.5
esp,2015,sex_mle,33.1
esp,2020,sex_btsx,28.9
esp,2020,sex_fmle,27.5
esp,2020,sex_mle,30.3
esp,2021,sex_btsx,28.7
esp,2021,sex_fmle,27.5
esp,2021,sex_mle,29.9
esp,2022,sex_btsx,28.4
esp,2022,sex_fmle,27.5
esp,2022,sex_mle,29.4
esp,2025,sex_btsx,27.8
esp,2025,sex_fmle,27.5
esp,2025,sex_mle,28
esp,2030,sex_btsx,26.7
esp,2030,sex_fmle,27.5
esp,2030,sex_mle,25.8
est,2000,sex_btsx,47.6
est,2000,sex_fmle,30.8
est,2000,sex_mle,64.4
est,2005,sex_btsx,42.1
est,2005,sex_fmle,28.7
est,2005,sex_mle,55.4
est,2007,sex_btsx,40.3
est,2007,sex_fmle,28
est,2007,sex_mle,52.5
est,2010,sex_btsx,37.3
est,2010,sex_fmle,26.9
est,2010,sex_mle,47.8
est,2015,sex_btsx,33.3
est,2015,sex_fmle,25.1
est,2015,sex_mle,41.4
est,2020,sex_btsx,29.6
est,2020,sex_fmle,23.5
est,2020,sex_mle,35.7
est,2021,sex_btsx,28.9
est,2021,sex_fmle,23.1
est,2021,sex_mle,34.7
est,2022,sex_btsx,28.3
est,2022,sex_fmle,22.8
est,2022,sex_mle,33.8
est,2025,sex_btsx,26.4
est,2025,sex_fmle,22
est,2025,sex_mle,30.8
est,2030,sex_btsx,23.6
est,2030,sex_fmle,20.5
est,2030,sex_mle,26.7
eth,2000,sex_btsx,6.3
eth,2000,sex_fmle,1.6
eth,2000,sex_mle,11
eth,2005,sex_btsx,6
eth,2005,sex_fmle,1.6
eth,2005,sex_mle,10.4
eth,2007,sex_btsx,5.9
eth,2007,sex_fmle,1.6
eth,2007,sex_mle,10.2
eth,2010,sex_btsx,5.8
eth,2010,sex_fmle,1.6
eth,2010,sex_mle,10
eth,2015,sex_btsx,5.5
eth,2015,sex_fmle,1.5
eth,2015,sex_mle,9.5
eth,2020,sex_btsx,5.3
eth,2020,sex_fmle,1.5
eth,2020,sex_mle,9.2
eth,2021,sex_btsx,5.3
eth,2021,sex_fmle,1.5
eth,2021,sex_mle,9.1
eth,2022,sex_btsx,5.2
eth,2022,sex_fmle,1.5
eth,2022,sex_mle,9
eth,2025,sex_btsx,5.1
eth,2025,sex_fmle,1.5
eth,2025,sex_mle,8.8
eth,2030,sex_btsx,5
eth,2030,sex_fmle,1.5
eth,2030,sex_mle,8.5
fin,2000,sex_btsx,38.7
fin,2000,sex_fmle,28.3
fin,2000,sex_mle,49.1
fin,2005,sex_btsx,34.1
fin,2005,sex_fmle,25.6
fin,2005,sex_mle,42.6
fin,2007,sex_btsx,32.5
fin,2007,sex_fmle,24.7
fin,2007,sex_mle,40.2
fin,2010,sex_btsx,30.2
fin,2010,sex_fmle,23.3
fin,2010,sex_mle,37
fin,2015,sex_btsx,26.5
fin,2015,sex_fmle,21.1
fin,2015,sex_mle,31.9
fin,2020,sex_btsx,23.4
fin,2020,sex_fmle,19.1
fin,2020,sex_mle,27.7
fin,2021,sex_btsx,22.8
fin,2021,sex_fmle,18.8
fin,2021,sex_mle,26.8
fin,2022,sex_btsx,22.3
fin,2022,sex_fmle,18.5
fin,2022,sex_mle,26.1
fin,2025,sex_btsx,20.7
fin,2025,sex_fmle,17.4
fin,2025,sex_mle,23.9
fin,2030,sex_btsx,18.2
fin,2030,sex_fmle,15.8
fin,2030,sex_mle,20.7
fji,2000,sex_btsx,33.2
fji,2000,sex_fmle,15.9
fji,2000,sex_mle,50.5
fji,2005,sex_btsx,31.8
fji,2005,sex_fmle,15.3
fji,2005,sex_mle,48.3
fji,2007,sex_btsx,31.2
fji,2007,sex_fmle,14.9
fji,2007,sex_mle,47.5
fji,2010,sex_btsx,30.4
fji,2010,sex_fmle,14.5
fji,2010,sex_mle,46.3
fji,2015,sex_btsx,29.2
fji,2015,sex_fmle,13.9
fji,2015,sex_mle,44.4
fji,2020,sex_btsx,28
fji,2020,sex_fmle,13.4
fji,2020,sex_mle,42.7
fji,2021,sex_btsx,27.9
fji,2021,sex_fmle,13.3
fji,2021,sex_mle,42.5
fji,2022,sex_btsx,27.6
fji,2022,sex_fmle,13.2
fji,2022,sex_mle,42
fji,2025,sex_btsx,27
fji,2025,sex_fmle,13
fji,2025,sex_mle,41.1
fji,2030,sex_btsx,26.1
fji,2030,sex_fmle,12.5
fji,2030,sex_mle,39.6
fra,2000,sex_btsx,34.7
fra,2000,sex_fmle,30.1
fra,2000,sex_mle,39.3
fra,2005,sex_btsx,34.5
fra,2005,sex_fmle,30.8
fra,2005,sex_mle,38.2
fra,2007,sex_btsx,34.5
fra,2007,sex_fmle,31.2
fra,2007,sex_mle,37.8
fra,2010,sex_btsx,34.4
fra,2010,sex_fmle,31.6
fra,2010,sex_mle,37.3
fra,2015,sex_btsx,34.5
fra,2015,sex_fmle,32.5
fra,2015,sex_mle,36.6
fra,2020,sex_btsx,34.5
fra,2020,sex_fmle,33.3
fra,2020,sex_mle,35.8
fra,2021,sex_btsx,34.5
fra,2021,sex_fmle,33.4
fra,2021,sex_mle,35.6
fra,2022,sex_btsx,34.6
fra,2022,sex_fmle,33.7
fra,2022,sex_mle,35.5
fra,2025,sex_btsx,34.6
fra,2025,sex_fmle,34
fra,2025,sex_mle,35.2
fra,2030,sex_btsx,34.8
fra,2030,sex_fmle,35.3
fra,2030,sex_mle,34.3
gbr,2000,sex_btsx,37.6
gbr,2000,sex_fmle,36.7
gbr,2000,sex_mle,38.5
gbr,2005,sex_btsx,30
gbr,2005,sex_fmle,28.5
gbr,2005,sex_mle,31.4
gbr,2007,sex_btsx,27.5
gbr,2007,sex_fmle,25.8
gbr,2007,sex_mle,29.2
gbr,2010,sex_btsx,24.1
gbr,2010,sex_fmle,22.4
gbr,2010,sex_mle,25.9
gbr,2015,sex_btsx,19.3
gbr,2015,sex_fmle,17.4
gbr,2015,sex_mle,21.2
gbr,2020,sex_btsx,15.6
gbr,2020,sex_fmle,13.7
gbr,2020,sex_mle,17.4
gbr,2021,sex_btsx,14.9
gbr,2021,sex_fmle,13
gbr,2021,sex_mle,16.7
gbr,2022,sex_btsx,14.2
gbr,2022,sex_fmle,12.4
gbr,2022,sex_mle,16.1
gbr,2025,sex_btsx,12.5
gbr,2025,sex_fmle,10.7
gbr,2025,sex_mle,14.4
gbr,2030,sex_btsx,10.1
gbr,2030,sex_fmle,8.4
gbr,2030,sex_mle,11.7
geo,2000,sex_btsx,33.3
geo,2000,sex_fmle,5.4
geo,2000,sex_mle,61.2
geo,2005,sex_btsx,32.8
geo,2005,sex_fmle,5.8
geo,2005,sex_mle,59.7
geo,2007,sex_btsx,32.7
geo,2007,sex_fmle,6
geo,2007,sex_mle,59.4
geo,2010,sex_btsx,32.4
geo,2010,sex_fmle,6.3
geo,2010,sex_mle,58.5
geo,2015,sex_btsx,32
geo,2015,sex_fmle,6.8
geo,2015,sex_mle,57.2
geo,2020,sex_btsx,31.9
geo,2020,sex_fmle,7.4
geo,2020,sex_mle,56.3
geo,2021,sex_btsx,31.8
geo,2021,sex_fmle,7.5
geo,2021,sex_mle,56.1
geo,2022,sex_btsx,31.8
geo,2022,sex_fmle,7.6
geo,2022,sex_mle,55.9
geo,2025,sex_btsx,31.6
geo,2025,sex_fmle,8.1
geo,2025,sex_mle,55.2
geo,2030,sex_btsx,31.5
geo,2030,sex_fmle,8.7
geo,2030,sex_mle,54.3
gha,2000,sex_btsx,7.1
gha,2000,sex_fmle,1.1
gha,2000,sex_mle,13.1
gha,2005,sex_btsx,6
gha,2005,sex_fmle,0.8
gha,2005,sex_mle,11.1
gha,2007,sex_btsx,5.6
gha,2007,sex_fmle,0.8
gha,2007,sex_mle,10.4
gha,2010,sex_btsx,5.1
gha,2010,sex_fmle,0.6
gha,2010,sex_mle,9.5
gha,2015,sex_btsx,4.3
gha,2015,sex_fmle,0.5
gha,2015,sex_mle,8.1
gha,2020,sex_btsx,3.6
gha,2020,sex_fmle,0.4
gha,2020,sex_mle,6.9
gha,2021,sex_btsx,3.5
gha,2021,sex_fmle,0.3
gha,2021,sex_mle,6.7
gha,2022,sex_btsx,3.4
gha,2022,sex_fmle,0.3
gha,2022,sex_mle,6.5
gha,2025,sex_btsx,3.1
gha,2025,sex_fmle,0.3
gha,2025,sex_mle,5.9
gha,2030,sex_btsx,2.7
gha,2030,sex_fmle,0.2
gha,2030,sex_mle,5.1
gmb,2000,sex_btsx,23.6
gmb,2000,sex_fmle,4.2
gmb,2000,sex_mle,43.1
gmb,2005,sex_btsx,19.5
gmb,2005,sex_fmle,2.7
gmb,2005,sex_mle,36.2
gmb,2007,sex_btsx,18
gmb,2007,sex_fmle,2.3
gmb,2007,sex_mle,33.8
gmb,2010,sex_btsx,16
gmb,2010,sex_fmle,1.8
gmb,2010,sex_mle,30.1
gmb,2015,sex_btsx,13.4
gmb,2015,sex_fmle,1.2
gmb,2015,sex_mle,25.6
gmb,2020,sex_btsx,11.2
gmb,2020,sex_fmle,0.8
gmb,2020,sex_mle,21.6
gmb,2021,sex_btsx,10.8
gmb,2021,sex_fmle,0.7
gmb,2021,sex_mle,20.9
gmb,2022,sex_btsx,10.5
gmb,2022,sex_fmle,0.7
gmb,2022,sex_mle,20.3
gmb,2025,sex_btsx,9.5
gmb,2025,sex_fmle,0.5
gmb,2025,sex_mle,18.4
gmb,2030,sex_btsx,8.1
gmb,2030,sex_fmle,0.4
gmb,2030,sex_mle,15.7
gnb,2000,sex_btsx,21
gnb,2000,sex_fmle,2.6
gnb,2000,sex_mle,39.5
gnb,2005,sex_btsx,16.8
gnb,2005,sex_fmle,1.8
gnb,2005,sex_mle,31.7
gnb,2007,sex_btsx,15.3
gnb,2007,sex_fmle,1.6
gnb,2007,sex_mle,29
gnb,2010,sex_btsx,13.4
gnb,2010,sex_fmle,1.3
gnb,2010,sex_mle,25.5
gnb,2015,sex_btsx,10.9
gnb,2015,sex_fmle,1
gnb,2015,sex_mle,20.8
gnb,2020,sex_btsx,8.9
gnb,2020,sex_fmle,0.7
gnb,2020,sex_mle,17.2
gnb,2021,sex_btsx,8.6
gnb,2021,sex_fmle,0.7
gnb,2021,sex_mle,16.5
gnb,2022,sex_btsx,8.2
gnb,2022,sex_fmle,0.6
gnb,2022,sex_mle,15.9
gnb,2025,sex_btsx,7.3
gnb,2025,sex_fmle,0.5
gnb,2025,sex_mle,14.1
gnb,2030,sex_btsx,6.1
gnb,2030,sex_fmle,0.4
gnb,2030,sex_mle,11.8
grc,2000,sex_btsx,55.8
grc,2000,sex_fmle,44.4
grc,2000,sex_mle,67.1
grc,2005,sex_btsx,49.1
grc,2005,sex_fmle,40.5
grc,2005,sex_mle,57.7
grc,2007,sex_btsx,46.7
grc,2007,sex_fmle,39
grc,2007,sex_mle,54.4
grc,2010,sex_btsx,43.2
grc,2010,sex_fmle,37
grc,2010,sex_mle,49.5
grc,2015,sex_btsx,38.4
grc,2015,sex_fmle,34
grc,2015,sex_mle,42.9
grc,2020,sex_btsx,34.2
grc,2020,sex_fmle,31.5
grc,2020,sex_mle,37
grc,2021,sex_btsx,33.3
grc,2021,sex_fmle,30.9
grc,2021,sex_mle,35.8
grc,2022,sex_btsx,32.8
grc,2022,sex_fmle,30.6
grc,2022,sex_mle,35
grc,2025,sex_btsx,30.6
grc,2025,sex_fmle,29
grc,2025,sex_mle,32.2
grc,2030,sex_btsx,27.6
grc,2030,sex_fmle,27.3
grc,2030,sex_mle,28
gtm,2000,sex_btsx,14.1
gtm,2000,sex_fmle,3.2
gtm,2000,sex_mle,24.9
gtm,2005,sex_btsx,13.4
gtm,2005,sex_fmle,2.8
gtm,2005,sex_mle,24.1
gtm,2007,sex_btsx,13.2
gtm,2007,sex_fmle,2.6
gtm,2007,sex_mle,23.9
gtm,2010,sex_btsx,13
gtm,2010,sex_fmle,2.4
gtm,2010,sex_mle,23.6
gtm,2015,sex_btsx,12.5
gtm,2015,sex_fmle,2.1
gtm,2015,sex_mle,22.9
gtm,2020,sex_btsx,12.1
gtm,2020,sex_fmle,1.8
gtm,2020,sex_mle,22.5
gtm,2021,sex_btsx,12
gtm,2021,sex_fmle,1.7
gtm,2021,sex_mle,22.3
gtm,2022,sex_btsx,11.9
gtm,2022,sex_fmle,1.7
gtm,2022,sex_mle,22.2
gtm,2025,sex_btsx,11.8
gtm,2025,sex_fmle,1.6
gtm,2025,sex_mle,22
gtm,2030,sex_btsx,11.5
gtm,2030,sex_fmle,1.4
gtm,2030,sex_mle,21.7
guy,2000,sex_btsx,31.3
guy,2000,sex_fmle,5.7
guy,2000,sex_mle,56.9
guy,2005,sex_btsx,24.6
guy,2005,sex_fmle,4.5
guy,2005,sex_mle,44.7
guy,2007,sex_btsx,22.4
guy,2007,sex_fmle,4.1
guy,2007,sex_mle,40.7
guy,2010,sex_btsx,19.4
guy,2010,sex_fmle,3.6
guy,2010,sex_mle,35.3
guy,2015,sex_btsx,15.3
guy,2015,sex_fmle,2.9
guy,2015,sex_mle,27.7
guy,2020,sex_btsx,12.2
guy,2020,sex_fmle,2.4
guy,2020,sex_mle,22.1
guy,2021,sex_btsx,11.7
guy,2021,sex_fmle,2.3
guy,2021,sex_mle,21
guy,2022,sex_btsx,11.1
guy,2022,sex_fmle,2.2
guy,2022,sex_mle,20
guy,2025,sex_btsx,9.7
guy,2025,sex_fmle,2
guy,2025,sex_mle,17.5
guy,2030,sex_btsx,7.8
guy,2030,sex_fmle,1.6
guy,2030,sex_mle,14.1
hnd,2000,sex_btsx,17.2
hnd,2000,sex_fmle,3.3
hnd,2000,sex_mle,31
hnd,2005,sex_btsx,15.8
hnd,2005,sex_fmle,2.8
hnd,2005,sex_mle,28.8
hnd,2007,sex_btsx,15.3
hnd,2007,sex_fmle,2.7
hnd,2007,sex_mle,28
hnd,2010,sex_btsx,14.6
hnd,2010,sex_fmle,2.4
hnd,2010,sex_mle,26.7
hnd,2015,sex_btsx,13.5
hnd,2015,sex_fmle,2.1
hnd,2015,sex_mle,24.9
hnd,2020,sex_btsx,12.7
hnd,2020,sex_fmle,1.8
hnd,2020,sex_mle,23.5
hnd,2021,sex_btsx,12.5
hnd,2021,sex_fmle,1.7
hnd,2021,sex_mle,23.3
hnd,2022,sex_btsx,12.3
hnd,2022,sex_fmle,1.7
hnd,2022,sex_mle,22.9
hnd,2025,sex_btsx,11.9
hnd,2025,sex_fmle,1.6
hnd,2025,sex_mle,22.3
hnd,2030,sex_btsx,11.1
hnd,2030,sex_fmle,1.4
hnd,2030,sex_mle,20.9
hrv,2000,sex_btsx,34.8
hrv,2000,sex_fmle,27.5
hrv,2000,sex_mle,42.1
hrv,2005,sex_btsx,35.1
hrv,2005,sex_fmle,29.4
hrv,2005,sex_mle,40.8
hrv,2007,sex_btsx,35.3
hrv,2007,sex_fmle,30.3
hrv,2007,sex_mle,40.3
hrv,2010,sex_btsx,35.5
hrv,2010,sex_fmle,31.6
hrv,2010,sex_mle,39.4
hrv,2015,sex_btsx,36.1
hrv,2015,sex_fmle,33.8
hrv,2015,sex_mle,38.4
hrv,2020,sex_btsx,36.7
hrv,2020,sex_fmle,36.2
hrv,2020,sex_mle,37.3
hrv,2021,sex_btsx,36.8
hrv,2021,sex_fmle,36.7
hrv,2021,sex_mle,37
hrv,2022,sex_btsx,37
hrv,2022,sex_fmle,37.3
hrv,2022,sex_mle,36.7
hrv,2025,sex_btsx,37.6
hrv,2025,sex_fmle,38.9
hrv,2025,sex_mle,36.3
hrv,2030,sex_btsx,38.6
hrv,2030,sex_fmle,42
hrv,2030,sex_mle,35.2
hti,2000,sex_btsx,11.4
hti,2000,sex_fmle,5.7
hti,2000,sex_mle,17.1
hti,2005,sex_btsx,10.4
hti,2005,sex_fmle,4.7
hti,2005,sex_mle,16.2
hti,2007,sex_btsx,10.1
hti,2007,sex_fmle,4.4
hti,2007,sex_mle,15.9
hti,2010,sex_btsx,9.6
hti,2010,sex_fmle,3.9
hti,2010,sex_mle,15.3
hti,2015,sex_btsx,8.9
hti,2015,sex_fmle,3.2
hti,2015,sex_mle,14.6
hti,2020,sex_btsx,8.3
hti,2020,sex_fmle,2.7
hti,2020,sex_mle,13.9
hti,2021,sex_btsx,8.2
hti,2021,sex_fmle,2.6
hti,2021,sex_mle,13.8
hti,2022,sex_btsx,8.1
hti,2022,sex_fmle,2.5
hti,2022,sex_mle,13.7
hti,2025,sex_btsx,7.8
hti,2025,sex_fmle,2.3
hti,2025,sex_mle,13.3
hti,2030,sex_btsx,7.3
hti,2030,sex_fmle,1.9
hti,2030,sex_mle,12.7
hun,2000,sex_btsx,37.5
hun,2000,sex_fmle,31.9
hun,2000,sex_mle,43.2
hun,2005,sex_btsx,36.1
hun,2005,sex_fmle,30.8
hun,2005,sex_mle,41.5
hun,2007,sex_btsx,35.6
hun,2007,sex_fmle,30.5
hun,2007,sex_mle,40.8
hun,2010,sex_btsx,34.9
hun,2010,sex_fmle,29.9
hun,2010,sex_mle,39.9
hun,2015,sex_btsx,33.8
hun,2015,sex_fmle,29.1
hun,2015,sex_mle,38.4
hun,2020,sex_btsx,32.6
hun,2020,sex_fmle,28.5
hun,2020,sex_mle,36.7
hun,2021,sex_btsx,32.4
hun,2021,sex_fmle,28.3
hun,2021,sex_mle,36.6
hun,2022,sex_btsx,32.2
hun,2022,sex_fmle,28.1
hun,2022,sex_mle,36.3
hun,2025,sex_btsx,31.5
hun,2025,sex_fmle,27.5
hun,2025,sex_mle,35.5
hun,2030,sex_btsx,30.6
hun,2030,sex_fmle,27
hun,2030,sex_mle,34.2
idn,2000,sex_btsx,35.2
idn,2000,sex_fmle,7.4
idn,2000,sex_mle,62.9
idn,2005,sex_btsx,35.5
idn,2005,sex_fmle,6.2
idn,2005,sex_mle,64.8
idn,2007,sex_btsx,35.8
idn,2007,sex_fmle,5.8
idn,2007,sex_mle,65.8
idn,2010,sex_btsx,36.2
idn,2010,sex_fmle,5.1
idn,2010,sex_mle,67.2
idn,2015,sex_btsx,37.1
idn,2015,sex_fmle,4.3
idn,2015,sex_mle,69.8
idn,2020,sex_btsx,37.8
idn,2020,sex_fmle,3.6
idn,2020,sex_mle,72.1
idn,2021,sex_btsx,37.9
idn,2021,sex_fmle,3.4
idn,2021,sex_mle,72.4
idn,2022,sex_btsx,38.2
idn,2022,sex_fmle,3.3
idn,2022,sex_mle,73.1
idn,2025,sex_btsx,38.7
idn,2025,sex_fmle,3
idn,2025,sex_mle,74.5
idn,2030,sex_btsx,39.8
idn,2030,sex_fmle,2.5
idn,2030,sex_mle,77.2
ind,2000,sex_btsx,55.8
ind,2000,sex_fmle,40.8
ind,2000,sex_mle,70.8
ind,2005,sex_btsx,46.6
ind,2005,sex_fmle,30.8
ind,2005,sex_mle,62.5
ind,2007,sex_btsx,43.1
ind,2007,sex_fmle,27.4
ind,2007,sex_mle,58.7
ind,2010,sex_btsx,38.3
ind,2010,sex_fmle,22.6
ind,2010,sex_mle,53.9
ind,2015,sex_btsx,31.5
ind,2015,sex_fmle,16.6
ind,2015,sex_mle,46.4
ind,2020,sex_btsx,26.1
ind,2020,sex_fmle,12.2
ind,2020,sex_mle,40
ind,2021,sex_btsx,25.2
ind,2021,sex_fmle,11.5
ind,2021,sex_mle,38.8
ind,2022,sex_btsx,24.3
ind,2022,sex_fmle,10.8
ind,2022,sex_mle,37.8
ind,2025,sex_btsx,21.8
ind,2025,sex_fmle,9
ind,2025,sex_mle,34.6
ind,2030,sex_btsx,18.3
ind,2030,sex_fmle,6.7
ind,2030,sex_mle,30
irl,2000,sex_btsx,35.7
irl,2000,sex_fmle,36.3
irl,2000,sex_mle,35.1
irl,2005,sex_btsx,30.9
irl,2005,sex_fmle,30.4
irl,2005,sex_mle,31.4
irl,2007,sex_btsx,29.2
irl,2007,sex_fmle,28.4
irl,2007,sex_mle,29.9
irl,2010,sex_btsx,26.8
irl,2010,sex_fmle,25.7
irl,2010,sex_mle,28
irl,2015,sex_btsx,23.4
irl,2015,sex_fmle,21.5
irl,2015,sex_mle,25.2
irl,2020,sex_btsx,20.4
irl,2020,sex_fmle,18.2
irl,2020,sex_mle,22.5
irl,2021,sex_btsx,19.8
irl,2021,sex_fmle,17.6
irl,2021,sex_mle,22.1
irl,2022,sex_btsx,19.3
irl,2022,sex_fmle,17
irl,2022,sex_mle,21.5
irl,2025,sex_btsx,17.8
irl,2025,sex_fmle,15.4
irl,2025,sex_mle,20.3
irl,2030,sex_btsx,15.6
irl,2030,sex_fmle,13
irl,2030,sex_mle,18.2
irn,2000,sex_btsx,22
irn,2000,sex_fmle,8.2
irn,2000,sex_mle,35.9
irn,2005,sex_btsx,19.5
irn,2005,sex_fmle,6.5
irn,2005,sex_mle,32.5
irn,2007,sex_btsx,18.6
irn,2007,sex_fmle,5.9
irn,2007,sex_mle,31.2
irn,2010,sex_btsx,17.3
irn,2010,sex_fmle,5.2
irn,2010,sex_mle,29.5
irn,2015,sex_btsx,15.5
irn,2015,sex_fmle,4.1
irn,2015,sex_mle,26.8
irn,2020,sex_btsx,13.9
irn,2020,sex_fmle,3.3
irn,2020,sex_mle,24.6
irn,2021,sex_btsx,13.6
irn,2021,sex_fmle,3.1
irn,2021,sex_mle,24.1
irn,2022,sex_btsx,13.3
irn,2022,sex_fmle,3
irn,2022,sex_mle,23.6
irn,2025,sex_btsx,12.5
irn,2025,sex_fmle,2.6
irn,2025,sex_mle,22.3
irn,2030,sex_btsx,11.3
irn,2030,sex_fmle,2.1
irn,2030,sex_mle,20.4
irq,2000,sex_btsx,22.3
irq,2000,sex_fmle,7.1
irq,2000,sex_mle,37.4
irq,2005,sex_btsx,20.9
irq,2005,sex_fmle,5.1
irq,2005,sex_mle,36.7
irq,2007,sex_btsx,20.6
irq,2007,sex_fmle,4.5
irq,2007,sex_mle,36.7
irq,2010,sex_btsx,20.1
irq,2010,sex_fmle,3.7
irq,2010,sex_mle,36.5
irq,2015,sex_btsx,19.5
irq,2015,sex_fmle,2.7
irq,2015,sex_mle,36.4
irq,2020,sex_btsx,19.2
irq,2020,sex_fmle,2
irq,2020,sex_mle,36.5
irq,2021,sex_btsx,19.3
irq,2021,sex_fmle,1.8
irq,2021,sex_mle,36.7
irq,2022,sex_btsx,19.2
irq,2022,sex_fmle,1.7
irq,2022,sex_mle,36.7
irq,2025,sex_btsx,19.2
irq,2025,sex_fmle,1.4
irq,2025,sex_mle,36.9
irq,2030,sex_btsx,19.4
irq,2030,sex_fmle,1.1
irq,2030,sex_mle,37.6
isl,2000,sex_btsx,32.2
isl,2000,sex_fmle,30.3
isl,2000,sex_mle,34
isl,2005,sex_btsx,24.2
isl,2005,sex_fmle,23.2
isl,2005,sex_mle,25.3
isl,2007,sex_btsx,21.7
isl,2007,sex_fmle,20.9
isl,2007,sex_mle,22.5
isl,2010,sex_btsx,18.3
isl,2010,sex_fmle,17.7
isl,2010,sex_mle,18.9
isl,2015,sex_btsx,13.8
isl,2015,sex_fmle,13.6
isl,2015,sex_mle,14.1
isl,2020,sex_btsx,10.5
isl,2020,sex_fmle,10.4
isl,2020,sex_mle,10.5
isl,2021,sex_btsx,9.9
isl,2021,sex_fmle,9.9
isl,2021,sex_mle,9.9
isl,2022,sex_btsx,9.4
isl,2022,sex_fmle,9.4
isl,2022,sex_mle,9.3
isl,2025,sex_btsx,7.9
isl,2025,sex_fmle,8
isl,2025,sex_mle,7.8
isl,2030,sex_btsx,6
isl,2030,sex_fmle,6.1
isl,2030,sex_mle,5.9
isr,2000,sex_btsx,31.2
isr,2000,sex_fmle,23.1
isr,2000,sex_mle,39.2
isr,2005,sex_btsx,28.2
isr,2005,sex_fmle,20.4
isr,2005,sex_mle,35.9
isr,2007,sex_btsx,27.1
isr,2007,sex_fmle,19.6
isr,2007,sex_mle,34.7
isr,2010,sex_btsx,25.7
isr,2010,sex_fmle,18.2
isr,2010,sex_mle,33.1
isr,2015,sex_btsx,23.2
isr,2015,sex_fmle,16.2
isr,2015,sex_mle,30.2
isr,2020,sex_btsx,21.2
isr,2020,sex_fmle,14.5
isr,2020,sex_mle,27.8
isr,2021,sex_btsx,20.7
isr,2021,sex_fmle,14.2
isr,2021,sex_mle,27.3
isr,2022,sex_btsx,20.4
isr,2022,sex_fmle,13.8
isr,2022,sex_mle,27
isr,2025,sex_btsx,19.2
isr,2025,sex_fmle,12.9
isr,2025,sex_mle,25.5
isr,2030,sex_btsx,17.4
isr,2030,sex_fmle,11.4
isr,2030,sex_mle,23.4
ita,2000,sex_btsx,26.1
ita,2000,sex_fmle,19.2
ita,2000,sex_mle,33
ita,2005,sex_btsx,25.2
ita,2005,sex_fmle,19.3
ita,2005,sex_mle,31.2
ita,2007,sex_btsx,24.8
ita,2007,sex_fmle,19.2
ita,2007,sex_mle,30.4
ita,2010,sex_btsx,24.4
ita,2010,sex_fmle,19.2
ita,2010,sex_mle,29.5
ita,2015,sex_btsx,23.5
ita,2015,sex_fmle,19.2
ita,2015,sex_mle,27.9
ita,2020,sex_btsx,22.7
ita,2020,sex_fmle,19.2
ita,2020,sex_mle,26.3
ita,2021,sex_btsx,22.6
ita,2021,sex_fmle,19.1
ita,2021,sex_mle,26
ita,2022,sex_btsx,22.4
ita,2022,sex_fmle,19.1
ita,2022,sex_mle,25.7
ita,2025,sex_btsx,22.1
ita,2025,sex_fmle,19.1
ita,2025,sex_mle,25
ita,2030,sex_btsx,21.3
ita,2030,sex_fmle,19.1
ita,2030,sex_mle,23.5
jam,2000,sex_btsx,17.1
jam,2000,sex_fmle,8.8
jam,2000,sex_mle,25.5
jam,2005,sex_btsx,14.9
jam,2005,sex_fmle,7.1
jam,2005,sex_mle,22.7
jam,2007,sex_btsx,14.1
jam,2007,sex_fmle,6.5
jam,2007,sex_mle,21.7
jam,2010,sex_btsx,13
jam,2010,sex_fmle,5.7
jam,2010,sex_mle,20.4
jam,2015,sex_btsx,11.5
jam,2015,sex_fmle,4.6
jam,2015,sex_mle,18.3
jam,2020,sex_btsx,10.1
jam,2020,sex_fmle,3.8
jam,2020,sex_mle,16.5
jam,2021,sex_btsx,9.9
jam,2021,sex_fmle,3.6
jam,2021,sex_mle,16.2
jam,2022,sex_btsx,9.7
jam,2022,sex_fmle,3.5
jam,2022,sex_mle,15.9
jam,2025,sex_btsx,9
jam,2025,sex_fmle,3.1
jam,2025,sex_mle,15
jam,2030,sex_btsx,8
jam,2030,sex_fmle,2.5
jam,2030,sex_mle,13.6
jor,2000,sex_btsx,31.5
jor,2000,sex_fmle,10.2
jor,2000,sex_mle,52.9
jor,2005,sex_btsx,32.3
jor,2005,sex_fmle,10.8
jor,2005,sex_mle,53.7
jor,2007,sex_btsx,32.6
jor,2007,sex_fmle,11.1
jor,2007,sex_mle,54
jor,2010,sex_btsx,33.1
jor,2010,sex_fmle,11.6
jor,2010,sex_mle,54.6
jor,2015,sex_btsx,34.1
jor,2015,sex_fmle,12.3
jor,2015,sex_mle,56
jor,2020,sex_btsx,35.1
jor,2020,sex_fmle,13.2
jor,2020,sex_mle,57
jor,2021,sex_btsx,35.3
jor,2021,sex_fmle,13.3
jor,2021,sex_mle,57.3
jor,2022,sex_btsx,35.6
jor,2022,sex_fmle,13.6
jor,2022,sex_mle,57.6
jor,2025,sex_btsx,36.3
jor,2025,sex_fmle,14.1
jor,2025,sex_mle,58.4
jor,2030,sex_btsx,37.6
jor,2030,sex_fmle,15.2
jor,2030,sex_mle,60.1
jpn,2000,sex_btsx,33.6
jpn,2000,sex_fmle,14.7
jpn,2000,sex_mle,52.4
jpn,2005,sex_btsx,29.4
jpn,2005,sex_fmle,13.3
jpn,2005,sex_mle,45.6
jpn,2007,sex_btsx,27.9
jpn,2007,sex_fmle,12.8
jpn,2007,sex_mle,43.1
jpn,2010,sex_btsx,25.9
jpn,2010,sex_fmle,12
jpn,2010,sex_mle,39.8
jpn,2015,sex_btsx,22.8
jpn,2015,sex_fmle,11
jpn,2015,sex_mle,34.6
jpn,2020,sex_btsx,20.2
jpn,2020,sex_fmle,10
jpn,2020,sex_mle,30.3
jpn,2021,sex_btsx,19.6
jpn,2021,sex_fmle,9.8
jpn,2021,sex_mle,29.5
jpn,2022,sex_btsx,19.2
jpn,2022,sex_fmle,9.6
jpn,2022,sex_mle,28.7
jpn,2025,sex_btsx,17.8
jpn,2025,sex_fmle,9.1
jpn,2025,sex_mle,26.5
jpn,2030,sex_btsx,15.7
jpn,2030,sex_fmle,8.3
jpn,2030,sex_mle,23.1
kaz,2000,sex_btsx,35.1
kaz,2000,sex_fmle,12
kaz,2000,sex_mle,58.2
kaz,2005,sex_btsx,31.6
kaz,2005,sex_fmle,10.6
kaz,2005,sex_mle,52.6
kaz,2007,sex_btsx,30.2
kaz,2007,sex_fmle,10.1
kaz,2007,sex_mle,50.3
kaz,2010,sex_btsx,28.4
kaz,2010,sex_fmle,9.3
kaz,2010,sex_mle,47.5
kaz,2015,sex_btsx,25.7
kaz,2015,sex_fmle,8.3
kaz,2015,sex_mle,43.1
kaz,2020,sex_btsx,23.1
kaz,2020,sex_fmle,7.3
kaz,2020,sex_mle,38.9
kaz,2021,sex_btsx,22.7
kaz,2021,sex_fmle,7.2
kaz,2021,sex_mle,38.2
kaz,2022,sex_btsx,22.2
kaz,2022,sex_fmle,7
kaz,2022,sex_mle,37.4
kaz,2025,sex_btsx,20.9
kaz,2025,sex_fmle,6.5
kaz,2025,sex_mle,35.3
kaz,2030,sex_btsx,18.9
kaz,2030,sex_fmle,5.8
kaz,2030,sex_mle,32
ken,2000,sex_btsx,19.5
ken,2000,sex_fmle,6.1
ken,2000,sex_mle,32.8
ken,2005,sex_btsx,16.9
ken,2005,sex_fmle,5
ken,2005,sex_mle,28.7
ken,2007,sex_btsx,15.9
ken,2007,sex_fmle,4.6
ken,2007,sex_mle,27.2
ken,2010,sex_btsx,14.7
ken,2010,sex_fmle,4.2
ken,2010,sex_mle,25.3
ken,2015,sex_btsx,12.8
ken,2015,sex_fmle,3.5
ken,2015,sex_mle,22.2
ken,2020,sex_btsx,11.3
ken,2020,sex_fmle,2.9
ken,2020,sex_mle,19.7
ken,2021,sex_btsx,11
ken,2021,sex_fmle,2.8
ken,2021,sex_mle,19.2
ken,2022,sex_btsx,10.7
ken,2022,sex_fmle,2.7
ken,2022,sex_mle,18.7
ken,2025,sex_btsx,9.9
ken,2025,sex_fmle,2.4
ken,2025,sex_mle,17.4
ken,2030,sex_btsx,8.8
ken,2030,sex_fmle,2
ken,2030,sex_mle,15.5
kgz,2000,sex_btsx,30.9
kgz,2000,sex_fmle,5.1
kgz,2000,sex_mle,56.7
kgz,2005,sex_btsx,29.6
kgz,2005,sex_fmle,4.5
kgz,2005,sex_mle,54.6
kgz,2007,sex_btsx,29.3
kgz,2007,sex_fmle,4.4
kgz,2007,sex_mle,54.2
kgz,2010,sex_btsx,28.7
kgz,2010,sex_fmle,4.2
kgz,2010,sex_mle,53.2
kgz,2015,sex_btsx,28
kgz,2015,sex_fmle,3.8
kgz,2015,sex_mle,52.2
kgz,2020,sex_btsx,27.5
kgz,2020,sex_fmle,3.4
kgz,2020,sex_mle,51.6
kgz,2021,sex_btsx,27.4
kgz,2021,sex_fmle,3.4
kgz,2021,sex_mle,51.4
kgz,2022,sex_btsx,27.3
kgz,2022,sex_fmle,3.3
kgz,2022,sex_mle,51.3
kgz,2025,sex_btsx,26.9
kgz,2025,sex_fmle,3.1
kgz,2025,sex_mle,50.7
kgz,2030,sex_btsx,26.1
kgz,2030,sex_fmle,3
kgz,2030,sex_mle,49.2
khm,2000,sex_btsx,42
khm,2000,sex_fmle,23.5
khm,2000,sex_mle,60.5
khm,2005,sex_btsx,34.4
khm,2005,sex_fmle,16.9
khm,2005,sex_mle,51.9
khm,2007,sex_btsx,31.5
khm,2007,sex_fmle,14.9
khm,2007,sex_mle,48.1
khm,2010,sex_btsx,28
khm,2010,sex_fmle,12.3
khm,2010,sex_mle,43.6
khm,2015,sex_btsx,22.7
khm,2015,sex_fmle,8.9
khm,2015,sex_mle,36.5
khm,2020,sex_btsx,18.6
khm,2020,sex_fmle,6.5
khm,2020,sex_mle,30.6
khm,2021,sex_btsx,18
khm,2021,sex_fmle,6.1
khm,2021,sex_mle,29.8
khm,2022,sex_btsx,17.2
khm,2022,sex_fmle,5.7
khm,2022,sex_mle,28.7
khm,2025,sex_btsx,15.3
khm,2025,sex_fmle,4.8
khm,2025,sex_mle,25.8
khm,2030,sex_btsx,12.6
khm,2030,sex_fmle,3.5
khm,2030,sex_mle,21.8
kir,2000,sex_btsx,68
kir,2000,sex_fmle,53.9
kir,2000,sex_mle,82
kir,2005,sex_btsx,60.5
kir,2005,sex_fmle,45.9
kir,2005,sex_mle,75.2
kir,2007,sex_btsx,57.4
kir,2007,sex_fmle,42.9
kir,2007,sex_mle,71.9
kir,2010,sex_btsx,53.4
kir,2010,sex_fmle,38.9
kir,2010,sex_mle,67.9
kir,2015,sex_btsx,47.1
kir,2015,sex_fmle,33.3
kir,2015,sex_mle,60.8
kir,2020,sex_btsx,41.6
kir,2020,sex_fmle,28.5
kir,2020,sex_mle,54.7
kir,2021,sex_btsx,40.7
kir,2021,sex_fmle,27.7
kir,2021,sex_mle,53.7
kir,2022,sex_btsx,39.7
kir,2022,sex_fmle,26.8
kir,2022,sex_mle,52.5
kir,2025,sex_btsx,36.8
kir,2025,sex_fmle,24.5
kir,2025,sex_mle,49.2
kir,2030,sex_btsx,32.8
kir,2030,sex_fmle,21.1
kir,2030,sex_mle,44.5
kor,2000,sex_btsx,35.2
kor,2000,sex_fmle,7.2
kor,2000,sex_mle,63.3
kor,2005,sex_btsx,30.9
kor,2005,sex_fmle,6.9
kor,2005,sex_mle,55
kor,2007,sex_btsx,29.4
kor,2007,sex_fmle,6.7
kor,2007,sex_mle,52
kor,2010,sex_btsx,27
kor,2010,sex_fmle,6.5
kor,2010,sex_mle,47.6
kor,2015,sex_btsx,23.8
kor,2015,sex_fmle,6.2
kor,2015,sex_mle,41.4
kor,2020,sex_btsx,21
kor,2020,sex_fmle,5.9
kor,2020,sex_mle,36
kor,2021,sex_btsx,20.5
kor,2021,sex_fmle,5.9
kor,2021,sex_mle,35
kor,2022,sex_btsx,20
kor,2022,sex_fmle,5.8
kor,2022,sex_mle,34.1
kor,2025,sex_btsx,18.5
kor,2025,sex_fmle,5.7
kor,2025,sex_mle,31.4
kor,2030,sex_btsx,16.4
kor,2030,sex_fmle,5.5
kor,2030,sex_mle,27.3
kwt,2000,sex_btsx,21.1
kwt,2000,sex_fmle,5.1
kwt,2000,sex_mle,37.1
kwt,2005,sex_btsx,20.5
kwt,2005,sex_fmle,4.1
kwt,2005,sex_mle,36.9
kwt,2007,sex_btsx,20.3
kwt,2007,sex_fmle,3.8
kwt,2007,sex_mle,36.8
kwt,2010,sex_btsx,20.1
kwt,2010,sex_fmle,3.4
kwt,2010,sex_mle,36.9
kwt,2015,sex_btsx,19.9
kwt,2015,sex_fmle,2.8
kwt,2015,sex_mle,37.1
kwt,2020,sex_btsx,19.9
kwt,2020,sex_fmle,2.3
kwt,2020,sex_mle,37.4
kwt,2021,sex_btsx,19.9
kwt,2021,sex_fmle,2.2
kwt,2021,sex_mle,37.5
kwt,2022,sex_btsx,19.9
kwt,2022,sex_fmle,2.1
kwt,2022,sex_mle,37.7
kwt,2025,sex_btsx,20
kwt,2025,sex_fmle,1.9
kwt,2025,sex_mle,38.1
kwt,2030,sex_btsx,20.3
kwt,2030,sex_fmle,1.6
kwt,2030,sex_mle,38.9
lao,2000,sex_btsx,51.8
lao,2000,sex_fmle,33.2
lao,2000,sex_mle,70.4
lao,2005,sex_btsx,44.2
lao,2005,sex_fmle,24.6
lao,2005,sex_mle,63.8
lao,2007,sex_btsx,41.5
lao,2007,sex_fmle,21.9
lao,2007,sex_mle,61.2
lao,2010,sex_btsx,38
lao,2010,sex_fmle,18.2
lao,2010,sex_mle,57.8
lao,2015,sex_btsx,32.8
lao,2015,sex_fmle,13.5
lao,2015,sex_mle,52
lao,2020,sex_btsx,28.7
lao,2020,sex_fmle,10.1
lao,2020,sex_mle,47.3
lao,2021,sex_btsx,27.8
lao,2021,sex_fmle,9.6
lao,2021,sex_mle,46.1
lao,2022,sex_btsx,27.2
lao,2022,sex_fmle,9
lao,2022,sex_mle,45.4
lao,2025,sex_btsx,25.1
lao,2025,sex_fmle,7.6
lao,2025,sex_mle,42.7
lao,2030,sex_btsx,22.2
lao,2030,sex_fmle,5.6
lao,2030,sex_mle,38.9
lbn,2000,sex_btsx,36.4
lbn,2000,sex_fmle,31.5
lbn,2000,sex_mle,41.3
lbn,2005,sex_btsx,35.6
lbn,2005,sex_fmle,29.8
lbn,2005,sex_mle,41.5
lbn,2007,sex_btsx,35.6
lbn,2007,sex_fmle,29.4
lbn,2007,sex_mle,41.7
lbn,2010,sex_btsx,35.1
lbn,2010,sex_fmle,28.5
lbn,2010,sex_mle,41.7
lbn,2015,sex_btsx,34.7
lbn,2015,sex_fmle,27.3
lbn,2015,sex_mle,42.1
lbn,2020,sex_btsx,34.4
lbn,2020,sex_fmle,26.1
lbn,2020,sex_mle,42.7
lbn,2021,sex_btsx,34.3
lbn,2021,sex_fmle,25.8
lbn,2021,sex_mle,42.8
lbn,2022,sex_btsx,34.3
lbn,2022,sex_fmle,25.7
lbn,2022,sex_mle,42.9
lbn,2025,sex_btsx,34.1
lbn,2025,sex_fmle,25
lbn,2025,sex_mle,43.3
lbn,2030,sex_btsx,34
lbn,2030,sex_fmle,24.1
lbn,2030,sex_mle,43.9
lbr,2000,sex_btsx,17.5
lbr,2000,sex_fmle,6.4
lbr,2000,sex_mle,28.5
lbr,2005,sex_btsx,14.6
lbr,2005,sex_fmle,4.8
lbr,2005,sex_mle,24.4
lbr,2007,sex_btsx,13.6
lbr,2007,sex_fmle,4.3
lbr,2007,sex_mle,22.9
lbr,2010,sex_btsx,12.3
lbr,2010,sex_fmle,3.6
lbr,2010,sex_mle,20.9
lbr,2015,sex_btsx,10.3
lbr,2015,sex_fmle,2.7
lbr,2015,sex_mle,18
lbr,2020,sex_btsx,8.8
lbr,2020,sex_fmle,2.1
lbr,2020,sex_mle,15.6
lbr,2021,sex_btsx,8.5
lbr,2021,sex_fmle,2
lbr,2021,sex_mle,15.1
lbr,2022,sex_btsx,8.2
lbr,2022,sex_fmle,1.9
lbr,2022,sex_mle,14.6
lbr,2025,sex_btsx,7.5
lbr,2025,sex_fmle,1.6
lbr,2025,sex_mle,13.4
lbr,2030,sex_btsx,6.4
lbr,2030,sex_fmle,1.2
lbr,2030,sex_mle,11.6
lca,2000,sex_btsx,20.2
lca,2000,sex_fmle,7.3
lca,2000,sex_mle,33.1
lca,2005,sex_btsx,18.3
lca,2005,sex_fmle,5.9
lca,2005,sex_mle,30.7
lca,2007,sex_btsx,17.6
lca,2007,sex_fmle,5.4
lca,2007,sex_mle,29.8
lca,2010,sex_btsx,16.8
lca,2010,sex_fmle,4.8
lca,2010,sex_mle,28.7
lca,2015,sex_btsx,15.4
lca,2015,sex_fmle,3.9
lca,2015,sex_mle,26.9
lca,2020,sex_btsx,14.3
lca,2020,sex_fmle,3.2
lca,2020,sex_mle,25.3
lca,2021,sex_btsx,14.1
lca,2021,sex_fmle,3.1
lca,2021,sex_mle,25.2
lca,2022,sex_btsx,13.8
lca,2022,sex_fmle,3
lca,2022,sex_mle,24.7
lca,2025,sex_btsx,13.3
lca,2025,sex_fmle,2.6
lca,2025,sex_mle,23.9
lca,2030,sex_btsx,12.5
lca,2030,sex_fmle,2.2
lca,2030,sex_mle,22.7
lka,2000,sex_btsx,30.2
lka,2000,sex_fmle,9.3
lka,2000,sex_mle,51
lka,2005,sex_btsx,27
lka,2005,sex_fmle,6.7
lka,2005,sex_mle,47.3
lka,2007,sex_btsx,25.9
lka,2007,sex_fmle,5.8
lka,2007,sex_mle,46
lka,2010,sex_btsx,24.3
lka,2010,sex_fmle,4.8
lka,2010,sex_mle,43.9
lka,2015,sex_btsx,22.1
lka,2015,sex_fmle,3.5
lka,2015,sex_mle,40.7
lka,2020,sex_btsx,20.2
lka,2020,sex_fmle,2.5
lka,2020,sex_mle,37.9
lka,2021,sex_btsx,19.8
lka,2021,sex_fmle,2.3
lka,2021,sex_mle,37.3
lka,2022,sex_btsx,19.5
lka,2022,sex_fmle,2.2
lka,2022,sex_mle,36.8
lka,2025,sex_btsx,18.5
lka,2025,sex_fmle,1.8
lka,2025,sex_mle,35.3
lka,2030,sex_btsx,17.1
lka,2030,sex_fmle,1.3
lka,2030,sex_mle,32.8
lso,2000,sex_btsx,32
lso,2000,sex_fmle,17
lso,2000,sex_mle,47
lso,2005,sex_btsx,29.4
lso,2005,sex_fmle,12.7
lso,2005,sex_mle,46.2
lso,2007,sex_btsx,28.5
lso,2007,sex_fmle,11.4
lso,2007,sex_mle,45.5
lso,2010,sex_btsx,27.5
lso,2010,sex_fmle,9.6
lso,2010,sex_mle,45.3
lso,2015,sex_btsx,26
lso,2015,sex_fmle,7.3
lso,2015,sex_mle,44.6
lso,2020,sex_btsx,25
lso,2020,sex_fmle,5.7
lso,2020,sex_mle,44.2
lso,2021,sex_btsx,24.7
lso,2021,sex_fmle,5.4
lso,2021,sex_mle,44
lso,2022,sex_btsx,24.3
lso,2022,sex_fmle,5.1
lso,2022,sex_mle,43.6
lso,2025,sex_btsx,24.1
lso,2025,sex_fmle,4.4
lso,2025,sex_mle,43.8
lso,2030,sex_btsx,23.4
lso,2030,sex_fmle,3.4
lso,2030,sex_mle,43.4
ltu,2000,sex_btsx,42.9
ltu,2000,sex_fmle,26
ltu,2000,sex_mle,59.8
ltu,2005,sex_btsx,39.9
ltu,2005,sex_fmle,24.8
ltu,2005,sex_mle,54.9
ltu,2007,sex_btsx,38.7
ltu,2007,sex_fmle,24.4
ltu,2007,sex_mle,53.1
ltu,2010,sex_btsx,37.1
ltu,2010,sex_fmle,23.8
ltu,2010,sex_mle,50.4
ltu,2015,sex_btsx,34.6
ltu,2015,sex_fmle,22.8
ltu,2015,sex_mle,46.4
ltu,2020,sex_btsx,32.3
ltu,2020,sex_fmle,22
ltu,2020,sex_mle,42.5
ltu,2021,sex_btsx,31.8
ltu,2021,sex_fmle,21.8
ltu,2021,sex_mle,41.8
ltu,2022,sex_btsx,31.4
ltu,2022,sex_fmle,21.6
ltu,2022,sex_mle,41.1
ltu,2025,sex_btsx,30.2
ltu,2025,sex_fmle,21.1
ltu,2025,sex_mle,39.2
ltu,2030,sex_btsx,28.3
ltu,2030,sex_fmle,20.3
ltu,2030,sex_mle,36.2
lux,2000,sex_btsx,29.8
lux,2000,sex_fmle,24.6
lux,2000,sex_mle,34.9
lux,2005,sex_btsx,28.2
lux,2005,sex_fmle,23.9
lux,2005,sex_mle,32.4
lux,2007,sex_btsx,27.5
lux,2007,sex_fmle,23.7
lux,2007,sex_mle,31.3
lux,2010,sex_btsx,26.4
lux,2010,sex_fmle,23.1
lux,2010,sex_mle,29.7
lux,2015,sex_btsx,24.9
lux,2015,sex_fmle,22.5
lux,2015,sex_mle,27.4
lux,2020,sex_btsx,23.5
lux,2020,sex_fmle,21.9
lux,2020,sex_mle,25.2
lux,2021,sex_btsx,23.3
lux,2021,sex_fmle,21.8
lux,2021,sex_mle,24.8
lux,2022,sex_btsx,23
lux,2022,sex_fmle,21.6
lux,2022,sex_mle,24.4
lux,2025,sex_btsx,22.3
lux,2025,sex_fmle,21.2
lux,2025,sex_mle,23.3
lux,2030,sex_btsx,21.1
lux,2030,sex_fmle,20.7
lux,2030,sex_mle,21.4
lva,2000,sex_btsx,45.4
lva,2000,sex_fmle,27.7
lva,2000,sex_mle,63.1
lva,2005,sex_btsx,42.4
lva,2005,sex_fmle,26
lva,2005,sex_mle,58.8
lva,2007,sex_btsx,41.3
lva,2007,sex_fmle,25.5
lva,2007,sex_mle,57.2
lva,2010,sex_btsx,39.6
lva,2010,sex_fmle,24.5
lva,2010,sex_mle,54.8
lva,2015,sex_btsx,37.1
lva,2015,sex_fmle,23
lva,2015,sex_mle,51.2
lva,2020,sex_btsx,34.7
lva,2020,sex_fmle,21.7
lva,2020,sex_mle,47.7
lva,2021,sex_btsx,34.3
lva,2021,sex_fmle,21.4
lva,2021,sex_mle,47.2
lva,2022,sex_btsx,33.9
lva,2022,sex_fmle,21.1
lva,2022,sex_mle,46.6
lva,2025,sex_btsx,32.6
lva,2025,sex_fmle,20.3
lva,2025,sex_mle,44.8
lva,2030,sex_btsx,30.4
lva,2030,sex_fmle,19.2
lva,2030,sex_mle,41.6
mar,2000,sex_btsx,20.4
mar,2000,sex_fmle,2.9
mar,2000,sex_mle,37.9
mar,2005,sex_btsx,18.3
mar,2005,sex_fmle,2.2
mar,2005,sex_mle,34.4
mar,2007,sex_btsx,17.5
mar,2007,sex_fmle,2
mar,2007,sex_mle,33
mar,2010,sex_btsx,16.5
mar,2010,sex_fmle,1.8
mar,2010,sex_mle,31.3
mar,2015,sex_btsx,14.9
mar,2015,sex_fmle,1.4
mar,2015,sex_mle,28.4
mar,2020,sex_btsx,13.5
mar,2020,sex_fmle,1.1
mar,2020,sex_mle,25.9
mar,2021,sex_btsx,13.3
mar,2021,sex_fmle,1.1
mar,2021,sex_mle,25.5
mar,2022,sex_btsx,13
mar,2022,sex_fmle,1
mar,2022,sex_mle,25
mar,2025,sex_btsx,12.2
mar,2025,sex_fmle,0.9
mar,2025,sex_mle,23.6
mar,2030,sex_btsx,11.2
mar,2030,sex_fmle,0.7
mar,2030,sex_mle,21.7
mda,2000,sex_btsx,25.2
mda,2000,sex_fmle,6
mda,2000,sex_mle,44.4
mda,2005,sex_btsx,26.1
mda,2005,sex_fmle,6.2
mda,2005,sex_mle,45.9
mda,2007,sex_btsx,26.5
mda,2007,sex_fmle,6.3
mda,2007,sex_mle,46.7
mda,2010,sex_btsx,27
mda,2010,sex_fmle,6.4
mda,2010,sex_mle,47.6
mda,2015,sex_btsx,28.1
mda,2015,sex_fmle,6.6
mda,2015,sex_mle,49.6
mda,2020,sex_btsx,29.2
mda,2020,sex_fmle,6.9
mda,2020,sex_mle,51.6
mda,2021,sex_btsx,29.5
mda,2021,sex_fmle,6.9
mda,2021,sex_mle,52
mda,2022,sex_btsx,29.7
mda,2022,sex_fmle,7
mda,2022,sex_mle,52.4
mda,2025,sex_btsx,30.5
mda,2025,sex_fmle,7.2
mda,2025,sex_mle,53.9
mda,2030,sex_btsx,31.9
mda,2030,sex_fmle,7.4
mda,2030,sex_mle,56.4
mdg,2000,sex_btsx,53.1
mdg,2000,sex_fmle,48.5
mdg,2000,sex_mle,57.8
mdg,2005,sex_btsx,43.9
mdg,2005,sex_fmle,34.2
mdg,2005,sex_mle,53.6
mdg,2007,sex_btsx,41
mdg,2007,sex_fmle,29.8
mdg,2007,sex_mle,52.2
mdg,2010,sex_btsx,37
mdg,2010,sex_fmle,24.2
mdg,2010,sex_mle,49.9
mdg,2015,sex_btsx,32.1
mdg,2015,sex_fmle,17.2
mdg,2015,sex_mle,46.9
mdg,2020,sex_btsx,28.2
mdg,2020,sex_fmle,12.3
mdg,2020,sex_mle,44
mdg,2021,sex_btsx,27.5
mdg,2021,sex_fmle,11.5
mdg,2021,sex_mle,43.4
mdg,2022,sex_btsx,26.8
mdg,2022,sex_fmle,10.7
mdg,2022,sex_mle,43
mdg,2025,sex_btsx,25.1
mdg,2025,sex_fmle,8.8
mdg,2025,sex_mle,41.3
mdg,2030,sex_btsx,22.6
mdg,2030,sex_fmle,6.4
mdg,2030,sex_mle,38.8
mdv,2000,sex_btsx,42.4
mdv,2000,sex_fmle,24.7
mdv,2000,sex_mle,60.2
mdv,2005,sex_btsx,37.6
mdv,2005,sex_fmle,20.1
mdv,2005,sex_mle,55.1
mdv,2007,sex_btsx,36.1
mdv,2007,sex_fmle,18.6
mdv,2007,sex_mle,53.6
mdv,2010,sex_btsx,33.7
mdv,2010,sex_fmle,16.5
mdv,2010,sex_mle,50.9
mdv,2015,sex_btsx,30.3
mdv,2015,sex_fmle,13.5
mdv,2015,sex_mle,47.1
mdv,2020,sex_btsx,27.5
mdv,2020,sex_fmle,11.2
mdv,2020,sex_mle,43.8
mdv,2021,sex_btsx,26.9
mdv,2021,sex_fmle,10.8
mdv,2021,sex_mle,43.1
mdv,2022,sex_btsx,26.3
mdv,2022,sex_fmle,10.4
mdv,2022,sex_mle,42.2
mdv,2025,sex_btsx,24.9
mdv,2025,sex_fmle,9.2
mdv,2025,sex_mle,40.6
mdv,2030,sex_btsx,22.7
mdv,2030,sex_fmle,7.7
mdv,2030,sex_mle,37.7
mex,2000,sex_btsx,22.7
mex,2000,sex_fmle,12
mex,2000,sex_mle,33.5
mex,2005,sex_btsx,20.6
mex,2005,sex_fmle,10.6
mex,2005,sex_mle,30.7
mex,2007,sex_btsx,19.9
mex,2007,sex_fmle,10.1
mex,2007,sex_mle,29.7
mex,2010,sex_btsx,18.7
mex,2010,sex_fmle,9.3
mex,2010,sex_mle,28.2
mex,2015,sex_btsx,17
mex,2015,sex_fmle,8.2
mex,2015,sex_mle,25.8
mex,2020,sex_btsx,15.5
mex,2020,sex_fmle,7.2
mex,2020,sex_mle,23.8
mex,2021,sex_btsx,15.2
mex,2021,sex_fmle,7
mex,2021,sex_mle,23.4
mex,2022,sex_btsx,14.9
mex,2022,sex_fmle,6.9
mex,2022,sex_mle,23
mex,2025,sex_btsx,14.1
mex,2025,sex_fmle,6.3
mex,2025,sex_mle,21.8
mex,2030,sex_btsx,12.8
mex,2030,sex_fmle,5.6
mex,2030,sex_mle,20
mhl,2000,sex_btsx,27.5
mhl,2000,sex_fmle,9.5
mhl,2000,sex_mle,45.5
mhl,2005,sex_btsx,27.8
mhl,2005,sex_fmle,9.2
mhl,2005,sex_mle,46.5
mhl,2007,sex_btsx,28.2
mhl,2007,sex_fmle,9.1
mhl,2007,sex_mle,47.3
mhl,2010,sex_btsx,28.5
mhl,2010,sex_fmle,9
mhl,2010,sex_mle,48
mhl,2015,sex_btsx,29.1
mhl,2015,sex_fmle,8.8
mhl,2015,sex_mle,49.4
mhl,2020,sex_btsx,29.6
mhl,2020,sex_fmle,8.6
mhl,2020,sex_mle,50.7
mhl,2021,sex_btsx,29.7
mhl,2021,sex_fmle,8.5
mhl,2021,sex_mle,51
mhl,2022,sex_btsx,29.8
mhl,2022,sex_fmle,8.5
mhl,2022,sex_mle,51.2
mhl,2025,sex_btsx,30.4
mhl,2025,sex_fmle,8.4
mhl,2025,sex_mle,52.4
mhl,2030,sex_btsx,31
mhl,2030,sex_fmle,8.2
mhl,2030,sex_mle,53.8
mli,2000,sex_btsx,16.7
mli,2000,sex_fmle,4.6
mli,2000,sex_mle,28.9
mli,2005,sex_btsx,14
mli,2005,sex_fmle,3.1
mli,2005,sex_mle,25
mli,2007,sex_btsx,13.1
mli,2007,sex_fmle,2.7
mli,2007,sex_mle,23.4
mli,2010,sex_btsx,11.8
mli,2010,sex_fmle,2.2
mli,2010,sex_mle,21.4
mli,2015,sex_btsx,10
mli,2015,sex_fmle,1.5
mli,2015,sex_mle,18.5
mli,2020,sex_btsx,8.5
mli,2020,sex_fmle,1
mli,2020,sex_mle,16
mli,2021,sex_btsx,8.3
mli,2021,sex_fmle,1
mli,2021,sex_mle,15.5
mli,2022,sex_btsx,8
mli,2022,sex_fmle,0.9
mli,2022,sex_mle,15.1
mli,2025,sex_btsx,7.3
mli,2025,sex_fmle,0.7
mli,2025,sex_mle,13.8
mli,2030,sex_btsx,6.3
mli,2030,sex_fmle,0.5
mli,2030,sex_mle,12
mlt,2000,sex_btsx,33
mlt,2000,sex_fmle,24.5
mlt,2000,sex_mle,41.5
mlt,2005,sex_btsx,30.7
mlt,2005,sex_fmle,24.2
mlt,2005,sex_mle,37.3
mlt,2007,sex_btsx,30
mlt,2007,sex_fmle,23.9
mlt,2007,sex_mle,36
mlt,2010,sex_btsx,28.8
mlt,2010,sex_fmle,23.9
mlt,2010,sex_mle,33.7
mlt,2015,sex_btsx,26.8
mlt,2015,sex_fmle,23.4
mlt,2015,sex_mle,30.3
mlt,2020,sex_btsx,25.4
mlt,2020,sex_fmle,23.3
mlt,2020,sex_mle,27.5
mlt,2021,sex_btsx,25.1
mlt,2021,sex_fmle,23.3
mlt,2021,sex_mle,26.9
mlt,2022,sex_btsx,24.7
mlt,2022,sex_fmle,23.2
mlt,2022,sex_mle,26.3
mlt,2025,sex_btsx,23.9
mlt,2025,sex_fmle,23
mlt,2025,sex_mle,24.8
mlt,2030,sex_btsx,22.6
mlt,2030,sex_fmle,22.8
mlt,2030,sex_mle,22.4
mmr,2000,sex_btsx,65.4
mmr,2000,sex_fmle,48.6
mmr,2000,sex_mle,82.3
mmr,2005,sex_btsx,60.5
mmr,2005,sex_fmle,41.2
mmr,2005,sex_mle,79.8
mmr,2007,sex_btsx,58.2
mmr,2007,sex_fmle,38
mmr,2007,sex_mle,78.4
mmr,2010,sex_btsx,54.8
mmr,2010,sex_fmle,33.7
mmr,2010,sex_mle,75.9
mmr,2015,sex_btsx,50.2
mmr,2015,sex_fmle,26.9
mmr,2015,sex_mle,73.4
mmr,2020,sex_btsx,45.9
mmr,2020,sex_fmle,21.2
mmr,2020,sex_mle,70.6
mmr,2021,sex_btsx,45.1
mmr,2021,sex_fmle,20.2
mmr,2021,sex_mle,69.9
mmr,2022,sex_btsx,44.4
mmr,2022,sex_fmle,19.3
mmr,2022,sex_mle,69.5
mmr,2025,sex_btsx,42.3
mmr,2025,sex_fmle,16.6
mmr,2025,sex_mle,68
mmr,2030,sex_btsx,39.3
mmr,2030,sex_fmle,13.1
mmr,2030,sex_mle,65.4
mne,2000,sex_btsx,38.6
mne,2000,sex_fmle,36.4
mne,2000,sex_mle,40.9
mne,2005,sex_btsx,36.7
mne,2005,sex_fmle,35.5
mne,2005,sex_mle,38
mne,2007,sex_btsx,36.1
mne,2007,sex_fmle,35.1
mne,2007,sex_mle,37
mne,2010,sex_btsx,35.2
mne,2010,sex_fmle,34.7
mne,2010,sex_mle,35.7
mne,2015,sex_btsx,33.7
mne,2015,sex_fmle,33.9
mne,2015,sex_mle,33.6
mne,2020,sex_btsx,32.4
mne,2020,sex_fmle,33.2
mne,2020,sex_mle,31.5
mne,2021,sex_btsx,32.3
mne,2021,sex_fmle,33.3
mne,2021,sex_mle,31.3
mne,2022,sex_btsx,32
mne,2022,sex_fmle,33.2
mne,2022,sex_mle,30.9
mne,2025,sex_btsx,31.5
mne,2025,sex_fmle,33.1
mne,2025,sex_mle,29.9
mne,2030,sex_btsx,30.5
mne,2030,sex_fmle,32.6
mne,2030,sex_mle,28.4
mng,2000,sex_btsx,33.2
mng,2000,sex_fmle,8.6
mng,2000,sex_mle,57.9
mng,2005,sex_btsx,32.2
mng,2005,sex_fmle,8.2
mng,2005,sex_mle,56.1
mng,2007,sex_btsx,31.8
mng,2007,sex_fmle,8.1
mng,2007,sex_mle,55.5
mng,2010,sex_btsx,31.3
mng,2010,sex_fmle,7.9
mng,2010,sex_mle,54.8
mng,2015,sex_btsx,30.5
mng,2015,sex_fmle,7.6
mng,2015,sex_mle,53.3
mng,2020,sex_btsx,30
mng,2020,sex_fmle,7.3
mng,2020,sex_mle,52.6
mng,2021,sex_btsx,29.6
mng,2021,sex_fmle,7.3
mng,2021,sex_mle,51.9
mng,2022,sex_btsx,29.5
mng,2022,sex_fmle,7.2
mng,2022,sex_mle,51.7
mng,2025,sex_btsx,29.2
mng,2025,sex_fmle,7.1
mng,2025,sex_mle,51.3
mng,2030,sex_btsx,28.5
mng,2030,sex_fmle,6.8
mng,2030,sex_mle,50.3
mrt,2000,sex_btsx,22
mrt,2000,sex_fmle,7.1
mrt,2000,sex_mle,36.8
mrt,2005,sex_btsx,18.1
mrt,2005,sex_fmle,5.3
mrt,2005,sex_mle,30.8
mrt,2007,sex_btsx,16.7
mrt,2007,sex_fmle,4.7
mrt,2007,sex_mle,28.6
mrt,2010,sex_btsx,14.8
mrt,2010,sex_fmle,3.9
mrt,2010,sex_mle,25.7
mrt,2015,sex_btsx,12.3
mrt,2015,sex_fmle,3
mrt,2015,sex_mle,21.5
mrt,2020,sex_btsx,10.2
mrt,2020,sex_fmle,2.3
mrt,2020,sex_mle,18.1
mrt,2021,sex_btsx,9.8
mrt,2021,sex_fmle,2.1
mrt,2021,sex_mle,17.4
mrt,2022,sex_btsx,9.5
mrt,2022,sex_fmle,2
mrt,2022,sex_mle,16.9
mrt,2025,sex_btsx,8.4
mrt,2025,sex_fmle,1.7
mrt,2025,sex_mle,15.2
mrt,2030,sex_btsx,7.1
mrt,2030,sex_fmle,1.3
mrt,2030,sex_mle,12.8
mus,2000,sex_btsx,25.4
mus,2000,sex_fmle,4.8
mus,2000,sex_mle,46.1
mus,2005,sex_btsx,24.1
mus,2005,sex_fmle,4.3
mus,2005,sex_mle,43.8
mus,2007,sex_btsx,23.7
mus,2007,sex_fmle,4.1
mus,2007,sex_mle,43.4
mus,2010,sex_btsx,23
mus,2010,sex_fmle,3.8
mus,2010,sex_mle,42.2
mus,2015,sex_btsx,22.1
mus,2015,sex_fmle,3.4
mus,2015,sex_mle,40.8
mus,2020,sex_btsx,21.3
mus,2020,sex_fmle,3.1
mus,2020,sex_mle,39.6
mus,2021,sex_btsx,21.1
mus,2021,sex_fmle,3
mus,2021,sex_mle,39.1
mus,2022,sex_btsx,20.9
mus,2022,sex_fmle,3
mus,2022,sex_mle,38.8
mus,2025,sex_btsx,20.5
mus,2025,sex_fmle,2.8
mus,2025,sex_mle,38.3
mus,2030,sex_btsx,19.8
mus,2030,sex_fmle,2.5
mus,2030,sex_mle,37
mwi,2000,sex_btsx,24.1
mwi,2000,sex_fmle,12.8
mwi,2000,sex_mle,35.3
mwi,2005,sex_btsx,19.4
mwi,2005,sex_fmle,9.2
mwi,2005,sex_mle,29.6
mwi,2007,sex_btsx,17.9
mwi,2007,sex_fmle,8
mwi,2007,sex_mle,27.7
mwi,2010,sex_btsx,15.8
mwi,2010,sex_fmle,6.6
mwi,2010,sex_mle,24.9
mwi,2015,sex_btsx,12.9
mwi,2015,sex_fmle,4.8
mwi,2015,sex_mle,21
mwi,2020,sex_btsx,10.5
mwi,2020,sex_fmle,3.4
mwi,2020,sex_mle,17.6
mwi,2021,sex_btsx,10.1
mwi,2021,sex_fmle,3.2
mwi,2021,sex_mle,16.9
mwi,2022,sex_btsx,9.7
mwi,2022,sex_fmle,3
mwi,2022,sex_mle,16.4
mwi,2025,sex_btsx,8.6
mwi,2025,sex_fmle,2.5
mwi,2025,sex_mle,14.7
mwi,2030,sex_btsx,7.1
mwi,2030,sex_fmle,1.8
mwi,2030,sex_mle,12.4
mys,2000,sex_btsx,30.8
mys,2000,sex_fmle,5.4
mys,2000,sex_mle,56.3
mys,2005,sex_btsx,28.2
mys,2005,sex_fmle,3.4
mys,2005,sex_mle,52.9
mys,2007,sex_btsx,27.2
mys,2007,sex_fmle,2.9
mys,2007,sex_mle,51.5
mys,2010,sex_btsx,26
mys,2010,sex_fmle,2.2
mys,2010,sex_mle,49.8
mys,2015,sex_btsx,24
mys,2015,sex_fmle,1.4
mys,2015,sex_mle,46.7
mys,2020,sex_btsx,22.6
mys,2020,sex_fmle,0.9
mys,2020,sex_mle,44.3
mys,2021,sex_btsx,22.2
mys,2021,sex_fmle,0.8
mys,2021,sex_mle,43.5
mys,2022,sex_btsx,22
mys,2022,sex_fmle,0.7
mys,2022,sex_mle,43.3
mys,2025,sex_btsx,21
mys,2025,sex_fmle,0.6
mys,2025,sex_mle,41.4
mys,2030,sex_btsx,19.8
mys,2030,sex_fmle,0.4
mys,2030,sex_mle,39.3
nam,2000,sex_btsx,26.5
nam,2000,sex_fmle,19.2
nam,2000,sex_mle,33.9
nam,2005,sex_btsx,22.6
nam,2005,sex_fmle,14.3
nam,2005,sex_mle,31
nam,2007,sex_btsx,21.2
nam,2007,sex_fmle,12.6
nam,2007,sex_mle,29.9
nam,2010,sex_btsx,19.4
nam,2010,sex_fmle,10.6
nam,2010,sex_mle,28.1
nam,2015,sex_btsx,16.9
nam,2015,sex_fmle,7.9
nam,2015,sex_mle,26
nam,2020,sex_btsx,14.9
nam,2020,sex_fmle,5.9
nam,2020,sex_mle,23.8
nam,2021,sex_btsx,14.5
nam,2021,sex_fmle,5.5
nam,2021,sex_mle,23.5
nam,2022,sex_btsx,14.1
nam,2022,sex_fmle,5.2
nam,2022,sex_mle,23
nam,2025,sex_btsx,13.2
nam,2025,sex_fmle,4.4
nam,2025,sex_mle,22.1
nam,2030,sex_btsx,11.8
nam,2030,sex_fmle,3.3
nam,2030,sex_mle,20.3
ner,2000,sex_btsx,9.7
ner,2000,sex_fmle,2.7
ner,2000,sex_mle,16.8
ner,2005,sex_btsx,9.1
ner,2005,sex_fmle,2.3
ner,2005,sex_mle,15.9
ner,2007,sex_btsx,8.9
ner,2007,sex_fmle,2.1
ner,2007,sex_mle,15.6
ner,2010,sex_btsx,8.6
ner,2010,sex_fmle,1.9
ner,2010,sex_mle,15.2
ner,2015,sex_btsx,8.1
ner,2015,sex_fmle,1.6
ner,2015,sex_mle,14.6
ner,2020,sex_btsx,7.8
ner,2020,sex_fmle,1.4
ner,2020,sex_mle,14.1
ner,2021,sex_btsx,7.7
ner,2021,sex_fmle,1.4
ner,2021,sex_mle,14
ner,2022,sex_btsx,7.7
ner,2022,sex_fmle,1.4
ner,2022,sex_mle,14
ner,2025,sex_btsx,7.5
ner,2025,sex_fmle,1.2
ner,2025,sex_mle,13.7
ner,2030,sex_btsx,7.2
ner,2030,sex_fmle,1.1
ner,2030,sex_mle,13.4
nga,2000,sex_btsx,10.7
nga,2000,sex_fmle,2
nga,2000,sex_mle,19.3
nga,2005,sex_btsx,8.1
nga,2005,sex_fmle,1.4
nga,2005,sex_mle,14.7
nga,2007,sex_btsx,7.2
nga,2007,sex_fmle,1.2
nga,2007,sex_mle,13.2
nga,2010,sex_btsx,6.1
nga,2010,sex_fmle,1
nga,2010,sex_mle,11.2
nga,2015,sex_btsx,4.7
nga,2015,sex_fmle,0.7
nga,2015,sex_mle,8.6
nga,2020,sex_btsx,3.6
nga,2020,sex_fmle,0.5
nga,2020,sex_mle,6.7
nga,2021,sex_btsx,3.4
nga,2021,sex_fmle,0.5
nga,2021,sex_mle,6.4
nga,2022,sex_btsx,3.3
nga,2022,sex_fmle,0.5
nga,2022,sex_mle,6.1
nga,2025,sex_btsx,2.8
nga,2025,sex_fmle,0.4
nga,2025,sex_mle,5.2
nga,2030,sex_btsx,2.3
nga,2030,sex_fmle,0.3
nga,2030,sex_mle,4.3
nld,2000,sex_btsx,34.5
nld,2000,sex_fmle,31.8
nld,2000,sex_mle,37.2
nld,2005,sex_btsx,30.7
nld,2005,sex_fmle,28
nld,2005,sex_mle,33.4
nld,2007,sex_btsx,29.5
nld,2007,sex_fmle,27
nld,2007,sex_mle,32
nld,2010,sex_btsx,27.7
nld,2010,sex_fmle,25.1
nld,2010,sex_mle,30.3
nld,2015,sex_btsx,24.7
nld,2015,sex_fmle,22.5
nld,2015,sex_mle,27
nld,2020,sex_btsx,22.2
nld,2020,sex_fmle,19.9
nld,2020,sex_mle,24.4
nld,2021,sex_btsx,21.7
nld,2021,sex_fmle,19.4
nld,2021,sex_mle,23.9
nld,2022,sex_btsx,21.3
nld,2022,sex_fmle,19
nld,2022,sex_mle,23.5
nld,2025,sex_btsx,19.9
nld,2025,sex_fmle,17.8
nld,2025,sex_mle,22
nld,2030,sex_btsx,17.8
nld,2030,sex_fmle,15.8
nld,2030,sex_mle,19.9
nor,2000,sex_btsx,44.9
nor,2000,sex_fmle,43.6
nor,2000,sex_mle,46.1
nor,2005,sex_btsx,34.6
nor,2005,sex_fmle,33.4
nor,2005,sex_mle,35.7
nor,2007,sex_btsx,31.2
nor,2007,sex_fmle,30
nor,2007,sex_mle,32.4
nor,2010,sex_btsx,26.6
nor,2010,sex_fmle,25.6
nor,2010,sex_mle,27.6
nor,2015,sex_btsx,20.5
nor,2015,sex_fmle,19.7
nor,2015,sex_mle,21.3
nor,2020,sex_btsx,15.8
nor,2020,sex_fmle,15.1
nor,2020,sex_mle,16.6
nor,2021,sex_btsx,15
nor,2021,sex_fmle,14.3
nor,2021,sex_mle,15.7
nor,2022,sex_btsx,14.2
nor,2022,sex_fmle,13.5
nor,2022,sex_mle,14.9
nor,2025,sex_btsx,12.2
nor,2025,sex_fmle,11.6
nor,2025,sex_mle,12.8
nor,2030,sex_btsx,9.4
nor,2030,sex_fmle,8.9
nor,2030,sex_mle,9.9
npl,2000,sex_btsx,64.7
npl,2000,sex_fmle,55.2
npl,2000,sex_mle,74.2
npl,2005,sex_btsx,54.5
npl,2005,sex_fmle,41.5
npl,2005,sex_mle,67.5
npl,2007,sex_btsx,49.9
npl,2007,sex_fmle,35.7
npl,2007,sex_mle,64.1
npl,2010,sex_btsx,44
npl,2010,sex_fmle,28.1
npl,2010,sex_mle,59.9
npl,2015,sex_btsx,36.3
npl,2015,sex_fmle,18.9
npl,2015,sex_mle,53.6
npl,2020,sex_btsx,30.3
npl,2020,sex_fmle,12.7
npl,2020,sex_mle,47.8
npl,2021,sex_btsx,29.4
npl,2021,sex_fmle,11.9
npl,2021,sex_mle,46.8
npl,2022,sex_btsx,28.3
npl,2022,sex_fmle,10.9
npl,2022,sex_mle,45.7
npl,2025,sex_btsx,25.7
npl,2025,sex_fmle,8.6
npl,2025,sex_mle,42.7
npl,2030,sex_btsx,22
npl,2030,sex_fmle,5.8
npl,2030,sex_mle,38.2
nru,2000,sex_btsx,63.6
nru,2000,sex_fmle,70
nru,2000,sex_mle,57.3
nru,2005,sex_btsx,59.6
nru,2005,sex_fmle,63.9
nru,2005,sex_mle,55.2
nru,2007,sex_btsx,57.8
nru,2007,sex_fmle,61.6
nru,2007,sex_mle,53.9
nru,2010,sex_btsx,55.6
nru,2010,sex_fmle,58.4
nru,2010,sex_mle,52.9
nru,2015,sex_btsx,52.6
nru,2015,sex_fmle,54.1
nru,2015,sex_mle,51
nru,2020,sex_btsx,49.4
nru,2020,sex_fmle,49.5
nru,2020,sex_mle,49.2
nru,2021,sex_btsx,48.9
nru,2021,sex_fmle,48.7
nru,2021,sex_mle,49
nru,2022,sex_btsx,48.3
nru,2022,sex_fmle,48.1
nru,2022,sex_mle,48.6
nru,2025,sex_btsx,46.7
nru,2025,sex_fmle,45.6
nru,2025,sex_mle,47.8
nru,2030,sex_btsx,44.2
nru,2030,sex_fmle,42.2
nru,2030,sex_mle,46.2
nzl,2000,sex_btsx,30.4
nzl,2000,sex_fmle,29.6
nzl,2000,sex_mle,31.2
nzl,2005,sex_btsx,24.8
nzl,2005,sex_fmle,23.8
nzl,2005,sex_mle,25.8
nzl,2007,sex_btsx,22.7
nzl,2007,sex_fmle,21.7
nzl,2007,sex_mle,23.8
nzl,2010,sex_btsx,20.1
nzl,2010,sex_fmle,19
nzl,2010,sex_mle,21.2
nzl,2015,sex_btsx,16.4
nzl,2015,sex_fmle,15.2
nzl,2015,sex_mle,17.5
nzl,2020,sex_btsx,13.3
nzl,2020,sex_fmle,12.1
nzl,2020,sex_mle,14.5
nzl,2021,sex_btsx,12.8
nzl,2021,sex_fmle,11.6
nzl,2021,sex_mle,14
nzl,2022,sex_btsx,12.2
nzl,2022,sex_fmle,11.1
nzl,2022,sex_mle,13.4
nzl,2025,sex_btsx,10.9
nzl,2025,sex_fmle,9.7
nzl,2025,sex_mle,12
nzl,2030,sex_btsx,8.8
nzl,2030,sex_fmle,7.8
nzl,2030,sex_mle,9.9
omn,2000,sex_btsx,7.5
omn,2000,sex_fmle,0.6
omn,2000,sex_mle,14.3
omn,2005,sex_btsx,7.7
omn,2005,sex_fmle,0.6
omn,2005,sex_mle,14.8
omn,2007,sex_btsx,7.7
omn,2007,sex_fmle,0.5
omn,2007,sex_mle,14.9
omn,2010,sex_btsx,7.9
omn,2010,sex_fmle,0.5
omn,2010,sex_mle,15.3
omn,2015,sex_btsx,8.1
omn,2015,sex_fmle,0.5
omn,2015,sex_mle,15.7
omn,2020,sex_btsx,8.3
omn,2020,sex_fmle,0.4
omn,2020,sex_mle,16.2
omn,2021,sex_btsx,8.4
omn,2021,sex_fmle,0.4
omn,2021,sex_mle,16.4
omn,2022,sex_btsx,8.4
omn,2022,sex_fmle,0.4
omn,2022,sex_mle,16.5
omn,2025,sex_btsx,8.6
omn,2025,sex_fmle,0.4
omn,2025,sex_mle,16.8
omn,2030,sex_btsx,8.9
omn,2030,sex_fmle,0.4
omn,2030,sex_mle,17.5
pak,2000,sex_btsx,39.3
pak,2000,sex_fmle,20.6
pak,2000,sex_mle,57.9
pak,2005,sex_btsx,33.1
pak,2005,sex_fmle,16
pak,2005,sex_mle,50.3
pak,2007,sex_btsx,31.1
pak,2007,sex_fmle,14.5
pak,2007,sex_mle,47.6
pak,2010,sex_btsx,28
pak,2010,sex_fmle,12.5
pak,2010,sex_mle,43.5
pak,2015,sex_btsx,23.7
pak,2015,sex_fmle,9.8
pak,2015,sex_mle,37.6
pak,2020,sex_btsx,20.2
pak,2020,sex_fmle,7.7
pak,2020,sex_mle,32.8
pak,2021,sex_btsx,19.5
pak,2021,sex_fmle,7.3
pak,2021,sex_mle,31.7
pak,2022,sex_btsx,18.9
pak,2022,sex_fmle,7
pak,2022,sex_mle,30.8
pak,2025,sex_btsx,17.2
pak,2025,sex_fmle,6
pak,2025,sex_mle,28.4
pak,2030,sex_btsx,14.7
pak,2030,sex_fmle,4.8
pak,2030,sex_mle,24.6
pan,2000,sex_btsx,14.1
pan,2000,sex_fmle,5.6
pan,2000,sex_mle,22.5
pan,2005,sex_btsx,11.1
pan,2005,sex_fmle,4.3
pan,2005,sex_mle,18
pan,2007,sex_btsx,10.1
pan,2007,sex_fmle,3.9
pan,2007,sex_mle,16.4
pan,2010,sex_btsx,8.8
pan,2010,sex_fmle,3.3
pan,2010,sex_mle,14.3
pan,2015,sex_btsx,7.1
pan,2015,sex_fmle,2.6
pan,2015,sex_mle,11.6
pan,2020,sex_btsx,5.6
pan,2020,sex_fmle,2
pan,2020,sex_mle,9.1
pan,2021,sex_btsx,5.4
pan,2021,sex_fmle,2
pan,2021,sex_mle,8.8
pan,2022,sex_btsx,5.2
pan,2022,sex_fmle,1.9
pan,2022,sex_mle,8.4
pan,2025,sex_btsx,4.5
pan,2025,sex_fmle,1.7
pan,2025,sex_mle,7.4
pan,2030,sex_btsx,3.6
pan,2030,sex_fmle,1.3
pan,2030,sex_mle,5.9
per,2000,sex_btsx,34.7
per,2000,sex_fmle,13.6
per,2000,sex_mle,55.8
per,2005,sex_btsx,24
per,2005,sex_fmle,9.3
per,2005,sex_mle,38.7
per,2007,sex_btsx,20.7
per,2007,sex_fmle,8
per,2007,sex_mle,33.3
per,2010,sex_btsx,16.7
per,2010,sex_fmle,6.4
per,2010,sex_mle,27
per,2015,sex_btsx,11.7
per,2015,sex_fmle,4.4
per,2015,sex_mle,18.9
per,2020,sex_btsx,8.2
per,2020,sex_fmle,3.1
per,2020,sex_mle,13.2
per,2021,sex_btsx,7.6
per,2021,sex_fmle,2.8
per,2021,sex_mle,12.4
per,2022,sex_btsx,7.1
per,2022,sex_fmle,2.6
per,2022,sex_mle,11.6
per,2025,sex_btsx,5.8
per,2025,sex_fmle,2.1
per,2025,sex_mle,9.5
per,2030,sex_btsx,4.1
per,2030,sex_fmle,1.5
per,2030,sex_mle,6.7
phl,2000,sex_btsx,36.5
phl,2000,sex_fmle,15.2
phl,2000,sex_mle,57.7
phl,2005,sex_btsx,31.7
phl,2005,sex_fmle,11.5
phl,2005,sex_mle,52
phl,2007,sex_btsx,30.1
phl,2007,sex_fmle,10.3
phl,2007,sex_mle,49.9
phl,2010,sex_btsx,27.7
phl,2010,sex_fmle,8.7
phl,2010,sex_mle,46.7
phl,2015,sex_btsx,24.4
phl,2015,sex_fmle,6.6
phl,2015,sex_mle,42.1
phl,2020,sex_btsx,21.6
phl,2020,sex_fmle,5
phl,2020,sex_mle,38.1
phl,2021,sex_btsx,20.9
phl,2021,sex_fmle,4.8
phl,2021,sex_mle,37.1
phl,2022,sex_btsx,20.4
phl,2022,sex_fmle,4.5
phl,2022,sex_mle,36.2
phl,2025,sex_btsx,19.1
phl,2025,sex_fmle,3.8
phl,2025,sex_mle,34.3
phl,2030,sex_btsx,16.9
phl,2030,sex_fmle,2.9
phl,2030,sex_mle,31
plw,2000,sex_btsx,26.2
plw,2000,sex_fmle,14
plw,2000,sex_mle,38.4
plw,2005,sex_btsx,23.6
plw,2005,sex_fmle,12.1
plw,2005,sex_mle,35.2
plw,2007,sex_btsx,22.7
plw,2007,sex_fmle,11.3
plw,2007,sex_mle,34.1
plw,2010,sex_btsx,21.5
plw,2010,sex_fmle,10.5
plw,2010,sex_mle,32.4
plw,2015,sex_btsx,19.6
plw,2015,sex_fmle,9.1
plw,2015,sex_mle,30
plw,2020,sex_btsx,18
plw,2020,sex_fmle,8
plw,2020,sex_mle,27.9
plw,2021,sex_btsx,17.7
plw,2021,sex_fmle,7.8
plw,2021,sex_mle,27.6
plw,2022,sex_btsx,17.3
plw,2022,sex_fmle,7.6
plw,2022,sex_mle,27.1
plw,2025,sex_btsx,16.6
plw,2025,sex_fmle,7.1
plw,2025,sex_mle,26.1
plw,2030,sex_btsx,15.5
plw,2030,sex_fmle,6.3
plw,2030,sex_mle,24.8
png,2000,sex_btsx,53.8
png,2000,sex_fmle,36.6
png,2000,sex_mle,71
png,2005,sex_btsx,50.2
png,2005,sex_fmle,33.4
png,2005,sex_mle,67
png,2007,sex_btsx,48.7
png,2007,sex_fmle,32.2
png,2007,sex_mle,65.2
png,2010,sex_btsx,46.6
png,2010,sex_fmle,30.5
png,2010,sex_mle,62.7
png,2015,sex_btsx,43.5
png,2015,sex_fmle,28
png,2015,sex_mle,58.9
png,2020,sex_btsx,40.7
png,2020,sex_fmle,25.9
png,2020,sex_mle,55.4
png,2021,sex_btsx,40.2
png,2021,sex_fmle,25.5
png,2021,sex_mle,54.9
png,2022,sex_btsx,39.6
png,2022,sex_fmle,24.9
png,2022,sex_mle,54.3
png,2025,sex_btsx,38.1
png,2025,sex_fmle,23.8
png,2025,sex_mle,52.4
png,2030,sex_btsx,35.9
png,2030,sex_fmle,22.2
png,2030,sex_mle,49.6
pol,2000,sex_btsx,38.9
pol,2000,sex_fmle,31.7
pol,2000,sex_mle,46.2
pol,2005,sex_btsx,34.6
pol,2005,sex_fmle,28.5
pol,2005,sex_mle,40.6
pol,2007,sex_btsx,33
pol,2007,sex_fmle,27.3
pol,2007,sex_mle,38.7
pol,2010,sex_btsx,30.9
pol,2010,sex_fmle,25.7
pol,2010,sex_mle,36
pol,2015,sex_btsx,27.6
pol,2015,sex_fmle,23.2
pol,2015,sex_mle,31.9
pol,2020,sex_btsx,24.5
pol,2020,sex_fmle,20.9
pol,2020,sex_mle,28.1
pol,2021,sex_btsx,24
pol,2021,sex_fmle,20.5
pol,2021,sex_mle,27.5
pol,2022,sex_btsx,23.6
pol,2022,sex_fmle,20.1
pol,2022,sex_mle,27.1
pol,2025,sex_btsx,22.1
pol,2025,sex_fmle,18.9
pol,2025,sex_mle,25.2
pol,2030,sex_btsx,19.8
pol,2030,sex_fmle,17.2
pol,2030,sex_mle,22.4
prk,2000,sex_btsx,29.5
prk,2000,sex_fmle,0
prk,2000,sex_mle,58.9
prk,2005,sex_btsx,25.8
prk,2005,sex_fmle,0
prk,2005,sex_mle,51.7
prk,2007,sex_btsx,24.5
prk,2007,sex_fmle,0
prk,2007,sex_mle,48.9
prk,2010,sex_btsx,22.7
prk,2010,sex_fmle,0
prk,2010,sex_mle,45.3
prk,2015,sex_btsx,19.8
prk,2015,sex_fmle,0
prk,2015,sex_mle,39.7
prk,2020,sex_btsx,17.4
prk,2020,sex_fmle,0
prk,2020,sex_mle,34.8
prk,2021,sex_btsx,17
prk,2021,sex_fmle,0
prk,2021,sex_mle,33.9
prk,2022,sex_btsx,16.5
prk,2022,sex_fmle,0
prk,2022,sex_mle,33
prk,2025,sex_btsx,15.4
prk,2025,sex_fmle,0
prk,2025,sex_mle,30.7
prk,2030,sex_btsx,13.6
prk,2030,sex_fmle,0
prk,2030,sex_mle,27.3
prt,2000,sex_btsx,26
prt,2000,sex_fmle,15.2
prt,2000,sex_mle,36.7
prt,2005,sex_btsx,25.7
prt,2005,sex_fmle,16.3
prt,2005,sex_mle,35.2
prt,2007,sex_btsx,25.7
prt,2007,sex_fmle,16.8
prt,2007,sex_mle,34.6
prt,2010,sex_btsx,25.5
prt,2010,sex_fmle,17.5
prt,2010,sex_mle,33.5
prt,2015,sex_btsx,25.5
prt,2015,sex_fmle,18.8
prt,2015,sex_mle,32.2
prt,2020,sex_btsx,25.6
prt,2020,sex_fmle,20.3
prt,2020,sex_mle,30.9
prt,2021,sex_btsx,25.6
prt,2021,sex_fmle,20.6
prt,2021,sex_mle,30.7
prt,2022,sex_btsx,25.6
prt,2022,sex_fmle,20.7
prt,2022,sex_mle,30.5
prt,2025,sex_btsx,25.8
prt,2025,sex_fmle,21.8
prt,2025,sex_mle,29.7
prt,2030,sex_btsx,26.2
prt,2030,sex_fmle,23.6
prt,2030,sex_mle,28.8
pry,2000,sex_btsx,29.4
pry,2000,sex_fmle,14.5
pry,2000,sex_mle,44.4
pry,2005,sex_btsx,23.2
pry,2005,sex_fmle,10.7
pry,2005,sex_mle,35.7
pry,2007,sex_btsx,21.1
pry,2007,sex_fmle,9.4
pry,2007,sex_mle,32.8
pry,2010,sex_btsx,18.4
pry,2010,sex_fmle,8
pry,2010,sex_mle,28.9
pry,2015,sex_btsx,14.6
pry,2015,sex_fmle,5.9
pry,2015,sex_mle,23.4
pry,2020,sex_btsx,11.7
pry,2020,sex_fmle,4.4
pry,2020,sex_mle,19
pry,2021,sex_btsx,11.2
pry,2021,sex_fmle,4.2
pry,2021,sex_mle,18.3
pry,2022,sex_btsx,10.7
pry,2022,sex_fmle,3.9
pry,2022,sex_mle,17.6
pry,2025,sex_btsx,9.4
pry,2025,sex_fmle,3.3
pry,2025,sex_mle,15.6
pry,2030,sex_btsx,7.6
pry,2030,sex_fmle,2.5
pry,2030,sex_mle,12.8
qat,2000,sex_btsx,12.9
qat,2000,sex_fmle,2.8
qat,2000,sex_mle,23
qat,2005,sex_btsx,12.7
qat,2005,sex_fmle,2.7
qat,2005,sex_mle,22.7
qat,2007,sex_btsx,12.6
qat,2007,sex_fmle,2.6
qat,2007,sex_mle,22.6
qat,2010,sex_btsx,12.5
qat,2010,sex_fmle,2.5
qat,2010,sex_mle,22.6
qat,2015,sex_btsx,12.5
qat,2015,sex_fmle,2.4
qat,2015,sex_mle,22.6
qat,2020,sex_btsx,12.5
qat,2020,sex_fmle,2.3
qat,2020,sex_mle,22.7
qat,2021,sex_btsx,12.5
qat,2021,sex_fmle,2.3
qat,2021,sex_mle,22.8
qat,2022,sex_btsx,12.5
qat,2022,sex_fmle,2.3
qat,2022,sex_mle,22.6
qat,2025,sex_btsx,12.5
qat,2025,sex_fmle,2.2
qat,2025,sex_mle,22.8
qat,2030,sex_btsx,12.6
qat,2030,sex_fmle,2.1
qat,2030,sex_mle,23.1
rou,2000,sex_btsx,36.9
rou,2000,sex_fmle,25.8
rou,2000,sex_mle,48
rou,2005,sex_btsx,35.3
rou,2005,sex_fmle,24.7
rou,2005,sex_mle,46
rou,2007,sex_btsx,34.6
rou,2007,sex_fmle,24.2
rou,2007,sex_mle,44.9
rou,2010,sex_btsx,33.6
rou,2010,sex_fmle,23.7
rou,2010,sex_mle,43.5
rou,2015,sex_btsx,32
rou,2015,sex_fmle,22.7
rou,2015,sex_mle,41.3
rou,2020,sex_btsx,30.7
rou,2020,sex_fmle,21.9
rou,2020,sex_mle,39.5
rou,2021,sex_btsx,30.3
rou,2021,sex_fmle,21.7
rou,2021,sex_mle,39
rou,2022,sex_btsx,30
rou,2022,sex_fmle,21.5
rou,2022,sex_mle,38.6
rou,2025,sex_btsx,29.3
rou,2025,sex_fmle,21
rou,2025,sex_mle,37.6
rou,2030,sex_btsx,27.9
rou,2030,sex_fmle,20.2
rou,2030,sex_mle,35.6
rus,2000,sex_btsx,32.7
rus,2000,sex_fmle,12
rus,2000,sex_mle,53.4
rus,2005,sex_btsx,31.6
rus,2005,sex_fmle,13
rus,2005,sex_mle,50.3
rus,2007,sex_btsx,31.4
rus,2007,sex_fmle,13.5
rus,2007,sex_mle,49.3
rus,2010,sex_btsx,30.8
rus,2010,sex_fmle,14.2
rus,2010,sex_mle,47.5
rus,2015,sex_btsx,30
rus,2015,sex_fmle,15.4
rus,2015,sex_mle,44.7
rus,2020,sex_btsx,29.4
rus,2020,sex_fmle,16.8
rus,2020,sex_mle,42
rus,2021,sex_btsx,29.3
rus,2021,sex_fmle,17
rus,2021,sex_mle,41.5
rus,2022,sex_btsx,29.2
rus,2022,sex_fmle,17.4
rus,2022,sex_mle,41.1
rus,2025,sex_btsx,28.9
rus,2025,sex_fmle,18.2
rus,2025,sex_mle,39.6
rus,2030,sex_btsx,28.5
rus,2030,sex_fmle,19.9
rus,2030,sex_mle,37.2
rwa,2000,sex_btsx,24.4
rwa,2000,sex_fmle,14.4
rwa,2000,sex_mle,34.4
rwa,2005,sex_btsx,21.2
rwa,2005,sex_fmle,12.3
rwa,2005,sex_mle,30.1
rwa,2007,sex_btsx,20.1
rwa,2007,sex_fmle,11.6
rwa,2007,sex_mle,28.7
rwa,2010,sex_btsx,18.6
rwa,2010,sex_fmle,10.6
rwa,2010,sex_mle,26.6
rwa,2015,sex_btsx,16.6
rwa,2015,sex_fmle,9.2
rwa,2015,sex_mle,24
rwa,2020,sex_btsx,14.9
rwa,2020,sex_fmle,8
rwa,2020,sex_mle,21.8
rwa,2021,sex_btsx,14.6
rwa,2021,sex_fmle,7.8
rwa,2021,sex_mle,21.4
rwa,2022,sex_btsx,14.3
rwa,2022,sex_fmle,7.6
rwa,2022,sex_mle,21
rwa,2025,sex_btsx,13.5
rwa,2025,sex_fmle,7.1
rwa,2025,sex_mle,20
rwa,2030,sex_btsx,12.5
rwa,2030,sex_fmle,6.3
rwa,2030,sex_mle,18.7
sau,2000,sex_btsx,14.2
sau,2000,sex_fmle,3.6
sau,2000,sex_mle,24.8
sau,2005,sex_btsx,14.3
sau,2005,sex_fmle,3.1
sau,2005,sex_mle,25.4
sau,2007,sex_btsx,14.3
sau,2007,sex_fmle,3
sau,2007,sex_mle,25.6
sau,2010,sex_btsx,14.3
sau,2010,sex_fmle,2.7
sau,2010,sex_mle,25.9
sau,2015,sex_btsx,14.4
sau,2015,sex_fmle,2.4
sau,2015,sex_mle,26.5
sau,2020,sex_btsx,14.8
sau,2020,sex_fmle,2.2
sau,2020,sex_mle,27.4
sau,2021,sex_btsx,14.8
sau,2021,sex_fmle,2.2
sau,2021,sex_mle,27.3
sau,2022,sex_btsx,14.9
sau,2022,sex_fmle,2.1
sau,2022,sex_mle,27.6
sau,2025,sex_btsx,15
sau,2025,sex_fmle,2
sau,2025,sex_mle,28.1
sau,2030,sex_btsx,15.2
sau,2030,sex_fmle,1.8
sau,2030,sex_mle,28.7
sen,2000,sex_btsx,14.9
sen,2000,sex_fmle,1.7
sen,2000,sex_mle,28.1
sen,2005,sex_btsx,12.3
sen,2005,sex_fmle,1.3
sen,2005,sex_mle,23.3
sen,2007,sex_btsx,11.4
sen,2007,sex_fmle,1.2
sen,2007,sex_mle,21.5
sen,2010,sex_btsx,10.2
sen,2010,sex_fmle,1.1
sen,2010,sex_mle,19.3
sen,2015,sex_btsx,8.4
sen,2015,sex_fmle,0.9
sen,2015,sex_mle,16
sen,2020,sex_btsx,7
sen,2020,sex_fmle,0.7
sen,2020,sex_mle,13.2
sen,2021,sex_btsx,6.7
sen,2021,sex_fmle,0.7
sen,2021,sex_mle,12.8
sen,2022,sex_btsx,6.5
sen,2022,sex_fmle,0.7
sen,2022,sex_mle,12.3
sen,2025,sex_btsx,5.8
sen,2025,sex_fmle,0.6
sen,2025,sex_mle,11
sen,2030,sex_btsx,4.9
sen,2030,sex_fmle,0.5
sen,2030,sex_mle,9.2
sgp,2000,sex_btsx,16.9
sgp,2000,sex_fmle,5.8
sgp,2000,sex_mle,28.1
sgp,2005,sex_btsx,16.8
sgp,2005,sex_fmle,5.5
sgp,2005,sex_mle,28.1
sgp,2007,sex_btsx,16.7
sgp,2007,sex_fmle,5.4
sgp,2007,sex_mle,28
sgp,2010,sex_btsx,16.6
sgp,2010,sex_fmle,5.3
sgp,2010,sex_mle,28
sgp,2015,sex_btsx,16.6
sgp,2015,sex_fmle,5.1
sgp,2015,sex_mle,28
sgp,2020,sex_btsx,16.3
sgp,2020,sex_fmle,4.9
sgp,2020,sex_mle,27.7
sgp,2021,sex_btsx,16.3
sgp,2021,sex_fmle,4.9
sgp,2021,sex_mle,27.7
sgp,2022,sex_btsx,16.4
sgp,2022,sex_fmle,4.9
sgp,2022,sex_mle,27.9
sgp,2025,sex_btsx,16.2
sgp,2025,sex_fmle,4.8
sgp,2025,sex_mle,27.6
sgp,2030,sex_btsx,16.6
sgp,2030,sex_fmle,4.6
sgp,2030,sex_mle,28.6
slb,2000,sex_btsx,43.5
slb,2000,sex_fmle,26.6
slb,2000,sex_mle,60.4
slb,2005,sex_btsx,41.6
slb,2005,sex_fmle,24.6
slb,2005,sex_mle,58.6
slb,2007,sex_btsx,40.8
slb,2007,sex_fmle,23.7
slb,2007,sex_mle,57.9
slb,2010,sex_btsx,40
slb,2010,sex_fmle,22.8
slb,2010,sex_mle,57.1
slb,2015,sex_btsx,38.3
slb,2015,sex_fmle,21.2
slb,2015,sex_mle,55.4
slb,2020,sex_btsx,37.3
slb,2020,sex_fmle,19.9
slb,2020,sex_mle,54.6
slb,2021,sex_btsx,37.1
slb,2021,sex_fmle,19.6
slb,2021,sex_mle,54.5
slb,2022,sex_btsx,36.9
slb,2022,sex_fmle,19.4
slb,2022,sex_mle,54.4
slb,2025,sex_btsx,36.1
slb,2025,sex_fmle,18.6
slb,2025,sex_mle,53.6
slb,2030,sex_btsx,35.4
slb,2030,sex_fmle,17.6
slb,2030,sex_mle,53.2
sle,2000,sex_btsx,40
sle,2000,sex_fmle,14.8
sle,2000,sex_mle,65.3
sle,2005,sex_btsx,31
sle,2005,sex_fmle,12
sle,2005,sex_mle,50.1
sle,2007,sex_btsx,28
sle,2007,sex_fmle,10.9
sle,2007,sex_mle,45.1
sle,2010,sex_btsx,23.9
sle,2010,sex_fmle,9.6
sle,2010,sex_mle,38.1
sle,2015,sex_btsx,18.4
sle,2015,sex_fmle,7.9
sle,2015,sex_mle,28.8
sle,2020,sex_btsx,14.3
sle,2020,sex_fmle,6.4
sle,2020,sex_mle,22.2
sle,2021,sex_btsx,13.5
sle,2021,sex_fmle,6.2
sle,2021,sex_mle,20.9
sle,2022,sex_btsx,12.9
sle,2022,sex_fmle,5.9
sle,2022,sex_mle,19.8
sle,2025,sex_btsx,11
sle,2025,sex_fmle,5.2
sle,2025,sex_mle,16.8
sle,2030,sex_btsx,8.6
sle,2030,sex_fmle,4.3
sle,2030,sex_mle,12.9
slv,2000,sex_btsx,15.5
slv,2000,sex_fmle,3.9
slv,2000,sex_mle,27.1
slv,2005,sex_btsx,13.6
slv,2005,sex_fmle,3.3
slv,2005,sex_mle,23.8
slv,2007,sex_btsx,12.9
slv,2007,sex_fmle,3.1
slv,2007,sex_mle,22.7
slv,2010,sex_btsx,11.9
slv,2010,sex_fmle,2.8
slv,2010,sex_mle,21
slv,2015,sex_btsx,10.5
slv,2015,sex_fmle,2.3
slv,2015,sex_mle,18.7
slv,2020,sex_btsx,9.3
slv,2020,sex_fmle,2
slv,2020,sex_mle,16.6
slv,2021,sex_btsx,9.1
slv,2021,sex_fmle,1.9
slv,2021,sex_mle,16.2
slv,2022,sex_btsx,8.9
slv,2022,sex_fmle,1.9
slv,2022,sex_mle,15.9
slv,2025,sex_btsx,8.3
slv,2025,sex_fmle,1.7
slv,2025,sex_mle,14.9
slv,2030,sex_btsx,7.4
slv,2030,sex_fmle,1.5
slv,2030,sex_mle,13.3
srb,2000,sex_btsx,44.9
srb,2000,sex_fmle,39.1
srb,2000,sex_mle,50.8
srb,2005,sex_btsx,43.7
srb,2005,sex_fmle,38.9
srb,2005,sex_mle,48.4
srb,2007,sex_btsx,43.2
srb,2007,sex_fmle,39.1
srb,2007,sex_mle,47.3
srb,2010,sex_btsx,42.4
srb,2010,sex_fmle,39.1
srb,2010,sex_mle,45.7
srb,2015,sex_btsx,41.1
srb,2015,sex_fmle,39
srb,2015,sex_mle,43.2
srb,2020,sex_btsx,40.1
srb,2020,sex_fmle,39.2
srb,2020,sex_mle,41
srb,2021,sex_btsx,39.9
srb,2021,sex_fmle,39.1
srb,2021,sex_mle,40.8
srb,2022,sex_btsx,39.5
srb,2022,sex_fmle,39.1
srb,2022,sex_mle,39.9
srb,2025,sex_btsx,39
srb,2025,sex_fmle,39.2
srb,2025,sex_mle,38.9
srb,2030,sex_btsx,38.1
srb,2030,sex_fmle,39.1
srb,2030,sex_mle,37.1
stp,2000,sex_btsx,7.2
stp,2000,sex_fmle,3.8
stp,2000,sex_mle,10.7
stp,2005,sex_btsx,7.2
stp,2005,sex_fmle,3.2
stp,2005,sex_mle,11.2
stp,2007,sex_btsx,7.2
stp,2007,sex_fmle,3
stp,2007,sex_mle,11.4
stp,2010,sex_btsx,7.3
stp,2010,sex_fmle,2.8
stp,2010,sex_mle,11.9
stp,2015,sex_btsx,7.4
stp,2015,sex_fmle,2.4
stp,2015,sex_mle,12.5
stp,2020,sex_btsx,7.7
stp,2020,sex_fmle,2.1
stp,2020,sex_mle,13.4
stp,2021,sex_btsx,7.8
stp,2021,sex_fmle,2
stp,2021,sex_mle,13.5
stp,2022,sex_btsx,7.8
stp,2022,sex_fmle,2
stp,2022,sex_mle,13.7
stp,2025,sex_btsx,8.1
stp,2025,sex_fmle,1.8
stp,2025,sex_mle,14.3
stp,2030,sex_btsx,8.5
stp,2030,sex_fmle,1.6
stp,2030,sex_mle,15.3
svk,2000,sex_btsx,32.2
svk,2000,sex_fmle,20.7
svk,2000,sex_mle,43.8
svk,2005,sex_btsx,31.9
svk,2005,sex_fmle,22
svk,2005,sex_mle,41.8
svk,2007,sex_btsx,32
svk,2007,sex_fmle,22.8
svk,2007,sex_mle,41.1
svk,2010,sex_btsx,31.8
svk,2010,sex_fmle,23.7
svk,2010,sex_mle,40
svk,2015,sex_btsx,31.9
svk,2015,sex_fmle,25.5
svk,2015,sex_mle,38.3
svk,2020,sex_btsx,32.3
svk,2020,sex_fmle,27.6
svk,2020,sex_mle,37
svk,2021,sex_btsx,32.3
svk,2021,sex_fmle,28
svk,2021,sex_mle,36.6
svk,2022,sex_btsx,32.4
svk,2022,sex_fmle,28.5
svk,2022,sex_mle,36.3
svk,2025,sex_btsx,32.8
svk,2025,sex_fmle,29.8
svk,2025,sex_mle,35.7
svk,2030,sex_btsx,33.5
svk,2030,sex_fmle,32.6
svk,2030,sex_mle,34.4
svn,2000,sex_btsx,25.7
svn,2000,sex_fmle,23.1
svn,2000,sex_mle,28.3
svn,2005,sex_btsx,24.3
svn,2005,sex_fmle,22
svn,2005,sex_mle,26.6
svn,2007,sex_btsx,23.7
svn,2007,sex_fmle,21.5
svn,2007,sex_mle,25.9
svn,2010,sex_btsx,23
svn,2010,sex_fmle,20.9
svn,2010,sex_mle,25.1
svn,2015,sex_btsx,21.8
svn,2015,sex_fmle,19.9
svn,2015,sex_mle,23.7
svn,2020,sex_btsx,20.6
svn,2020,sex_fmle,18.9
svn,2020,sex_mle,22.3
svn,2021,sex_btsx,20.4
svn,2021,sex_fmle,18.8
svn,2021,sex_mle,22
svn,2022,sex_btsx,20.1
svn,2022,sex_fmle,18.5
svn,2022,sex_mle,21.8
svn,2025,sex_btsx,19.5
svn,2025,sex_fmle,18
svn,2025,sex_mle,21.1
svn,2030,sex_btsx,18.5
svn,2030,sex_fmle,17.2
svn,2030,sex_mle,19.8
swe,2000,sex_btsx,46.5
swe,2000,sex_fmle,41.2
swe,2000,sex_mle,51.9
swe,2005,sex_btsx,39.4
swe,2005,sex_fmle,33.7
swe,2005,sex_mle,45.1
swe,2007,sex_btsx,36.9
swe,2007,sex_fmle,30.9
swe,2007,sex_mle,43
swe,2010,sex_btsx,33.4
swe,2010,sex_fmle,27.2
swe,2010,sex_mle,39.6
swe,2015,sex_btsx,28.3
swe,2015,sex_fmle,22
swe,2015,sex_mle,34.6
swe,2020,sex_btsx,24.1
swe,2020,sex_fmle,17.9
swe,2020,sex_mle,30.3
swe,2021,sex_btsx,23.3
swe,2021,sex_fmle,17.2
swe,2021,sex_mle,29.5
swe,2022,sex_btsx,22.7
swe,2022,sex_fmle,16.4
swe,2022,sex_mle,28.9
swe,2025,sex_btsx,20.5
swe,2025,sex_fmle,14.5
swe,2025,sex_mle,26.6
swe,2030,sex_btsx,17.5
swe,2030,sex_fmle,11.7
swe,2030,sex_mle,23.2
swz,2000,sex_btsx,12.6
swz,2000,sex_fmle,5.6
swz,2000,sex_mle,19.7
swz,2005,sex_btsx,11.5
swz,2005,sex_fmle,4.1
swz,2005,sex_mle,18.9
swz,2007,sex_btsx,11.2
swz,2007,sex_fmle,3.6
swz,2007,sex_mle,18.8
swz,2010,sex_btsx,10.8
swz,2010,sex_fmle,3.1
swz,2010,sex_mle,18.5
swz,2015,sex_btsx,10.2
swz,2015,sex_fmle,2.3
swz,2015,sex_mle,18.1
swz,2020,sex_btsx,9.7
swz,2020,sex_fmle,1.7
swz,2020,sex_mle,17.6
swz,2021,sex_btsx,9.6
swz,2021,sex_fmle,1.6
swz,2021,sex_mle,17.6
swz,2022,sex_btsx,9.5
swz,2022,sex_fmle,1.5
swz,2022,sex_mle,17.4
swz,2025,sex_btsx,9.3
swz,2025,sex_fmle,1.3
swz,2025,sex_mle,17.3
swz,2030,sex_btsx,9
swz,2030,sex_fmle,1
swz,2030,sex_mle,17
syc,2000,sex_btsx,30.9
syc,2000,sex_fmle,17.9
syc,2000,sex_mle,43.9
syc,2005,sex_btsx,27.6
syc,2005,sex_fmle,13.8
syc,2005,sex_mle,41.4
syc,2007,sex_btsx,26.5
syc,2007,sex_fmle,12.3
syc,2007,sex_mle,40.6
syc,2010,sex_btsx,24.9
syc,2010,sex_fmle,10.6
syc,2010,sex_mle,39.2
syc,2015,sex_btsx,22.7
syc,2015,sex_fmle,8.2
syc,2015,sex_mle,37.2
syc,2020,sex_btsx,20.8
syc,2020,sex_fmle,6.4
syc,2020,sex_mle,35.3
syc,2021,sex_btsx,20.6
syc,2021,sex_fmle,6.1
syc,2021,sex_mle,35.1
syc,2022,sex_btsx,20.2
syc,2022,sex_fmle,5.8
syc,2022,sex_mle,34.7
syc,2025,sex_btsx,19.7
syc,2025,sex_fmle,5.3
syc,2025,sex_mle,34.1
syc,2030,sex_btsx,18.9
syc,2030,sex_fmle,4.8
syc,2030,sex_mle,33.1
tcd,2000,sex_btsx,10.9
tcd,2000,sex_fmle,3.3
tcd,2000,sex_mle,18.5
tcd,2005,sex_btsx,9.9
tcd,2005,sex_fmle,2.8
tcd,2005,sex_mle,17
tcd,2007,sex_btsx,9.5
tcd,2007,sex_fmle,2.6
tcd,2007,sex_mle,16.5
tcd,2010,sex_btsx,9
tcd,2010,sex_fmle,2.3
tcd,2010,sex_mle,15.7
tcd,2015,sex_btsx,8.3
tcd,2015,sex_fmle,2
tcd,2015,sex_mle,14.6
tcd,2020,sex_btsx,7.7
tcd,2020,sex_fmle,1.7
tcd,2020,sex_mle,13.6
tcd,2021,sex_btsx,7.5
tcd,2021,sex_fmle,1.6
tcd,2021,sex_mle,13.4
tcd,2022,sex_btsx,7.4
tcd,2022,sex_fmle,1.6
tcd,2022,sex_mle,13.2
tcd,2025,sex_btsx,7
tcd,2025,sex_fmle,1.4
tcd,2025,sex_mle,12.6
tcd,2030,sex_btsx,6.5
tcd,2030,sex_fmle,1.2
tcd,2030,sex_mle,11.8
tgo,2000,sex_btsx,15.9
tgo,2000,sex_fmle,5.6
tgo,2000,sex_mle,26.2
tgo,2005,sex_btsx,12.7
tgo,2005,sex_fmle,3.7
tgo,2005,sex_mle,21.6
tgo,2007,sex_btsx,11.6
tgo,2007,sex_fmle,3.2
tgo,2007,sex_mle,19.9
tgo,2010,sex_btsx,10.2
tgo,2010,sex_fmle,2.5
tgo,2010,sex_mle,17.8
tgo,2015,sex_btsx,8.3
tgo,2015,sex_fmle,1.7
tgo,2015,sex_mle,14.8
tgo,2020,sex_btsx,6.8
tgo,2020,sex_fmle,1.2
tgo,2020,sex_mle,12.5
tgo,2021,sex_btsx,6.6
tgo,2021,sex_fmle,1.1
tgo,2021,sex_mle,12.1
tgo,2022,sex_btsx,6.4
tgo,2022,sex_fmle,1
tgo,2022,sex_mle,11.7
tgo,2025,sex_btsx,5.7
tgo,2025,sex_fmle,0.8
tgo,2025,sex_mle,10.6
tgo,2030,sex_btsx,4.8
tgo,2030,sex_fmle,0.6
tgo,2030,sex_mle,9.1
tha,2000,sex_btsx,26.2
tha,2000,sex_fmle,3.2
tha,2000,sex_mle,49.2
tha,2005,sex_btsx,24.4
tha,2005,sex_fmle,2.7
tha,2005,sex_mle,46.2
tha,2007,sex_btsx,23.5
tha,2007,sex_fmle,2.5
tha,2007,sex_mle,44.5
tha,2010,sex_btsx,22.6
tha,2010,sex_fmle,2.2
tha,2010,sex_mle,43
tha,2015,sex_btsx,21.1
tha,2015,sex_fmle,1.9
tha,2015,sex_mle,40.2
tha,2020,sex_btsx,19.7
tha,2020,sex_fmle,1.6
tha,2020,sex_mle,37.8
tha,2021,sex_btsx,19.4
tha,2021,sex_fmle,1.5
tha,2021,sex_mle,37.2
tha,2022,sex_btsx,19.2
tha,2022,sex_fmle,1.5
tha,2022,sex_mle,36.9
tha,2025,sex_btsx,18.3
tha,2025,sex_fmle,1.3
tha,2025,sex_mle,35.3
tha,2030,sex_btsx,17.2
tha,2030,sex_fmle,1.1
tha,2030,sex_mle,33.2
tkm,2000,sex_btsx,14.8
tkm,2000,sex_fmle,0.7
tkm,2000,sex_mle,28.8
tkm,2005,sex_btsx,11.7
tkm,2005,sex_fmle,0.6
tkm,2005,sex_mle,22.7
tkm,2007,sex_btsx,10.6
tkm,2007,sex_fmle,0.6
tkm,2007,sex_mle,20.7
tkm,2010,sex_btsx,9.3
tkm,2010,sex_fmle,0.6
tkm,2010,sex_mle,18
tkm,2015,sex_btsx,7.5
tkm,2015,sex_fmle,0.5
tkm,2015,sex_mle,14.4
tkm,2020,sex_btsx,6.1
tkm,2020,sex_fmle,0.5
tkm,2020,sex_mle,11.6
tkm,2021,sex_btsx,5.8
tkm,2021,sex_fmle,0.5
tkm,2021,sex_mle,11.1
tkm,2022,sex_btsx,5.6
tkm,2022,sex_fmle,0.5
tkm,2022,sex_mle,10.7
tkm,2025,sex_btsx,4.9
tkm,2025,sex_fmle,0.5
tkm,2025,sex_mle,9.4
tkm,2030,sex_btsx,4.2
tkm,2030,sex_fmle,0.4
tkm,2030,sex_mle,8
tls,2000,sex_btsx,52.8
tls,2000,sex_fmle,21.2
tls,2000,sex_mle,84.4
tls,2005,sex_btsx,49.6
tls,2005,sex_fmle,18
tls,2005,sex_mle,81.2
tls,2007,sex_btsx,48.2
tls,2007,sex_fmle,16.8
tls,2007,sex_mle,79.7
tls,2010,sex_btsx,46.2
tls,2010,sex_fmle,15.2
tls,2010,sex_mle,77.3
tls,2015,sex_btsx,43
tls,2015,sex_fmle,13
tls,2015,sex_mle,72.9
tls,2020,sex_btsx,39.9
tls,2020,sex_fmle,11.1
tls,2020,sex_mle,68.7
tls,2021,sex_btsx,39.3
tls,2021,sex_fmle,10.8
tls,2021,sex_mle,67.8
tls,2022,sex_btsx,38.7
tls,2022,sex_fmle,10.5
tls,2022,sex_mle,67
tls,2025,sex_btsx,37.2
tls,2025,sex_fmle,9.5
tls,2025,sex_mle,64.8
tls,2030,sex_btsx,34.9
tls,2030,sex_fmle,8.2
tls,2030,sex_mle,61.6
ton,2000,sex_btsx,33.3
ton,2000,sex_fmle,13.7
ton,2000,sex_mle,52.8
ton,2005,sex_btsx,32.7
ton,2005,sex_fmle,14.1
ton,2005,sex_mle,51.3
ton,2007,sex_btsx,32.4
ton,2007,sex_fmle,14.2
ton,2007,sex_mle,50.7
ton,2010,sex_btsx,32.3
ton,2010,sex_fmle,14.4
ton,2010,sex_mle,50.1
ton,2015,sex_btsx,31.8
ton,2015,sex_fmle,14.9
ton,2015,sex_mle,48.6
ton,2020,sex_btsx,31.5
ton,2020,sex_fmle,15.3
ton,2020,sex_mle,47.6
ton,2021,sex_btsx,31.3
ton,2021,sex_fmle,15.4
ton,2021,sex_mle,47.1
ton,2022,sex_btsx,31.3
ton,2022,sex_fmle,15.5
ton,2022,sex_mle,47
ton,2025,sex_btsx,31.1
ton,2025,sex_fmle,15.9
ton,2025,sex_mle,46.4
ton,2030,sex_btsx,30.9
ton,2030,sex_fmle,16.4
ton,2030,sex_mle,45.4
tun,2000,sex_btsx,29.7
tun,2000,sex_fmle,4.4
tun,2000,sex_mle,55.1
tun,2005,sex_btsx,27.1
tun,2005,sex_fmle,3.5
tun,2005,sex_mle,50.8
tun,2007,sex_btsx,26.4
tun,2007,sex_fmle,3.1
tun,2007,sex_mle,49.6
tun,2010,sex_btsx,25
tun,2010,sex_fmle,2.7
tun,2010,sex_mle,47.3
tun,2015,sex_btsx,23
tun,2015,sex_fmle,2.1
tun,2015,sex_mle,43.8
tun,2020,sex_btsx,21.2
tun,2020,sex_fmle,1.7
tun,2020,sex_mle,40.7
tun,2021,sex_btsx,21
tun,2021,sex_fmle,1.6
tun,2021,sex_mle,40.3
tun,2022,sex_btsx,20.5
tun,2022,sex_fmle,1.6
tun,2022,sex_mle,39.5
tun,2025,sex_btsx,19.5
tun,2025,sex_fmle,1.4
tun,2025,sex_mle,37.6
tun,2030,sex_btsx,18.2
tun,2030,sex_fmle,1.1
tun,2030,sex_mle,35.3
tur,2000,sex_btsx,33.8
tur,2000,sex_fmle,14.7
tur,2000,sex_mle,52.9
tur,2005,sex_btsx,32.8
tur,2005,sex_fmle,15.7
tur,2005,sex_mle,49.9
tur,2007,sex_btsx,32.4
tur,2007,sex_fmle,16.2
tur,2007,sex_mle,48.7
tur,2010,sex_btsx,32
tur,2010,sex_fmle,16.8
tur,2010,sex_mle,47.2
tur,2015,sex_btsx,31.3
tur,2015,sex_fmle,17.9
tur,2015,sex_mle,44.6
tur,2020,sex_btsx,30.7
tur,2020,sex_fmle,19.2
tur,2020,sex_mle,42.1
tur,2021,sex_btsx,30.7
tur,2021,sex_fmle,19.5
tur,2021,sex_mle,41.9
tur,2022,sex_btsx,30.5
tur,2022,sex_fmle,19.8
tur,2022,sex_mle,41.2
tur,2025,sex_btsx,30.2
tur,2025,sex_fmle,20.6
tur,2025,sex_mle,39.7
tur,2030,sex_btsx,30
tur,2030,sex_fmle,22.1
tur,2030,sex_mle,37.9
tuv,2000,sex_btsx,48.3
tuv,2000,sex_fmle,27.5
tuv,2000,sex_mle,69.1
tuv,2005,sex_btsx,44.4
tuv,2005,sex_fmle,25.2
tuv,2005,sex_mle,63.6
tuv,2007,sex_btsx,43
tuv,2007,sex_fmle,24.4
tuv,2007,sex_mle,61.7
tuv,2010,sex_btsx,40.7
tuv,2010,sex_fmle,23.1
tuv,2010,sex_mle,58.3
tuv,2015,sex_btsx,37.6
tuv,2015,sex_fmle,21.4
tuv,2015,sex_mle,53.9
tuv,2020,sex_btsx,34.8
tuv,2020,sex_fmle,19.7
tuv,2020,sex_mle,50
tuv,2021,sex_btsx,34.2
tuv,2021,sex_fmle,19.4
tuv,2021,sex_mle,48.9
tuv,2022,sex_btsx,33.7
tuv,2022,sex_fmle,19.1
tuv,2022,sex_mle,48.2
tuv,2025,sex_btsx,32.2
tuv,2025,sex_fmle,18.3
tuv,2025,sex_mle,46.1
tuv,2030,sex_btsx,29.9
tuv,2030,sex_fmle,16.9
tuv,2030,sex_mle,42.8
tza,2000,sex_btsx,27.8
tza,2000,sex_fmle,7.5
tza,2000,sex_mle,48.2
tza,2005,sex_btsx,21.5
tza,2005,sex_fmle,6.1
tza,2005,sex_mle,36.8
tza,2007,sex_btsx,19.5
tza,2007,sex_fmle,5.7
tza,2007,sex_mle,33.3
tza,2010,sex_btsx,16.8
tza,2010,sex_fmle,5.1
tza,2010,sex_mle,28.5
tza,2015,sex_btsx,13.1
tza,2015,sex_fmle,4.2
tza,2015,sex_mle,21.9
tza,2020,sex_btsx,10.2
tza,2020,sex_fmle,3.5
tza,2020,sex_mle,17
tza,2021,sex_btsx,9.7
tza,2021,sex_fmle,3.4
tza,2021,sex_mle,16.1
tza,2022,sex_btsx,9.3
tza,2022,sex_fmle,3.3
tza,2022,sex_mle,15.3
tza,2025,sex_btsx,8.1
tza,2025,sex_fmle,2.9
tza,2025,sex_mle,13.2
tza,2030,sex_btsx,6.4
tza,2030,sex_fmle,2.5
tza,2030,sex_mle,10.3
uga,2000,sex_btsx,25.8
uga,2000,sex_fmle,15.3
uga,2000,sex_mle,36.2
uga,2005,sex_btsx,19.3
uga,2005,sex_fmle,10.6
uga,2005,sex_mle,28.1
uga,2007,sex_btsx,17.2
uga,2007,sex_fmle,9.1
uga,2007,sex_mle,25.2
uga,2010,sex_btsx,14.6
uga,2010,sex_fmle,7.4
uga,2010,sex_mle,21.7
uga,2015,sex_btsx,11
uga,2015,sex_fmle,5.1
uga,2015,sex_mle,16.9
uga,2020,sex_btsx,8.4
uga,2020,sex_fmle,3.6
uga,2020,sex_mle,13.2
uga,2021,sex_btsx,7.9
uga,2021,sex_fmle,3.3
uga,2021,sex_mle,12.5
uga,2022,sex_btsx,7.5
uga,2022,sex_fmle,3.1
uga,2022,sex_mle,11.9
uga,2025,sex_btsx,6.4
uga,2025,sex_fmle,2.5
uga,2025,sex_mle,10.3
uga,2030,sex_btsx,4.9
uga,2030,sex_fmle,1.8
uga,2030,sex_mle,8.1
ukr,2000,sex_btsx,38.2
ukr,2000,sex_fmle,14.1
ukr,2000,sex_mle,62.4
ukr,2005,sex_btsx,34.8
ukr,2005,sex_fmle,13.4
ukr,2005,sex_mle,56.1
ukr,2007,sex_btsx,33.3
ukr,2007,sex_fmle,13.2
ukr,2007,sex_mle,53.4
ukr,2010,sex_btsx,31.3
ukr,2010,sex_fmle,12.8
ukr,2010,sex_mle,49.8
ukr,2015,sex_btsx,28.5
ukr,2015,sex_fmle,12.2
ukr,2015,sex_mle,44.8
ukr,2020,sex_btsx,25.9
ukr,2020,sex_fmle,11.7
ukr,2020,sex_mle,40.1
ukr,2021,sex_btsx,25.5
ukr,2021,sex_fmle,11.6
ukr,2021,sex_mle,39.4
ukr,2022,sex_btsx,24.9
ukr,2022,sex_fmle,11.5
ukr,2022,sex_mle,38.4
ukr,2025,sex_btsx,23.6
ukr,2025,sex_fmle,11.1
ukr,2025,sex_mle,36
ukr,2030,sex_btsx,21.4
ukr,2030,sex_fmle,10.6
ukr,2030,sex_mle,32.3
ury,2000,sex_btsx,35.4
ury,2000,sex_fmle,29.5
ury,2000,sex_mle,41.4
ury,2005,sex_btsx,31.3
ury,2005,sex_fmle,26.2
ury,2005,sex_mle,36.4
ury,2007,sex_btsx,29.8
ury,2007,sex_fmle,25.1
ury,2007,sex_mle,34.5
ury,2010,sex_btsx,27.6
ury,2010,sex_fmle,23.3
ury,2010,sex_mle,31.8
ury,2015,sex_btsx,24.4
ury,2015,sex_fmle,20.7
ury,2015,sex_mle,28.1
ury,2020,sex_btsx,21.5
ury,2020,sex_fmle,18.4
ury,2020,sex_mle,24.7
ury,2021,sex_btsx,21
ury,2021,sex_fmle,18
ury,2021,sex_mle,24
ury,2022,sex_btsx,20.5
ury,2022,sex_fmle,17.5
ury,2022,sex_mle,23.4
ury,2025,sex_btsx,19.1
ury,2025,sex_fmle,16.4
ury,2025,sex_mle,21.8
ury,2030,sex_btsx,16.9
ury,2030,sex_fmle,14.7
ury,2030,sex_mle,19.2
usa,2000,sex_btsx,31.5
usa,2000,sex_fmle,25.3
usa,2000,sex_mle,37.8
usa,2005,sex_btsx,29.6
usa,2005,sex_fmle,23.5
usa,2005,sex_mle,35.7
usa,2007,sex_btsx,29
usa,2007,sex_fmle,22.8
usa,2007,sex_mle,35.1
usa,2010,sex_btsx,27.9
usa,2010,sex_fmle,21.9
usa,2010,sex_mle,33.8
usa,2015,sex_btsx,26.3
usa,2015,sex_fmle,20.5
usa,2015,sex_mle,32.2
usa,2020,sex_btsx,24.9
usa,2020,sex_fmle,19.3
usa,2020,sex_mle,30.6
usa,2021,sex_btsx,24.7
usa,2021,sex_fmle,18.9
usa,2021,sex_mle,30.4
usa,2022,sex_btsx,24.3
usa,2022,sex_fmle,18.7
usa,2022,sex_mle,29.9
usa,2025,sex_btsx,23.6
usa,2025,sex_fmle,17.9
usa,2025,sex_mle,29.2
usa,2030,sex_btsx,22.3
usa,2030,sex_fmle,16.8
usa,2030,sex_mle,27.8
uzb,2000,sex_btsx,27.8
uzb,2000,sex_fmle,1.8
uzb,2000,sex_mle,53.9
uzb,2005,sex_btsx,24.7
uzb,2005,sex_fmle,1.6
uzb,2005,sex_mle,47.7
uzb,2007,sex_btsx,23.6
uzb,2007,sex_fmle,1.5
uzb,2007,sex_mle,45.6
uzb,2010,sex_btsx,21.9
uzb,2010,sex_fmle,1.4
uzb,2010,sex_mle,42.4
uzb,2015,sex_btsx,19.6
uzb,2015,sex_fmle,1.2
uzb,2015,sex_mle,38
uzb,2020,sex_btsx,17.4
uzb,2020,sex_fmle,1.1
uzb,2020,sex_mle,33.8
uzb,2021,sex_btsx,17.1
uzb,2021,sex_fmle,1.1
uzb,2021,sex_mle,33.2
uzb,2022,sex_btsx,16.7
uzb,2022,sex_fmle,1
uzb,2022,sex_mle,32.4
uzb,2025,sex_btsx,15.8
uzb,2025,sex_fmle,1
uzb,2025,sex_mle,30.6
uzb,2030,sex_btsx,14.2
uzb,2030,sex_fmle,0.9
uzb,2030,sex_mle,27.6
vnm,2000,sex_btsx,31.1
vnm,2000,sex_fmle,5
vnm,2000,sex_mle,57.2
vnm,2005,sex_btsx,28.8
vnm,2005,sex_fmle,4
vnm,2005,sex_mle,53.7
vnm,2007,sex_btsx,28
vnm,2007,sex_fmle,3.7
vnm,2007,sex_mle,52.3
vnm,2010,sex_btsx,26.6
vnm,2010,sex_fmle,3.3
vnm,2010,sex_mle,49.9
vnm,2015,sex_btsx,24.9
vnm,2015,sex_fmle,2.7
vnm,2015,sex_mle,47.1
vnm,2020,sex_btsx,23.2
vnm,2020,sex_fmle,2.2
vnm,2020,sex_mle,44.3
vnm,2021,sex_btsx,22.9
vnm,2021,sex_fmle,2.1
vnm,2021,sex_mle,43.7
vnm,2022,sex_btsx,22.5
vnm,2022,sex_fmle,2
vnm,2022,sex_mle,43
vnm,2025,sex_btsx,21.7
vnm,2025,sex_fmle,1.8
vnm,2025,sex_mle,41.7
vnm,2030,sex_btsx,20.4
vnm,2030,sex_fmle,1.4
vnm,2030,sex_mle,39.3
wsm,2000,sex_btsx,41.6
wsm,2000,sex_fmle,24
wsm,2000,sex_mle,59.2
wsm,2005,sex_btsx,36.1
wsm,2005,sex_fmle,21
wsm,2005,sex_mle,51.2
wsm,2007,sex_btsx,34
wsm,2007,sex_fmle,19.8
wsm,2007,sex_mle,48.3
wsm,2010,sex_btsx,31.2
wsm,2010,sex_fmle,18.3
wsm,2010,sex_mle,44.2
wsm,2015,sex_btsx,27.1
wsm,2015,sex_fmle,16
wsm,2015,sex_mle,38.2
wsm,2020,sex_btsx,23.8
wsm,2020,sex_fmle,14.1
wsm,2020,sex_mle,33.4
wsm,2021,sex_btsx,23.1
wsm,2021,sex_fmle,13.7
wsm,2021,sex_mle,32.5
wsm,2022,sex_btsx,22.5
wsm,2022,sex_fmle,13.4
wsm,2022,sex_mle,31.6
wsm,2025,sex_btsx,20.8
wsm,2025,sex_fmle,12.5
wsm,2025,sex_mle,29.2
wsm,2030,sex_btsx,18.4
wsm,2030,sex_fmle,11
wsm,2030,sex_mle,25.7
yem,2000,sex_btsx,28.7
yem,2000,sex_fmle,16.5
yem,2000,sex_mle,41
yem,2005,sex_btsx,26.7
yem,2005,sex_fmle,14
yem,2005,sex_mle,39.3
yem,2007,sex_btsx,25.9
yem,2007,sex_fmle,13.1
yem,2007,sex_mle,38.6
yem,2010,sex_btsx,24.8
yem,2010,sex_fmle,11.9
yem,2010,sex_mle,37.7
yem,2015,sex_btsx,23.3
yem,2015,sex_fmle,10.2
yem,2015,sex_mle,36.4
yem,2020,sex_btsx,21.8
yem,2020,sex_fmle,8.7
yem,2020,sex_mle,34.9
yem,2021,sex_btsx,21.7
yem,2021,sex_fmle,8.5
yem,2021,sex_mle,34.9
yem,2022,sex_btsx,21.4
yem,2022,sex_fmle,8.2
yem,2022,sex_mle,34.5
yem,2025,sex_btsx,20.6
yem,2025,sex_fmle,7.5
yem,2025,sex_mle,33.8
yem,2030,sex_btsx,19.7
yem,2030,sex_fmle,6.4
yem,2030,sex_mle,32.9
zaf,2000,sex_btsx,23.7
zaf,2000,sex_fmle,11.7
zaf,2000,sex_mle,35.7
zaf,2005,sex_btsx,22.7
zaf,2005,sex_fmle,10.2
zaf,2005,sex_mle,35.2
zaf,2007,sex_btsx,22.5
zaf,2007,sex_fmle,9.7
zaf,2007,sex_mle,35.2
zaf,2010,sex_btsx,22
zaf,2010,sex_fmle,8.9
zaf,2010,sex_mle,35
zaf,2015,sex_btsx,21.5
zaf,2015,sex_fmle,7.8
zaf,2015,sex_mle,35.2
zaf,2020,sex_btsx,20.9
zaf,2020,sex_fmle,6.9
zaf,2020,sex_mle,34.9
zaf,2021,sex_btsx,20.8
zaf,2021,sex_fmle,6.7
zaf,2021,sex_mle,34.9
zaf,2022,sex_btsx,20.7
zaf,2022,sex_fmle,6.5
zaf,2022,sex_mle,34.9
zaf,2025,sex_btsx,20.5
zaf,2025,sex_fmle,6
zaf,2025,sex_mle,35
zaf,2030,sex_btsx,20.1
zaf,2030,sex_fmle,5.3
zaf,2030,sex_mle,34.9
zmb,2000,sex_btsx,19.7
zmb,2000,sex_fmle,9.2
zmb,2000,sex_mle,30.3
zmb,2005,sex_btsx,18.2
zmb,2005,sex_fmle,7.4
zmb,2005,sex_mle,29
zmb,2007,sex_btsx,17.7
zmb,2007,sex_fmle,6.7
zmb,2007,sex_mle,28.7
zmb,2010,sex_btsx,17
zmb,2010,sex_fmle,5.9
zmb,2010,sex_mle,28.1
zmb,2015,sex_btsx,15.8
zmb,2015,sex_fmle,4.7
zmb,2015,sex_mle,26.9
zmb,2020,sex_btsx,14.8
zmb,2020,sex_fmle,3.8
zmb,2020,sex_mle,25.9
zmb,2021,sex_btsx,14.8
zmb,2021,sex_fmle,3.7
zmb,2021,sex_mle,25.9
zmb,2022,sex_btsx,14.6
zmb,2022,sex_fmle,3.5
zmb,2022,sex_mle,25.6
zmb,2025,sex_btsx,14.1
zmb,2025,sex_fmle,3.1
zmb,2025,sex_mle,25
zmb,2030,sex_btsx,13.4
zmb,2030,sex_fmle,2.5
zmb,2030,sex_mle,24.2
zwe,2000,sex_btsx,21.4
zwe,2000,sex_fmle,5.2
zwe,2000,sex_mle,37.5
zwe,2005,sex_btsx,18.3
zwe,2005,sex_fmle,3.7
zwe,2005,sex_mle,32.9
zwe,2007,sex_btsx,17.2
zwe,2007,sex_fmle,3.2
zwe,2007,sex_mle,31.2
zwe,2010,sex_btsx,15.7
zwe,2010,sex_fmle,2.6
zwe,2010,sex_mle,28.8
zwe,2015,sex_btsx,13.6
zwe,2015,sex_fmle,1.8
zwe,2015,sex_mle,25.4
zwe,2020,sex_btsx,11.9
zwe,2020,sex_fmle,1.3
zwe,2020,sex_mle,22.5
zwe,2021,sex_btsx,11.6
zwe,2021,sex_fmle,1.2
zwe,2021,sex_mle,21.9
zwe,2022,sex_btsx,11.3
zwe,2022,sex_fmle,1.2
zwe,2022,sex_mle,21.4
zwe,2025,sex_btsx,10.4
zwe,2025,sex_fmle,1
zwe,2025,sex_mle,19.9
zwe,2030,sex_btsx,9.2
zwe,2030,sex_fmle,0.7
zwe,2030,sex_mle,17.8
